version,month,model,part_code,part_name,source,lm_value,tm_value,gap,cu_cr,reason,reason_category
forecast,2024-11,A1,SH-CATA-D01,PANEL BOTTOM AS,domestic,98579.0,103339.0,4760.0,cu,Yield/Scrap Rate Increase,Operational-driven
forecast,2024-12,A1,SH-CATA-D01,PANEL BOTTOM AS,domestic,102503.0,102503.0,0.0,,,
forecast,2025-01,A1,SH-CATA-D01,PANEL BOTTOM AS,domestic,102503.0,103200.0,697.0,cu,Supplier Change (Higher Cost Source),Market-driven
forecast,2025-02,A1,SH-CATA-D01,PANEL BOTTOM AS,domestic,103061.0,97681.0,-5380.0,cr,Supplier Negotiation,Operational-driven
forecast,2025-03,A1,SH-CATA-D01,PANEL BOTTOM AS,domestic,98861.0,98861.0,0.0,,,
forecast,2025-04,A1,SH-CATA-D01,PANEL BOTTOM AS,domestic,98861.0,98861.0,0.0,,,
forecast,2025-05,A1,SH-CATA-D01,PANEL BOTTOM AS,domestic,98861.0,99714.0,853.0,cu,Yield/Scrap Rate Increase,Operational-driven
forecast,2025-06,A1,SH-CATA-D01,PANEL BOTTOM AS,domestic,99679.0,103327.0,3648.0,cu,Supplier Change (Higher Cost Source),Market-driven
forecast,2025-07,A1,SH-CATA-D01,PANEL BOTTOM AS,domestic,102636.0,105808.0,3172.0,cu,Yield/Scrap Rate Increase,Operational-driven
forecast,2025-08,A1,SH-CATA-D01,PANEL BOTTOM AS,domestic,106644.0,111328.0,4684.0,cu,Supplier Change (Higher Cost Source),Market-driven
forecast,2025-09,A1,SH-CATA-D01,PANEL BOTTOM AS,domestic,110883.0,116277.0,5394.0,cu,Engineering Change / Spec Upgrade,Engineering-driven
forecast,2025-10,A1,SH-CATA-D01,PANEL BOTTOM AS,domestic,116042.0,112437.0,-3605.0,cr,Localization / Local Sourcing,Operational-driven
forecast,2024-11,A1,SH-CATA-U01,CONNECTOR HOUSING,usd,56296.0,57323.0,1027.0,cu,Raw Material Price Increase,Market-driven
forecast,2024-12,A1,SH-CATA-U01,CONNECTOR HOUSING,usd,59103.0,60006.0,903.0,cu,Supplier Change (Higher Cost Source),Market-driven
forecast,2025-01,A1,SH-CATA-U01,CONNECTOR HOUSING,usd,62210.0,63570.0,1360.0,cu,Supplier Change (Higher Cost Source),Market-driven
forecast,2025-02,A1,SH-CATA-U01,CONNECTOR HOUSING,usd,65724.0,67670.0,1946.0,cu,Supplier Change (Higher Cost Source),Market-driven
forecast,2025-03,A1,SH-CATA-U01,CONNECTOR HOUSING,usd,69879.0,71130.0,1251.0,cu,Supplier Change (Higher Cost Source),Market-driven
forecast,2025-04,A1,SH-CATA-U01,CONNECTOR HOUSING,usd,73619.0,75428.0,1809.0,cu,Supplier Change (Higher Cost Source),Market-driven
forecast,2025-05,A1,SH-CATA-U01,CONNECTOR HOUSING,usd,78184.0,80506.0,2322.0,cu,Supplier Change (Higher Cost Source),Market-driven
forecast,2025-06,A1,SH-CATA-U01,CONNECTOR HOUSING,usd,82589.0,84525.0,1936.0,cu,Raw Material Price Increase,Market-driven
forecast,2025-07,A1,SH-CATA-U01,CONNECTOR HOUSING,usd,87542.0,90125.0,2583.0,cu,Raw Material Price Increase,Market-driven
forecast,2025-08,A1,SH-CATA-U01,CONNECTOR HOUSING,usd,91058.0,93052.0,1994.0,cu,Supplier Change (Higher Cost Source),Market-driven
forecast,2025-09,A1,SH-CATA-U01,CONNECTOR HOUSING,usd,94744.0,96283.0,1539.0,cu,Supplier Change (Higher Cost Source),Market-driven
forecast,2025-10,A1,SH-CATA-U01,CONNECTOR HOUSING,usd,100225.0,102484.0,2259.0,cu,Raw Material Price Increase,Market-driven
forecast,2024-11,A1,SH-IDX01,PRECISION GEAR,jpy,37408.0,37408.0,0.0,,,
forecast,2024-12,A1,SH-IDX01,PRECISION GEAR,jpy,37408.0,38299.0,891.0,cu,Supplier Change (Higher Cost Source),Market-driven
forecast,2025-01,A1,SH-IDX01,PRECISION GEAR,jpy,38358.0,39499.0,1141.0,cu,Raw Material Price Increase,Market-driven
forecast,2025-02,A1,SH-IDX01,PRECISION GEAR,jpy,39457.0,37452.0,-2005.0,cr,Supplier Negotiation,Operational-driven
forecast,2025-03,A1,SH-IDX01,PRECISION GEAR,jpy,38014.0,37596.0,-418.0,cr,Localization / Local Sourcing,Operational-driven
forecast,2025-04,A1,SH-IDX01,PRECISION GEAR,jpy,37510.0,38066.0,556.0,cu,Raw Material Price Increase,Market-driven
forecast,2025-05,A1,SH-IDX01,PRECISION GEAR,jpy,38061.0,36836.0,-1225.0,cr,Localization / Local Sourcing,Operational-driven
forecast,2025-06,A1,SH-IDX01,PRECISION GEAR,jpy,37044.0,35746.0,-1298.0,cr,Process Improvement (Yield Up),Operational-driven
forecast,2025-07,A1,SH-IDX01,PRECISION GEAR,jpy,35766.0,36498.0,732.0,cu,Engineering Change / Spec Upgrade,Engineering-driven
forecast,2025-08,A1,SH-IDX01,PRECISION GEAR,jpy,36403.0,37885.0,1482.0,cu,Raw Material Price Increase,Market-driven
forecast,2025-09,A1,SH-IDX01,PRECISION GEAR,jpy,38234.0,36066.0,-2168.0,cr,Process Improvement (Yield Up),Operational-driven
forecast,2025-10,A1,SH-IDX01,PRECISION GEAR,jpy,36217.0,36520.0,303.0,cu,Raw Material Price Increase,Market-driven
forecast,2024-11,A1,UQ-A1-01,PANEL FRONT AS,domestic,298777.0,282860.0,-15917.0,cr,Supplier Negotiation,Operational-driven
forecast,2024-12,A1,UQ-A1-01,PANEL FRONT AS,domestic,283528.0,298643.0,15115.0,cu,Logistics/Freight Cost Increase,Market-driven
forecast,2025-01,A1,UQ-A1-01,PANEL FRONT AS,domestic,300964.0,299418.0,-1546.0,cr,Localization / Local Sourcing,Operational-driven
forecast,2025-02,A1,UQ-A1-01,PANEL FRONT AS,domestic,299204.0,293176.0,-6028.0,cr,Process Improvement (Yield Up),Operational-driven
forecast,2025-03,A1,UQ-A1-01,PANEL FRONT AS,domestic,293324.0,300579.0,7255.0,cu,Engineering Change / Spec Upgrade,Engineering-driven
forecast,2025-04,A1,UQ-A1-01,PANEL FRONT AS,domestic,299411.0,299411.0,0.0,,,
forecast,2025-05,A1,UQ-A1-01,PANEL FRONT AS,domestic,299411.0,303119.0,3708.0,cu,Raw Material Price Increase,Market-driven
forecast,2025-06,A1,UQ-A1-01,PANEL FRONT AS,domestic,302327.0,308961.0,6634.0,cu,Yield/Scrap Rate Increase,Operational-driven
forecast,2025-07,A1,UQ-A1-01,PANEL FRONT AS,domestic,307319.0,315894.0,8575.0,cu,Engineering Change / Spec Upgrade,Engineering-driven
forecast,2025-08,A1,UQ-A1-01,PANEL FRONT AS,domestic,316804.0,316804.0,0.0,,,
forecast,2025-09,A1,UQ-A1-01,PANEL FRONT AS,domestic,316804.0,305929.0,-10875.0,cr,VA/VE Improvement,Engineering-driven
forecast,2025-10,A1,UQ-A1-01,PANEL FRONT AS,domestic,307182.0,298069.0,-9113.0,cr,Alternative Material Substitution,Engineering-driven
forecast,2024-11,A1,UQ-A1-02,BRACKET SUPPORT,domestic,332657.0,323423.0,-9234.0,cr,Alternative Material Substitution,Engineering-driven
forecast,2024-12,A1,UQ-A1-02,BRACKET SUPPORT,domestic,323888.0,330592.0,6704.0,cu,Raw Material Price Increase,Market-driven
forecast,2025-01,A1,UQ-A1-02,BRACKET SUPPORT,domestic,331205.0,344959.0,13754.0,cu,Raw Material Price Increase,Market-driven
forecast,2025-02,A1,UQ-A1-02,BRACKET SUPPORT,domestic,347399.0,339889.0,-7510.0,cr,VA/VE Improvement,Engineering-driven
forecast,2025-03,A1,UQ-A1-02,BRACKET SUPPORT,domestic,340352.0,334270.0,-6082.0,cr,VA/VE Improvement,Engineering-driven
forecast,2025-04,A1,UQ-A1-02,BRACKET SUPPORT,domestic,332782.0,341796.0,9014.0,cu,Logistics/Freight Cost Increase,Market-driven
forecast,2025-05,A1,UQ-A1-02,BRACKET SUPPORT,domestic,341979.0,327894.0,-14085.0,cr,Supplier Negotiation,Operational-driven
forecast,2025-06,A1,UQ-A1-02,BRACKET SUPPORT,domestic,331404.0,321650.0,-9754.0,cr,Alternative Material Substitution,Engineering-driven
forecast,2025-07,A1,UQ-A1-02,BRACKET SUPPORT,domestic,322887.0,320812.0,-2075.0,cr,Localization / Local Sourcing,Operational-driven
forecast,2025-08,A1,UQ-A1-02,BRACKET SUPPORT,domestic,320944.0,332609.0,11665.0,cu,Yield/Scrap Rate Increase,Operational-driven
forecast,2025-09,A1,UQ-A1-02,BRACKET SUPPORT,domestic,334211.0,316430.0,-17781.0,cr,Localization / Local Sourcing,Operational-driven
forecast,2025-10,A1,UQ-A1-02,BRACKET SUPPORT,domestic,320598.0,302573.0,-18025.0,cr,Localization / Local Sourcing,Operational-driven
forecast,2024-11,A1,UQ-A1-03,IC CHIP CONTROL,usd,494163.0,494163.0,0.0,,,
forecast,2024-12,A1,UQ-A1-03,IC CHIP CONTROL,usd,494163.0,471615.0,-22548.0,cr,Localization / Local Sourcing,Operational-driven
forecast,2025-01,A1,UQ-A1-03,IC CHIP CONTROL,usd,466024.0,438879.0,-27145.0,cr,Alternative Material Substitution,Engineering-driven
forecast,2025-02,A1,UQ-A1-03,IC CHIP CONTROL,usd,442649.0,442649.0,0.0,,,
forecast,2025-03,A1,UQ-A1-03,IC CHIP CONTROL,usd,442649.0,456297.0,13648.0,cu,Raw Material Price Increase,Market-driven
forecast,2025-04,A1,UQ-A1-03,IC CHIP CONTROL,usd,452529.0,427032.0,-25497.0,cr,VA/VE Improvement,Engineering-driven
forecast,2025-05,A1,UQ-A1-03,IC CHIP CONTROL,usd,419514.0,431207.0,11693.0,cu,Yield/Scrap Rate Increase,Operational-driven
forecast,2025-06,A1,UQ-A1-03,IC CHIP CONTROL,usd,434226.0,459572.0,25346.0,cu,Engineering Change / Spec Upgrade,Engineering-driven
forecast,2025-07,A1,UQ-A1-03,IC CHIP CONTROL,usd,454091.0,428064.0,-26027.0,cr,Supplier Negotiation,Operational-driven
forecast,2025-08,A1,UQ-A1-03,IC CHIP CONTROL,usd,435421.0,457898.0,22477.0,cu,Yield/Scrap Rate Increase,Operational-driven
forecast,2025-09,A1,UQ-A1-03,IC CHIP CONTROL,usd,459442.0,436992.0,-22450.0,cr,Process Improvement (Yield Up),Operational-driven
forecast,2025-10,A1,UQ-A1-03,IC CHIP CONTROL,usd,433642.0,458885.0,25243.0,cu,Yield/Scrap Rate Increase,Operational-driven
forecast,2024-11,A1,UQ-A1-04,MOTOR UNIT,jpy,197912.0,206141.0,8229.0,cu,Logistics/Freight Cost Increase,Market-driven
forecast,2024-12,A1,UQ-A1-04,MOTOR UNIT,jpy,207063.0,207063.0,0.0,,,
forecast,2025-01,A1,UQ-A1-04,MOTOR UNIT,jpy,207063.0,202181.0,-4882.0,cr,VA/VE Improvement,Engineering-driven
forecast,2025-02,A1,UQ-A1-04,MOTOR UNIT,jpy,201149.0,192815.0,-8334.0,cr,Process Improvement (Yield Up),Operational-driven
forecast,2025-03,A1,UQ-A1-04,MOTOR UNIT,jpy,192508.0,190453.0,-2055.0,cr,Process Improvement (Yield Up),Operational-driven
forecast,2025-04,A1,UQ-A1-04,MOTOR UNIT,jpy,190040.0,185205.0,-4835.0,cr,Alternative Material Substitution,Engineering-driven
forecast,2025-05,A1,UQ-A1-04,MOTOR UNIT,jpy,184259.0,189785.0,5526.0,cu,Engineering Change / Spec Upgrade,Engineering-driven
forecast,2025-06,A1,UQ-A1-04,MOTOR UNIT,jpy,189403.0,191247.0,1844.0,cu,Engineering Change / Spec Upgrade,Engineering-driven
forecast,2025-07,A1,UQ-A1-04,MOTOR UNIT,jpy,191787.0,200211.0,8424.0,cu,Supplier Change (Higher Cost Source),Market-driven
forecast,2025-08,A1,UQ-A1-04,MOTOR UNIT,jpy,200687.0,211438.0,10751.0,cu,Engineering Change / Spec Upgrade,Engineering-driven
forecast,2025-09,A1,UQ-A1-04,MOTOR UNIT,jpy,212347.0,218057.0,5710.0,cu,Logistics/Freight Cost Increase,Market-driven
forecast,2025-10,A1,UQ-A1-04,MOTOR UNIT,jpy,219141.0,215753.0,-3388.0,cr,Alternative Material Substitution,Engineering-driven
forecast,2024-11,A1,UQ-A1-05,SENSOR MODULE,jpy,197628.0,199608.0,1980.0,cu,Engineering Change / Spec Upgrade,Engineering-driven
forecast,2024-12,A1,UQ-A1-05,SENSOR MODULE,jpy,199129.0,196208.0,-2921.0,cr,Alternative Material Substitution,Engineering-driven
forecast,2025-01,A1,UQ-A1-05,SENSOR MODULE,jpy,195703.0,185100.0,-10603.0,cr,Localization / Local Sourcing,Operational-driven
forecast,2025-02,A1,UQ-A1-05,SENSOR MODULE,jpy,187647.0,183791.0,-3856.0,cr,Alternative Material Substitution,Engineering-driven
forecast,2025-03,A1,UQ-A1-05,SENSOR MODULE,jpy,184800.0,191257.0,6457.0,cu,Engineering Change / Spec Upgrade,Engineering-driven
forecast,2025-04,A1,UQ-A1-05,SENSOR MODULE,jpy,190735.0,187256.0,-3479.0,cr,Alternative Material Substitution,Engineering-driven
forecast,2025-05,A1,UQ-A1-05,SENSOR MODULE,jpy,186701.0,191996.0,5295.0,cu,Engineering Change / Spec Upgrade,Engineering-driven
forecast,2025-06,A1,UQ-A1-05,SENSOR MODULE,jpy,193098.0,188570.0,-4528.0,cr,VA/VE Improvement,Engineering-driven
forecast,2025-07,A1,UQ-A1-05,SENSOR MODULE,jpy,187874.0,187874.0,0.0,,,
forecast,2025-08,A1,UQ-A1-05,SENSOR MODULE,jpy,187874.0,186399.0,-1475.0,cr,Alternative Material Substitution,Engineering-driven
forecast,2025-09,A1,UQ-A1-05,SENSOR MODULE,jpy,186094.0,186094.0,0.0,,,
forecast,2025-10,A1,UQ-A1-05,SENSOR MODULE,jpy,186094.0,196968.0,10874.0,cu,Yield/Scrap Rate Increase,Operational-driven
forecast,2024-11,A2,SH-CATA-D01,PANEL BOTTOM AS,domestic,98579.0,103339.0,4760.0,cu,Yield/Scrap Rate Increase,Operational-driven
forecast,2024-12,A2,SH-CATA-D01,PANEL BOTTOM AS,domestic,102503.0,102503.0,0.0,,,
forecast,2025-01,A2,SH-CATA-D01,PANEL BOTTOM AS,domestic,102503.0,103200.0,697.0,cu,Supplier Change (Higher Cost Source),Market-driven
forecast,2025-02,A2,SH-CATA-D01,PANEL BOTTOM AS,domestic,103061.0,97681.0,-5380.0,cr,Supplier Negotiation,Operational-driven
forecast,2025-03,A2,SH-CATA-D01,PANEL BOTTOM AS,domestic,98861.0,98861.0,0.0,,,
forecast,2025-04,A2,SH-CATA-D01,PANEL BOTTOM AS,domestic,98861.0,98861.0,0.0,,,
forecast,2025-05,A2,SH-CATA-D01,PANEL BOTTOM AS,domestic,98861.0,99714.0,853.0,cu,Yield/Scrap Rate Increase,Operational-driven
forecast,2025-06,A2,SH-CATA-D01,PANEL BOTTOM AS,domestic,99679.0,103327.0,3648.0,cu,Supplier Change (Higher Cost Source),Market-driven
forecast,2025-07,A2,SH-CATA-D01,PANEL BOTTOM AS,domestic,102636.0,105808.0,3172.0,cu,Yield/Scrap Rate Increase,Operational-driven
forecast,2025-08,A2,SH-CATA-D01,PANEL BOTTOM AS,domestic,106644.0,111328.0,4684.0,cu,Supplier Change (Higher Cost Source),Market-driven
forecast,2025-09,A2,SH-CATA-D01,PANEL BOTTOM AS,domestic,110883.0,116277.0,5394.0,cu,Engineering Change / Spec Upgrade,Engineering-driven
forecast,2025-10,A2,SH-CATA-D01,PANEL BOTTOM AS,domestic,116042.0,112437.0,-3605.0,cr,Localization / Local Sourcing,Operational-driven
forecast,2024-11,A2,SH-CATA-U01,CONNECTOR HOUSING,usd,56296.0,57323.0,1027.0,cu,Raw Material Price Increase,Market-driven
forecast,2024-12,A2,SH-CATA-U01,CONNECTOR HOUSING,usd,59103.0,60006.0,903.0,cu,Supplier Change (Higher Cost Source),Market-driven
forecast,2025-01,A2,SH-CATA-U01,CONNECTOR HOUSING,usd,62210.0,63570.0,1360.0,cu,Supplier Change (Higher Cost Source),Market-driven
forecast,2025-02,A2,SH-CATA-U01,CONNECTOR HOUSING,usd,65724.0,67670.0,1946.0,cu,Supplier Change (Higher Cost Source),Market-driven
forecast,2025-03,A2,SH-CATA-U01,CONNECTOR HOUSING,usd,69879.0,71130.0,1251.0,cu,Supplier Change (Higher Cost Source),Market-driven
forecast,2025-04,A2,SH-CATA-U01,CONNECTOR HOUSING,usd,73619.0,75428.0,1809.0,cu,Supplier Change (Higher Cost Source),Market-driven
forecast,2025-05,A2,SH-CATA-U01,CONNECTOR HOUSING,usd,78184.0,80506.0,2322.0,cu,Supplier Change (Higher Cost Source),Market-driven
forecast,2025-06,A2,SH-CATA-U01,CONNECTOR HOUSING,usd,82589.0,84525.0,1936.0,cu,Raw Material Price Increase,Market-driven
forecast,2025-07,A2,SH-CATA-U01,CONNECTOR HOUSING,usd,87542.0,90125.0,2583.0,cu,Raw Material Price Increase,Market-driven
forecast,2025-08,A2,SH-CATA-U01,CONNECTOR HOUSING,usd,91058.0,93052.0,1994.0,cu,Supplier Change (Higher Cost Source),Market-driven
forecast,2025-09,A2,SH-CATA-U01,CONNECTOR HOUSING,usd,94744.0,96283.0,1539.0,cu,Supplier Change (Higher Cost Source),Market-driven
forecast,2025-10,A2,SH-CATA-U01,CONNECTOR HOUSING,usd,100225.0,102484.0,2259.0,cu,Raw Material Price Increase,Market-driven
forecast,2024-11,A2,SH-IDX02,PRECISION GEAR,jpy,42447.0,41007.0,-1440.0,cr,Alternative Material Substitution,Engineering-driven
forecast,2024-12,A2,SH-IDX02,PRECISION GEAR,jpy,41052.0,40290.0,-762.0,cr,Supplier Negotiation,Operational-driven
forecast,2025-01,A2,SH-IDX02,PRECISION GEAR,jpy,40088.0,41999.0,1911.0,cu,Yield/Scrap Rate Increase,Operational-driven
forecast,2025-02,A2,SH-IDX02,PRECISION GEAR,jpy,42216.0,42216.0,0.0,,,
forecast,2025-03,A2,SH-IDX02,PRECISION GEAR,jpy,42216.0,41680.0,-536.0,cr,Process Improvement (Yield Up),Operational-driven
forecast,2025-04,A2,SH-IDX02,PRECISION GEAR,jpy,41605.0,41605.0,0.0,,,
forecast,2025-05,A2,SH-IDX02,PRECISION GEAR,jpy,41605.0,41605.0,0.0,,,
forecast,2025-06,A2,SH-IDX02,PRECISION GEAR,jpy,41605.0,39237.0,-2368.0,cr,VA/VE Improvement,Engineering-driven
forecast,2025-07,A2,SH-IDX02,PRECISION GEAR,jpy,39000.0,37490.0,-1510.0,cr,Process Improvement (Yield Up),Operational-driven
forecast,2025-08,A2,SH-IDX02,PRECISION GEAR,jpy,37475.0,38580.0,1105.0,cu,Engineering Change / Spec Upgrade,Engineering-driven
forecast,2025-09,A2,SH-IDX02,PRECISION GEAR,jpy,38797.0,41098.0,2301.0,cu,Raw Material Price Increase,Market-driven
forecast,2025-10,A2,SH-IDX02,PRECISION GEAR,jpy,41778.0,42632.0,854.0,cu,Engineering Change / Spec Upgrade,Engineering-driven
forecast,2024-11,A2,UQ-A2-01,PANEL FRONT AS,domestic,563458.0,535484.0,-27974.0,cr,VA/VE Improvement,Engineering-driven
forecast,2024-12,A2,UQ-A2-01,PANEL FRONT AS,domestic,480992.0,458772.0,-22220.0,cr,Process Improvement (Yield Up),Operational-driven
forecast,2025-01,A2,UQ-A2-01,PANEL FRONT AS,domestic,417619.0,430263.0,12644.0,cu,Logistics/Freight Cost Increase,Market-driven
forecast,2025-02,A2,UQ-A2-01,PANEL FRONT AS,domestic,447074.0,429087.0,-17987.0,cr,Process Improvement (Yield Up),Operational-driven
forecast,2025-03,A2,UQ-A2-01,PANEL FRONT AS,domestic,400535.0,380127.0,-20408.0,cr,Alternative Material Substitution,Engineering-driven
forecast,2025-04,A2,UQ-A2-01,PANEL FRONT AS,domestic,339980.0,333529.0,-6451.0,cr,Alternative Material Substitution,Engineering-driven
forecast,2025-05,A2,UQ-A2-01,PANEL FRONT AS,domestic,320938.0,331399.0,10461.0,cu,Yield/Scrap Rate Increase,Operational-driven
forecast,2025-06,A2,UQ-A2-01,PANEL FRONT AS,domestic,347003.0,347003.0,0.0,,,
forecast,2025-07,A2,UQ-A2-01,PANEL FRONT AS,domestic,347003.0,332745.0,-14258.0,cr,Process Improvement (Yield Up),Operational-driven
forecast,2025-08,A2,UQ-A2-01,PANEL FRONT AS,domestic,305129.0,301561.0,-3568.0,cr,Alternative Material Substitution,Engineering-driven
forecast,2025-09,A2,UQ-A2-01,PANEL FRONT AS,domestic,297159.0,297159.0,0.0,,,
forecast,2025-10,A2,UQ-A2-01,PANEL FRONT AS,domestic,297159.0,305196.0,8037.0,cu,Logistics/Freight Cost Increase,Market-driven
forecast,2024-11,A2,UQ-A2-02,BRACKET SUPPORT,domestic,676259.0,704561.0,28302.0,cu,Engineering Change / Spec Upgrade,Engineering-driven
forecast,2024-12,A2,UQ-A2-02,BRACKET SUPPORT,domestic,710812.0,710812.0,0.0,,,
forecast,2025-01,A2,UQ-A2-02,BRACKET SUPPORT,domestic,710812.0,710812.0,0.0,,,
forecast,2025-02,A2,UQ-A2-02,BRACKET SUPPORT,domestic,710812.0,739835.0,29023.0,cu,Yield/Scrap Rate Increase,Operational-driven
forecast,2025-03,A2,UQ-A2-02,BRACKET SUPPORT,domestic,744458.0,724118.0,-20340.0,cr,Process Improvement (Yield Up),Operational-driven
forecast,2025-04,A2,UQ-A2-02,BRACKET SUPPORT,domestic,724278.0,724278.0,0.0,,,
forecast,2025-05,A2,UQ-A2-02,BRACKET SUPPORT,domestic,724278.0,724278.0,0.0,,,
forecast,2025-06,A2,UQ-A2-02,BRACKET SUPPORT,domestic,724278.0,764325.0,40047.0,cu,Yield/Scrap Rate Increase,Operational-driven
forecast,2025-07,A2,UQ-A2-02,BRACKET SUPPORT,domestic,763415.0,721520.0,-41895.0,cr,Supplier Negotiation,Operational-driven
forecast,2025-08,A2,UQ-A2-02,BRACKET SUPPORT,domestic,728775.0,767844.0,39069.0,cu,Supplier Change (Higher Cost Source),Market-driven
forecast,2025-09,A2,UQ-A2-02,BRACKET SUPPORT,domestic,777652.0,751311.0,-26341.0,cr,Alternative Material Substitution,Engineering-driven
forecast,2025-10,A2,UQ-A2-02,BRACKET SUPPORT,domestic,756516.0,784935.0,28419.0,cu,Yield/Scrap Rate Increase,Operational-driven
forecast,2024-11,A2,UQ-A2-03,IC CHIP CONTROL,usd,174249.0,164097.0,-10152.0,cr,Process Improvement (Yield Up),Operational-driven
forecast,2024-12,A2,UQ-A2-03,IC CHIP CONTROL,usd,154713.0,153026.0,-1687.0,cr,Process Improvement (Yield Up),Operational-driven
forecast,2025-01,A2,UQ-A2-03,IC CHIP CONTROL,usd,150757.0,148326.0,-2431.0,cr,Supplier Negotiation,Operational-driven
forecast,2025-02,A2,UQ-A2-03,IC CHIP CONTROL,usd,143808.0,136718.0,-7090.0,cr,VA/VE Improvement,Engineering-driven
forecast,2025-03,A2,UQ-A2-03,IC CHIP CONTROL,usd,127608.0,122729.0,-4879.0,cr,Supplier Negotiation,Operational-driven
forecast,2025-04,A2,UQ-A2-03,IC CHIP CONTROL,usd,116250.0,116250.0,0.0,,,
forecast,2025-05,A2,UQ-A2-03,IC CHIP CONTROL,usd,116250.0,116250.0,0.0,,,
forecast,2025-06,A2,UQ-A2-03,IC CHIP CONTROL,usd,116250.0,122681.0,6431.0,cu,Engineering Change / Spec Upgrade,Engineering-driven
forecast,2025-07,A2,UQ-A2-03,IC CHIP CONTROL,usd,130060.0,130060.0,0.0,,,
forecast,2025-08,A2,UQ-A2-03,IC CHIP CONTROL,usd,130060.0,132972.0,2912.0,cu,Supplier Change (Higher Cost Source),Market-driven
forecast,2025-09,A2,UQ-A2-03,IC CHIP CONTROL,usd,135587.0,141515.0,5928.0,cu,Logistics/Freight Cost Increase,Market-driven
forecast,2025-10,A2,UQ-A2-03,IC CHIP CONTROL,usd,149833.0,154909.0,5076.0,cu,Logistics/Freight Cost Increase,Market-driven
forecast,2024-11,A2,UQ-A2-04,MOTOR UNIT,jpy,100991.0,102355.0,1364.0,cu,Raw Material Price Increase,Market-driven
forecast,2024-12,A2,UQ-A2-04,MOTOR UNIT,jpy,102232.0,98773.0,-3459.0,cr,Supplier Negotiation,Operational-driven
forecast,2025-01,A2,UQ-A2-04,MOTOR UNIT,jpy,98044.0,92839.0,-5205.0,cr,Localization / Local Sourcing,Operational-driven
forecast,2025-02,A2,UQ-A2-04,MOTOR UNIT,jpy,92356.0,93529.0,1173.0,cu,Engineering Change / Spec Upgrade,Engineering-driven
forecast,2025-03,A2,UQ-A2-04,MOTOR UNIT,jpy,93879.0,97005.0,3126.0,cu,Logistics/Freight Cost Increase,Market-driven
forecast,2025-04,A2,UQ-A2-04,MOTOR UNIT,jpy,96418.0,96987.0,569.0,cu,Supplier Change (Higher Cost Source),Market-driven
forecast,2025-05,A2,UQ-A2-04,MOTOR UNIT,jpy,96819.0,94372.0,-2447.0,cr,Localization / Local Sourcing,Operational-driven
forecast,2025-06,A2,UQ-A2-04,MOTOR UNIT,jpy,94897.0,99666.0,4769.0,cu,Yield/Scrap Rate Increase,Operational-driven
forecast,2025-07,A2,UQ-A2-04,MOTOR UNIT,jpy,99105.0,101362.0,2257.0,cu,Raw Material Price Increase,Market-driven
forecast,2025-08,A2,UQ-A2-04,MOTOR UNIT,jpy,101426.0,100777.0,-649.0,cr,Alternative Material Substitution,Engineering-driven
forecast,2025-09,A2,UQ-A2-04,MOTOR UNIT,jpy,100599.0,100599.0,0.0,,,
forecast,2025-10,A2,UQ-A2-04,MOTOR UNIT,jpy,100599.0,101761.0,1162.0,cu,Yield/Scrap Rate Increase,Operational-driven
forecast,2024-11,A2,UQ-A2-05,SENSOR MODULE,jpy,132294.0,133791.0,1497.0,cu,Logistics/Freight Cost Increase,Market-driven
forecast,2024-12,A2,UQ-A2-05,SENSOR MODULE,jpy,134067.0,136159.0,2092.0,cu,Logistics/Freight Cost Increase,Market-driven
forecast,2025-01,A2,UQ-A2-05,SENSOR MODULE,jpy,136449.0,132976.0,-3473.0,cr,Supplier Negotiation,Operational-driven
forecast,2025-02,A2,UQ-A2-05,SENSOR MODULE,jpy,133910.0,137662.0,3752.0,cu,Raw Material Price Increase,Market-driven
forecast,2025-03,A2,UQ-A2-05,SENSOR MODULE,jpy,137849.0,143977.0,6128.0,cu,Logistics/Freight Cost Increase,Market-driven
forecast,2025-04,A2,UQ-A2-05,SENSOR MODULE,jpy,143663.0,146079.0,2416.0,cu,Supplier Change (Higher Cost Source),Market-driven
forecast,2025-05,A2,UQ-A2-05,SENSOR MODULE,jpy,146687.0,138018.0,-8669.0,cr,Process Improvement (Yield Up),Operational-driven
forecast,2025-06,A2,UQ-A2-05,SENSOR MODULE,jpy,138200.0,142414.0,4214.0,cu,Raw Material Price Increase,Market-driven
forecast,2025-07,A2,UQ-A2-05,SENSOR MODULE,jpy,141539.0,142967.0,1428.0,cu,Logistics/Freight Cost Increase,Market-driven
forecast,2025-08,A2,UQ-A2-05,SENSOR MODULE,jpy,143365.0,145634.0,2269.0,cu,Raw Material Price Increase,Market-driven
forecast,2025-09,A2,UQ-A2-05,SENSOR MODULE,jpy,145806.0,148240.0,2434.0,cu,Logistics/Freight Cost Increase,Market-driven
forecast,2025-10,A2,UQ-A2-05,SENSOR MODULE,jpy,148692.0,148692.0,0.0,,,
forecast,2024-11,A2,SH-EVEN-01,TAPE PU-F,domestic,70295.0,68189.0,-2106.0,cr,Localization / Local Sourcing,Operational-driven
forecast,2024-12,A2,SH-EVEN-01,TAPE PU-F,domestic,67819.0,68532.0,713.0,cu,Engineering Change / Spec Upgrade,Engineering-driven
forecast,2025-01,A2,SH-EVEN-01,TAPE PU-F,domestic,68361.0,67735.0,-626.0,cr,Localization / Local Sourcing,Operational-driven
forecast,2025-02,A2,SH-EVEN-01,TAPE PU-F,domestic,67771.0,70653.0,2882.0,cu,Logistics/Freight Cost Increase,Market-driven
forecast,2025-03,A2,SH-EVEN-01,TAPE PU-F,domestic,70908.0,70908.0,0.0,,,
forecast,2025-04,A2,SH-EVEN-01,TAPE PU-F,domestic,70908.0,68376.0,-2532.0,cr,Localization / Local Sourcing,Operational-driven
forecast,2025-05,A2,SH-EVEN-01,TAPE PU-F,domestic,67971.0,70788.0,2817.0,cu,Logistics/Freight Cost Increase,Market-driven
forecast,2025-06,A2,SH-EVEN-01,TAPE PU-F,domestic,70882.0,69951.0,-931.0,cr,Process Improvement (Yield Up),Operational-driven
forecast,2025-07,A2,SH-EVEN-01,TAPE PU-F,domestic,70015.0,71061.0,1046.0,cu,Yield/Scrap Rate Increase,Operational-driven
forecast,2025-08,A2,SH-EVEN-01,TAPE PU-F,domestic,71263.0,71263.0,0.0,,,
forecast,2025-09,A2,SH-EVEN-01,TAPE PU-F,domestic,71263.0,69400.0,-1863.0,cr,Localization / Local Sourcing,Operational-driven
forecast,2025-10,A2,SH-EVEN-01,TAPE PU-F,domestic,69379.0,73502.0,4123.0,cu,Logistics/Freight Cost Increase,Market-driven
forecast,2024-11,A2,SH-EVEN-02,RESIN COMPOUND,usd,19042.0,19042.0,0.0,,,
forecast,2024-12,A2,SH-EVEN-02,RESIN COMPOUND,usd,19042.0,18941.0,-101.0,cr,Supplier Negotiation,Operational-driven
forecast,2025-01,A2,SH-EVEN-02,RESIN COMPOUND,usd,18947.0,18128.0,-819.0,cr,Alternative Material Substitution,Engineering-driven
forecast,2025-02,A2,SH-EVEN-02,RESIN COMPOUND,usd,17907.0,18005.0,98.0,cu,Supplier Change (Higher Cost Source),Market-driven
forecast,2025-03,A2,SH-EVEN-02,RESIN COMPOUND,usd,18018.0,17367.0,-651.0,cr,Supplier Negotiation,Operational-driven
forecast,2025-04,A2,SH-EVEN-02,RESIN COMPOUND,usd,17275.0,16548.0,-727.0,cr,Alternative Material Substitution,Engineering-driven
forecast,2025-05,A2,SH-EVEN-02,RESIN COMPOUND,usd,16381.0,16788.0,407.0,cu,Supplier Change (Higher Cost Source),Market-driven
forecast,2025-06,A2,SH-EVEN-02,RESIN COMPOUND,usd,16909.0,16909.0,0.0,,,
forecast,2025-07,A2,SH-EVEN-02,RESIN COMPOUND,usd,16909.0,17610.0,701.0,cu,Raw Material Price Increase,Market-driven
forecast,2025-08,A2,SH-EVEN-02,RESIN COMPOUND,usd,17621.0,17621.0,0.0,,,
forecast,2025-09,A2,SH-EVEN-02,RESIN COMPOUND,usd,17621.0,17123.0,-498.0,cr,Process Improvement (Yield Up),Operational-driven
forecast,2025-10,A2,SH-EVEN-02,RESIN COMPOUND,usd,17066.0,17668.0,602.0,cu,Yield/Scrap Rate Increase,Operational-driven
forecast,2024-11,A3,SH-CATA-D01,PANEL BOTTOM AS,domestic,98579.0,103339.0,4760.0,cu,Yield/Scrap Rate Increase,Operational-driven
forecast,2024-12,A3,SH-CATA-D01,PANEL BOTTOM AS,domestic,102503.0,102503.0,0.0,,,
forecast,2025-01,A3,SH-CATA-D01,PANEL BOTTOM AS,domestic,102503.0,103200.0,697.0,cu,Supplier Change (Higher Cost Source),Market-driven
forecast,2025-02,A3,SH-CATA-D01,PANEL BOTTOM AS,domestic,103061.0,97681.0,-5380.0,cr,Supplier Negotiation,Operational-driven
forecast,2025-03,A3,SH-CATA-D01,PANEL BOTTOM AS,domestic,98861.0,98861.0,0.0,,,
forecast,2025-04,A3,SH-CATA-D01,PANEL BOTTOM AS,domestic,98861.0,98861.0,0.0,,,
forecast,2025-05,A3,SH-CATA-D01,PANEL BOTTOM AS,domestic,98861.0,99714.0,853.0,cu,Yield/Scrap Rate Increase,Operational-driven
forecast,2025-06,A3,SH-CATA-D01,PANEL BOTTOM AS,domestic,99679.0,103327.0,3648.0,cu,Supplier Change (Higher Cost Source),Market-driven
forecast,2025-07,A3,SH-CATA-D01,PANEL BOTTOM AS,domestic,102636.0,105808.0,3172.0,cu,Yield/Scrap Rate Increase,Operational-driven
forecast,2025-08,A3,SH-CATA-D01,PANEL BOTTOM AS,domestic,106644.0,111328.0,4684.0,cu,Supplier Change (Higher Cost Source),Market-driven
forecast,2025-09,A3,SH-CATA-D01,PANEL BOTTOM AS,domestic,110883.0,116277.0,5394.0,cu,Engineering Change / Spec Upgrade,Engineering-driven
forecast,2025-10,A3,SH-CATA-D01,PANEL BOTTOM AS,domestic,116042.0,112437.0,-3605.0,cr,Localization / Local Sourcing,Operational-driven
forecast,2024-11,A3,SH-CATA-U01,CONNECTOR HOUSING,usd,56296.0,57323.0,1027.0,cu,Raw Material Price Increase,Market-driven
forecast,2024-12,A3,SH-CATA-U01,CONNECTOR HOUSING,usd,59103.0,60006.0,903.0,cu,Supplier Change (Higher Cost Source),Market-driven
forecast,2025-01,A3,SH-CATA-U01,CONNECTOR HOUSING,usd,62210.0,63570.0,1360.0,cu,Supplier Change (Higher Cost Source),Market-driven
forecast,2025-02,A3,SH-CATA-U01,CONNECTOR HOUSING,usd,65724.0,67670.0,1946.0,cu,Supplier Change (Higher Cost Source),Market-driven
forecast,2025-03,A3,SH-CATA-U01,CONNECTOR HOUSING,usd,69879.0,71130.0,1251.0,cu,Supplier Change (Higher Cost Source),Market-driven
forecast,2025-04,A3,SH-CATA-U01,CONNECTOR HOUSING,usd,73619.0,75428.0,1809.0,cu,Supplier Change (Higher Cost Source),Market-driven
forecast,2025-05,A3,SH-CATA-U01,CONNECTOR HOUSING,usd,78184.0,80506.0,2322.0,cu,Supplier Change (Higher Cost Source),Market-driven
forecast,2025-06,A3,SH-CATA-U01,CONNECTOR HOUSING,usd,82589.0,84525.0,1936.0,cu,Raw Material Price Increase,Market-driven
forecast,2025-07,A3,SH-CATA-U01,CONNECTOR HOUSING,usd,87542.0,90125.0,2583.0,cu,Raw Material Price Increase,Market-driven
forecast,2025-08,A3,SH-CATA-U01,CONNECTOR HOUSING,usd,91058.0,93052.0,1994.0,cu,Supplier Change (Higher Cost Source),Market-driven
forecast,2025-09,A3,SH-CATA-U01,CONNECTOR HOUSING,usd,94744.0,96283.0,1539.0,cu,Supplier Change (Higher Cost Source),Market-driven
forecast,2025-10,A3,SH-CATA-U01,CONNECTOR HOUSING,usd,100225.0,102484.0,2259.0,cu,Raw Material Price Increase,Market-driven
forecast,2024-11,A3,SH-IDX03,PRECISION GEAR,jpy,110238.0,114389.0,4151.0,cu,Logistics/Freight Cost Increase,Market-driven
forecast,2024-12,A3,SH-IDX03,PRECISION GEAR,jpy,115498.0,110022.0,-5476.0,cr,Alternative Material Substitution,Engineering-driven
forecast,2025-01,A3,SH-IDX03,PRECISION GEAR,jpy,110623.0,114889.0,4266.0,cu,Yield/Scrap Rate Increase,Operational-driven
forecast,2025-02,A3,SH-IDX03,PRECISION GEAR,jpy,113966.0,115784.0,1818.0,cu,Engineering Change / Spec Upgrade,Engineering-driven
forecast,2025-03,A3,SH-IDX03,PRECISION GEAR,jpy,115790.0,110578.0,-5212.0,cr,VA/VE Improvement,Engineering-driven
forecast,2025-04,A3,SH-IDX03,PRECISION GEAR,jpy,110166.0,104548.0,-5618.0,cr,VA/VE Improvement,Engineering-driven
forecast,2025-05,A3,SH-IDX03,PRECISION GEAR,jpy,104130.0,99285.0,-4845.0,cr,Supplier Negotiation,Operational-driven
forecast,2025-06,A3,SH-IDX03,PRECISION GEAR,jpy,98817.0,94363.0,-4454.0,cr,Process Improvement (Yield Up),Operational-driven
forecast,2025-07,A3,SH-IDX03,PRECISION GEAR,jpy,93858.0,92537.0,-1321.0,cr,Alternative Material Substitution,Engineering-driven
forecast,2025-08,A3,SH-IDX03,PRECISION GEAR,jpy,92328.0,90967.0,-1361.0,cr,Localization / Local Sourcing,Operational-driven
forecast,2025-09,A3,SH-IDX03,PRECISION GEAR,jpy,91273.0,91273.0,0.0,,,
forecast,2025-10,A3,SH-IDX03,PRECISION GEAR,jpy,91273.0,92642.0,1369.0,cu,Supplier Change (Higher Cost Source),Market-driven
forecast,2024-11,A3,UQ-A3-01,PANEL FRONT AS,domestic,743033.0,699491.0,-43542.0,cr,VA/VE Improvement,Engineering-driven
forecast,2024-12,A3,UQ-A3-01,PANEL FRONT AS,domestic,694920.0,725860.0,30940.0,cu,Supplier Change (Higher Cost Source),Market-driven
forecast,2025-01,A3,UQ-A3-01,PANEL FRONT AS,domestic,731258.0,698403.0,-32855.0,cr,Alternative Material Substitution,Engineering-driven
forecast,2025-02,A3,UQ-A3-01,PANEL FRONT AS,domestic,695338.0,730022.0,34684.0,cu,Logistics/Freight Cost Increase,Market-driven
forecast,2025-03,A3,UQ-A3-01,PANEL FRONT AS,domestic,733899.0,725655.0,-8244.0,cr,Alternative Material Substitution,Engineering-driven
forecast,2025-04,A3,UQ-A3-01,PANEL FRONT AS,domestic,727086.0,700630.0,-26456.0,cr,Localization / Local Sourcing,Operational-driven
forecast,2025-05,A3,UQ-A3-01,PANEL FRONT AS,domestic,707968.0,707968.0,0.0,,,
forecast,2025-06,A3,UQ-A3-01,PANEL FRONT AS,domestic,707968.0,679486.0,-28482.0,cr,Localization / Local Sourcing,Operational-driven
forecast,2025-07,A3,UQ-A3-01,PANEL FRONT AS,domestic,676857.0,670152.0,-6705.0,cr,Supplier Negotiation,Operational-driven
forecast,2025-08,A3,UQ-A3-01,PANEL FRONT AS,domestic,670601.0,670601.0,0.0,,,
forecast,2025-09,A3,UQ-A3-01,PANEL FRONT AS,domestic,670601.0,630994.0,-39607.0,cr,Alternative Material Substitution,Engineering-driven
forecast,2025-10,A3,UQ-A3-01,PANEL FRONT AS,domestic,627980.0,627980.0,0.0,,,
forecast,2024-11,A3,UQ-A3-02,BRACKET SUPPORT,domestic,531882.0,511407.0,-20475.0,cr,Process Improvement (Yield Up),Operational-driven
forecast,2024-12,A3,UQ-A3-02,BRACKET SUPPORT,domestic,517194.0,541321.0,24127.0,cu,Engineering Change / Spec Upgrade,Engineering-driven
forecast,2025-01,A3,UQ-A3-02,BRACKET SUPPORT,domestic,546055.0,548818.0,2763.0,cu,Logistics/Freight Cost Increase,Market-driven
forecast,2025-02,A3,UQ-A3-02,BRACKET SUPPORT,domestic,548973.0,531864.0,-17109.0,cr,Process Improvement (Yield Up),Operational-driven
forecast,2025-03,A3,UQ-A3-02,BRACKET SUPPORT,domestic,531789.0,531789.0,0.0,,,
forecast,2025-04,A3,UQ-A3-02,BRACKET SUPPORT,domestic,531789.0,538496.0,6707.0,cu,Yield/Scrap Rate Increase,Operational-driven
forecast,2025-05,A3,UQ-A3-02,BRACKET SUPPORT,domestic,537489.0,542791.0,5302.0,cu,Raw Material Price Increase,Market-driven
forecast,2025-06,A3,UQ-A3-02,BRACKET SUPPORT,domestic,543377.0,558561.0,15184.0,cu,Logistics/Freight Cost Increase,Market-driven
forecast,2025-07,A3,UQ-A3-02,BRACKET SUPPORT,domestic,554265.0,531765.0,-22500.0,cr,Supplier Negotiation,Operational-driven
forecast,2025-08,A3,UQ-A3-02,BRACKET SUPPORT,domestic,536887.0,510342.0,-26545.0,cr,Process Improvement (Yield Up),Operational-driven
forecast,2025-09,A3,UQ-A3-02,BRACKET SUPPORT,domestic,504919.0,531558.0,26639.0,cu,Supplier Change (Higher Cost Source),Market-driven
forecast,2025-10,A3,UQ-A3-02,BRACKET SUPPORT,domestic,524936.0,554332.0,29396.0,cu,Raw Material Price Increase,Market-driven
forecast,2024-11,A3,UQ-A3-03,IC CHIP CONTROL,usd,1039099.0,990331.0,-48768.0,cr,Process Improvement (Yield Up),Operational-driven
forecast,2024-12,A3,UQ-A3-03,IC CHIP CONTROL,usd,1004783.0,994966.0,-9817.0,cr,Supplier Negotiation,Operational-driven
forecast,2025-01,A3,UQ-A3-03,IC CHIP CONTROL,usd,992129.0,1021376.0,29247.0,cu,Supplier Change (Higher Cost Source),Market-driven
forecast,2025-02,A3,UQ-A3-03,IC CHIP CONTROL,usd,1026941.0,974326.0,-52615.0,cr,Supplier Negotiation,Operational-driven
forecast,2025-03,A3,UQ-A3-03,IC CHIP CONTROL,usd,980836.0,986951.0,6115.0,cu,Yield/Scrap Rate Increase,Operational-driven
forecast,2025-04,A3,UQ-A3-03,IC CHIP CONTROL,usd,987290.0,966047.0,-21243.0,cr,VA/VE Improvement,Engineering-driven
forecast,2025-05,A3,UQ-A3-03,IC CHIP CONTROL,usd,960721.0,925290.0,-35431.0,cr,Process Improvement (Yield Up),Operational-driven
forecast,2025-06,A3,UQ-A3-03,IC CHIP CONTROL,usd,924545.0,894851.0,-29694.0,cr,VA/VE Improvement,Engineering-driven
forecast,2025-07,A3,UQ-A3-03,IC CHIP CONTROL,usd,890476.0,864848.0,-25628.0,cr,Process Improvement (Yield Up),Operational-driven
forecast,2025-08,A3,UQ-A3-03,IC CHIP CONTROL,usd,858640.0,831982.0,-26658.0,cr,Localization / Local Sourcing,Operational-driven
forecast,2025-09,A3,UQ-A3-03,IC CHIP CONTROL,usd,826838.0,826838.0,0.0,,,
forecast,2025-10,A3,UQ-A3-03,IC CHIP CONTROL,usd,826838.0,785258.0,-41580.0,cr,Localization / Local Sourcing,Operational-driven
forecast,2024-11,A3,UQ-A3-04,MOTOR UNIT,jpy,531908.0,551135.0,19227.0,cu,Logistics/Freight Cost Increase,Market-driven
forecast,2024-12,A3,UQ-A3-04,MOTOR UNIT,jpy,583613.0,616570.0,32957.0,cu,Engineering Change / Spec Upgrade,Engineering-driven
forecast,2025-01,A3,UQ-A3-04,MOTOR UNIT,jpy,652250.0,670661.0,18411.0,cu,Raw Material Price Increase,Market-driven
forecast,2025-02,A3,UQ-A3-04,MOTOR UNIT,jpy,690448.0,658860.0,-31588.0,cr,VA/VE Improvement,Engineering-driven
forecast,2025-03,A3,UQ-A3-04,MOTOR UNIT,jpy,604671.0,604671.0,0.0,,,
forecast,2025-04,A3,UQ-A3-04,MOTOR UNIT,jpy,604671.0,577584.0,-27087.0,cr,Supplier Negotiation,Operational-driven
forecast,2025-05,A3,UQ-A3-04,MOTOR UNIT,jpy,540043.0,540043.0,0.0,,,
forecast,2025-06,A3,UQ-A3-04,MOTOR UNIT,jpy,540043.0,520544.0,-19499.0,cr,Alternative Material Substitution,Engineering-driven
forecast,2025-07,A3,UQ-A3-04,MOTOR UNIT,jpy,482148.0,494080.0,11932.0,cu,Supplier Change (Higher Cost Source),Market-driven
forecast,2025-08,A3,UQ-A3-04,MOTOR UNIT,jpy,510966.0,520174.0,9208.0,cu,Yield/Scrap Rate Increase,Operational-driven
forecast,2025-09,A3,UQ-A3-04,MOTOR UNIT,jpy,534386.0,534386.0,0.0,,,
forecast,2025-10,A3,UQ-A3-04,MOTOR UNIT,jpy,534386.0,565633.0,31247.0,cu,Yield/Scrap Rate Increase,Operational-driven
forecast,2024-11,A3,UQ-A3-05,SENSOR MODULE,jpy,371411.0,367680.0,-3731.0,cr,Alternative Material Substitution,Engineering-driven
forecast,2024-12,A3,UQ-A3-05,SENSOR MODULE,jpy,367859.0,389001.0,21142.0,cu,Yield/Scrap Rate Increase,Operational-driven
forecast,2025-01,A3,UQ-A3-05,SENSOR MODULE,jpy,382803.0,382803.0,0.0,,,
forecast,2025-02,A3,UQ-A3-05,SENSOR MODULE,jpy,382803.0,399028.0,16225.0,cu,Raw Material Price Increase,Market-driven
forecast,2025-03,A3,UQ-A3-05,SENSOR MODULE,jpy,396324.0,417723.0,21399.0,cu,Logistics/Freight Cost Increase,Market-driven
forecast,2025-04,A3,UQ-A3-05,SENSOR MODULE,jpy,414619.0,396518.0,-18101.0,cr,Localization / Local Sourcing,Operational-driven
forecast,2025-05,A3,UQ-A3-05,SENSOR MODULE,jpy,395484.0,373798.0,-21686.0,cr,Process Improvement (Yield Up),Operational-driven
forecast,2025-06,A3,UQ-A3-05,SENSOR MODULE,jpy,374826.0,365258.0,-9568.0,cr,Localization / Local Sourcing,Operational-driven
forecast,2025-07,A3,UQ-A3-05,SENSOR MODULE,jpy,363276.0,382783.0,19507.0,cu,Yield/Scrap Rate Increase,Operational-driven
forecast,2025-08,A3,UQ-A3-05,SENSOR MODULE,jpy,383957.0,368831.0,-15126.0,cr,Localization / Local Sourcing,Operational-driven
forecast,2025-09,A3,UQ-A3-05,SENSOR MODULE,jpy,364524.0,364524.0,0.0,,,
forecast,2025-10,A3,UQ-A3-05,SENSOR MODULE,jpy,364524.0,364524.0,0.0,,,
forecast,2024-11,A4,SH-CATA-D01,PANEL BOTTOM AS,domestic,98579.0,103339.0,4760.0,cu,Yield/Scrap Rate Increase,Operational-driven
forecast,2024-12,A4,SH-CATA-D01,PANEL BOTTOM AS,domestic,102503.0,102503.0,0.0,,,
forecast,2025-01,A4,SH-CATA-D01,PANEL BOTTOM AS,domestic,102503.0,103200.0,697.0,cu,Supplier Change (Higher Cost Source),Market-driven
forecast,2025-02,A4,SH-CATA-D01,PANEL BOTTOM AS,domestic,103061.0,97681.0,-5380.0,cr,Supplier Negotiation,Operational-driven
forecast,2025-03,A4,SH-CATA-D01,PANEL BOTTOM AS,domestic,98861.0,98861.0,0.0,,,
forecast,2025-04,A4,SH-CATA-D01,PANEL BOTTOM AS,domestic,98861.0,98861.0,0.0,,,
forecast,2025-05,A4,SH-CATA-D01,PANEL BOTTOM AS,domestic,98861.0,99714.0,853.0,cu,Yield/Scrap Rate Increase,Operational-driven
forecast,2025-06,A4,SH-CATA-D01,PANEL BOTTOM AS,domestic,99679.0,103327.0,3648.0,cu,Supplier Change (Higher Cost Source),Market-driven
forecast,2025-07,A4,SH-CATA-D01,PANEL BOTTOM AS,domestic,102636.0,105808.0,3172.0,cu,Yield/Scrap Rate Increase,Operational-driven
forecast,2025-08,A4,SH-CATA-D01,PANEL BOTTOM AS,domestic,106644.0,111328.0,4684.0,cu,Supplier Change (Higher Cost Source),Market-driven
forecast,2025-09,A4,SH-CATA-D01,PANEL BOTTOM AS,domestic,110883.0,116277.0,5394.0,cu,Engineering Change / Spec Upgrade,Engineering-driven
forecast,2025-10,A4,SH-CATA-D01,PANEL BOTTOM AS,domestic,116042.0,112437.0,-3605.0,cr,Localization / Local Sourcing,Operational-driven
forecast,2024-11,A4,SH-CATA-U01,CONNECTOR HOUSING,usd,56296.0,57323.0,1027.0,cu,Raw Material Price Increase,Market-driven
forecast,2024-12,A4,SH-CATA-U01,CONNECTOR HOUSING,usd,59103.0,60006.0,903.0,cu,Supplier Change (Higher Cost Source),Market-driven
forecast,2025-01,A4,SH-CATA-U01,CONNECTOR HOUSING,usd,62210.0,63570.0,1360.0,cu,Supplier Change (Higher Cost Source),Market-driven
forecast,2025-02,A4,SH-CATA-U01,CONNECTOR HOUSING,usd,65724.0,67670.0,1946.0,cu,Supplier Change (Higher Cost Source),Market-driven
forecast,2025-03,A4,SH-CATA-U01,CONNECTOR HOUSING,usd,69879.0,71130.0,1251.0,cu,Supplier Change (Higher Cost Source),Market-driven
forecast,2025-04,A4,SH-CATA-U01,CONNECTOR HOUSING,usd,73619.0,75428.0,1809.0,cu,Supplier Change (Higher Cost Source),Market-driven
forecast,2025-05,A4,SH-CATA-U01,CONNECTOR HOUSING,usd,78184.0,80506.0,2322.0,cu,Supplier Change (Higher Cost Source),Market-driven
forecast,2025-06,A4,SH-CATA-U01,CONNECTOR HOUSING,usd,82589.0,84525.0,1936.0,cu,Raw Material Price Increase,Market-driven
forecast,2025-07,A4,SH-CATA-U01,CONNECTOR HOUSING,usd,87542.0,90125.0,2583.0,cu,Raw Material Price Increase,Market-driven
forecast,2025-08,A4,SH-CATA-U01,CONNECTOR HOUSING,usd,91058.0,93052.0,1994.0,cu,Supplier Change (Higher Cost Source),Market-driven
forecast,2025-09,A4,SH-CATA-U01,CONNECTOR HOUSING,usd,94744.0,96283.0,1539.0,cu,Supplier Change (Higher Cost Source),Market-driven
forecast,2025-10,A4,SH-CATA-U01,CONNECTOR HOUSING,usd,100225.0,102484.0,2259.0,cu,Raw Material Price Increase,Market-driven
forecast,2024-11,A4,SH-IDX04,PRECISION GEAR,jpy,26043.0,26043.0,0.0,,,
forecast,2024-12,A4,SH-IDX04,PRECISION GEAR,jpy,26043.0,24575.0,-1468.0,cr,Process Improvement (Yield Up),Operational-driven
forecast,2025-01,A4,SH-IDX04,PRECISION GEAR,jpy,24762.0,25168.0,406.0,cu,Supplier Change (Higher Cost Source),Market-driven
forecast,2025-02,A4,SH-IDX04,PRECISION GEAR,jpy,25176.0,25473.0,297.0,cu,Supplier Change (Higher Cost Source),Market-driven
forecast,2025-03,A4,SH-IDX04,PRECISION GEAR,jpy,25471.0,24533.0,-938.0,cr,Supplier Negotiation,Operational-driven
forecast,2025-04,A4,SH-IDX04,PRECISION GEAR,jpy,24304.0,24491.0,187.0,cu,Raw Material Price Increase,Market-driven
forecast,2025-05,A4,SH-IDX04,PRECISION GEAR,jpy,24436.0,23922.0,-514.0,cr,Alternative Material Substitution,Engineering-driven
forecast,2025-06,A4,SH-IDX04,PRECISION GEAR,jpy,24016.0,25325.0,1309.0,cu,Yield/Scrap Rate Increase,Operational-driven
forecast,2025-07,A4,SH-IDX04,PRECISION GEAR,jpy,25024.0,25024.0,0.0,,,
forecast,2025-08,A4,SH-IDX04,PRECISION GEAR,jpy,25024.0,25415.0,391.0,cu,Raw Material Price Increase,Market-driven
forecast,2025-09,A4,SH-IDX04,PRECISION GEAR,jpy,25476.0,25121.0,-355.0,cr,Process Improvement (Yield Up),Operational-driven
forecast,2025-10,A4,SH-IDX04,PRECISION GEAR,jpy,25063.0,26441.0,1378.0,cu,Logistics/Freight Cost Increase,Market-driven
forecast,2024-11,A4,UQ-A4-01,PANEL FRONT AS,domestic,734870.0,716239.0,-18631.0,cr,VA/VE Improvement,Engineering-driven
forecast,2024-12,A4,UQ-A4-01,PANEL FRONT AS,domestic,715163.0,745988.0,30825.0,cu,Raw Material Price Increase,Market-driven
forecast,2025-01,A4,UQ-A4-01,PANEL FRONT AS,domestic,745348.0,753305.0,7957.0,cu,Supplier Change (Higher Cost Source),Market-driven
forecast,2025-02,A4,UQ-A4-01,PANEL FRONT AS,domestic,751573.0,791353.0,39780.0,cu,Supplier Change (Higher Cost Source),Market-driven
forecast,2025-03,A4,UQ-A4-01,PANEL FRONT AS,domestic,788290.0,742803.0,-45487.0,cr,VA/VE Improvement,Engineering-driven
forecast,2025-04,A4,UQ-A4-01,PANEL FRONT AS,domestic,739047.0,705647.0,-33400.0,cr,Localization / Local Sourcing,Operational-driven
forecast,2025-05,A4,UQ-A4-01,PANEL FRONT AS,domestic,700033.0,734266.0,34233.0,cu,Raw Material Price Increase,Market-driven
forecast,2025-06,A4,UQ-A4-01,PANEL FRONT AS,domestic,738272.0,738272.0,0.0,,,
forecast,2025-07,A4,UQ-A4-01,PANEL FRONT AS,domestic,738272.0,738272.0,0.0,,,
forecast,2025-08,A4,UQ-A4-01,PANEL FRONT AS,domestic,738272.0,719257.0,-19015.0,cr,Localization / Local Sourcing,Operational-driven
forecast,2025-09,A4,UQ-A4-01,PANEL FRONT AS,domestic,716032.0,693344.0,-22688.0,cr,Localization / Local Sourcing,Operational-driven
forecast,2025-10,A4,UQ-A4-01,PANEL FRONT AS,domestic,699319.0,684480.0,-14839.0,cr,Localization / Local Sourcing,Operational-driven
forecast,2024-11,A4,UQ-A4-02,BRACKET SUPPORT,domestic,503375.0,496551.0,-6824.0,cr,Localization / Local Sourcing,Operational-driven
forecast,2024-12,A4,UQ-A4-02,BRACKET SUPPORT,domestic,495839.0,495839.0,0.0,,,
forecast,2025-01,A4,UQ-A4-02,BRACKET SUPPORT,domestic,495839.0,518858.0,23019.0,cu,Logistics/Freight Cost Increase,Market-driven
forecast,2025-02,A4,UQ-A4-02,BRACKET SUPPORT,domestic,512897.0,528544.0,15647.0,cu,Raw Material Price Increase,Market-driven
forecast,2025-03,A4,UQ-A4-02,BRACKET SUPPORT,domestic,531984.0,508024.0,-23960.0,cr,Localization / Local Sourcing,Operational-driven
forecast,2025-04,A4,UQ-A4-02,BRACKET SUPPORT,domestic,512098.0,500119.0,-11979.0,cr,Alternative Material Substitution,Engineering-driven
forecast,2025-05,A4,UQ-A4-02,BRACKET SUPPORT,domestic,500719.0,489841.0,-10878.0,cr,Process Improvement (Yield Up),Operational-driven
forecast,2025-06,A4,UQ-A4-02,BRACKET SUPPORT,domestic,492704.0,492704.0,0.0,,,
forecast,2025-07,A4,UQ-A4-02,BRACKET SUPPORT,domestic,492704.0,505146.0,12442.0,cu,Engineering Change / Spec Upgrade,Engineering-driven
forecast,2025-08,A4,UQ-A4-02,BRACKET SUPPORT,domestic,502107.0,502107.0,0.0,,,
forecast,2025-09,A4,UQ-A4-02,BRACKET SUPPORT,domestic,502107.0,499397.0,-2710.0,cr,Localization / Local Sourcing,Operational-driven
forecast,2025-10,A4,UQ-A4-02,BRACKET SUPPORT,domestic,500053.0,529100.0,29047.0,cu,Raw Material Price Increase,Market-driven
forecast,2024-11,A4,UQ-A4-03,IC CHIP CONTROL,usd,1135514.0,1182532.0,47018.0,cu,Engineering Change / Spec Upgrade,Engineering-driven
forecast,2024-12,A4,UQ-A4-03,IC CHIP CONTROL,usd,1180111.0,1114295.0,-65816.0,cr,Process Improvement (Yield Up),Operational-driven
forecast,2025-01,A4,UQ-A4-03,IC CHIP CONTROL,usd,1106781.0,1149467.0,42686.0,cu,Supplier Change (Higher Cost Source),Market-driven
forecast,2025-02,A4,UQ-A4-03,IC CHIP CONTROL,usd,1155164.0,1220935.0,65771.0,cu,Logistics/Freight Cost Increase,Market-driven
forecast,2025-03,A4,UQ-A4-03,IC CHIP CONTROL,usd,1220954.0,1258715.0,37761.0,cu,Logistics/Freight Cost Increase,Market-driven
forecast,2025-04,A4,UQ-A4-03,IC CHIP CONTROL,usd,1266200.0,1333104.0,66904.0,cu,Yield/Scrap Rate Increase,Operational-driven
forecast,2025-05,A4,UQ-A4-03,IC CHIP CONTROL,usd,1350311.0,1369620.0,19309.0,cu,Supplier Change (Higher Cost Source),Market-driven
forecast,2025-06,A4,UQ-A4-03,IC CHIP CONTROL,usd,1373199.0,1446401.0,73202.0,cu,Logistics/Freight Cost Increase,Market-driven
forecast,2025-07,A4,UQ-A4-03,IC CHIP CONTROL,usd,1426763.0,1343255.0,-83508.0,cr,Supplier Negotiation,Operational-driven
forecast,2025-08,A4,UQ-A4-03,IC CHIP CONTROL,usd,1321676.0,1311085.0,-10591.0,cr,Alternative Material Substitution,Engineering-driven
forecast,2025-09,A4,UQ-A4-03,IC CHIP CONTROL,usd,1313844.0,1306750.0,-7094.0,cr,Process Improvement (Yield Up),Operational-driven
forecast,2025-10,A4,UQ-A4-03,IC CHIP CONTROL,usd,1304911.0,1242536.0,-62375.0,cr,Localization / Local Sourcing,Operational-driven
forecast,2024-11,A4,UQ-A4-04,MOTOR UNIT,jpy,66009.0,68199.0,2190.0,cu,Raw Material Price Increase,Market-driven
forecast,2024-12,A4,UQ-A4-04,MOTOR UNIT,jpy,67914.0,71767.0,3853.0,cu,Logistics/Freight Cost Increase,Market-driven
forecast,2025-01,A4,UQ-A4-04,MOTOR UNIT,jpy,71118.0,72066.0,948.0,cu,Engineering Change / Spec Upgrade,Engineering-driven
forecast,2025-02,A4,UQ-A4-04,MOTOR UNIT,jpy,72271.0,74149.0,1878.0,cu,Raw Material Price Increase,Market-driven
forecast,2025-03,A4,UQ-A4-04,MOTOR UNIT,jpy,74567.0,70935.0,-3632.0,cr,Supplier Negotiation,Operational-driven
forecast,2025-04,A4,UQ-A4-04,MOTOR UNIT,jpy,70666.0,73476.0,2810.0,cu,Yield/Scrap Rate Increase,Operational-driven
forecast,2025-05,A4,UQ-A4-04,MOTOR UNIT,jpy,72702.0,74212.0,1510.0,cu,Yield/Scrap Rate Increase,Operational-driven
forecast,2025-06,A4,UQ-A4-04,MOTOR UNIT,jpy,73829.0,70876.0,-2953.0,cr,Localization / Local Sourcing,Operational-driven
forecast,2025-07,A4,UQ-A4-04,MOTOR UNIT,jpy,71248.0,74140.0,2892.0,cu,Engineering Change / Spec Upgrade,Engineering-driven
forecast,2025-08,A4,UQ-A4-04,MOTOR UNIT,jpy,74031.0,76678.0,2647.0,cu,Engineering Change / Spec Upgrade,Engineering-driven
forecast,2025-09,A4,UQ-A4-04,MOTOR UNIT,jpy,76522.0,78323.0,1801.0,cu,Supplier Change (Higher Cost Source),Market-driven
forecast,2025-10,A4,UQ-A4-04,MOTOR UNIT,jpy,78520.0,82997.0,4477.0,cu,Yield/Scrap Rate Increase,Operational-driven
forecast,2024-11,A4,UQ-A4-05,SENSOR MODULE,jpy,77792.0,75321.0,-2471.0,cr,Localization / Local Sourcing,Operational-driven
forecast,2024-12,A4,UQ-A4-05,SENSOR MODULE,jpy,75735.0,75735.0,0.0,,,
forecast,2025-01,A4,UQ-A4-05,SENSOR MODULE,jpy,75735.0,75735.0,0.0,,,
forecast,2025-02,A4,UQ-A4-05,SENSOR MODULE,jpy,75735.0,75735.0,0.0,,,
forecast,2025-03,A4,UQ-A4-05,SENSOR MODULE,jpy,75735.0,74658.0,-1077.0,cr,Alternative Material Substitution,Engineering-driven
forecast,2025-04,A4,UQ-A4-05,SENSOR MODULE,jpy,74596.0,73609.0,-987.0,cr,Supplier Negotiation,Operational-driven
forecast,2025-05,A4,UQ-A4-05,SENSOR MODULE,jpy,73814.0,72422.0,-1392.0,cr,Process Improvement (Yield Up),Operational-driven
forecast,2025-06,A4,UQ-A4-05,SENSOR MODULE,jpy,72123.0,68048.0,-4075.0,cr,Supplier Negotiation,Operational-driven
forecast,2025-07,A4,UQ-A4-05,SENSOR MODULE,jpy,67401.0,69509.0,2108.0,cu,Logistics/Freight Cost Increase,Market-driven
forecast,2025-08,A4,UQ-A4-05,SENSOR MODULE,jpy,69742.0,67816.0,-1926.0,cr,VA/VE Improvement,Engineering-driven
forecast,2025-09,A4,UQ-A4-05,SENSOR MODULE,jpy,68382.0,69909.0,1527.0,cu,Supplier Change (Higher Cost Source),Market-driven
forecast,2025-10,A4,UQ-A4-05,SENSOR MODULE,jpy,70060.0,71260.0,1200.0,cu,Yield/Scrap Rate Increase,Operational-driven
forecast,2024-11,A4,SH-EVEN-01,TAPE PU-F,domestic,70295.0,68189.0,-2106.0,cr,Localization / Local Sourcing,Operational-driven
forecast,2024-12,A4,SH-EVEN-01,TAPE PU-F,domestic,67819.0,68532.0,713.0,cu,Engineering Change / Spec Upgrade,Engineering-driven
forecast,2025-01,A4,SH-EVEN-01,TAPE PU-F,domestic,68361.0,67735.0,-626.0,cr,Localization / Local Sourcing,Operational-driven
forecast,2025-02,A4,SH-EVEN-01,TAPE PU-F,domestic,67771.0,70653.0,2882.0,cu,Logistics/Freight Cost Increase,Market-driven
forecast,2025-03,A4,SH-EVEN-01,TAPE PU-F,domestic,70908.0,70908.0,0.0,,,
forecast,2025-04,A4,SH-EVEN-01,TAPE PU-F,domestic,70908.0,68376.0,-2532.0,cr,Localization / Local Sourcing,Operational-driven
forecast,2025-05,A4,SH-EVEN-01,TAPE PU-F,domestic,67971.0,70788.0,2817.0,cu,Logistics/Freight Cost Increase,Market-driven
forecast,2025-06,A4,SH-EVEN-01,TAPE PU-F,domestic,70882.0,69951.0,-931.0,cr,Process Improvement (Yield Up),Operational-driven
forecast,2025-07,A4,SH-EVEN-01,TAPE PU-F,domestic,70015.0,71061.0,1046.0,cu,Yield/Scrap Rate Increase,Operational-driven
forecast,2025-08,A4,SH-EVEN-01,TAPE PU-F,domestic,71263.0,71263.0,0.0,,,
forecast,2025-09,A4,SH-EVEN-01,TAPE PU-F,domestic,71263.0,69400.0,-1863.0,cr,Localization / Local Sourcing,Operational-driven
forecast,2025-10,A4,SH-EVEN-01,TAPE PU-F,domestic,69379.0,73502.0,4123.0,cu,Logistics/Freight Cost Increase,Market-driven
forecast,2024-11,A4,SH-EVEN-02,RESIN COMPOUND,usd,19042.0,19042.0,0.0,,,
forecast,2024-12,A4,SH-EVEN-02,RESIN COMPOUND,usd,19042.0,18941.0,-101.0,cr,Supplier Negotiation,Operational-driven
forecast,2025-01,A4,SH-EVEN-02,RESIN COMPOUND,usd,18947.0,18128.0,-819.0,cr,Alternative Material Substitution,Engineering-driven
forecast,2025-02,A4,SH-EVEN-02,RESIN COMPOUND,usd,17907.0,18005.0,98.0,cu,Supplier Change (Higher Cost Source),Market-driven
forecast,2025-03,A4,SH-EVEN-02,RESIN COMPOUND,usd,18018.0,17367.0,-651.0,cr,Supplier Negotiation,Operational-driven
forecast,2025-04,A4,SH-EVEN-02,RESIN COMPOUND,usd,17275.0,16548.0,-727.0,cr,Alternative Material Substitution,Engineering-driven
forecast,2025-05,A4,SH-EVEN-02,RESIN COMPOUND,usd,16381.0,16788.0,407.0,cu,Supplier Change (Higher Cost Source),Market-driven
forecast,2025-06,A4,SH-EVEN-02,RESIN COMPOUND,usd,16909.0,16909.0,0.0,,,
forecast,2025-07,A4,SH-EVEN-02,RESIN COMPOUND,usd,16909.0,17610.0,701.0,cu,Raw Material Price Increase,Market-driven
forecast,2025-08,A4,SH-EVEN-02,RESIN COMPOUND,usd,17621.0,17621.0,0.0,,,
forecast,2025-09,A4,SH-EVEN-02,RESIN COMPOUND,usd,17621.0,17123.0,-498.0,cr,Process Improvement (Yield Up),Operational-driven
forecast,2025-10,A4,SH-EVEN-02,RESIN COMPOUND,usd,17066.0,17668.0,602.0,cu,Yield/Scrap Rate Increase,Operational-driven
forecast,2024-11,A5,SH-CATA-D01,PANEL BOTTOM AS,domestic,98579.0,103339.0,4760.0,cu,Yield/Scrap Rate Increase,Operational-driven
forecast,2024-12,A5,SH-CATA-D01,PANEL BOTTOM AS,domestic,102503.0,102503.0,0.0,,,
forecast,2025-01,A5,SH-CATA-D01,PANEL BOTTOM AS,domestic,102503.0,103200.0,697.0,cu,Supplier Change (Higher Cost Source),Market-driven
forecast,2025-02,A5,SH-CATA-D01,PANEL BOTTOM AS,domestic,103061.0,97681.0,-5380.0,cr,Supplier Negotiation,Operational-driven
forecast,2025-03,A5,SH-CATA-D01,PANEL BOTTOM AS,domestic,98861.0,98861.0,0.0,,,
forecast,2025-04,A5,SH-CATA-D01,PANEL BOTTOM AS,domestic,98861.0,98861.0,0.0,,,
forecast,2025-05,A5,SH-CATA-D01,PANEL BOTTOM AS,domestic,98861.0,99714.0,853.0,cu,Yield/Scrap Rate Increase,Operational-driven
forecast,2025-06,A5,SH-CATA-D01,PANEL BOTTOM AS,domestic,99679.0,103327.0,3648.0,cu,Supplier Change (Higher Cost Source),Market-driven
forecast,2025-07,A5,SH-CATA-D01,PANEL BOTTOM AS,domestic,102636.0,105808.0,3172.0,cu,Yield/Scrap Rate Increase,Operational-driven
forecast,2025-08,A5,SH-CATA-D01,PANEL BOTTOM AS,domestic,106644.0,111328.0,4684.0,cu,Supplier Change (Higher Cost Source),Market-driven
forecast,2025-09,A5,SH-CATA-D01,PANEL BOTTOM AS,domestic,110883.0,116277.0,5394.0,cu,Engineering Change / Spec Upgrade,Engineering-driven
forecast,2025-10,A5,SH-CATA-D01,PANEL BOTTOM AS,domestic,116042.0,112437.0,-3605.0,cr,Localization / Local Sourcing,Operational-driven
forecast,2024-11,A5,SH-CATA-U01,CONNECTOR HOUSING,usd,56296.0,57323.0,1027.0,cu,Raw Material Price Increase,Market-driven
forecast,2024-12,A5,SH-CATA-U01,CONNECTOR HOUSING,usd,59103.0,60006.0,903.0,cu,Supplier Change (Higher Cost Source),Market-driven
forecast,2025-01,A5,SH-CATA-U01,CONNECTOR HOUSING,usd,62210.0,63570.0,1360.0,cu,Supplier Change (Higher Cost Source),Market-driven
forecast,2025-02,A5,SH-CATA-U01,CONNECTOR HOUSING,usd,65724.0,67670.0,1946.0,cu,Supplier Change (Higher Cost Source),Market-driven
forecast,2025-03,A5,SH-CATA-U01,CONNECTOR HOUSING,usd,69879.0,71130.0,1251.0,cu,Supplier Change (Higher Cost Source),Market-driven
forecast,2025-04,A5,SH-CATA-U01,CONNECTOR HOUSING,usd,73619.0,75428.0,1809.0,cu,Supplier Change (Higher Cost Source),Market-driven
forecast,2025-05,A5,SH-CATA-U01,CONNECTOR HOUSING,usd,78184.0,80506.0,2322.0,cu,Supplier Change (Higher Cost Source),Market-driven
forecast,2025-06,A5,SH-CATA-U01,CONNECTOR HOUSING,usd,82589.0,84525.0,1936.0,cu,Raw Material Price Increase,Market-driven
forecast,2025-07,A5,SH-CATA-U01,CONNECTOR HOUSING,usd,87542.0,90125.0,2583.0,cu,Raw Material Price Increase,Market-driven
forecast,2025-08,A5,SH-CATA-U01,CONNECTOR HOUSING,usd,91058.0,93052.0,1994.0,cu,Supplier Change (Higher Cost Source),Market-driven
forecast,2025-09,A5,SH-CATA-U01,CONNECTOR HOUSING,usd,94744.0,96283.0,1539.0,cu,Supplier Change (Higher Cost Source),Market-driven
forecast,2025-10,A5,SH-CATA-U01,CONNECTOR HOUSING,usd,100225.0,102484.0,2259.0,cu,Raw Material Price Increase,Market-driven
forecast,2024-11,A5,SH-IDX05,PRECISION GEAR,jpy,152329.0,144304.0,-8025.0,cr,Alternative Material Substitution,Engineering-driven
forecast,2024-12,A5,SH-IDX05,PRECISION GEAR,jpy,143614.0,138605.0,-5009.0,cr,Alternative Material Substitution,Engineering-driven
forecast,2025-01,A5,SH-IDX05,PRECISION GEAR,jpy,137648.0,135685.0,-1963.0,cr,Process Improvement (Yield Up),Operational-driven
forecast,2025-02,A5,SH-IDX05,PRECISION GEAR,jpy,135933.0,143794.0,7861.0,cu,Yield/Scrap Rate Increase,Operational-driven
forecast,2025-03,A5,SH-IDX05,PRECISION GEAR,jpy,143085.0,138093.0,-4992.0,cr,Alternative Material Substitution,Engineering-driven
forecast,2025-04,A5,SH-IDX05,PRECISION GEAR,jpy,137632.0,131980.0,-5652.0,cr,Localization / Local Sourcing,Operational-driven
forecast,2025-05,A5,SH-IDX05,PRECISION GEAR,jpy,132088.0,129128.0,-2960.0,cr,Process Improvement (Yield Up),Operational-driven
forecast,2025-06,A5,SH-IDX05,PRECISION GEAR,jpy,128385.0,128385.0,0.0,,,
forecast,2025-07,A5,SH-IDX05,PRECISION GEAR,jpy,128385.0,123101.0,-5284.0,cr,Localization / Local Sourcing,Operational-driven
forecast,2025-08,A5,SH-IDX05,PRECISION GEAR,jpy,124087.0,129548.0,5461.0,cu,Yield/Scrap Rate Increase,Operational-driven
forecast,2025-09,A5,SH-IDX05,PRECISION GEAR,jpy,129958.0,126817.0,-3141.0,cr,Process Improvement (Yield Up),Operational-driven
forecast,2025-10,A5,SH-IDX05,PRECISION GEAR,jpy,126447.0,129404.0,2957.0,cu,Raw Material Price Increase,Market-driven
forecast,2024-11,A5,UQ-A5-01,PANEL FRONT AS,domestic,579661.0,584306.0,4645.0,cu,Logistics/Freight Cost Increase,Market-driven
forecast,2024-12,A5,UQ-A5-01,PANEL FRONT AS,domestic,585051.0,585051.0,0.0,,,
forecast,2025-01,A5,UQ-A5-01,PANEL FRONT AS,domestic,585051.0,585051.0,0.0,,,
forecast,2025-02,A5,UQ-A5-01,PANEL FRONT AS,domestic,585051.0,571099.0,-13952.0,cr,Alternative Material Substitution,Engineering-driven
forecast,2025-03,A5,UQ-A5-01,PANEL FRONT AS,domestic,574086.0,574086.0,0.0,,,
forecast,2025-04,A5,UQ-A5-01,PANEL FRONT AS,domestic,574086.0,539724.0,-34362.0,cr,VA/VE Improvement,Engineering-driven
forecast,2025-05,A5,UQ-A5-01,PANEL FRONT AS,domestic,538172.0,538172.0,0.0,,,
forecast,2025-06,A5,UQ-A5-01,PANEL FRONT AS,domestic,538172.0,545810.0,7638.0,cu,Supplier Change (Higher Cost Source),Market-driven
forecast,2025-07,A5,UQ-A5-01,PANEL FRONT AS,domestic,547308.0,557529.0,10221.0,cu,Yield/Scrap Rate Increase,Operational-driven
forecast,2025-08,A5,UQ-A5-01,PANEL FRONT AS,domestic,554755.0,527720.0,-27035.0,cr,VA/VE Improvement,Engineering-driven
forecast,2025-09,A5,UQ-A5-01,PANEL FRONT AS,domestic,534188.0,538541.0,4353.0,cu,Supplier Change (Higher Cost Source),Market-driven
forecast,2025-10,A5,UQ-A5-01,PANEL FRONT AS,domestic,539341.0,553769.0,14428.0,cu,Engineering Change / Spec Upgrade,Engineering-driven
forecast,2024-11,A5,UQ-A5-02,BRACKET SUPPORT,domestic,430061.0,439058.0,8997.0,cu,Engineering Change / Spec Upgrade,Engineering-driven
forecast,2024-12,A5,UQ-A5-02,BRACKET SUPPORT,domestic,440391.0,457265.0,16874.0,cu,Yield/Scrap Rate Increase,Operational-driven
forecast,2025-01,A5,UQ-A5-02,BRACKET SUPPORT,domestic,461444.0,478714.0,17270.0,cu,Engineering Change / Spec Upgrade,Engineering-driven
forecast,2025-02,A5,UQ-A5-02,BRACKET SUPPORT,domestic,476792.0,483906.0,7114.0,cu,Supplier Change (Higher Cost Source),Market-driven
forecast,2025-03,A5,UQ-A5-02,BRACKET SUPPORT,domestic,484465.0,490410.0,5945.0,cu,Yield/Scrap Rate Increase,Operational-driven
forecast,2025-04,A5,UQ-A5-02,BRACKET SUPPORT,domestic,491693.0,491693.0,0.0,,,
forecast,2025-05,A5,UQ-A5-02,BRACKET SUPPORT,domestic,491693.0,491693.0,0.0,,,
forecast,2025-06,A5,UQ-A5-02,BRACKET SUPPORT,domestic,491693.0,481093.0,-10600.0,cr,Process Improvement (Yield Up),Operational-driven
forecast,2025-07,A5,UQ-A5-02,BRACKET SUPPORT,domestic,483663.0,483663.0,0.0,,,
forecast,2025-08,A5,UQ-A5-02,BRACKET SUPPORT,domestic,483663.0,504058.0,20395.0,cu,Yield/Scrap Rate Increase,Operational-driven
forecast,2025-09,A5,UQ-A5-02,BRACKET SUPPORT,domestic,501956.0,501956.0,0.0,,,
forecast,2025-10,A5,UQ-A5-02,BRACKET SUPPORT,domestic,501956.0,507052.0,5096.0,cu,Logistics/Freight Cost Increase,Market-driven
forecast,2024-11,A5,UQ-A5-03,IC CHIP CONTROL,usd,346357.0,346357.0,0.0,,,
forecast,2024-12,A5,UQ-A5-03,IC CHIP CONTROL,usd,346357.0,329348.0,-17009.0,cr,Supplier Negotiation,Operational-driven
forecast,2025-01,A5,UQ-A5-03,IC CHIP CONTROL,usd,327508.0,327508.0,0.0,,,
forecast,2025-02,A5,UQ-A5-03,IC CHIP CONTROL,usd,327508.0,327508.0,0.0,,,
forecast,2025-03,A5,UQ-A5-03,IC CHIP CONTROL,usd,327508.0,336707.0,9199.0,cu,Raw Material Price Increase,Market-driven
forecast,2025-04,A5,UQ-A5-03,IC CHIP CONTROL,usd,334927.0,351087.0,16160.0,cu,Supplier Change (Higher Cost Source),Market-driven
forecast,2025-05,A5,UQ-A5-03,IC CHIP CONTROL,usd,347039.0,347039.0,0.0,,,
forecast,2025-06,A5,UQ-A5-03,IC CHIP CONTROL,usd,347039.0,364489.0,17450.0,cu,Yield/Scrap Rate Increase,Operational-driven
forecast,2025-07,A5,UQ-A5-03,IC CHIP CONTROL,usd,362200.0,362200.0,0.0,,,
forecast,2025-08,A5,UQ-A5-03,IC CHIP CONTROL,usd,362200.0,358343.0,-3857.0,cr,Localization / Local Sourcing,Operational-driven
forecast,2025-09,A5,UQ-A5-03,IC CHIP CONTROL,usd,358128.0,348423.0,-9705.0,cr,Supplier Negotiation,Operational-driven
forecast,2025-10,A5,UQ-A5-03,IC CHIP CONTROL,usd,351185.0,351185.0,0.0,,,
forecast,2024-11,A5,UQ-A5-04,MOTOR UNIT,jpy,657274.0,628550.0,-28724.0,cr,Process Improvement (Yield Up),Operational-driven
forecast,2024-12,A5,UQ-A5-04,MOTOR UNIT,jpy,635925.0,605206.0,-30719.0,cr,VA/VE Improvement,Engineering-driven
forecast,2025-01,A5,UQ-A5-04,MOTOR UNIT,jpy,601450.0,595656.0,-5794.0,cr,VA/VE Improvement,Engineering-driven
forecast,2025-02,A5,UQ-A5-04,MOTOR UNIT,jpy,594887.0,598016.0,3129.0,cu,Logistics/Freight Cost Increase,Market-driven
forecast,2025-03,A5,UQ-A5-04,MOTOR UNIT,jpy,598159.0,575435.0,-22724.0,cr,VA/VE Improvement,Engineering-driven
forecast,2025-04,A5,UQ-A5-04,MOTOR UNIT,jpy,575390.0,579827.0,4437.0,cu,Raw Material Price Increase,Market-driven
forecast,2025-05,A5,UQ-A5-04,MOTOR UNIT,jpy,579557.0,587272.0,7715.0,cu,Logistics/Freight Cost Increase,Market-driven
forecast,2025-06,A5,UQ-A5-04,MOTOR UNIT,jpy,586167.0,569954.0,-16213.0,cr,Supplier Negotiation,Operational-driven
forecast,2025-07,A5,UQ-A5-04,MOTOR UNIT,jpy,573822.0,573822.0,0.0,,,
forecast,2025-08,A5,UQ-A5-04,MOTOR UNIT,jpy,573822.0,605233.0,31411.0,cu,Yield/Scrap Rate Increase,Operational-driven
forecast,2025-09,A5,UQ-A5-04,MOTOR UNIT,jpy,600640.0,600640.0,0.0,,,
forecast,2025-10,A5,UQ-A5-04,MOTOR UNIT,jpy,600640.0,634807.0,34167.0,cu,Supplier Change (Higher Cost Source),Market-driven
forecast,2024-11,A5,UQ-A5-05,SENSOR MODULE,jpy,514658.0,518429.0,3771.0,cu,Raw Material Price Increase,Market-driven
forecast,2024-12,A5,UQ-A5-05,SENSOR MODULE,jpy,519248.0,519248.0,0.0,,,
forecast,2025-01,A5,UQ-A5-05,SENSOR MODULE,jpy,519248.0,548726.0,29478.0,cu,Supplier Change (Higher Cost Source),Market-driven
forecast,2025-02,A5,UQ-A5-05,SENSOR MODULE,jpy,543516.0,543516.0,0.0,,,
forecast,2025-03,A5,UQ-A5-05,SENSOR MODULE,jpy,543516.0,543516.0,0.0,,,
forecast,2025-04,A5,UQ-A5-05,SENSOR MODULE,jpy,543516.0,519937.0,-23579.0,cr,Alternative Material Substitution,Engineering-driven
forecast,2025-05,A5,UQ-A5-05,SENSOR MODULE,jpy,519098.0,502658.0,-16440.0,cr,Localization / Local Sourcing,Operational-driven
forecast,2025-06,A5,UQ-A5-05,SENSOR MODULE,jpy,504208.0,504208.0,0.0,,,
forecast,2025-07,A5,UQ-A5-05,SENSOR MODULE,jpy,504208.0,499067.0,-5141.0,cr,VA/VE Improvement,Engineering-driven
forecast,2025-08,A5,UQ-A5-05,SENSOR MODULE,jpy,498102.0,520444.0,22342.0,cu,Logistics/Freight Cost Increase,Market-driven
forecast,2025-09,A5,UQ-A5-05,SENSOR MODULE,jpy,515587.0,486040.0,-29547.0,cr,Supplier Negotiation,Operational-driven
forecast,2025-10,A5,UQ-A5-05,SENSOR MODULE,jpy,488373.0,488373.0,0.0,,,
forecast,2024-11,A6,SH-CATA-D01,PANEL BOTTOM AS,domestic,98579.0,103339.0,4760.0,cu,Yield/Scrap Rate Increase,Operational-driven
forecast,2024-12,A6,SH-CATA-D01,PANEL BOTTOM AS,domestic,102503.0,102503.0,0.0,,,
forecast,2025-01,A6,SH-CATA-D01,PANEL BOTTOM AS,domestic,102503.0,103200.0,697.0,cu,Supplier Change (Higher Cost Source),Market-driven
forecast,2025-02,A6,SH-CATA-D01,PANEL BOTTOM AS,domestic,103061.0,97681.0,-5380.0,cr,Supplier Negotiation,Operational-driven
forecast,2025-03,A6,SH-CATA-D01,PANEL BOTTOM AS,domestic,98861.0,98861.0,0.0,,,
forecast,2025-04,A6,SH-CATA-D01,PANEL BOTTOM AS,domestic,98861.0,98861.0,0.0,,,
forecast,2025-05,A6,SH-CATA-D01,PANEL BOTTOM AS,domestic,98861.0,99714.0,853.0,cu,Yield/Scrap Rate Increase,Operational-driven
forecast,2025-06,A6,SH-CATA-D01,PANEL BOTTOM AS,domestic,99679.0,103327.0,3648.0,cu,Supplier Change (Higher Cost Source),Market-driven
forecast,2025-07,A6,SH-CATA-D01,PANEL BOTTOM AS,domestic,102636.0,105808.0,3172.0,cu,Yield/Scrap Rate Increase,Operational-driven
forecast,2025-08,A6,SH-CATA-D01,PANEL BOTTOM AS,domestic,106644.0,111328.0,4684.0,cu,Supplier Change (Higher Cost Source),Market-driven
forecast,2025-09,A6,SH-CATA-D01,PANEL BOTTOM AS,domestic,110883.0,116277.0,5394.0,cu,Engineering Change / Spec Upgrade,Engineering-driven
forecast,2025-10,A6,SH-CATA-D01,PANEL BOTTOM AS,domestic,116042.0,112437.0,-3605.0,cr,Localization / Local Sourcing,Operational-driven
forecast,2024-11,A6,SH-CATA-U01,CONNECTOR HOUSING,usd,56296.0,57323.0,1027.0,cu,Raw Material Price Increase,Market-driven
forecast,2024-12,A6,SH-CATA-U01,CONNECTOR HOUSING,usd,59103.0,60006.0,903.0,cu,Supplier Change (Higher Cost Source),Market-driven
forecast,2025-01,A6,SH-CATA-U01,CONNECTOR HOUSING,usd,62210.0,63570.0,1360.0,cu,Supplier Change (Higher Cost Source),Market-driven
forecast,2025-02,A6,SH-CATA-U01,CONNECTOR HOUSING,usd,65724.0,67670.0,1946.0,cu,Supplier Change (Higher Cost Source),Market-driven
forecast,2025-03,A6,SH-CATA-U01,CONNECTOR HOUSING,usd,69879.0,71130.0,1251.0,cu,Supplier Change (Higher Cost Source),Market-driven
forecast,2025-04,A6,SH-CATA-U01,CONNECTOR HOUSING,usd,73619.0,75428.0,1809.0,cu,Supplier Change (Higher Cost Source),Market-driven
forecast,2025-05,A6,SH-CATA-U01,CONNECTOR HOUSING,usd,78184.0,80506.0,2322.0,cu,Supplier Change (Higher Cost Source),Market-driven
forecast,2025-06,A6,SH-CATA-U01,CONNECTOR HOUSING,usd,82589.0,84525.0,1936.0,cu,Raw Material Price Increase,Market-driven
forecast,2025-07,A6,SH-CATA-U01,CONNECTOR HOUSING,usd,87542.0,90125.0,2583.0,cu,Raw Material Price Increase,Market-driven
forecast,2025-08,A6,SH-CATA-U01,CONNECTOR HOUSING,usd,91058.0,93052.0,1994.0,cu,Supplier Change (Higher Cost Source),Market-driven
forecast,2025-09,A6,SH-CATA-U01,CONNECTOR HOUSING,usd,94744.0,96283.0,1539.0,cu,Supplier Change (Higher Cost Source),Market-driven
forecast,2025-10,A6,SH-CATA-U01,CONNECTOR HOUSING,usd,100225.0,102484.0,2259.0,cu,Raw Material Price Increase,Market-driven
forecast,2024-11,A6,SH-IDX06,PRECISION GEAR,jpy,48576.0,48576.0,0.0,,,
forecast,2024-12,A6,SH-IDX06,PRECISION GEAR,jpy,48576.0,50969.0,2393.0,cu,Supplier Change (Higher Cost Source),Market-driven
forecast,2025-01,A6,SH-IDX06,PRECISION GEAR,jpy,51623.0,48929.0,-2694.0,cr,Localization / Local Sourcing,Operational-driven
forecast,2025-02,A6,SH-IDX06,PRECISION GEAR,jpy,49518.0,49518.0,0.0,,,
forecast,2025-03,A6,SH-IDX06,PRECISION GEAR,jpy,49518.0,49518.0,0.0,,,
forecast,2025-04,A6,SH-IDX06,PRECISION GEAR,jpy,49518.0,48287.0,-1231.0,cr,Alternative Material Substitution,Engineering-driven
forecast,2025-05,A6,SH-IDX06,PRECISION GEAR,jpy,48049.0,45912.0,-2137.0,cr,Localization / Local Sourcing,Operational-driven
forecast,2025-06,A6,SH-IDX06,PRECISION GEAR,jpy,45806.0,46590.0,784.0,cu,Supplier Change (Higher Cost Source),Market-driven
forecast,2025-07,A6,SH-IDX06,PRECISION GEAR,jpy,46381.0,46381.0,0.0,,,
forecast,2025-08,A6,SH-IDX06,PRECISION GEAR,jpy,46381.0,45585.0,-796.0,cr,Process Improvement (Yield Up),Operational-driven
forecast,2025-09,A6,SH-IDX06,PRECISION GEAR,jpy,45806.0,43243.0,-2563.0,cr,Supplier Negotiation,Operational-driven
forecast,2025-10,A6,SH-IDX06,PRECISION GEAR,jpy,43277.0,43804.0,527.0,cu,Supplier Change (Higher Cost Source),Market-driven
forecast,2024-11,A6,UQ-A6-01,PANEL FRONT AS,domestic,487268.0,469465.0,-17803.0,cr,Alternative Material Substitution,Engineering-driven
forecast,2024-12,A6,UQ-A6-01,PANEL FRONT AS,domestic,471713.0,467752.0,-3961.0,cr,VA/VE Improvement,Engineering-driven
forecast,2025-01,A6,UQ-A6-01,PANEL FRONT AS,domestic,468460.0,475663.0,7203.0,cu,Raw Material Price Increase,Market-driven
forecast,2025-02,A6,UQ-A6-01,PANEL FRONT AS,domestic,476890.0,499727.0,22837.0,cu,Engineering Change / Spec Upgrade,Engineering-driven
forecast,2025-03,A6,UQ-A6-01,PANEL FRONT AS,domestic,501556.0,495453.0,-6103.0,cr,Localization / Local Sourcing,Operational-driven
forecast,2025-04,A6,UQ-A6-01,PANEL FRONT AS,domestic,493999.0,514191.0,20192.0,cu,Yield/Scrap Rate Increase,Operational-driven
forecast,2025-05,A6,UQ-A6-01,PANEL FRONT AS,domestic,520213.0,520213.0,0.0,,,
forecast,2025-06,A6,UQ-A6-01,PANEL FRONT AS,domestic,520213.0,512221.0,-7992.0,cr,VA/VE Improvement,Engineering-driven
forecast,2025-07,A6,UQ-A6-01,PANEL FRONT AS,domestic,511312.0,492288.0,-19024.0,cr,Localization / Local Sourcing,Operational-driven
forecast,2025-08,A6,UQ-A6-01,PANEL FRONT AS,domestic,496695.0,496695.0,0.0,,,
forecast,2025-09,A6,UQ-A6-01,PANEL FRONT AS,domestic,496695.0,517178.0,20483.0,cu,Engineering Change / Spec Upgrade,Engineering-driven
forecast,2025-10,A6,UQ-A6-01,PANEL FRONT AS,domestic,519147.0,519147.0,0.0,,,
forecast,2024-11,A6,UQ-A6-02,BRACKET SUPPORT,domestic,499771.0,528828.0,29057.0,cu,Yield/Scrap Rate Increase,Operational-driven
forecast,2024-12,A6,UQ-A6-02,BRACKET SUPPORT,domestic,528132.0,520712.0,-7420.0,cr,Alternative Material Substitution,Engineering-driven
forecast,2025-01,A6,UQ-A6-02,BRACKET SUPPORT,domestic,522420.0,531909.0,9489.0,cu,Logistics/Freight Cost Increase,Market-driven
forecast,2025-02,A6,UQ-A6-02,BRACKET SUPPORT,domestic,531907.0,562807.0,30900.0,cu,Raw Material Price Increase,Market-driven
forecast,2025-03,A6,UQ-A6-02,BRACKET SUPPORT,domestic,563433.0,540497.0,-22936.0,cr,Process Improvement (Yield Up),Operational-driven
forecast,2025-04,A6,UQ-A6-02,BRACKET SUPPORT,domestic,535339.0,545150.0,9811.0,cu,Engineering Change / Spec Upgrade,Engineering-driven
forecast,2025-05,A6,UQ-A6-02,BRACKET SUPPORT,domestic,544110.0,544110.0,0.0,,,
forecast,2025-06,A6,UQ-A6-02,BRACKET SUPPORT,domestic,544110.0,516070.0,-28040.0,cr,Localization / Local Sourcing,Operational-driven
forecast,2025-07,A6,UQ-A6-02,BRACKET SUPPORT,domestic,517461.0,525158.0,7697.0,cu,Engineering Change / Spec Upgrade,Engineering-driven
forecast,2025-08,A6,UQ-A6-02,BRACKET SUPPORT,domestic,523058.0,523058.0,0.0,,,
forecast,2025-09,A6,UQ-A6-02,BRACKET SUPPORT,domestic,523058.0,523058.0,0.0,,,
forecast,2025-10,A6,UQ-A6-02,BRACKET SUPPORT,domestic,523058.0,543159.0,20101.0,cu,Raw Material Price Increase,Market-driven
forecast,2024-11,A6,UQ-A6-03,IC CHIP CONTROL,usd,578743.0,593155.0,14412.0,cu,Raw Material Price Increase,Market-driven
forecast,2024-12,A6,UQ-A6-03,IC CHIP CONTROL,usd,590935.0,612843.0,21908.0,cu,Yield/Scrap Rate Increase,Operational-driven
forecast,2025-01,A6,UQ-A6-03,IC CHIP CONTROL,usd,612126.0,591280.0,-20846.0,cr,Process Improvement (Yield Up),Operational-driven
forecast,2025-02,A6,UQ-A6-03,IC CHIP CONTROL,usd,585853.0,552311.0,-33542.0,cr,VA/VE Improvement,Engineering-driven
forecast,2025-03,A6,UQ-A6-03,IC CHIP CONTROL,usd,558538.0,542568.0,-15970.0,cr,Alternative Material Substitution,Engineering-driven
forecast,2025-04,A6,UQ-A6-03,IC CHIP CONTROL,usd,539793.0,534434.0,-5359.0,cr,Alternative Material Substitution,Engineering-driven
forecast,2025-05,A6,UQ-A6-03,IC CHIP CONTROL,usd,534867.0,542076.0,7209.0,cu,Engineering Change / Spec Upgrade,Engineering-driven
forecast,2025-06,A6,UQ-A6-03,IC CHIP CONTROL,usd,543245.0,549444.0,6199.0,cu,Raw Material Price Increase,Market-driven
forecast,2025-07,A6,UQ-A6-03,IC CHIP CONTROL,usd,549368.0,573398.0,24030.0,cu,Engineering Change / Spec Upgrade,Engineering-driven
forecast,2025-08,A6,UQ-A6-03,IC CHIP CONTROL,usd,577109.0,557936.0,-19173.0,cr,Process Improvement (Yield Up),Operational-driven
forecast,2025-09,A6,UQ-A6-03,IC CHIP CONTROL,usd,560108.0,591926.0,31818.0,cu,Supplier Change (Higher Cost Source),Market-driven
forecast,2025-10,A6,UQ-A6-03,IC CHIP CONTROL,usd,599055.0,623306.0,24251.0,cu,Yield/Scrap Rate Increase,Operational-driven
forecast,2024-11,A6,UQ-A6-04,MOTOR UNIT,jpy,220422.0,227876.0,7454.0,cu,Supplier Change (Higher Cost Source),Market-driven
forecast,2024-12,A6,UQ-A6-04,MOTOR UNIT,jpy,228975.0,228975.0,0.0,,,
forecast,2025-01,A6,UQ-A6-04,MOTOR UNIT,jpy,228975.0,228975.0,0.0,,,
forecast,2025-02,A6,UQ-A6-04,MOTOR UNIT,jpy,228975.0,238012.0,9037.0,cu,Supplier Change (Higher Cost Source),Market-driven
forecast,2025-03,A6,UQ-A6-04,MOTOR UNIT,jpy,236993.0,228130.0,-8863.0,cr,VA/VE Improvement,Engineering-driven
forecast,2025-04,A6,UQ-A6-04,MOTOR UNIT,jpy,230269.0,224754.0,-5515.0,cr,Process Improvement (Yield Up),Operational-driven
forecast,2025-05,A6,UQ-A6-04,MOTOR UNIT,jpy,225848.0,219251.0,-6597.0,cr,Supplier Negotiation,Operational-driven
forecast,2025-06,A6,UQ-A6-04,MOTOR UNIT,jpy,218943.0,213482.0,-5461.0,cr,VA/VE Improvement,Engineering-driven
forecast,2025-07,A6,UQ-A6-04,MOTOR UNIT,jpy,213406.0,223955.0,10549.0,cu,Logistics/Freight Cost Increase,Market-driven
forecast,2025-08,A6,UQ-A6-04,MOTOR UNIT,jpy,222126.0,232711.0,10585.0,cu,Supplier Change (Higher Cost Source),Market-driven
forecast,2025-09,A6,UQ-A6-04,MOTOR UNIT,jpy,233367.0,222756.0,-10611.0,cr,Supplier Negotiation,Operational-driven
forecast,2025-10,A6,UQ-A6-04,MOTOR UNIT,jpy,222076.0,223330.0,1254.0,cu,Engineering Change / Spec Upgrade,Engineering-driven
forecast,2024-11,A6,UQ-A6-05,SENSOR MODULE,jpy,310639.0,325504.0,14865.0,cu,Raw Material Price Increase,Market-driven
forecast,2024-12,A6,UQ-A6-05,SENSOR MODULE,jpy,325777.0,325777.0,0.0,,,
forecast,2025-01,A6,UQ-A6-05,SENSOR MODULE,jpy,325777.0,337590.0,11813.0,cu,Logistics/Freight Cost Increase,Market-driven
forecast,2025-02,A6,UQ-A6-05,SENSOR MODULE,jpy,339452.0,339452.0,0.0,,,
forecast,2025-03,A6,UQ-A6-05,SENSOR MODULE,jpy,339452.0,339452.0,0.0,,,
forecast,2025-04,A6,UQ-A6-05,SENSOR MODULE,jpy,339452.0,322416.0,-17036.0,cr,VA/VE Improvement,Engineering-driven
forecast,2025-05,A6,UQ-A6-05,SENSOR MODULE,jpy,326036.0,328640.0,2604.0,cu,Raw Material Price Increase,Market-driven
forecast,2025-06,A6,UQ-A6-05,SENSOR MODULE,jpy,327941.0,332687.0,4746.0,cu,Raw Material Price Increase,Market-driven
forecast,2025-07,A6,UQ-A6-05,SENSOR MODULE,jpy,331896.0,331896.0,0.0,,,
forecast,2025-08,A6,UQ-A6-05,SENSOR MODULE,jpy,331896.0,312525.0,-19371.0,cr,Supplier Negotiation,Operational-driven
forecast,2025-09,A6,UQ-A6-05,SENSOR MODULE,jpy,317670.0,329961.0,12291.0,cu,Engineering Change / Spec Upgrade,Engineering-driven
forecast,2025-10,A6,UQ-A6-05,SENSOR MODULE,jpy,333199.0,317542.0,-15657.0,cr,Localization / Local Sourcing,Operational-driven
forecast,2024-11,A6,SH-EVEN-01,TAPE PU-F,domestic,70295.0,68189.0,-2106.0,cr,Localization / Local Sourcing,Operational-driven
forecast,2024-12,A6,SH-EVEN-01,TAPE PU-F,domestic,67819.0,68532.0,713.0,cu,Engineering Change / Spec Upgrade,Engineering-driven
forecast,2025-01,A6,SH-EVEN-01,TAPE PU-F,domestic,68361.0,67735.0,-626.0,cr,Localization / Local Sourcing,Operational-driven
forecast,2025-02,A6,SH-EVEN-01,TAPE PU-F,domestic,67771.0,70653.0,2882.0,cu,Logistics/Freight Cost Increase,Market-driven
forecast,2025-03,A6,SH-EVEN-01,TAPE PU-F,domestic,70908.0,70908.0,0.0,,,
forecast,2025-04,A6,SH-EVEN-01,TAPE PU-F,domestic,70908.0,68376.0,-2532.0,cr,Localization / Local Sourcing,Operational-driven
forecast,2025-05,A6,SH-EVEN-01,TAPE PU-F,domestic,67971.0,70788.0,2817.0,cu,Logistics/Freight Cost Increase,Market-driven
forecast,2025-06,A6,SH-EVEN-01,TAPE PU-F,domestic,70882.0,69951.0,-931.0,cr,Process Improvement (Yield Up),Operational-driven
forecast,2025-07,A6,SH-EVEN-01,TAPE PU-F,domestic,70015.0,71061.0,1046.0,cu,Yield/Scrap Rate Increase,Operational-driven
forecast,2025-08,A6,SH-EVEN-01,TAPE PU-F,domestic,71263.0,71263.0,0.0,,,
forecast,2025-09,A6,SH-EVEN-01,TAPE PU-F,domestic,71263.0,69400.0,-1863.0,cr,Localization / Local Sourcing,Operational-driven
forecast,2025-10,A6,SH-EVEN-01,TAPE PU-F,domestic,69379.0,73502.0,4123.0,cu,Logistics/Freight Cost Increase,Market-driven
forecast,2024-11,A6,SH-EVEN-02,RESIN COMPOUND,usd,19042.0,19042.0,0.0,,,
forecast,2024-12,A6,SH-EVEN-02,RESIN COMPOUND,usd,19042.0,18941.0,-101.0,cr,Supplier Negotiation,Operational-driven
forecast,2025-01,A6,SH-EVEN-02,RESIN COMPOUND,usd,18947.0,18128.0,-819.0,cr,Alternative Material Substitution,Engineering-driven
forecast,2025-02,A6,SH-EVEN-02,RESIN COMPOUND,usd,17907.0,18005.0,98.0,cu,Supplier Change (Higher Cost Source),Market-driven
forecast,2025-03,A6,SH-EVEN-02,RESIN COMPOUND,usd,18018.0,17367.0,-651.0,cr,Supplier Negotiation,Operational-driven
forecast,2025-04,A6,SH-EVEN-02,RESIN COMPOUND,usd,17275.0,16548.0,-727.0,cr,Alternative Material Substitution,Engineering-driven
forecast,2025-05,A6,SH-EVEN-02,RESIN COMPOUND,usd,16381.0,16788.0,407.0,cu,Supplier Change (Higher Cost Source),Market-driven
forecast,2025-06,A6,SH-EVEN-02,RESIN COMPOUND,usd,16909.0,16909.0,0.0,,,
forecast,2025-07,A6,SH-EVEN-02,RESIN COMPOUND,usd,16909.0,17610.0,701.0,cu,Raw Material Price Increase,Market-driven
forecast,2025-08,A6,SH-EVEN-02,RESIN COMPOUND,usd,17621.0,17621.0,0.0,,,
forecast,2025-09,A6,SH-EVEN-02,RESIN COMPOUND,usd,17621.0,17123.0,-498.0,cr,Process Improvement (Yield Up),Operational-driven
forecast,2025-10,A6,SH-EVEN-02,RESIN COMPOUND,usd,17066.0,17668.0,602.0,cu,Yield/Scrap Rate Increase,Operational-driven
forecast,2024-11,A7,SH-CATA-D01,PANEL BOTTOM AS,domestic,98579.0,103339.0,4760.0,cu,Yield/Scrap Rate Increase,Operational-driven
forecast,2024-12,A7,SH-CATA-D01,PANEL BOTTOM AS,domestic,102503.0,102503.0,0.0,,,
forecast,2025-01,A7,SH-CATA-D01,PANEL BOTTOM AS,domestic,102503.0,103200.0,697.0,cu,Supplier Change (Higher Cost Source),Market-driven
forecast,2025-02,A7,SH-CATA-D01,PANEL BOTTOM AS,domestic,103061.0,97681.0,-5380.0,cr,Supplier Negotiation,Operational-driven
forecast,2025-03,A7,SH-CATA-D01,PANEL BOTTOM AS,domestic,98861.0,98861.0,0.0,,,
forecast,2025-04,A7,SH-CATA-D01,PANEL BOTTOM AS,domestic,98861.0,98861.0,0.0,,,
forecast,2025-05,A7,SH-CATA-D01,PANEL BOTTOM AS,domestic,98861.0,99714.0,853.0,cu,Yield/Scrap Rate Increase,Operational-driven
forecast,2025-06,A7,SH-CATA-D01,PANEL BOTTOM AS,domestic,99679.0,103327.0,3648.0,cu,Supplier Change (Higher Cost Source),Market-driven
forecast,2025-07,A7,SH-CATA-D01,PANEL BOTTOM AS,domestic,102636.0,105808.0,3172.0,cu,Yield/Scrap Rate Increase,Operational-driven
forecast,2025-08,A7,SH-CATA-D01,PANEL BOTTOM AS,domestic,106644.0,111328.0,4684.0,cu,Supplier Change (Higher Cost Source),Market-driven
forecast,2025-09,A7,SH-CATA-D01,PANEL BOTTOM AS,domestic,110883.0,116277.0,5394.0,cu,Engineering Change / Spec Upgrade,Engineering-driven
forecast,2025-10,A7,SH-CATA-D01,PANEL BOTTOM AS,domestic,116042.0,112437.0,-3605.0,cr,Localization / Local Sourcing,Operational-driven
forecast,2024-11,A7,SH-CATA-U01,CONNECTOR HOUSING,usd,56296.0,57323.0,1027.0,cu,Raw Material Price Increase,Market-driven
forecast,2024-12,A7,SH-CATA-U01,CONNECTOR HOUSING,usd,59103.0,60006.0,903.0,cu,Supplier Change (Higher Cost Source),Market-driven
forecast,2025-01,A7,SH-CATA-U01,CONNECTOR HOUSING,usd,62210.0,63570.0,1360.0,cu,Supplier Change (Higher Cost Source),Market-driven
forecast,2025-02,A7,SH-CATA-U01,CONNECTOR HOUSING,usd,65724.0,67670.0,1946.0,cu,Supplier Change (Higher Cost Source),Market-driven
forecast,2025-03,A7,SH-CATA-U01,CONNECTOR HOUSING,usd,69879.0,71130.0,1251.0,cu,Supplier Change (Higher Cost Source),Market-driven
forecast,2025-04,A7,SH-CATA-U01,CONNECTOR HOUSING,usd,73619.0,75428.0,1809.0,cu,Supplier Change (Higher Cost Source),Market-driven
forecast,2025-05,A7,SH-CATA-U01,CONNECTOR HOUSING,usd,78184.0,80506.0,2322.0,cu,Supplier Change (Higher Cost Source),Market-driven
forecast,2025-06,A7,SH-CATA-U01,CONNECTOR HOUSING,usd,82589.0,84525.0,1936.0,cu,Raw Material Price Increase,Market-driven
forecast,2025-07,A7,SH-CATA-U01,CONNECTOR HOUSING,usd,87542.0,90125.0,2583.0,cu,Raw Material Price Increase,Market-driven
forecast,2025-08,A7,SH-CATA-U01,CONNECTOR HOUSING,usd,91058.0,93052.0,1994.0,cu,Supplier Change (Higher Cost Source),Market-driven
forecast,2025-09,A7,SH-CATA-U01,CONNECTOR HOUSING,usd,94744.0,96283.0,1539.0,cu,Supplier Change (Higher Cost Source),Market-driven
forecast,2025-10,A7,SH-CATA-U01,CONNECTOR HOUSING,usd,100225.0,102484.0,2259.0,cu,Raw Material Price Increase,Market-driven
forecast,2024-11,A7,SH-IDX07,PRECISION GEAR,jpy,203264.0,213753.0,10489.0,cu,Raw Material Price Increase,Market-driven
forecast,2024-12,A7,SH-IDX07,PRECISION GEAR,jpy,228315.0,228315.0,0.0,,,
forecast,2025-01,A7,SH-IDX07,PRECISION GEAR,jpy,228315.0,234625.0,6310.0,cu,Supplier Change (Higher Cost Source),Market-driven
forecast,2025-02,A7,SH-IDX07,PRECISION GEAR,jpy,246238.0,234864.0,-11374.0,cr,Process Improvement (Yield Up),Operational-driven
forecast,2025-03,A7,SH-IDX07,PRECISION GEAR,jpy,225390.0,213212.0,-12178.0,cr,Process Improvement (Yield Up),Operational-driven
forecast,2025-04,A7,SH-IDX07,PRECISION GEAR,jpy,201513.0,199859.0,-1654.0,cr,VA/VE Improvement,Engineering-driven
forecast,2025-05,A7,SH-IDX07,PRECISION GEAR,jpy,198455.0,191891.0,-6564.0,cr,Process Improvement (Yield Up),Operational-driven
forecast,2025-06,A7,SH-IDX07,PRECISION GEAR,jpy,186148.0,193052.0,6904.0,cu,Supplier Change (Higher Cost Source),Market-driven
forecast,2025-07,A7,SH-IDX07,PRECISION GEAR,jpy,200197.0,206376.0,6179.0,cu,Engineering Change / Spec Upgrade,Engineering-driven
forecast,2025-08,A7,SH-IDX07,PRECISION GEAR,jpy,214555.0,205174.0,-9381.0,cr,Localization / Local Sourcing,Operational-driven
forecast,2025-09,A7,SH-IDX07,PRECISION GEAR,jpy,195462.0,190599.0,-4863.0,cr,Localization / Local Sourcing,Operational-driven
forecast,2025-10,A7,SH-IDX07,PRECISION GEAR,jpy,182638.0,189626.0,6988.0,cu,Supplier Change (Higher Cost Source),Market-driven
forecast,2024-11,A7,UQ-A7-01,PANEL FRONT AS,domestic,813631.0,852435.0,38804.0,cu,Logistics/Freight Cost Increase,Market-driven
forecast,2024-12,A7,UQ-A7-01,PANEL FRONT AS,domestic,894480.0,862265.0,-32215.0,cr,Process Improvement (Yield Up),Operational-driven
forecast,2025-01,A7,UQ-A7-01,PANEL FRONT AS,domestic,808532.0,846832.0,38300.0,cu,Raw Material Price Increase,Market-driven
forecast,2025-02,A7,UQ-A7-01,PANEL FRONT AS,domestic,878106.0,897281.0,19175.0,cu,Raw Material Price Increase,Market-driven
forecast,2025-03,A7,UQ-A7-01,PANEL FRONT AS,domestic,919483.0,903127.0,-16356.0,cr,Process Improvement (Yield Up),Operational-driven
forecast,2025-04,A7,UQ-A7-01,PANEL FRONT AS,domestic,878299.0,878299.0,0.0,,,
forecast,2025-05,A7,UQ-A7-01,PANEL FRONT AS,domestic,878299.0,905696.0,27397.0,cu,Yield/Scrap Rate Increase,Operational-driven
forecast,2025-06,A7,UQ-A7-01,PANEL FRONT AS,domestic,935296.0,947296.0,12000.0,cu,Logistics/Freight Cost Increase,Market-driven
forecast,2025-07,A7,UQ-A7-01,PANEL FRONT AS,domestic,959918.0,941428.0,-18490.0,cr,Alternative Material Substitution,Engineering-driven
forecast,2025-08,A7,UQ-A7-01,PANEL FRONT AS,domestic,914779.0,868185.0,-46594.0,cr,Alternative Material Substitution,Engineering-driven
forecast,2025-09,A7,UQ-A7-01,PANEL FRONT AS,domestic,811686.0,786372.0,-25314.0,cr,Localization / Local Sourcing,Operational-driven
forecast,2025-10,A7,UQ-A7-01,PANEL FRONT AS,domestic,743816.0,729147.0,-14669.0,cr,VA/VE Improvement,Engineering-driven
forecast,2024-11,A7,UQ-A7-02,BRACKET SUPPORT,domestic,663468.0,663468.0,0.0,,,
forecast,2024-12,A7,UQ-A7-02,BRACKET SUPPORT,domestic,663468.0,630358.0,-33110.0,cr,VA/VE Improvement,Engineering-driven
forecast,2025-01,A7,UQ-A7-02,BRACKET SUPPORT,domestic,638840.0,603230.0,-35610.0,cr,Alternative Material Substitution,Engineering-driven
forecast,2025-02,A7,UQ-A7-02,BRACKET SUPPORT,domestic,603089.0,575931.0,-27158.0,cr,Process Improvement (Yield Up),Operational-driven
forecast,2025-03,A7,UQ-A7-02,BRACKET SUPPORT,domestic,577012.0,588079.0,11067.0,cu,Raw Material Price Increase,Market-driven
forecast,2025-04,A7,UQ-A7-02,BRACKET SUPPORT,domestic,588597.0,598004.0,9407.0,cu,Raw Material Price Increase,Market-driven
forecast,2025-05,A7,UQ-A7-02,BRACKET SUPPORT,domestic,595816.0,611578.0,15762.0,cu,Yield/Scrap Rate Increase,Operational-driven
forecast,2025-06,A7,UQ-A7-02,BRACKET SUPPORT,domestic,615080.0,597634.0,-17446.0,cr,Localization / Local Sourcing,Operational-driven
forecast,2025-07,A7,UQ-A7-02,BRACKET SUPPORT,domestic,602054.0,602054.0,0.0,,,
forecast,2025-08,A7,UQ-A7-02,BRACKET SUPPORT,domestic,602054.0,626275.0,24221.0,cu,Raw Material Price Increase,Market-driven
forecast,2025-09,A7,UQ-A7-02,BRACKET SUPPORT,domestic,623972.0,633787.0,9815.0,cu,Yield/Scrap Rate Increase,Operational-driven
forecast,2025-10,A7,UQ-A7-02,BRACKET SUPPORT,domestic,636003.0,672681.0,36678.0,cu,Supplier Change (Higher Cost Source),Market-driven
forecast,2024-11,A7,UQ-A7-03,IC CHIP CONTROL,usd,816864.0,785715.0,-31149.0,cr,Localization / Local Sourcing,Operational-driven
forecast,2024-12,A7,UQ-A7-03,IC CHIP CONTROL,usd,791749.0,757291.0,-34458.0,cr,Localization / Local Sourcing,Operational-driven
forecast,2025-01,A7,UQ-A7-03,IC CHIP CONTROL,usd,748306.0,772669.0,24363.0,cu,Engineering Change / Spec Upgrade,Engineering-driven
forecast,2025-02,A7,UQ-A7-03,IC CHIP CONTROL,usd,766565.0,757091.0,-9474.0,cr,Alternative Material Substitution,Engineering-driven
forecast,2025-03,A7,UQ-A7-03,IC CHIP CONTROL,usd,757891.0,757891.0,0.0,,,
forecast,2025-04,A7,UQ-A7-03,IC CHIP CONTROL,usd,757891.0,757891.0,0.0,,,
forecast,2025-05,A7,UQ-A7-03,IC CHIP CONTROL,usd,757891.0,757891.0,0.0,,,
forecast,2025-06,A7,UQ-A7-03,IC CHIP CONTROL,usd,757891.0,793249.0,35358.0,cu,Raw Material Price Increase,Market-driven
forecast,2025-07,A7,UQ-A7-03,IC CHIP CONTROL,usd,783337.0,783337.0,0.0,,,
forecast,2025-08,A7,UQ-A7-03,IC CHIP CONTROL,usd,783337.0,749487.0,-33850.0,cr,VA/VE Improvement,Engineering-driven
forecast,2025-09,A7,UQ-A7-03,IC CHIP CONTROL,usd,745579.0,778695.0,33116.0,cu,Engineering Change / Spec Upgrade,Engineering-driven
forecast,2025-10,A7,UQ-A7-03,IC CHIP CONTROL,usd,784593.0,784593.0,0.0,,,
forecast,2024-11,A7,UQ-A7-04,MOTOR UNIT,jpy,507558.0,491227.0,-16331.0,cr,VA/VE Improvement,Engineering-driven
forecast,2024-12,A7,UQ-A7-04,MOTOR UNIT,jpy,491728.0,491728.0,0.0,,,
forecast,2025-01,A7,UQ-A7-04,MOTOR UNIT,jpy,491728.0,510848.0,19120.0,cu,Supplier Change (Higher Cost Source),Market-driven
forecast,2025-02,A7,UQ-A7-04,MOTOR UNIT,jpy,506019.0,477103.0,-28916.0,cr,Alternative Material Substitution,Engineering-driven
forecast,2025-03,A7,UQ-A7-04,MOTOR UNIT,jpy,485446.0,485446.0,0.0,,,
forecast,2025-04,A7,UQ-A7-04,MOTOR UNIT,jpy,485446.0,458276.0,-27170.0,cr,Process Improvement (Yield Up),Operational-driven
forecast,2025-05,A7,UQ-A7-04,MOTOR UNIT,jpy,466203.0,452364.0,-13839.0,cr,VA/VE Improvement,Engineering-driven
forecast,2025-06,A7,UQ-A7-04,MOTOR UNIT,jpy,450846.0,467809.0,16963.0,cu,Supplier Change (Higher Cost Source),Market-driven
forecast,2025-07,A7,UQ-A7-04,MOTOR UNIT,jpy,463161.0,463161.0,0.0,,,
forecast,2025-08,A7,UQ-A7-04,MOTOR UNIT,jpy,463161.0,479897.0,16736.0,cu,Supplier Change (Higher Cost Source),Market-driven
forecast,2025-09,A7,UQ-A7-04,MOTOR UNIT,jpy,479081.0,458951.0,-20130.0,cr,Alternative Material Substitution,Engineering-driven
forecast,2025-10,A7,UQ-A7-04,MOTOR UNIT,jpy,462960.0,462960.0,0.0,,,
forecast,2024-11,A7,UQ-A7-05,SENSOR MODULE,jpy,632707.0,609900.0,-22807.0,cr,VA/VE Improvement,Engineering-driven
forecast,2024-12,A7,UQ-A7-05,SENSOR MODULE,jpy,612319.0,616449.0,4130.0,cu,Logistics/Freight Cost Increase,Market-driven
forecast,2025-01,A7,UQ-A7-05,SENSOR MODULE,jpy,617108.0,653263.0,36155.0,cu,Supplier Change (Higher Cost Source),Market-driven
forecast,2025-02,A7,UQ-A7-05,SENSOR MODULE,jpy,650893.0,689405.0,38512.0,cu,Raw Material Price Increase,Market-driven
forecast,2025-03,A7,UQ-A7-05,SENSOR MODULE,jpy,691478.0,721092.0,29614.0,cu,Supplier Change (Higher Cost Source),Market-driven
forecast,2025-04,A7,UQ-A7-05,SENSOR MODULE,jpy,714102.0,722043.0,7941.0,cu,Raw Material Price Increase,Market-driven
forecast,2025-05,A7,UQ-A7-05,SENSOR MODULE,jpy,721242.0,721242.0,0.0,,,
forecast,2025-06,A7,UQ-A7-05,SENSOR MODULE,jpy,721242.0,725256.0,4014.0,cu,Raw Material Price Increase,Market-driven
forecast,2025-07,A7,UQ-A7-05,SENSOR MODULE,jpy,726268.0,695003.0,-31265.0,cr,VA/VE Improvement,Engineering-driven
forecast,2025-08,A7,UQ-A7-05,SENSOR MODULE,jpy,690765.0,690765.0,0.0,,,
forecast,2025-09,A7,UQ-A7-05,SENSOR MODULE,jpy,690765.0,682916.0,-7849.0,cr,Supplier Negotiation,Operational-driven
forecast,2025-10,A7,UQ-A7-05,SENSOR MODULE,jpy,684125.0,647127.0,-36998.0,cr,Process Improvement (Yield Up),Operational-driven
forecast,2024-11,A8,SH-CATA-D01,PANEL BOTTOM AS,domestic,98579.0,103339.0,4760.0,cu,Yield/Scrap Rate Increase,Operational-driven
forecast,2024-12,A8,SH-CATA-D01,PANEL BOTTOM AS,domestic,102503.0,102503.0,0.0,,,
forecast,2025-01,A8,SH-CATA-D01,PANEL BOTTOM AS,domestic,102503.0,103200.0,697.0,cu,Supplier Change (Higher Cost Source),Market-driven
forecast,2025-02,A8,SH-CATA-D01,PANEL BOTTOM AS,domestic,103061.0,97681.0,-5380.0,cr,Supplier Negotiation,Operational-driven
forecast,2025-03,A8,SH-CATA-D01,PANEL BOTTOM AS,domestic,98861.0,98861.0,0.0,,,
forecast,2025-04,A8,SH-CATA-D01,PANEL BOTTOM AS,domestic,98861.0,98861.0,0.0,,,
forecast,2025-05,A8,SH-CATA-D01,PANEL BOTTOM AS,domestic,98861.0,99714.0,853.0,cu,Yield/Scrap Rate Increase,Operational-driven
forecast,2025-06,A8,SH-CATA-D01,PANEL BOTTOM AS,domestic,99679.0,103327.0,3648.0,cu,Supplier Change (Higher Cost Source),Market-driven
forecast,2025-07,A8,SH-CATA-D01,PANEL BOTTOM AS,domestic,102636.0,105808.0,3172.0,cu,Yield/Scrap Rate Increase,Operational-driven
forecast,2025-08,A8,SH-CATA-D01,PANEL BOTTOM AS,domestic,106644.0,111328.0,4684.0,cu,Supplier Change (Higher Cost Source),Market-driven
forecast,2025-09,A8,SH-CATA-D01,PANEL BOTTOM AS,domestic,110883.0,116277.0,5394.0,cu,Engineering Change / Spec Upgrade,Engineering-driven
forecast,2025-10,A8,SH-CATA-D01,PANEL BOTTOM AS,domestic,116042.0,112437.0,-3605.0,cr,Localization / Local Sourcing,Operational-driven
forecast,2024-11,A8,SH-CATA-U01,CONNECTOR HOUSING,usd,56296.0,57323.0,1027.0,cu,Raw Material Price Increase,Market-driven
forecast,2024-12,A8,SH-CATA-U01,CONNECTOR HOUSING,usd,59103.0,60006.0,903.0,cu,Supplier Change (Higher Cost Source),Market-driven
forecast,2025-01,A8,SH-CATA-U01,CONNECTOR HOUSING,usd,62210.0,63570.0,1360.0,cu,Supplier Change (Higher Cost Source),Market-driven
forecast,2025-02,A8,SH-CATA-U01,CONNECTOR HOUSING,usd,65724.0,67670.0,1946.0,cu,Supplier Change (Higher Cost Source),Market-driven
forecast,2025-03,A8,SH-CATA-U01,CONNECTOR HOUSING,usd,69879.0,71130.0,1251.0,cu,Supplier Change (Higher Cost Source),Market-driven
forecast,2025-04,A8,SH-CATA-U01,CONNECTOR HOUSING,usd,73619.0,75428.0,1809.0,cu,Supplier Change (Higher Cost Source),Market-driven
forecast,2025-05,A8,SH-CATA-U01,CONNECTOR HOUSING,usd,78184.0,80506.0,2322.0,cu,Supplier Change (Higher Cost Source),Market-driven
forecast,2025-06,A8,SH-CATA-U01,CONNECTOR HOUSING,usd,82589.0,84525.0,1936.0,cu,Raw Material Price Increase,Market-driven
forecast,2025-07,A8,SH-CATA-U01,CONNECTOR HOUSING,usd,87542.0,90125.0,2583.0,cu,Raw Material Price Increase,Market-driven
forecast,2025-08,A8,SH-CATA-U01,CONNECTOR HOUSING,usd,91058.0,93052.0,1994.0,cu,Supplier Change (Higher Cost Source),Market-driven
forecast,2025-09,A8,SH-CATA-U01,CONNECTOR HOUSING,usd,94744.0,96283.0,1539.0,cu,Supplier Change (Higher Cost Source),Market-driven
forecast,2025-10,A8,SH-CATA-U01,CONNECTOR HOUSING,usd,100225.0,102484.0,2259.0,cu,Raw Material Price Increase,Market-driven
forecast,2024-11,A8,SH-IDX08,PRECISION GEAR,jpy,78230.0,78937.0,707.0,cu,Yield/Scrap Rate Increase,Operational-driven
forecast,2024-12,A8,SH-IDX08,PRECISION GEAR,jpy,78788.0,75552.0,-3236.0,cr,Supplier Negotiation,Operational-driven
forecast,2025-01,A8,SH-IDX08,PRECISION GEAR,jpy,76130.0,76130.0,0.0,,,
forecast,2025-02,A8,SH-IDX08,PRECISION GEAR,jpy,76130.0,76130.0,0.0,,,
forecast,2025-03,A8,SH-IDX08,PRECISION GEAR,jpy,76130.0,76890.0,760.0,cu,Raw Material Price Increase,Market-driven
forecast,2025-04,A8,SH-IDX08,PRECISION GEAR,jpy,76964.0,76964.0,0.0,,,
forecast,2025-05,A8,SH-IDX08,PRECISION GEAR,jpy,76964.0,81446.0,4482.0,cu,Yield/Scrap Rate Increase,Operational-driven
forecast,2025-06,A8,SH-IDX08,PRECISION GEAR,jpy,82309.0,82309.0,0.0,,,
forecast,2025-07,A8,SH-IDX08,PRECISION GEAR,jpy,82309.0,86918.0,4609.0,cu,Supplier Change (Higher Cost Source),Market-driven
forecast,2025-08,A8,SH-IDX08,PRECISION GEAR,jpy,88270.0,85906.0,-2364.0,cr,VA/VE Improvement,Engineering-driven
forecast,2025-09,A8,SH-IDX08,PRECISION GEAR,jpy,85906.0,87570.0,1664.0,cu,Logistics/Freight Cost Increase,Market-driven
forecast,2025-10,A8,SH-IDX08,PRECISION GEAR,jpy,87325.0,92023.0,4698.0,cu,Yield/Scrap Rate Increase,Operational-driven
forecast,2024-11,A8,UQ-A8-01,PANEL FRONT AS,domestic,817035.0,835326.0,18291.0,cu,Engineering Change / Spec Upgrade,Engineering-driven
forecast,2024-12,A8,UQ-A8-01,PANEL FRONT AS,domestic,834692.0,868517.0,33825.0,cu,Engineering Change / Spec Upgrade,Engineering-driven
forecast,2025-01,A8,UQ-A8-01,PANEL FRONT AS,domestic,867473.0,823320.0,-44153.0,cr,Localization / Local Sourcing,Operational-driven
forecast,2025-02,A8,UQ-A8-01,PANEL FRONT AS,domestic,828349.0,828349.0,0.0,,,
forecast,2025-03,A8,UQ-A8-01,PANEL FRONT AS,domestic,828349.0,859160.0,30811.0,cu,Yield/Scrap Rate Increase,Operational-driven
forecast,2025-04,A8,UQ-A8-01,PANEL FRONT AS,domestic,857747.0,843463.0,-14284.0,cr,Process Improvement (Yield Up),Operational-driven
forecast,2025-05,A8,UQ-A8-01,PANEL FRONT AS,domestic,843045.0,809274.0,-33771.0,cr,Alternative Material Substitution,Engineering-driven
forecast,2025-06,A8,UQ-A8-01,PANEL FRONT AS,domestic,807035.0,851071.0,44036.0,cu,Supplier Change (Higher Cost Source),Market-driven
forecast,2025-07,A8,UQ-A8-01,PANEL FRONT AS,domestic,838633.0,796934.0,-41699.0,cr,Alternative Material Substitution,Engineering-driven
forecast,2025-08,A8,UQ-A8-01,PANEL FRONT AS,domestic,789312.0,827519.0,38207.0,cu,Logistics/Freight Cost Increase,Market-driven
forecast,2025-09,A8,UQ-A8-01,PANEL FRONT AS,domestic,837146.0,837146.0,0.0,,,
forecast,2025-10,A8,UQ-A8-01,PANEL FRONT AS,domestic,837146.0,837146.0,0.0,,,
forecast,2024-11,A8,UQ-A8-02,BRACKET SUPPORT,domestic,709377.0,723640.0,14263.0,cu,Yield/Scrap Rate Increase,Operational-driven
forecast,2024-12,A8,UQ-A8-02,BRACKET SUPPORT,domestic,736320.0,755289.0,18969.0,cu,Yield/Scrap Rate Increase,Operational-driven
forecast,2025-01,A8,UQ-A8-02,BRACKET SUPPORT,domestic,773491.0,817919.0,44428.0,cu,Logistics/Freight Cost Increase,Market-driven
forecast,2025-02,A8,UQ-A8-02,BRACKET SUPPORT,domestic,858058.0,893049.0,34991.0,cu,Supplier Change (Higher Cost Source),Market-driven
forecast,2025-03,A8,UQ-A8-02,BRACKET SUPPORT,domestic,953426.0,934209.0,-19217.0,cr,Supplier Negotiation,Operational-driven
forecast,2025-04,A8,UQ-A8-02,BRACKET SUPPORT,domestic,909306.0,855133.0,-54173.0,cr,Localization / Local Sourcing,Operational-driven
forecast,2025-05,A8,UQ-A8-02,BRACKET SUPPORT,domestic,787312.0,803052.0,15740.0,cu,Raw Material Price Increase,Market-driven
forecast,2025-06,A8,UQ-A8-02,BRACKET SUPPORT,domestic,820467.0,820467.0,0.0,,,
forecast,2025-07,A8,UQ-A8-02,BRACKET SUPPORT,domestic,820467.0,820467.0,0.0,,,
forecast,2025-08,A8,UQ-A8-02,BRACKET SUPPORT,domestic,820467.0,855851.0,35384.0,cu,Logistics/Freight Cost Increase,Market-driven
forecast,2025-09,A8,UQ-A8-02,BRACKET SUPPORT,domestic,894307.0,933205.0,38898.0,cu,Raw Material Price Increase,Market-driven
forecast,2025-10,A8,UQ-A8-02,BRACKET SUPPORT,domestic,971803.0,971803.0,0.0,,,
forecast,2024-11,A8,UQ-A8-03,IC CHIP CONTROL,usd,899603.0,905962.0,6359.0,cu,Supplier Change (Higher Cost Source),Market-driven
forecast,2024-12,A8,UQ-A8-03,IC CHIP CONTROL,usd,911635.0,901129.0,-10506.0,cr,Alternative Material Substitution,Engineering-driven
forecast,2025-01,A8,UQ-A8-03,IC CHIP CONTROL,usd,886057.0,859532.0,-26525.0,cr,Process Improvement (Yield Up),Operational-driven
forecast,2025-02,A8,UQ-A8-03,IC CHIP CONTROL,usd,817111.0,847888.0,30777.0,cu,Raw Material Price Increase,Market-driven
forecast,2025-03,A8,UQ-A8-03,IC CHIP CONTROL,usd,896647.0,924923.0,28276.0,cu,Yield/Scrap Rate Increase,Operational-driven
forecast,2025-04,A8,UQ-A8-03,IC CHIP CONTROL,usd,963958.0,996707.0,32749.0,cu,Raw Material Price Increase,Market-driven
forecast,2025-05,A8,UQ-A8-03,IC CHIP CONTROL,usd,1034068.0,1002673.0,-31395.0,cr,Supplier Negotiation,Operational-driven
forecast,2025-06,A8,UQ-A8-03,IC CHIP CONTROL,usd,949892.0,930651.0,-19241.0,cr,Process Improvement (Yield Up),Operational-driven
forecast,2025-07,A8,UQ-A8-03,IC CHIP CONTROL,usd,911551.0,911551.0,0.0,,,
forecast,2025-08,A8,UQ-A8-03,IC CHIP CONTROL,usd,911551.0,963867.0,52316.0,cu,Engineering Change / Spec Upgrade,Engineering-driven
forecast,2025-09,A8,UQ-A8-03,IC CHIP CONTROL,usd,1018609.0,962946.0,-55663.0,cr,Supplier Negotiation,Operational-driven
forecast,2025-10,A8,UQ-A8-03,IC CHIP CONTROL,usd,870378.0,904768.0,34390.0,cu,Raw Material Price Increase,Market-driven
forecast,2024-11,A8,UQ-A8-04,MOTOR UNIT,jpy,604472.0,573015.0,-31457.0,cr,VA/VE Improvement,Engineering-driven
forecast,2024-12,A8,UQ-A8-04,MOTOR UNIT,jpy,575195.0,585116.0,9921.0,cu,Raw Material Price Increase,Market-driven
forecast,2025-01,A8,UQ-A8-04,MOTOR UNIT,jpy,587964.0,596584.0,8620.0,cu,Logistics/Freight Cost Increase,Market-driven
forecast,2025-02,A8,UQ-A8-04,MOTOR UNIT,jpy,597626.0,597626.0,0.0,,,
forecast,2025-03,A8,UQ-A8-04,MOTOR UNIT,jpy,597626.0,575651.0,-21975.0,cr,Alternative Material Substitution,Engineering-driven
forecast,2025-04,A8,UQ-A8-04,MOTOR UNIT,jpy,572542.0,594864.0,22322.0,cu,Raw Material Price Increase,Market-driven
forecast,2025-05,A8,UQ-A8-04,MOTOR UNIT,jpy,589059.0,598320.0,9261.0,cu,Logistics/Freight Cost Increase,Market-driven
forecast,2025-06,A8,UQ-A8-04,MOTOR UNIT,jpy,597282.0,624202.0,26920.0,cu,Yield/Scrap Rate Increase,Operational-driven
forecast,2025-07,A8,UQ-A8-04,MOTOR UNIT,jpy,617230.0,586444.0,-30786.0,cr,Supplier Negotiation,Operational-driven
forecast,2025-08,A8,UQ-A8-04,MOTOR UNIT,jpy,579812.0,614278.0,34466.0,cu,Raw Material Price Increase,Market-driven
forecast,2025-09,A8,UQ-A8-04,MOTOR UNIT,jpy,611339.0,576289.0,-35050.0,cr,Supplier Negotiation,Operational-driven
forecast,2025-10,A8,UQ-A8-04,MOTOR UNIT,jpy,567399.0,548598.0,-18801.0,cr,Supplier Negotiation,Operational-driven
forecast,2024-11,A8,UQ-A8-05,SENSOR MODULE,jpy,525633.0,495418.0,-30215.0,cr,Localization / Local Sourcing,Operational-driven
forecast,2024-12,A8,UQ-A8-05,SENSOR MODULE,jpy,496329.0,518441.0,22112.0,cu,Engineering Change / Spec Upgrade,Engineering-driven
forecast,2025-01,A8,UQ-A8-05,SENSOR MODULE,jpy,522731.0,522731.0,0.0,,,
forecast,2025-02,A8,UQ-A8-05,SENSOR MODULE,jpy,522731.0,537327.0,14596.0,cu,Yield/Scrap Rate Increase,Operational-driven
forecast,2025-03,A8,UQ-A8-05,SENSOR MODULE,jpy,535162.0,513081.0,-22081.0,cr,Alternative Material Substitution,Engineering-driven
forecast,2025-04,A8,UQ-A8-05,SENSOR MODULE,jpy,509330.0,488211.0,-21119.0,cr,Process Improvement (Yield Up),Operational-driven
forecast,2025-05,A8,UQ-A8-05,SENSOR MODULE,jpy,483595.0,483595.0,0.0,,,
forecast,2025-06,A8,UQ-A8-05,SENSOR MODULE,jpy,483595.0,460876.0,-22719.0,cr,Supplier Negotiation,Operational-driven
forecast,2025-07,A8,UQ-A8-05,SENSOR MODULE,jpy,454547.0,436059.0,-18488.0,cr,Alternative Material Substitution,Engineering-driven
forecast,2025-08,A8,UQ-A8-05,SENSOR MODULE,jpy,432264.0,437811.0,5547.0,cu,Yield/Scrap Rate Increase,Operational-driven
forecast,2025-09,A8,UQ-A8-05,SENSOR MODULE,jpy,439185.0,425106.0,-14079.0,cr,Process Improvement (Yield Up),Operational-driven
forecast,2025-10,A8,UQ-A8-05,SENSOR MODULE,jpy,421964.0,429335.0,7371.0,cu,Supplier Change (Higher Cost Source),Market-driven
forecast,2024-11,A8,SH-EVEN-01,TAPE PU-F,domestic,70295.0,68189.0,-2106.0,cr,Localization / Local Sourcing,Operational-driven
forecast,2024-12,A8,SH-EVEN-01,TAPE PU-F,domestic,67819.0,68532.0,713.0,cu,Engineering Change / Spec Upgrade,Engineering-driven
forecast,2025-01,A8,SH-EVEN-01,TAPE PU-F,domestic,68361.0,67735.0,-626.0,cr,Localization / Local Sourcing,Operational-driven
forecast,2025-02,A8,SH-EVEN-01,TAPE PU-F,domestic,67771.0,70653.0,2882.0,cu,Logistics/Freight Cost Increase,Market-driven
forecast,2025-03,A8,SH-EVEN-01,TAPE PU-F,domestic,70908.0,70908.0,0.0,,,
forecast,2025-04,A8,SH-EVEN-01,TAPE PU-F,domestic,70908.0,68376.0,-2532.0,cr,Localization / Local Sourcing,Operational-driven
forecast,2025-05,A8,SH-EVEN-01,TAPE PU-F,domestic,67971.0,70788.0,2817.0,cu,Logistics/Freight Cost Increase,Market-driven
forecast,2025-06,A8,SH-EVEN-01,TAPE PU-F,domestic,70882.0,69951.0,-931.0,cr,Process Improvement (Yield Up),Operational-driven
forecast,2025-07,A8,SH-EVEN-01,TAPE PU-F,domestic,70015.0,71061.0,1046.0,cu,Yield/Scrap Rate Increase,Operational-driven
forecast,2025-08,A8,SH-EVEN-01,TAPE PU-F,domestic,71263.0,71263.0,0.0,,,
forecast,2025-09,A8,SH-EVEN-01,TAPE PU-F,domestic,71263.0,69400.0,-1863.0,cr,Localization / Local Sourcing,Operational-driven
forecast,2025-10,A8,SH-EVEN-01,TAPE PU-F,domestic,69379.0,73502.0,4123.0,cu,Logistics/Freight Cost Increase,Market-driven
forecast,2024-11,A8,SH-EVEN-02,RESIN COMPOUND,usd,19042.0,19042.0,0.0,,,
forecast,2024-12,A8,SH-EVEN-02,RESIN COMPOUND,usd,19042.0,18941.0,-101.0,cr,Supplier Negotiation,Operational-driven
forecast,2025-01,A8,SH-EVEN-02,RESIN COMPOUND,usd,18947.0,18128.0,-819.0,cr,Alternative Material Substitution,Engineering-driven
forecast,2025-02,A8,SH-EVEN-02,RESIN COMPOUND,usd,17907.0,18005.0,98.0,cu,Supplier Change (Higher Cost Source),Market-driven
forecast,2025-03,A8,SH-EVEN-02,RESIN COMPOUND,usd,18018.0,17367.0,-651.0,cr,Supplier Negotiation,Operational-driven
forecast,2025-04,A8,SH-EVEN-02,RESIN COMPOUND,usd,17275.0,16548.0,-727.0,cr,Alternative Material Substitution,Engineering-driven
forecast,2025-05,A8,SH-EVEN-02,RESIN COMPOUND,usd,16381.0,16788.0,407.0,cu,Supplier Change (Higher Cost Source),Market-driven
forecast,2025-06,A8,SH-EVEN-02,RESIN COMPOUND,usd,16909.0,16909.0,0.0,,,
forecast,2025-07,A8,SH-EVEN-02,RESIN COMPOUND,usd,16909.0,17610.0,701.0,cu,Raw Material Price Increase,Market-driven
forecast,2025-08,A8,SH-EVEN-02,RESIN COMPOUND,usd,17621.0,17621.0,0.0,,,
forecast,2025-09,A8,SH-EVEN-02,RESIN COMPOUND,usd,17621.0,17123.0,-498.0,cr,Process Improvement (Yield Up),Operational-driven
forecast,2025-10,A8,SH-EVEN-02,RESIN COMPOUND,usd,17066.0,17668.0,602.0,cu,Yield/Scrap Rate Increase,Operational-driven
forecast,2024-11,A9,SH-CATA-D01,PANEL BOTTOM AS,domestic,98579.0,103339.0,4760.0,cu,Yield/Scrap Rate Increase,Operational-driven
forecast,2024-12,A9,SH-CATA-D01,PANEL BOTTOM AS,domestic,102503.0,102503.0,0.0,,,
forecast,2025-01,A9,SH-CATA-D01,PANEL BOTTOM AS,domestic,102503.0,103200.0,697.0,cu,Supplier Change (Higher Cost Source),Market-driven
forecast,2025-02,A9,SH-CATA-D01,PANEL BOTTOM AS,domestic,103061.0,97681.0,-5380.0,cr,Supplier Negotiation,Operational-driven
forecast,2025-03,A9,SH-CATA-D01,PANEL BOTTOM AS,domestic,98861.0,98861.0,0.0,,,
forecast,2025-04,A9,SH-CATA-D01,PANEL BOTTOM AS,domestic,98861.0,98861.0,0.0,,,
forecast,2025-05,A9,SH-CATA-D01,PANEL BOTTOM AS,domestic,98861.0,99714.0,853.0,cu,Yield/Scrap Rate Increase,Operational-driven
forecast,2025-06,A9,SH-CATA-D01,PANEL BOTTOM AS,domestic,99679.0,103327.0,3648.0,cu,Supplier Change (Higher Cost Source),Market-driven
forecast,2025-07,A9,SH-CATA-D01,PANEL BOTTOM AS,domestic,102636.0,105808.0,3172.0,cu,Yield/Scrap Rate Increase,Operational-driven
forecast,2025-08,A9,SH-CATA-D01,PANEL BOTTOM AS,domestic,106644.0,111328.0,4684.0,cu,Supplier Change (Higher Cost Source),Market-driven
forecast,2025-09,A9,SH-CATA-D01,PANEL BOTTOM AS,domestic,110883.0,116277.0,5394.0,cu,Engineering Change / Spec Upgrade,Engineering-driven
forecast,2025-10,A9,SH-CATA-D01,PANEL BOTTOM AS,domestic,116042.0,112437.0,-3605.0,cr,Localization / Local Sourcing,Operational-driven
forecast,2024-11,A9,SH-CATA-U01,CONNECTOR HOUSING,usd,56296.0,57323.0,1027.0,cu,Raw Material Price Increase,Market-driven
forecast,2024-12,A9,SH-CATA-U01,CONNECTOR HOUSING,usd,59103.0,60006.0,903.0,cu,Supplier Change (Higher Cost Source),Market-driven
forecast,2025-01,A9,SH-CATA-U01,CONNECTOR HOUSING,usd,62210.0,63570.0,1360.0,cu,Supplier Change (Higher Cost Source),Market-driven
forecast,2025-02,A9,SH-CATA-U01,CONNECTOR HOUSING,usd,65724.0,67670.0,1946.0,cu,Supplier Change (Higher Cost Source),Market-driven
forecast,2025-03,A9,SH-CATA-U01,CONNECTOR HOUSING,usd,69879.0,71130.0,1251.0,cu,Supplier Change (Higher Cost Source),Market-driven
forecast,2025-04,A9,SH-CATA-U01,CONNECTOR HOUSING,usd,73619.0,75428.0,1809.0,cu,Supplier Change (Higher Cost Source),Market-driven
forecast,2025-05,A9,SH-CATA-U01,CONNECTOR HOUSING,usd,78184.0,80506.0,2322.0,cu,Supplier Change (Higher Cost Source),Market-driven
forecast,2025-06,A9,SH-CATA-U01,CONNECTOR HOUSING,usd,82589.0,84525.0,1936.0,cu,Raw Material Price Increase,Market-driven
forecast,2025-07,A9,SH-CATA-U01,CONNECTOR HOUSING,usd,87542.0,90125.0,2583.0,cu,Raw Material Price Increase,Market-driven
forecast,2025-08,A9,SH-CATA-U01,CONNECTOR HOUSING,usd,91058.0,93052.0,1994.0,cu,Supplier Change (Higher Cost Source),Market-driven
forecast,2025-09,A9,SH-CATA-U01,CONNECTOR HOUSING,usd,94744.0,96283.0,1539.0,cu,Supplier Change (Higher Cost Source),Market-driven
forecast,2025-10,A9,SH-CATA-U01,CONNECTOR HOUSING,usd,100225.0,102484.0,2259.0,cu,Raw Material Price Increase,Market-driven
forecast,2024-11,A9,SH-IDX09,PRECISION GEAR,jpy,56507.0,56507.0,0.0,,,
forecast,2024-12,A9,SH-IDX09,PRECISION GEAR,jpy,56507.0,53325.0,-3182.0,cr,Supplier Negotiation,Operational-driven
forecast,2025-01,A9,SH-IDX09,PRECISION GEAR,jpy,54071.0,53058.0,-1013.0,cr,Supplier Negotiation,Operational-driven
forecast,2025-02,A9,SH-IDX09,PRECISION GEAR,jpy,52899.0,55432.0,2533.0,cu,Logistics/Freight Cost Increase,Market-driven
forecast,2025-03,A9,SH-IDX09,PRECISION GEAR,jpy,55656.0,52909.0,-2747.0,cr,Supplier Negotiation,Operational-driven
forecast,2025-04,A9,SH-IDX09,PRECISION GEAR,jpy,52485.0,49496.0,-2989.0,cr,Localization / Local Sourcing,Operational-driven
forecast,2025-05,A9,SH-IDX09,PRECISION GEAR,jpy,50211.0,47582.0,-2629.0,cr,Supplier Negotiation,Operational-driven
forecast,2025-06,A9,SH-IDX09,PRECISION GEAR,jpy,47690.0,45676.0,-2014.0,cr,VA/VE Improvement,Engineering-driven
forecast,2025-07,A9,SH-IDX09,PRECISION GEAR,jpy,45804.0,47186.0,1382.0,cu,Logistics/Freight Cost Increase,Market-driven
forecast,2025-08,A9,SH-IDX09,PRECISION GEAR,jpy,46874.0,46874.0,0.0,,,
forecast,2025-09,A9,SH-IDX09,PRECISION GEAR,jpy,46874.0,44186.0,-2688.0,cr,Localization / Local Sourcing,Operational-driven
forecast,2025-10,A9,SH-IDX09,PRECISION GEAR,jpy,44804.0,42332.0,-2472.0,cr,Supplier Negotiation,Operational-driven
forecast,2024-11,A9,UQ-A9-01,PANEL FRONT AS,domestic,314737.0,327594.0,12857.0,cu,Engineering Change / Spec Upgrade,Engineering-driven
forecast,2024-12,A9,UQ-A9-01,PANEL FRONT AS,domestic,327605.0,335480.0,7875.0,cu,Raw Material Price Increase,Market-driven
forecast,2025-01,A9,UQ-A9-01,PANEL FRONT AS,domestic,333270.0,322017.0,-11253.0,cr,Process Improvement (Yield Up),Operational-driven
forecast,2025-02,A9,UQ-A9-01,PANEL FRONT AS,domestic,324266.0,318980.0,-5286.0,cr,Localization / Local Sourcing,Operational-driven
forecast,2025-03,A9,UQ-A9-01,PANEL FRONT AS,domestic,319611.0,316250.0,-3361.0,cr,Process Improvement (Yield Up),Operational-driven
forecast,2025-04,A9,UQ-A9-01,PANEL FRONT AS,domestic,315643.0,315643.0,0.0,,,
forecast,2025-05,A9,UQ-A9-01,PANEL FRONT AS,domestic,315643.0,315643.0,0.0,,,
forecast,2025-06,A9,UQ-A9-01,PANEL FRONT AS,domestic,315643.0,315643.0,0.0,,,
forecast,2025-07,A9,UQ-A9-01,PANEL FRONT AS,domestic,315643.0,326571.0,10928.0,cu,Engineering Change / Spec Upgrade,Engineering-driven
forecast,2025-08,A9,UQ-A9-01,PANEL FRONT AS,domestic,324264.0,343279.0,19015.0,cu,Supplier Change (Higher Cost Source),Market-driven
forecast,2025-09,A9,UQ-A9-01,PANEL FRONT AS,domestic,339561.0,323551.0,-16010.0,cr,Process Improvement (Yield Up),Operational-driven
forecast,2025-10,A9,UQ-A9-01,PANEL FRONT AS,domestic,324732.0,342055.0,17323.0,cu,Raw Material Price Increase,Market-driven
forecast,2024-11,A9,UQ-A9-02,BRACKET SUPPORT,domestic,341673.0,331498.0,-10175.0,cr,Process Improvement (Yield Up),Operational-driven
forecast,2024-12,A9,UQ-A9-02,BRACKET SUPPORT,domestic,328553.0,315798.0,-12755.0,cr,Localization / Local Sourcing,Operational-driven
forecast,2025-01,A9,UQ-A9-02,BRACKET SUPPORT,domestic,317783.0,317783.0,0.0,,,
forecast,2025-02,A9,UQ-A9-02,BRACKET SUPPORT,domestic,317783.0,330951.0,13168.0,cu,Yield/Scrap Rate Increase,Operational-driven
forecast,2025-03,A9,UQ-A9-02,BRACKET SUPPORT,domestic,332537.0,346720.0,14183.0,cu,Engineering Change / Spec Upgrade,Engineering-driven
forecast,2025-04,A9,UQ-A9-02,BRACKET SUPPORT,domestic,350673.0,364952.0,14279.0,cu,Engineering Change / Spec Upgrade,Engineering-driven
forecast,2025-05,A9,UQ-A9-02,BRACKET SUPPORT,domestic,365025.0,365025.0,0.0,,,
forecast,2025-06,A9,UQ-A9-02,BRACKET SUPPORT,domestic,365025.0,363113.0,-1912.0,cr,Supplier Negotiation,Operational-driven
forecast,2025-07,A9,UQ-A9-02,BRACKET SUPPORT,domestic,362631.0,358495.0,-4136.0,cr,Alternative Material Substitution,Engineering-driven
forecast,2025-08,A9,UQ-A9-02,BRACKET SUPPORT,domestic,357344.0,373259.0,15915.0,cu,Yield/Scrap Rate Increase,Operational-driven
forecast,2025-09,A9,UQ-A9-02,BRACKET SUPPORT,domestic,370833.0,387699.0,16866.0,cu,Yield/Scrap Rate Increase,Operational-driven
forecast,2025-10,A9,UQ-A9-02,BRACKET SUPPORT,domestic,392417.0,385609.0,-6808.0,cr,Process Improvement (Yield Up),Operational-driven
forecast,2024-11,A9,UQ-A9-03,IC CHIP CONTROL,usd,435777.0,435777.0,0.0,,,
forecast,2024-12,A9,UQ-A9-03,IC CHIP CONTROL,usd,435777.0,435777.0,0.0,,,
forecast,2025-01,A9,UQ-A9-03,IC CHIP CONTROL,usd,435777.0,427156.0,-8621.0,cr,Localization / Local Sourcing,Operational-driven
forecast,2025-02,A9,UQ-A9-03,IC CHIP CONTROL,usd,416793.0,394109.0,-22684.0,cr,VA/VE Improvement,Engineering-driven
forecast,2025-03,A9,UQ-A9-03,IC CHIP CONTROL,usd,372757.0,372757.0,0.0,,,
forecast,2025-04,A9,UQ-A9-03,IC CHIP CONTROL,usd,372757.0,393152.0,20395.0,cu,Yield/Scrap Rate Increase,Operational-driven
forecast,2025-05,A9,UQ-A9-03,IC CHIP CONTROL,usd,422477.0,408159.0,-14318.0,cr,Process Improvement (Yield Up),Operational-driven
forecast,2025-06,A9,UQ-A9-03,IC CHIP CONTROL,usd,392935.0,380711.0,-12224.0,cr,Supplier Negotiation,Operational-driven
forecast,2025-07,A9,UQ-A9-03,IC CHIP CONTROL,usd,364482.0,345424.0,-19058.0,cr,Supplier Negotiation,Operational-driven
forecast,2025-08,A9,UQ-A9-03,IC CHIP CONTROL,usd,323435.0,328184.0,4749.0,cu,Raw Material Price Increase,Market-driven
forecast,2025-09,A9,UQ-A9-03,IC CHIP CONTROL,usd,332103.0,338026.0,5923.0,cu,Supplier Change (Higher Cost Source),Market-driven
forecast,2025-10,A9,UQ-A9-03,IC CHIP CONTROL,usd,343388.0,339436.0,-3952.0,cr,Localization / Local Sourcing,Operational-driven
forecast,2024-11,A9,UQ-A9-04,MOTOR UNIT,jpy,259957.0,258098.0,-1859.0,cr,Alternative Material Substitution,Engineering-driven
forecast,2024-12,A9,UQ-A9-04,MOTOR UNIT,jpy,258071.0,250444.0,-7627.0,cr,Localization / Local Sourcing,Operational-driven
forecast,2025-01,A9,UQ-A9-04,MOTOR UNIT,jpy,251612.0,260120.0,8508.0,cu,Yield/Scrap Rate Increase,Operational-driven
forecast,2025-02,A9,UQ-A9-04,MOTOR UNIT,jpy,260771.0,260771.0,0.0,,,
forecast,2025-03,A9,UQ-A9-04,MOTOR UNIT,jpy,260771.0,260771.0,0.0,,,
forecast,2025-04,A9,UQ-A9-04,MOTOR UNIT,jpy,260771.0,269255.0,8484.0,cu,Raw Material Price Increase,Market-driven
forecast,2025-05,A9,UQ-A9-04,MOTOR UNIT,jpy,266912.0,271081.0,4169.0,cu,Raw Material Price Increase,Market-driven
forecast,2025-06,A9,UQ-A9-04,MOTOR UNIT,jpy,269973.0,274008.0,4035.0,cu,Engineering Change / Spec Upgrade,Engineering-driven
forecast,2025-07,A9,UQ-A9-04,MOTOR UNIT,jpy,273824.0,281093.0,7269.0,cu,Raw Material Price Increase,Market-driven
forecast,2025-08,A9,UQ-A9-04,MOTOR UNIT,jpy,281662.0,274384.0,-7278.0,cr,Localization / Local Sourcing,Operational-driven
forecast,2025-09,A9,UQ-A9-04,MOTOR UNIT,jpy,275090.0,275090.0,0.0,,,
forecast,2025-10,A9,UQ-A9-04,MOTOR UNIT,jpy,275090.0,271020.0,-4070.0,cr,VA/VE Improvement,Engineering-driven
forecast,2024-11,A9,UQ-A9-05,SENSOR MODULE,jpy,196790.0,191867.0,-4923.0,cr,Alternative Material Substitution,Engineering-driven
forecast,2024-12,A9,UQ-A9-05,SENSOR MODULE,jpy,185514.0,185514.0,0.0,,,
forecast,2025-01,A9,UQ-A9-05,SENSOR MODULE,jpy,185514.0,191653.0,6139.0,cu,Yield/Scrap Rate Increase,Operational-driven
forecast,2025-02,A9,UQ-A9-05,SENSOR MODULE,jpy,197794.0,197794.0,0.0,,,
forecast,2025-03,A9,UQ-A9-05,SENSOR MODULE,jpy,197794.0,197794.0,0.0,,,
forecast,2025-04,A9,UQ-A9-05,SENSOR MODULE,jpy,197794.0,202100.0,4306.0,cu,Logistics/Freight Cost Increase,Market-driven
forecast,2025-05,A9,UQ-A9-05,SENSOR MODULE,jpy,205640.0,216779.0,11139.0,cu,Yield/Scrap Rate Increase,Operational-driven
forecast,2025-06,A9,UQ-A9-05,SENSOR MODULE,jpy,234219.0,227797.0,-6422.0,cr,Process Improvement (Yield Up),Operational-driven
forecast,2025-07,A9,UQ-A9-05,SENSOR MODULE,jpy,221707.0,208655.0,-13052.0,cr,VA/VE Improvement,Engineering-driven
forecast,2025-08,A9,UQ-A9-05,SENSOR MODULE,jpy,188881.0,194565.0,5684.0,cu,Supplier Change (Higher Cost Source),Market-driven
forecast,2025-09,A9,UQ-A9-05,SENSOR MODULE,jpy,203620.0,192106.0,-11514.0,cr,Localization / Local Sourcing,Operational-driven
forecast,2025-10,A9,UQ-A9-05,SENSOR MODULE,jpy,174980.0,165510.0,-9470.0,cr,VA/VE Improvement,Engineering-driven
forecast,2024-11,A10,SH-CATA-D01,PANEL BOTTOM AS,domestic,98579.0,103339.0,4760.0,cu,Yield/Scrap Rate Increase,Operational-driven
forecast,2024-12,A10,SH-CATA-D01,PANEL BOTTOM AS,domestic,102503.0,102503.0,0.0,,,
forecast,2025-01,A10,SH-CATA-D01,PANEL BOTTOM AS,domestic,102503.0,103200.0,697.0,cu,Supplier Change (Higher Cost Source),Market-driven
forecast,2025-02,A10,SH-CATA-D01,PANEL BOTTOM AS,domestic,103061.0,97681.0,-5380.0,cr,Supplier Negotiation,Operational-driven
forecast,2025-03,A10,SH-CATA-D01,PANEL BOTTOM AS,domestic,98861.0,98861.0,0.0,,,
forecast,2025-04,A10,SH-CATA-D01,PANEL BOTTOM AS,domestic,98861.0,98861.0,0.0,,,
forecast,2025-05,A10,SH-CATA-D01,PANEL BOTTOM AS,domestic,98861.0,99714.0,853.0,cu,Yield/Scrap Rate Increase,Operational-driven
forecast,2025-06,A10,SH-CATA-D01,PANEL BOTTOM AS,domestic,99679.0,103327.0,3648.0,cu,Supplier Change (Higher Cost Source),Market-driven
forecast,2025-07,A10,SH-CATA-D01,PANEL BOTTOM AS,domestic,102636.0,105808.0,3172.0,cu,Yield/Scrap Rate Increase,Operational-driven
forecast,2025-08,A10,SH-CATA-D01,PANEL BOTTOM AS,domestic,106644.0,111328.0,4684.0,cu,Supplier Change (Higher Cost Source),Market-driven
forecast,2025-09,A10,SH-CATA-D01,PANEL BOTTOM AS,domestic,110883.0,116277.0,5394.0,cu,Engineering Change / Spec Upgrade,Engineering-driven
forecast,2025-10,A10,SH-CATA-D01,PANEL BOTTOM AS,domestic,116042.0,112437.0,-3605.0,cr,Localization / Local Sourcing,Operational-driven
forecast,2024-11,A10,SH-CATA-U01,CONNECTOR HOUSING,usd,56296.0,57323.0,1027.0,cu,Raw Material Price Increase,Market-driven
forecast,2024-12,A10,SH-CATA-U01,CONNECTOR HOUSING,usd,59103.0,60006.0,903.0,cu,Supplier Change (Higher Cost Source),Market-driven
forecast,2025-01,A10,SH-CATA-U01,CONNECTOR HOUSING,usd,62210.0,63570.0,1360.0,cu,Supplier Change (Higher Cost Source),Market-driven
forecast,2025-02,A10,SH-CATA-U01,CONNECTOR HOUSING,usd,65724.0,67670.0,1946.0,cu,Supplier Change (Higher Cost Source),Market-driven
forecast,2025-03,A10,SH-CATA-U01,CONNECTOR HOUSING,usd,69879.0,71130.0,1251.0,cu,Supplier Change (Higher Cost Source),Market-driven
forecast,2025-04,A10,SH-CATA-U01,CONNECTOR HOUSING,usd,73619.0,75428.0,1809.0,cu,Supplier Change (Higher Cost Source),Market-driven
forecast,2025-05,A10,SH-CATA-U01,CONNECTOR HOUSING,usd,78184.0,80506.0,2322.0,cu,Supplier Change (Higher Cost Source),Market-driven
forecast,2025-06,A10,SH-CATA-U01,CONNECTOR HOUSING,usd,82589.0,84525.0,1936.0,cu,Raw Material Price Increase,Market-driven
forecast,2025-07,A10,SH-CATA-U01,CONNECTOR HOUSING,usd,87542.0,90125.0,2583.0,cu,Raw Material Price Increase,Market-driven
forecast,2025-08,A10,SH-CATA-U01,CONNECTOR HOUSING,usd,91058.0,93052.0,1994.0,cu,Supplier Change (Higher Cost Source),Market-driven
forecast,2025-09,A10,SH-CATA-U01,CONNECTOR HOUSING,usd,94744.0,96283.0,1539.0,cu,Supplier Change (Higher Cost Source),Market-driven
forecast,2025-10,A10,SH-CATA-U01,CONNECTOR HOUSING,usd,100225.0,102484.0,2259.0,cu,Raw Material Price Increase,Market-driven
forecast,2024-11,A10,SH-IDX10,PRECISION GEAR,jpy,121193.0,116685.0,-4508.0,cr,Alternative Material Substitution,Engineering-driven
forecast,2024-12,A10,SH-IDX10,PRECISION GEAR,jpy,107698.0,109654.0,1956.0,cu,Yield/Scrap Rate Increase,Operational-driven
forecast,2025-01,A10,SH-IDX10,PRECISION GEAR,jpy,111748.0,108181.0,-3567.0,cr,Process Improvement (Yield Up),Operational-driven
forecast,2025-02,A10,SH-IDX10,PRECISION GEAR,jpy,102640.0,104672.0,2032.0,cu,Raw Material Price Increase,Market-driven
forecast,2025-03,A10,SH-IDX10,PRECISION GEAR,jpy,108406.0,108406.0,0.0,,,
forecast,2025-04,A10,SH-IDX10,PRECISION GEAR,jpy,108406.0,111246.0,2840.0,cu,Logistics/Freight Cost Increase,Market-driven
forecast,2025-05,A10,SH-IDX10,PRECISION GEAR,jpy,115461.0,110913.0,-4548.0,cr,Alternative Material Substitution,Engineering-driven
forecast,2025-06,A10,SH-IDX10,PRECISION GEAR,jpy,105192.0,101176.0,-4016.0,cr,Localization / Local Sourcing,Operational-driven
forecast,2025-07,A10,SH-IDX10,PRECISION GEAR,jpy,93585.0,93585.0,0.0,,,
forecast,2025-08,A10,SH-IDX10,PRECISION GEAR,jpy,93585.0,89314.0,-4271.0,cr,VA/VE Improvement,Engineering-driven
forecast,2025-09,A10,SH-IDX10,PRECISION GEAR,jpy,83001.0,83001.0,0.0,,,
forecast,2025-10,A10,SH-IDX10,PRECISION GEAR,jpy,83001.0,82136.0,-865.0,cr,VA/VE Improvement,Engineering-driven
forecast,2024-11,A10,UQ-A10-01,PANEL FRONT AS,domestic,803460.0,773022.0,-30438.0,cr,Process Improvement (Yield Up),Operational-driven
forecast,2024-12,A10,UQ-A10-01,PANEL FRONT AS,domestic,780950.0,753861.0,-27089.0,cr,Localization / Local Sourcing,Operational-driven
forecast,2025-01,A10,UQ-A10-01,PANEL FRONT AS,domestic,759710.0,759710.0,0.0,,,
forecast,2025-02,A10,UQ-A10-01,PANEL FRONT AS,domestic,759710.0,771855.0,12145.0,cu,Yield/Scrap Rate Increase,Operational-driven
forecast,2025-03,A10,UQ-A10-01,PANEL FRONT AS,domestic,775303.0,797745.0,22442.0,cu,Logistics/Freight Cost Increase,Market-driven
forecast,2025-04,A10,UQ-A10-01,PANEL FRONT AS,domestic,796006.0,815545.0,19539.0,cu,Yield/Scrap Rate Increase,Operational-driven
forecast,2025-05,A10,UQ-A10-01,PANEL FRONT AS,domestic,812918.0,803489.0,-9429.0,cr,Supplier Negotiation,Operational-driven
forecast,2025-06,A10,UQ-A10-01,PANEL FRONT AS,domestic,804191.0,804191.0,0.0,,,
forecast,2025-07,A10,UQ-A10-01,PANEL FRONT AS,domestic,804191.0,821073.0,16882.0,cu,Engineering Change / Spec Upgrade,Engineering-driven
forecast,2025-08,A10,UQ-A10-01,PANEL FRONT AS,domestic,821208.0,772970.0,-48238.0,cr,Alternative Material Substitution,Engineering-driven
forecast,2025-09,A10,UQ-A10-01,PANEL FRONT AS,domestic,762018.0,762018.0,0.0,,,
forecast,2025-10,A10,UQ-A10-01,PANEL FRONT AS,domestic,762018.0,753852.0,-8166.0,cr,Process Improvement (Yield Up),Operational-driven
forecast,2024-11,A10,UQ-A10-02,BRACKET SUPPORT,domestic,767446.0,767446.0,0.0,,,
forecast,2024-12,A10,UQ-A10-02,BRACKET SUPPORT,domestic,767446.0,753725.0,-13721.0,cr,VA/VE Improvement,Engineering-driven
forecast,2025-01,A10,UQ-A10-02,BRACKET SUPPORT,domestic,755216.0,714295.0,-40921.0,cr,Localization / Local Sourcing,Operational-driven
forecast,2025-02,A10,UQ-A10-02,BRACKET SUPPORT,domestic,720963.0,740816.0,19853.0,cu,Yield/Scrap Rate Increase,Operational-driven
forecast,2025-03,A10,UQ-A10-02,BRACKET SUPPORT,domestic,740773.0,707551.0,-33222.0,cr,Alternative Material Substitution,Engineering-driven
forecast,2025-04,A10,UQ-A10-02,BRACKET SUPPORT,domestic,705279.0,705279.0,0.0,,,
forecast,2025-05,A10,UQ-A10-02,BRACKET SUPPORT,domestic,705279.0,676620.0,-28659.0,cr,Supplier Negotiation,Operational-driven
forecast,2025-06,A10,UQ-A10-02,BRACKET SUPPORT,domestic,669811.0,669811.0,0.0,,,
forecast,2025-07,A10,UQ-A10-02,BRACKET SUPPORT,domestic,669811.0,632007.0,-37804.0,cr,Alternative Material Substitution,Engineering-driven
forecast,2025-08,A10,UQ-A10-02,BRACKET SUPPORT,domestic,638088.0,638088.0,0.0,,,
forecast,2025-09,A10,UQ-A10-02,BRACKET SUPPORT,domestic,638088.0,621555.0,-16533.0,cr,Process Improvement (Yield Up),Operational-driven
forecast,2025-10,A10,UQ-A10-02,BRACKET SUPPORT,domestic,625901.0,653517.0,27616.0,cu,Raw Material Price Increase,Market-driven
forecast,2024-11,A10,UQ-A10-03,IC CHIP CONTROL,usd,605043.0,592562.0,-12481.0,cr,VA/VE Improvement,Engineering-driven
forecast,2024-12,A10,UQ-A10-03,IC CHIP CONTROL,usd,589767.0,614531.0,24764.0,cu,Supplier Change (Higher Cost Source),Market-driven
forecast,2025-01,A10,UQ-A10-03,IC CHIP CONTROL,usd,620122.0,615519.0,-4603.0,cr,Supplier Negotiation,Operational-driven
forecast,2025-02,A10,UQ-A10-03,IC CHIP CONTROL,usd,616773.0,651511.0,34738.0,cu,Raw Material Price Increase,Market-driven
forecast,2025-03,A10,UQ-A10-03,IC CHIP CONTROL,usd,641355.0,613047.0,-28308.0,cr,Supplier Negotiation,Operational-driven
forecast,2025-04,A10,UQ-A10-03,IC CHIP CONTROL,usd,610664.0,594607.0,-16057.0,cr,Localization / Local Sourcing,Operational-driven
forecast,2025-05,A10,UQ-A10-03,IC CHIP CONTROL,usd,590328.0,601505.0,11177.0,cu,Raw Material Price Increase,Market-driven
forecast,2025-06,A10,UQ-A10-03,IC CHIP CONTROL,usd,602436.0,576073.0,-26363.0,cr,Localization / Local Sourcing,Operational-driven
forecast,2025-07,A10,UQ-A10-03,IC CHIP CONTROL,usd,582681.0,582681.0,0.0,,,
forecast,2025-08,A10,UQ-A10-03,IC CHIP CONTROL,usd,582681.0,582681.0,0.0,,,
forecast,2025-09,A10,UQ-A10-03,IC CHIP CONTROL,usd,582681.0,552620.0,-30061.0,cr,Process Improvement (Yield Up),Operational-driven
forecast,2025-10,A10,UQ-A10-03,IC CHIP CONTROL,usd,547727.0,573896.0,26169.0,cu,Logistics/Freight Cost Increase,Market-driven
forecast,2024-11,A10,UQ-A10-04,MOTOR UNIT,jpy,247230.0,256390.0,9160.0,cu,Supplier Change (Higher Cost Source),Market-driven
forecast,2024-12,A10,UQ-A10-04,MOTOR UNIT,jpy,255347.0,263944.0,8597.0,cu,Supplier Change (Higher Cost Source),Market-driven
forecast,2025-01,A10,UQ-A10-04,MOTOR UNIT,jpy,261679.0,276232.0,14553.0,cu,Raw Material Price Increase,Market-driven
forecast,2025-02,A10,UQ-A10-04,MOTOR UNIT,jpy,276694.0,276694.0,0.0,,,
forecast,2025-03,A10,UQ-A10-04,MOTOR UNIT,jpy,276694.0,272241.0,-4453.0,cr,VA/VE Improvement,Engineering-driven
forecast,2025-04,A10,UQ-A10-04,MOTOR UNIT,jpy,272813.0,277562.0,4749.0,cu,Engineering Change / Spec Upgrade,Engineering-driven
forecast,2025-05,A10,UQ-A10-04,MOTOR UNIT,jpy,278009.0,283625.0,5616.0,cu,Supplier Change (Higher Cost Source),Market-driven
forecast,2025-06,A10,UQ-A10-04,MOTOR UNIT,jpy,282807.0,290206.0,7399.0,cu,Supplier Change (Higher Cost Source),Market-driven
forecast,2025-07,A10,UQ-A10-04,MOTOR UNIT,jpy,291036.0,291036.0,0.0,,,
forecast,2025-08,A10,UQ-A10-04,MOTOR UNIT,jpy,291036.0,305215.0,14179.0,cu,Engineering Change / Spec Upgrade,Engineering-driven
forecast,2025-09,A10,UQ-A10-04,MOTOR UNIT,jpy,306868.0,324165.0,17297.0,cu,Yield/Scrap Rate Increase,Operational-driven
forecast,2025-10,A10,UQ-A10-04,MOTOR UNIT,jpy,325107.0,340779.0,15672.0,cu,Raw Material Price Increase,Market-driven
forecast,2024-11,A10,UQ-A10-05,SENSOR MODULE,jpy,344143.0,358397.0,14254.0,cu,Raw Material Price Increase,Market-driven
forecast,2024-12,A10,UQ-A10-05,SENSOR MODULE,jpy,356768.0,337722.0,-19046.0,cr,Alternative Material Substitution,Engineering-driven
forecast,2025-01,A10,UQ-A10-05,SENSOR MODULE,jpy,337084.0,352501.0,15417.0,cu,Supplier Change (Higher Cost Source),Market-driven
forecast,2025-02,A10,UQ-A10-05,SENSOR MODULE,jpy,350172.0,350172.0,0.0,,,
forecast,2025-03,A10,UQ-A10-05,SENSOR MODULE,jpy,350172.0,350172.0,0.0,,,
forecast,2025-04,A10,UQ-A10-05,SENSOR MODULE,jpy,350172.0,350172.0,0.0,,,
forecast,2025-05,A10,UQ-A10-05,SENSOR MODULE,jpy,350172.0,357263.0,7091.0,cu,Engineering Change / Spec Upgrade,Engineering-driven
forecast,2025-06,A10,UQ-A10-05,SENSOR MODULE,jpy,356551.0,362763.0,6212.0,cu,Engineering Change / Spec Upgrade,Engineering-driven
forecast,2025-07,A10,UQ-A10-05,SENSOR MODULE,jpy,361603.0,374414.0,12811.0,cu,Engineering Change / Spec Upgrade,Engineering-driven
forecast,2025-08,A10,UQ-A10-05,SENSOR MODULE,jpy,377405.0,366602.0,-10803.0,cr,Localization / Local Sourcing,Operational-driven
forecast,2025-09,A10,UQ-A10-05,SENSOR MODULE,jpy,364897.0,364897.0,0.0,,,
forecast,2025-10,A10,UQ-A10-05,SENSOR MODULE,jpy,364897.0,381306.0,16409.0,cu,Supplier Change (Higher Cost Source),Market-driven
forecast,2024-11,A10,SH-EVEN-01,TAPE PU-F,domestic,70295.0,68189.0,-2106.0,cr,Localization / Local Sourcing,Operational-driven
forecast,2024-12,A10,SH-EVEN-01,TAPE PU-F,domestic,67819.0,68532.0,713.0,cu,Engineering Change / Spec Upgrade,Engineering-driven
forecast,2025-01,A10,SH-EVEN-01,TAPE PU-F,domestic,68361.0,67735.0,-626.0,cr,Localization / Local Sourcing,Operational-driven
forecast,2025-02,A10,SH-EVEN-01,TAPE PU-F,domestic,67771.0,70653.0,2882.0,cu,Logistics/Freight Cost Increase,Market-driven
forecast,2025-03,A10,SH-EVEN-01,TAPE PU-F,domestic,70908.0,70908.0,0.0,,,
forecast,2025-04,A10,SH-EVEN-01,TAPE PU-F,domestic,70908.0,68376.0,-2532.0,cr,Localization / Local Sourcing,Operational-driven
forecast,2025-05,A10,SH-EVEN-01,TAPE PU-F,domestic,67971.0,70788.0,2817.0,cu,Logistics/Freight Cost Increase,Market-driven
forecast,2025-06,A10,SH-EVEN-01,TAPE PU-F,domestic,70882.0,69951.0,-931.0,cr,Process Improvement (Yield Up),Operational-driven
forecast,2025-07,A10,SH-EVEN-01,TAPE PU-F,domestic,70015.0,71061.0,1046.0,cu,Yield/Scrap Rate Increase,Operational-driven
forecast,2025-08,A10,SH-EVEN-01,TAPE PU-F,domestic,71263.0,71263.0,0.0,,,
forecast,2025-09,A10,SH-EVEN-01,TAPE PU-F,domestic,71263.0,69400.0,-1863.0,cr,Localization / Local Sourcing,Operational-driven
forecast,2025-10,A10,SH-EVEN-01,TAPE PU-F,domestic,69379.0,73502.0,4123.0,cu,Logistics/Freight Cost Increase,Market-driven
forecast,2024-11,A10,SH-EVEN-02,RESIN COMPOUND,usd,19042.0,19042.0,0.0,,,
forecast,2024-12,A10,SH-EVEN-02,RESIN COMPOUND,usd,19042.0,18941.0,-101.0,cr,Supplier Negotiation,Operational-driven
forecast,2025-01,A10,SH-EVEN-02,RESIN COMPOUND,usd,18947.0,18128.0,-819.0,cr,Alternative Material Substitution,Engineering-driven
forecast,2025-02,A10,SH-EVEN-02,RESIN COMPOUND,usd,17907.0,18005.0,98.0,cu,Supplier Change (Higher Cost Source),Market-driven
forecast,2025-03,A10,SH-EVEN-02,RESIN COMPOUND,usd,18018.0,17367.0,-651.0,cr,Supplier Negotiation,Operational-driven
forecast,2025-04,A10,SH-EVEN-02,RESIN COMPOUND,usd,17275.0,16548.0,-727.0,cr,Alternative Material Substitution,Engineering-driven
forecast,2025-05,A10,SH-EVEN-02,RESIN COMPOUND,usd,16381.0,16788.0,407.0,cu,Supplier Change (Higher Cost Source),Market-driven
forecast,2025-06,A10,SH-EVEN-02,RESIN COMPOUND,usd,16909.0,16909.0,0.0,,,
forecast,2025-07,A10,SH-EVEN-02,RESIN COMPOUND,usd,16909.0,17610.0,701.0,cu,Raw Material Price Increase,Market-driven
forecast,2025-08,A10,SH-EVEN-02,RESIN COMPOUND,usd,17621.0,17621.0,0.0,,,
forecast,2025-09,A10,SH-EVEN-02,RESIN COMPOUND,usd,17621.0,17123.0,-498.0,cr,Process Improvement (Yield Up),Operational-driven
forecast,2025-10,A10,SH-EVEN-02,RESIN COMPOUND,usd,17066.0,17668.0,602.0,cu,Yield/Scrap Rate Increase,Operational-driven
forecast,2024-11,B1,SH-CATB-D01,PANEL BOTTOM AS,domestic,134348.0,134348.0,0.0,,,
forecast,2024-12,B1,SH-CATB-D01,PANEL BOTTOM AS,domestic,134348.0,132170.0,-2178.0,cr,VA/VE Improvement,Engineering-driven
forecast,2025-01,B1,SH-CATB-D01,PANEL BOTTOM AS,domestic,131620.0,131620.0,0.0,,,
forecast,2025-02,B1,SH-CATB-D01,PANEL BOTTOM AS,domestic,131620.0,125686.0,-5934.0,cr,Localization / Local Sourcing,Operational-driven
forecast,2025-03,B1,SH-CATB-D01,PANEL BOTTOM AS,domestic,126797.0,124031.0,-2766.0,cr,VA/VE Improvement,Engineering-driven
forecast,2025-04,B1,SH-CATB-D01,PANEL BOTTOM AS,domestic,123920.0,128763.0,4843.0,cu,Yield/Scrap Rate Increase,Operational-driven
forecast,2025-05,B1,SH-CATB-D01,PANEL BOTTOM AS,domestic,128004.0,133309.0,5305.0,cu,Yield/Scrap Rate Increase,Operational-driven
forecast,2025-06,B1,SH-CATB-D01,PANEL BOTTOM AS,domestic,134381.0,136146.0,1765.0,cu,Logistics/Freight Cost Increase,Market-driven
forecast,2025-07,B1,SH-CATB-D01,PANEL BOTTOM AS,domestic,136182.0,132648.0,-3534.0,cr,Process Improvement (Yield Up),Operational-driven
forecast,2025-08,B1,SH-CATB-D01,PANEL BOTTOM AS,domestic,133428.0,138839.0,5411.0,cu,Engineering Change / Spec Upgrade,Engineering-driven
forecast,2025-09,B1,SH-CATB-D01,PANEL BOTTOM AS,domestic,137230.0,137230.0,0.0,,,
forecast,2025-10,B1,SH-CATB-D01,PANEL BOTTOM AS,domestic,137230.0,142663.0,5433.0,cu,Raw Material Price Increase,Market-driven
forecast,2024-11,B1,SH-CATB-U01,CONNECTOR HOUSING,usd,58561.0,58259.0,-302.0,cr,Supplier Negotiation,Operational-driven
forecast,2024-12,B1,SH-CATB-U01,CONNECTOR HOUSING,usd,58171.0,60816.0,2645.0,cu,Logistics/Freight Cost Increase,Market-driven
forecast,2025-01,B1,SH-CATB-U01,CONNECTOR HOUSING,usd,60846.0,60846.0,0.0,,,
forecast,2025-02,B1,SH-CATB-U01,CONNECTOR HOUSING,usd,60846.0,57784.0,-3062.0,cr,VA/VE Improvement,Engineering-driven
forecast,2025-03,B1,SH-CATB-U01,CONNECTOR HOUSING,usd,57109.0,60406.0,3297.0,cu,Supplier Change (Higher Cost Source),Market-driven
forecast,2025-04,B1,SH-CATB-U01,CONNECTOR HOUSING,usd,59904.0,57436.0,-2468.0,cr,Alternative Material Substitution,Engineering-driven
forecast,2025-05,B1,SH-CATB-U01,CONNECTOR HOUSING,usd,57895.0,57895.0,0.0,,,
forecast,2025-06,B1,SH-CATB-U01,CONNECTOR HOUSING,usd,57895.0,57895.0,0.0,,,
forecast,2025-07,B1,SH-CATB-U01,CONNECTOR HOUSING,usd,57895.0,58315.0,420.0,cu,Logistics/Freight Cost Increase,Market-driven
forecast,2025-08,B1,SH-CATB-U01,CONNECTOR HOUSING,usd,58316.0,58316.0,0.0,,,
forecast,2025-09,B1,SH-CATB-U01,CONNECTOR HOUSING,usd,58316.0,59433.0,1117.0,cu,Engineering Change / Spec Upgrade,Engineering-driven
forecast,2025-10,B1,SH-CATB-U01,CONNECTOR HOUSING,usd,59288.0,59288.0,0.0,,,
forecast,2024-11,B1,SH-IDX01,PRECISION GEAR,jpy,37408.0,37408.0,0.0,,,
forecast,2024-12,B1,SH-IDX01,PRECISION GEAR,jpy,37408.0,38299.0,891.0,cu,Supplier Change (Higher Cost Source),Market-driven
forecast,2025-01,B1,SH-IDX01,PRECISION GEAR,jpy,38358.0,39499.0,1141.0,cu,Raw Material Price Increase,Market-driven
forecast,2025-02,B1,SH-IDX01,PRECISION GEAR,jpy,39457.0,37452.0,-2005.0,cr,Supplier Negotiation,Operational-driven
forecast,2025-03,B1,SH-IDX01,PRECISION GEAR,jpy,38014.0,37596.0,-418.0,cr,Localization / Local Sourcing,Operational-driven
forecast,2025-04,B1,SH-IDX01,PRECISION GEAR,jpy,37510.0,38066.0,556.0,cu,Raw Material Price Increase,Market-driven
forecast,2025-05,B1,SH-IDX01,PRECISION GEAR,jpy,38061.0,36836.0,-1225.0,cr,Localization / Local Sourcing,Operational-driven
forecast,2025-06,B1,SH-IDX01,PRECISION GEAR,jpy,37044.0,35746.0,-1298.0,cr,Process Improvement (Yield Up),Operational-driven
forecast,2025-07,B1,SH-IDX01,PRECISION GEAR,jpy,35766.0,36498.0,732.0,cu,Engineering Change / Spec Upgrade,Engineering-driven
forecast,2025-08,B1,SH-IDX01,PRECISION GEAR,jpy,36403.0,37885.0,1482.0,cu,Raw Material Price Increase,Market-driven
forecast,2025-09,B1,SH-IDX01,PRECISION GEAR,jpy,38234.0,36066.0,-2168.0,cr,Process Improvement (Yield Up),Operational-driven
forecast,2025-10,B1,SH-IDX01,PRECISION GEAR,jpy,36217.0,36520.0,303.0,cu,Raw Material Price Increase,Market-driven
forecast,2024-11,B1,UQ-B1-01,PANEL FRONT AS,domestic,483641.0,460164.0,-23477.0,cr,VA/VE Improvement,Engineering-driven
forecast,2024-12,B1,UQ-B1-01,PANEL FRONT AS,domestic,465891.0,465891.0,0.0,,,
forecast,2025-01,B1,UQ-B1-01,PANEL FRONT AS,domestic,465891.0,455364.0,-10527.0,cr,VA/VE Improvement,Engineering-driven
forecast,2025-02,B1,UQ-B1-01,PANEL FRONT AS,domestic,456167.0,441489.0,-14678.0,cr,VA/VE Improvement,Engineering-driven
forecast,2025-03,B1,UQ-B1-01,PANEL FRONT AS,domestic,445231.0,460088.0,14857.0,cu,Logistics/Freight Cost Increase,Market-driven
forecast,2025-04,B1,UQ-B1-01,PANEL FRONT AS,domestic,461639.0,434941.0,-26698.0,cr,Supplier Negotiation,Operational-driven
forecast,2025-05,B1,UQ-B1-01,PANEL FRONT AS,domestic,436265.0,436265.0,0.0,,,
forecast,2025-06,B1,UQ-B1-01,PANEL FRONT AS,domestic,436265.0,436265.0,0.0,,,
forecast,2025-07,B1,UQ-B1-01,PANEL FRONT AS,domestic,436265.0,436265.0,0.0,,,
forecast,2025-08,B1,UQ-B1-01,PANEL FRONT AS,domestic,436265.0,458948.0,22683.0,cu,Logistics/Freight Cost Increase,Market-driven
forecast,2025-09,B1,UQ-B1-01,PANEL FRONT AS,domestic,456603.0,456603.0,0.0,,,
forecast,2025-10,B1,UQ-B1-01,PANEL FRONT AS,domestic,456603.0,468555.0,11952.0,cu,Engineering Change / Spec Upgrade,Engineering-driven
forecast,2024-11,B1,UQ-B1-02,BRACKET SUPPORT,domestic,526228.0,543576.0,17348.0,cu,Supplier Change (Higher Cost Source),Market-driven
forecast,2024-12,B1,UQ-B1-02,BRACKET SUPPORT,domestic,540248.0,562065.0,21817.0,cu,Yield/Scrap Rate Increase,Operational-driven
forecast,2025-01,B1,UQ-B1-02,BRACKET SUPPORT,domestic,559692.0,590255.0,30563.0,cu,Yield/Scrap Rate Increase,Operational-driven
forecast,2025-02,B1,UQ-B1-02,BRACKET SUPPORT,domestic,599083.0,566275.0,-32808.0,cr,Alternative Material Substitution,Engineering-driven
forecast,2025-03,B1,UQ-B1-02,BRACKET SUPPORT,domestic,556656.0,533819.0,-22837.0,cr,Localization / Local Sourcing,Operational-driven
forecast,2025-04,B1,UQ-B1-02,BRACKET SUPPORT,domestic,527012.0,542008.0,14996.0,cu,Yield/Scrap Rate Increase,Operational-driven
forecast,2025-05,B1,UQ-B1-02,BRACKET SUPPORT,domestic,540472.0,551042.0,10570.0,cu,Engineering Change / Spec Upgrade,Engineering-driven
forecast,2025-06,B1,UQ-B1-02,BRACKET SUPPORT,domestic,554082.0,536816.0,-17266.0,cr,Supplier Negotiation,Operational-driven
forecast,2025-07,B1,UQ-B1-02,BRACKET SUPPORT,domestic,541863.0,563830.0,21967.0,cu,Engineering Change / Spec Upgrade,Engineering-driven
forecast,2025-08,B1,UQ-B1-02,BRACKET SUPPORT,domestic,557514.0,557514.0,0.0,,,
forecast,2025-09,B1,UQ-B1-02,BRACKET SUPPORT,domestic,557514.0,545039.0,-12475.0,cr,Process Improvement (Yield Up),Operational-driven
forecast,2025-10,B1,UQ-B1-02,BRACKET SUPPORT,domestic,542515.0,521847.0,-20668.0,cr,Supplier Negotiation,Operational-driven
forecast,2024-11,B1,UQ-B1-03,IC CHIP CONTROL,usd,410894.0,434365.0,23471.0,cu,Logistics/Freight Cost Increase,Market-driven
forecast,2024-12,B1,UQ-B1-03,IC CHIP CONTROL,usd,481306.0,487663.0,6357.0,cu,Yield/Scrap Rate Increase,Operational-driven
forecast,2025-01,B1,UQ-B1-03,IC CHIP CONTROL,usd,496361.0,500724.0,4363.0,cu,Supplier Change (Higher Cost Source),Market-driven
forecast,2025-02,B1,UQ-B1-03,IC CHIP CONTROL,usd,508264.0,523784.0,15520.0,cu,Logistics/Freight Cost Increase,Market-driven
forecast,2025-03,B1,UQ-B1-03,IC CHIP CONTROL,usd,552480.0,565973.0,13493.0,cu,Yield/Scrap Rate Increase,Operational-driven
forecast,2025-04,B1,UQ-B1-03,IC CHIP CONTROL,usd,580011.0,589507.0,9496.0,cu,Yield/Scrap Rate Increase,Operational-driven
forecast,2025-05,B1,UQ-B1-03,IC CHIP CONTROL,usd,604899.0,588812.0,-16087.0,cr,Localization / Local Sourcing,Operational-driven
forecast,2025-06,B1,UQ-B1-03,IC CHIP CONTROL,usd,573165.0,597218.0,24053.0,cu,Yield/Scrap Rate Increase,Operational-driven
forecast,2025-07,B1,UQ-B1-03,IC CHIP CONTROL,usd,635468.0,645363.0,9895.0,cu,Logistics/Freight Cost Increase,Market-driven
forecast,2025-08,B1,UQ-B1-03,IC CHIP CONTROL,usd,659307.0,624359.0,-34948.0,cr,VA/VE Improvement,Engineering-driven
forecast,2025-09,B1,UQ-B1-03,IC CHIP CONTROL,usd,559251.0,542435.0,-16816.0,cr,Supplier Negotiation,Operational-driven
forecast,2025-10,B1,UQ-B1-03,IC CHIP CONTROL,usd,513907.0,523427.0,9520.0,cu,Engineering Change / Spec Upgrade,Engineering-driven
forecast,2024-11,B1,UQ-B1-04,MOTOR UNIT,jpy,203188.0,203188.0,0.0,,,
forecast,2024-12,B1,UQ-B1-04,MOTOR UNIT,jpy,203188.0,198811.0,-4377.0,cr,Alternative Material Substitution,Engineering-driven
forecast,2025-01,B1,UQ-B1-04,MOTOR UNIT,jpy,197722.0,199650.0,1928.0,cu,Supplier Change (Higher Cost Source),Market-driven
forecast,2025-02,B1,UQ-B1-04,MOTOR UNIT,jpy,199304.0,194359.0,-4945.0,cr,Alternative Material Substitution,Engineering-driven
forecast,2025-03,B1,UQ-B1-04,MOTOR UNIT,jpy,193651.0,193651.0,0.0,,,
forecast,2025-04,B1,UQ-B1-04,MOTOR UNIT,jpy,193651.0,191212.0,-2439.0,cr,VA/VE Improvement,Engineering-driven
forecast,2025-05,B1,UQ-B1-04,MOTOR UNIT,jpy,190613.0,187370.0,-3243.0,cr,Alternative Material Substitution,Engineering-driven
forecast,2025-06,B1,UQ-B1-04,MOTOR UNIT,jpy,186951.0,186951.0,0.0,,,
forecast,2025-07,B1,UQ-B1-04,MOTOR UNIT,jpy,186951.0,178973.0,-7978.0,cr,Alternative Material Substitution,Engineering-driven
forecast,2025-08,B1,UQ-B1-04,MOTOR UNIT,jpy,180739.0,182452.0,1713.0,cu,Yield/Scrap Rate Increase,Operational-driven
forecast,2025-09,B1,UQ-B1-04,MOTOR UNIT,jpy,182005.0,191201.0,9196.0,cu,Supplier Change (Higher Cost Source),Market-driven
forecast,2025-10,B1,UQ-B1-04,MOTOR UNIT,jpy,190147.0,196705.0,6558.0,cu,Raw Material Price Increase,Market-driven
forecast,2024-11,B1,UQ-B1-05,SENSOR MODULE,jpy,245458.0,233591.0,-11867.0,cr,VA/VE Improvement,Engineering-driven
forecast,2024-12,B1,UQ-B1-05,SENSOR MODULE,jpy,231205.0,217742.0,-13463.0,cr,Supplier Negotiation,Operational-driven
forecast,2025-01,B1,UQ-B1-05,SENSOR MODULE,jpy,218643.0,213895.0,-4748.0,cr,Alternative Material Substitution,Engineering-driven
forecast,2025-02,B1,UQ-B1-05,SENSOR MODULE,jpy,214270.0,214270.0,0.0,,,
forecast,2025-03,B1,UQ-B1-05,SENSOR MODULE,jpy,214270.0,202366.0,-11904.0,cr,VA/VE Improvement,Engineering-driven
forecast,2025-04,B1,UQ-B1-05,SENSOR MODULE,jpy,199402.0,188436.0,-10966.0,cr,VA/VE Improvement,Engineering-driven
forecast,2025-05,B1,UQ-B1-05,SENSOR MODULE,jpy,185692.0,185692.0,0.0,,,
forecast,2025-06,B1,UQ-B1-05,SENSOR MODULE,jpy,185692.0,185692.0,0.0,,,
forecast,2025-07,B1,UQ-B1-05,SENSOR MODULE,jpy,185692.0,177498.0,-8194.0,cr,Process Improvement (Yield Up),Operational-driven
forecast,2025-08,B1,UQ-B1-05,SENSOR MODULE,jpy,176043.0,167888.0,-8155.0,cr,VA/VE Improvement,Engineering-driven
forecast,2025-09,B1,UQ-B1-05,SENSOR MODULE,jpy,168503.0,166516.0,-1987.0,cr,VA/VE Improvement,Engineering-driven
forecast,2025-10,B1,UQ-B1-05,SENSOR MODULE,jpy,166542.0,160416.0,-6126.0,cr,Supplier Negotiation,Operational-driven
forecast,2024-11,B2,SH-CATB-D01,PANEL BOTTOM AS,domestic,134348.0,134348.0,0.0,,,
forecast,2024-12,B2,SH-CATB-D01,PANEL BOTTOM AS,domestic,134348.0,132170.0,-2178.0,cr,VA/VE Improvement,Engineering-driven
forecast,2025-01,B2,SH-CATB-D01,PANEL BOTTOM AS,domestic,131620.0,131620.0,0.0,,,
forecast,2025-02,B2,SH-CATB-D01,PANEL BOTTOM AS,domestic,131620.0,125686.0,-5934.0,cr,Localization / Local Sourcing,Operational-driven
forecast,2025-03,B2,SH-CATB-D01,PANEL BOTTOM AS,domestic,126797.0,124031.0,-2766.0,cr,VA/VE Improvement,Engineering-driven
forecast,2025-04,B2,SH-CATB-D01,PANEL BOTTOM AS,domestic,123920.0,128763.0,4843.0,cu,Yield/Scrap Rate Increase,Operational-driven
forecast,2025-05,B2,SH-CATB-D01,PANEL BOTTOM AS,domestic,128004.0,133309.0,5305.0,cu,Yield/Scrap Rate Increase,Operational-driven
forecast,2025-06,B2,SH-CATB-D01,PANEL BOTTOM AS,domestic,134381.0,136146.0,1765.0,cu,Logistics/Freight Cost Increase,Market-driven
forecast,2025-07,B2,SH-CATB-D01,PANEL BOTTOM AS,domestic,136182.0,132648.0,-3534.0,cr,Process Improvement (Yield Up),Operational-driven
forecast,2025-08,B2,SH-CATB-D01,PANEL BOTTOM AS,domestic,133428.0,138839.0,5411.0,cu,Engineering Change / Spec Upgrade,Engineering-driven
forecast,2025-09,B2,SH-CATB-D01,PANEL BOTTOM AS,domestic,137230.0,137230.0,0.0,,,
forecast,2025-10,B2,SH-CATB-D01,PANEL BOTTOM AS,domestic,137230.0,142663.0,5433.0,cu,Raw Material Price Increase,Market-driven
forecast,2024-11,B2,SH-CATB-U01,CONNECTOR HOUSING,usd,58561.0,58259.0,-302.0,cr,Supplier Negotiation,Operational-driven
forecast,2024-12,B2,SH-CATB-U01,CONNECTOR HOUSING,usd,58171.0,60816.0,2645.0,cu,Logistics/Freight Cost Increase,Market-driven
forecast,2025-01,B2,SH-CATB-U01,CONNECTOR HOUSING,usd,60846.0,60846.0,0.0,,,
forecast,2025-02,B2,SH-CATB-U01,CONNECTOR HOUSING,usd,60846.0,57784.0,-3062.0,cr,VA/VE Improvement,Engineering-driven
forecast,2025-03,B2,SH-CATB-U01,CONNECTOR HOUSING,usd,57109.0,60406.0,3297.0,cu,Supplier Change (Higher Cost Source),Market-driven
forecast,2025-04,B2,SH-CATB-U01,CONNECTOR HOUSING,usd,59904.0,57436.0,-2468.0,cr,Alternative Material Substitution,Engineering-driven
forecast,2025-05,B2,SH-CATB-U01,CONNECTOR HOUSING,usd,57895.0,57895.0,0.0,,,
forecast,2025-06,B2,SH-CATB-U01,CONNECTOR HOUSING,usd,57895.0,57895.0,0.0,,,
forecast,2025-07,B2,SH-CATB-U01,CONNECTOR HOUSING,usd,57895.0,58315.0,420.0,cu,Logistics/Freight Cost Increase,Market-driven
forecast,2025-08,B2,SH-CATB-U01,CONNECTOR HOUSING,usd,58316.0,58316.0,0.0,,,
forecast,2025-09,B2,SH-CATB-U01,CONNECTOR HOUSING,usd,58316.0,59433.0,1117.0,cu,Engineering Change / Spec Upgrade,Engineering-driven
forecast,2025-10,B2,SH-CATB-U01,CONNECTOR HOUSING,usd,59288.0,59288.0,0.0,,,
forecast,2024-11,B2,SH-IDX02,PRECISION GEAR,jpy,42447.0,41007.0,-1440.0,cr,Alternative Material Substitution,Engineering-driven
forecast,2024-12,B2,SH-IDX02,PRECISION GEAR,jpy,41052.0,40290.0,-762.0,cr,Supplier Negotiation,Operational-driven
forecast,2025-01,B2,SH-IDX02,PRECISION GEAR,jpy,40088.0,41999.0,1911.0,cu,Yield/Scrap Rate Increase,Operational-driven
forecast,2025-02,B2,SH-IDX02,PRECISION GEAR,jpy,42216.0,42216.0,0.0,,,
forecast,2025-03,B2,SH-IDX02,PRECISION GEAR,jpy,42216.0,41680.0,-536.0,cr,Process Improvement (Yield Up),Operational-driven
forecast,2025-04,B2,SH-IDX02,PRECISION GEAR,jpy,41605.0,41605.0,0.0,,,
forecast,2025-05,B2,SH-IDX02,PRECISION GEAR,jpy,41605.0,41605.0,0.0,,,
forecast,2025-06,B2,SH-IDX02,PRECISION GEAR,jpy,41605.0,39237.0,-2368.0,cr,VA/VE Improvement,Engineering-driven
forecast,2025-07,B2,SH-IDX02,PRECISION GEAR,jpy,39000.0,37490.0,-1510.0,cr,Process Improvement (Yield Up),Operational-driven
forecast,2025-08,B2,SH-IDX02,PRECISION GEAR,jpy,37475.0,38580.0,1105.0,cu,Engineering Change / Spec Upgrade,Engineering-driven
forecast,2025-09,B2,SH-IDX02,PRECISION GEAR,jpy,38797.0,41098.0,2301.0,cu,Raw Material Price Increase,Market-driven
forecast,2025-10,B2,SH-IDX02,PRECISION GEAR,jpy,41778.0,42632.0,854.0,cu,Engineering Change / Spec Upgrade,Engineering-driven
forecast,2024-11,B2,UQ-B2-01,PANEL FRONT AS,domestic,520837.0,524523.0,3686.0,cu,Yield/Scrap Rate Increase,Operational-driven
forecast,2024-12,B2,UQ-B2-01,PANEL FRONT AS,domestic,523707.0,535838.0,12131.0,cu,Engineering Change / Spec Upgrade,Engineering-driven
forecast,2025-01,B2,UQ-B2-01,PANEL FRONT AS,domestic,538365.0,506129.0,-32236.0,cr,VA/VE Improvement,Engineering-driven
forecast,2025-02,B2,UQ-B2-01,PANEL FRONT AS,domestic,501091.0,497321.0,-3770.0,cr,Supplier Negotiation,Operational-driven
forecast,2025-03,B2,UQ-B2-01,PANEL FRONT AS,domestic,497709.0,526567.0,28858.0,cu,Yield/Scrap Rate Increase,Operational-driven
forecast,2025-04,B2,UQ-B2-01,PANEL FRONT AS,domestic,534585.0,515525.0,-19060.0,cr,Localization / Local Sourcing,Operational-driven
forecast,2025-05,B2,UQ-B2-01,PANEL FRONT AS,domestic,519137.0,519137.0,0.0,,,
forecast,2025-06,B2,UQ-B2-01,PANEL FRONT AS,domestic,519137.0,538595.0,19458.0,cu,Logistics/Freight Cost Increase,Market-driven
forecast,2025-07,B2,UQ-B2-01,PANEL FRONT AS,domestic,533513.0,506064.0,-27449.0,cr,Process Improvement (Yield Up),Operational-driven
forecast,2025-08,B2,UQ-B2-01,PANEL FRONT AS,domestic,502923.0,495457.0,-7466.0,cr,VA/VE Improvement,Engineering-driven
forecast,2025-09,B2,UQ-B2-01,PANEL FRONT AS,domestic,494586.0,478647.0,-15939.0,cr,Alternative Material Substitution,Engineering-driven
forecast,2025-10,B2,UQ-B2-01,PANEL FRONT AS,domestic,482866.0,480376.0,-2490.0,cr,Localization / Local Sourcing,Operational-driven
forecast,2024-11,B2,UQ-B2-02,BRACKET SUPPORT,domestic,705477.0,695654.0,-9823.0,cr,VA/VE Improvement,Engineering-driven
forecast,2024-12,B2,UQ-B2-02,BRACKET SUPPORT,domestic,693833.0,693833.0,0.0,,,
forecast,2025-01,B2,UQ-B2-02,BRACKET SUPPORT,domestic,693833.0,697546.0,3713.0,cu,Logistics/Freight Cost Increase,Market-driven
forecast,2025-02,B2,UQ-B2-02,BRACKET SUPPORT,domestic,697639.0,737774.0,40135.0,cu,Raw Material Price Increase,Market-driven
forecast,2025-03,B2,UQ-B2-02,BRACKET SUPPORT,domestic,734707.0,754704.0,19997.0,cu,Logistics/Freight Cost Increase,Market-driven
forecast,2025-04,B2,UQ-B2-02,BRACKET SUPPORT,domestic,753590.0,763390.0,9800.0,cu,Supplier Change (Higher Cost Source),Market-driven
forecast,2025-05,B2,UQ-B2-02,BRACKET SUPPORT,domestic,765625.0,780006.0,14381.0,cu,Engineering Change / Spec Upgrade,Engineering-driven
forecast,2025-06,B2,UQ-B2-02,BRACKET SUPPORT,domestic,776976.0,758620.0,-18356.0,cr,Alternative Material Substitution,Engineering-driven
forecast,2025-07,B2,UQ-B2-02,BRACKET SUPPORT,domestic,762775.0,762775.0,0.0,,,
forecast,2025-08,B2,UQ-B2-02,BRACKET SUPPORT,domestic,762775.0,787347.0,24572.0,cu,Engineering Change / Spec Upgrade,Engineering-driven
forecast,2025-09,B2,UQ-B2-02,BRACKET SUPPORT,domestic,789383.0,778806.0,-10577.0,cr,Supplier Negotiation,Operational-driven
forecast,2025-10,B2,UQ-B2-02,BRACKET SUPPORT,domestic,777534.0,787135.0,9601.0,cu,Supplier Change (Higher Cost Source),Market-driven
forecast,2024-11,B2,UQ-B2-03,IC CHIP CONTROL,usd,344249.0,344249.0,0.0,,,
forecast,2024-12,B2,UQ-B2-03,IC CHIP CONTROL,usd,344249.0,349577.0,5328.0,cu,Yield/Scrap Rate Increase,Operational-driven
forecast,2025-01,B2,UQ-B2-03,IC CHIP CONTROL,usd,349906.0,365001.0,15095.0,cu,Supplier Change (Higher Cost Source),Market-driven
forecast,2025-02,B2,UQ-B2-03,IC CHIP CONTROL,usd,360486.0,364545.0,4059.0,cu,Engineering Change / Spec Upgrade,Engineering-driven
forecast,2025-03,B2,UQ-B2-03,IC CHIP CONTROL,usd,363989.0,363989.0,0.0,,,
forecast,2025-04,B2,UQ-B2-03,IC CHIP CONTROL,usd,363989.0,374042.0,10053.0,cu,Supplier Change (Higher Cost Source),Market-driven
forecast,2025-05,B2,UQ-B2-03,IC CHIP CONTROL,usd,371943.0,350999.0,-20944.0,cr,Process Improvement (Yield Up),Operational-driven
forecast,2025-06,B2,UQ-B2-03,IC CHIP CONTROL,usd,355377.0,371328.0,15951.0,cu,Yield/Scrap Rate Increase,Operational-driven
forecast,2025-07,B2,UQ-B2-03,IC CHIP CONTROL,usd,372224.0,377633.0,5409.0,cu,Engineering Change / Spec Upgrade,Engineering-driven
forecast,2025-08,B2,UQ-B2-03,IC CHIP CONTROL,usd,376338.0,391668.0,15330.0,cu,Logistics/Freight Cost Increase,Market-driven
forecast,2025-09,B2,UQ-B2-03,IC CHIP CONTROL,usd,391227.0,391227.0,0.0,,,
forecast,2025-10,B2,UQ-B2-03,IC CHIP CONTROL,usd,391227.0,409938.0,18711.0,cu,Engineering Change / Spec Upgrade,Engineering-driven
forecast,2024-11,B2,UQ-B2-04,MOTOR UNIT,jpy,475985.0,462849.0,-13136.0,cr,Supplier Negotiation,Operational-driven
forecast,2024-12,B2,UQ-B2-04,MOTOR UNIT,jpy,459148.0,452101.0,-7047.0,cr,VA/VE Improvement,Engineering-driven
forecast,2025-01,B2,UQ-B2-04,MOTOR UNIT,jpy,453298.0,429865.0,-23433.0,cr,Localization / Local Sourcing,Operational-driven
forecast,2025-02,B2,UQ-B2-04,MOTOR UNIT,jpy,434010.0,411534.0,-22476.0,cr,Supplier Negotiation,Operational-driven
forecast,2025-03,B2,UQ-B2-04,MOTOR UNIT,jpy,416752.0,416752.0,0.0,,,
forecast,2025-04,B2,UQ-B2-04,MOTOR UNIT,jpy,416752.0,421851.0,5099.0,cu,Yield/Scrap Rate Increase,Operational-driven
forecast,2025-05,B2,UQ-B2-04,MOTOR UNIT,jpy,422209.0,433407.0,11198.0,cu,Engineering Change / Spec Upgrade,Engineering-driven
forecast,2025-06,B2,UQ-B2-04,MOTOR UNIT,jpy,433260.0,412007.0,-21253.0,cr,Process Improvement (Yield Up),Operational-driven
forecast,2025-07,B2,UQ-B2-04,MOTOR UNIT,jpy,412315.0,436913.0,24598.0,cu,Logistics/Freight Cost Increase,Market-driven
forecast,2025-08,B2,UQ-B2-04,MOTOR UNIT,jpy,437752.0,445204.0,7452.0,cu,Engineering Change / Spec Upgrade,Engineering-driven
forecast,2025-09,B2,UQ-B2-04,MOTOR UNIT,jpy,445523.0,452137.0,6614.0,cu,Engineering Change / Spec Upgrade,Engineering-driven
forecast,2025-10,B2,UQ-B2-04,MOTOR UNIT,jpy,451340.0,424959.0,-26381.0,cr,Supplier Negotiation,Operational-driven
forecast,2024-11,B2,UQ-B2-05,SENSOR MODULE,jpy,528802.0,504275.0,-24527.0,cr,Supplier Negotiation,Operational-driven
forecast,2024-12,B2,UQ-B2-05,SENSOR MODULE,jpy,503774.0,531425.0,27651.0,cu,Raw Material Price Increase,Market-driven
forecast,2025-01,B2,UQ-B2-05,SENSOR MODULE,jpy,526644.0,511851.0,-14793.0,cr,Supplier Negotiation,Operational-driven
forecast,2025-02,B2,UQ-B2-05,SENSOR MODULE,jpy,509972.0,505777.0,-4195.0,cr,Supplier Negotiation,Operational-driven
forecast,2025-03,B2,UQ-B2-05,SENSOR MODULE,jpy,506774.0,477844.0,-28930.0,cr,Process Improvement (Yield Up),Operational-driven
forecast,2025-04,B2,UQ-B2-05,SENSOR MODULE,jpy,471315.0,453085.0,-18230.0,cr,Supplier Negotiation,Operational-driven
forecast,2025-05,B2,UQ-B2-05,SENSOR MODULE,jpy,451035.0,430726.0,-20309.0,cr,Localization / Local Sourcing,Operational-driven
forecast,2025-06,B2,UQ-B2-05,SENSOR MODULE,jpy,430237.0,441959.0,11722.0,cu,Supplier Change (Higher Cost Source),Market-driven
forecast,2025-07,B2,UQ-B2-05,SENSOR MODULE,jpy,439479.0,450349.0,10870.0,cu,Logistics/Freight Cost Increase,Market-driven
forecast,2025-08,B2,UQ-B2-05,SENSOR MODULE,jpy,448227.0,436763.0,-11464.0,cr,Supplier Negotiation,Operational-driven
forecast,2025-09,B2,UQ-B2-05,SENSOR MODULE,jpy,435032.0,459037.0,24005.0,cu,Raw Material Price Increase,Market-driven
forecast,2025-10,B2,UQ-B2-05,SENSOR MODULE,jpy,459728.0,480914.0,21186.0,cu,Logistics/Freight Cost Increase,Market-driven
forecast,2024-11,B2,SH-EVEN-01,TAPE PU-F,domestic,70295.0,68189.0,-2106.0,cr,Localization / Local Sourcing,Operational-driven
forecast,2024-12,B2,SH-EVEN-01,TAPE PU-F,domestic,67819.0,68532.0,713.0,cu,Engineering Change / Spec Upgrade,Engineering-driven
forecast,2025-01,B2,SH-EVEN-01,TAPE PU-F,domestic,68361.0,67735.0,-626.0,cr,Localization / Local Sourcing,Operational-driven
forecast,2025-02,B2,SH-EVEN-01,TAPE PU-F,domestic,67771.0,70653.0,2882.0,cu,Logistics/Freight Cost Increase,Market-driven
forecast,2025-03,B2,SH-EVEN-01,TAPE PU-F,domestic,70908.0,70908.0,0.0,,,
forecast,2025-04,B2,SH-EVEN-01,TAPE PU-F,domestic,70908.0,68376.0,-2532.0,cr,Localization / Local Sourcing,Operational-driven
forecast,2025-05,B2,SH-EVEN-01,TAPE PU-F,domestic,67971.0,70788.0,2817.0,cu,Logistics/Freight Cost Increase,Market-driven
forecast,2025-06,B2,SH-EVEN-01,TAPE PU-F,domestic,70882.0,69951.0,-931.0,cr,Process Improvement (Yield Up),Operational-driven
forecast,2025-07,B2,SH-EVEN-01,TAPE PU-F,domestic,70015.0,71061.0,1046.0,cu,Yield/Scrap Rate Increase,Operational-driven
forecast,2025-08,B2,SH-EVEN-01,TAPE PU-F,domestic,71263.0,71263.0,0.0,,,
forecast,2025-09,B2,SH-EVEN-01,TAPE PU-F,domestic,71263.0,69400.0,-1863.0,cr,Localization / Local Sourcing,Operational-driven
forecast,2025-10,B2,SH-EVEN-01,TAPE PU-F,domestic,69379.0,73502.0,4123.0,cu,Logistics/Freight Cost Increase,Market-driven
forecast,2024-11,B2,SH-EVEN-02,RESIN COMPOUND,usd,19042.0,19042.0,0.0,,,
forecast,2024-12,B2,SH-EVEN-02,RESIN COMPOUND,usd,19042.0,18941.0,-101.0,cr,Supplier Negotiation,Operational-driven
forecast,2025-01,B2,SH-EVEN-02,RESIN COMPOUND,usd,18947.0,18128.0,-819.0,cr,Alternative Material Substitution,Engineering-driven
forecast,2025-02,B2,SH-EVEN-02,RESIN COMPOUND,usd,17907.0,18005.0,98.0,cu,Supplier Change (Higher Cost Source),Market-driven
forecast,2025-03,B2,SH-EVEN-02,RESIN COMPOUND,usd,18018.0,17367.0,-651.0,cr,Supplier Negotiation,Operational-driven
forecast,2025-04,B2,SH-EVEN-02,RESIN COMPOUND,usd,17275.0,16548.0,-727.0,cr,Alternative Material Substitution,Engineering-driven
forecast,2025-05,B2,SH-EVEN-02,RESIN COMPOUND,usd,16381.0,16788.0,407.0,cu,Supplier Change (Higher Cost Source),Market-driven
forecast,2025-06,B2,SH-EVEN-02,RESIN COMPOUND,usd,16909.0,16909.0,0.0,,,
forecast,2025-07,B2,SH-EVEN-02,RESIN COMPOUND,usd,16909.0,17610.0,701.0,cu,Raw Material Price Increase,Market-driven
forecast,2025-08,B2,SH-EVEN-02,RESIN COMPOUND,usd,17621.0,17621.0,0.0,,,
forecast,2025-09,B2,SH-EVEN-02,RESIN COMPOUND,usd,17621.0,17123.0,-498.0,cr,Process Improvement (Yield Up),Operational-driven
forecast,2025-10,B2,SH-EVEN-02,RESIN COMPOUND,usd,17066.0,17668.0,602.0,cu,Yield/Scrap Rate Increase,Operational-driven
forecast,2024-11,B3,SH-CATB-D01,PANEL BOTTOM AS,domestic,134348.0,134348.0,0.0,,,
forecast,2024-12,B3,SH-CATB-D01,PANEL BOTTOM AS,domestic,134348.0,132170.0,-2178.0,cr,VA/VE Improvement,Engineering-driven
forecast,2025-01,B3,SH-CATB-D01,PANEL BOTTOM AS,domestic,131620.0,131620.0,0.0,,,
forecast,2025-02,B3,SH-CATB-D01,PANEL BOTTOM AS,domestic,131620.0,125686.0,-5934.0,cr,Localization / Local Sourcing,Operational-driven
forecast,2025-03,B3,SH-CATB-D01,PANEL BOTTOM AS,domestic,126797.0,124031.0,-2766.0,cr,VA/VE Improvement,Engineering-driven
forecast,2025-04,B3,SH-CATB-D01,PANEL BOTTOM AS,domestic,123920.0,128763.0,4843.0,cu,Yield/Scrap Rate Increase,Operational-driven
forecast,2025-05,B3,SH-CATB-D01,PANEL BOTTOM AS,domestic,128004.0,133309.0,5305.0,cu,Yield/Scrap Rate Increase,Operational-driven
forecast,2025-06,B3,SH-CATB-D01,PANEL BOTTOM AS,domestic,134381.0,136146.0,1765.0,cu,Logistics/Freight Cost Increase,Market-driven
forecast,2025-07,B3,SH-CATB-D01,PANEL BOTTOM AS,domestic,136182.0,132648.0,-3534.0,cr,Process Improvement (Yield Up),Operational-driven
forecast,2025-08,B3,SH-CATB-D01,PANEL BOTTOM AS,domestic,133428.0,138839.0,5411.0,cu,Engineering Change / Spec Upgrade,Engineering-driven
forecast,2025-09,B3,SH-CATB-D01,PANEL BOTTOM AS,domestic,137230.0,137230.0,0.0,,,
forecast,2025-10,B3,SH-CATB-D01,PANEL BOTTOM AS,domestic,137230.0,142663.0,5433.0,cu,Raw Material Price Increase,Market-driven
forecast,2024-11,B3,SH-CATB-U01,CONNECTOR HOUSING,usd,58561.0,58259.0,-302.0,cr,Supplier Negotiation,Operational-driven
forecast,2024-12,B3,SH-CATB-U01,CONNECTOR HOUSING,usd,58171.0,60816.0,2645.0,cu,Logistics/Freight Cost Increase,Market-driven
forecast,2025-01,B3,SH-CATB-U01,CONNECTOR HOUSING,usd,60846.0,60846.0,0.0,,,
forecast,2025-02,B3,SH-CATB-U01,CONNECTOR HOUSING,usd,60846.0,57784.0,-3062.0,cr,VA/VE Improvement,Engineering-driven
forecast,2025-03,B3,SH-CATB-U01,CONNECTOR HOUSING,usd,57109.0,60406.0,3297.0,cu,Supplier Change (Higher Cost Source),Market-driven
forecast,2025-04,B3,SH-CATB-U01,CONNECTOR HOUSING,usd,59904.0,57436.0,-2468.0,cr,Alternative Material Substitution,Engineering-driven
forecast,2025-05,B3,SH-CATB-U01,CONNECTOR HOUSING,usd,57895.0,57895.0,0.0,,,
forecast,2025-06,B3,SH-CATB-U01,CONNECTOR HOUSING,usd,57895.0,57895.0,0.0,,,
forecast,2025-07,B3,SH-CATB-U01,CONNECTOR HOUSING,usd,57895.0,58315.0,420.0,cu,Logistics/Freight Cost Increase,Market-driven
forecast,2025-08,B3,SH-CATB-U01,CONNECTOR HOUSING,usd,58316.0,58316.0,0.0,,,
forecast,2025-09,B3,SH-CATB-U01,CONNECTOR HOUSING,usd,58316.0,59433.0,1117.0,cu,Engineering Change / Spec Upgrade,Engineering-driven
forecast,2025-10,B3,SH-CATB-U01,CONNECTOR HOUSING,usd,59288.0,59288.0,0.0,,,
forecast,2024-11,B3,SH-IDX03,PRECISION GEAR,jpy,110238.0,114389.0,4151.0,cu,Logistics/Freight Cost Increase,Market-driven
forecast,2024-12,B3,SH-IDX03,PRECISION GEAR,jpy,115498.0,110022.0,-5476.0,cr,Alternative Material Substitution,Engineering-driven
forecast,2025-01,B3,SH-IDX03,PRECISION GEAR,jpy,110623.0,114889.0,4266.0,cu,Yield/Scrap Rate Increase,Operational-driven
forecast,2025-02,B3,SH-IDX03,PRECISION GEAR,jpy,113966.0,115784.0,1818.0,cu,Engineering Change / Spec Upgrade,Engineering-driven
forecast,2025-03,B3,SH-IDX03,PRECISION GEAR,jpy,115790.0,110578.0,-5212.0,cr,VA/VE Improvement,Engineering-driven
forecast,2025-04,B3,SH-IDX03,PRECISION GEAR,jpy,110166.0,104548.0,-5618.0,cr,VA/VE Improvement,Engineering-driven
forecast,2025-05,B3,SH-IDX03,PRECISION GEAR,jpy,104130.0,99285.0,-4845.0,cr,Supplier Negotiation,Operational-driven
forecast,2025-06,B3,SH-IDX03,PRECISION GEAR,jpy,98817.0,94363.0,-4454.0,cr,Process Improvement (Yield Up),Operational-driven
forecast,2025-07,B3,SH-IDX03,PRECISION GEAR,jpy,93858.0,92537.0,-1321.0,cr,Alternative Material Substitution,Engineering-driven
forecast,2025-08,B3,SH-IDX03,PRECISION GEAR,jpy,92328.0,90967.0,-1361.0,cr,Localization / Local Sourcing,Operational-driven
forecast,2025-09,B3,SH-IDX03,PRECISION GEAR,jpy,91273.0,91273.0,0.0,,,
forecast,2025-10,B3,SH-IDX03,PRECISION GEAR,jpy,91273.0,92642.0,1369.0,cu,Supplier Change (Higher Cost Source),Market-driven
forecast,2024-11,B3,UQ-B3-01,PANEL FRONT AS,domestic,489098.0,513296.0,24198.0,cu,Logistics/Freight Cost Increase,Market-driven
forecast,2024-12,B3,UQ-B3-01,PANEL FRONT AS,domestic,511377.0,487966.0,-23411.0,cr,Alternative Material Substitution,Engineering-driven
forecast,2025-01,B3,UQ-B3-01,PANEL FRONT AS,domestic,482145.0,482145.0,0.0,,,
forecast,2025-02,B3,UQ-B3-01,PANEL FRONT AS,domestic,482145.0,466935.0,-15210.0,cr,Alternative Material Substitution,Engineering-driven
forecast,2025-03,B3,UQ-B3-01,PANEL FRONT AS,domestic,469844.0,452639.0,-17205.0,cr,Alternative Material Substitution,Engineering-driven
forecast,2025-04,B3,UQ-B3-01,PANEL FRONT AS,domestic,451987.0,471354.0,19367.0,cu,Yield/Scrap Rate Increase,Operational-driven
forecast,2025-05,B3,UQ-B3-01,PANEL FRONT AS,domestic,475376.0,475376.0,0.0,,,
forecast,2025-06,B3,UQ-B3-01,PANEL FRONT AS,domestic,475376.0,480948.0,5572.0,cu,Logistics/Freight Cost Increase,Market-driven
forecast,2025-07,B3,UQ-B3-01,PANEL FRONT AS,domestic,481377.0,465640.0,-15737.0,cr,Process Improvement (Yield Up),Operational-driven
forecast,2025-08,B3,UQ-B3-01,PANEL FRONT AS,domestic,466295.0,481932.0,15637.0,cu,Raw Material Price Increase,Market-driven
forecast,2025-09,B3,UQ-B3-01,PANEL FRONT AS,domestic,481606.0,461242.0,-20364.0,cr,Alternative Material Substitution,Engineering-driven
forecast,2025-10,B3,UQ-B3-01,PANEL FRONT AS,domestic,462573.0,462573.0,0.0,,,
forecast,2024-11,B3,UQ-B3-02,BRACKET SUPPORT,domestic,400491.0,424178.0,23687.0,cu,Supplier Change (Higher Cost Source),Market-driven
forecast,2024-12,B3,UQ-B3-02,BRACKET SUPPORT,domestic,428131.0,446843.0,18712.0,cu,Logistics/Freight Cost Increase,Market-driven
forecast,2025-01,B3,UQ-B3-02,BRACKET SUPPORT,domestic,447428.0,423110.0,-24318.0,cr,Process Improvement (Yield Up),Operational-driven
forecast,2025-02,B3,UQ-B3-02,BRACKET SUPPORT,domestic,423716.0,434192.0,10476.0,cu,Logistics/Freight Cost Increase,Market-driven
forecast,2025-03,B3,UQ-B3-02,BRACKET SUPPORT,domestic,434086.0,413831.0,-20255.0,cr,Alternative Material Substitution,Engineering-driven
forecast,2025-04,B3,UQ-B3-02,BRACKET SUPPORT,domestic,411624.0,428388.0,16764.0,cu,Engineering Change / Spec Upgrade,Engineering-driven
forecast,2025-05,B3,UQ-B3-02,BRACKET SUPPORT,domestic,428302.0,449712.0,21410.0,cu,Yield/Scrap Rate Increase,Operational-driven
forecast,2025-06,B3,UQ-B3-02,BRACKET SUPPORT,domestic,450166.0,450166.0,0.0,,,
forecast,2025-07,B3,UQ-B3-02,BRACKET SUPPORT,domestic,450166.0,455405.0,5239.0,cu,Supplier Change (Higher Cost Source),Market-driven
forecast,2025-08,B3,UQ-B3-02,BRACKET SUPPORT,domestic,456957.0,469951.0,12994.0,cu,Engineering Change / Spec Upgrade,Engineering-driven
forecast,2025-09,B3,UQ-B3-02,BRACKET SUPPORT,domestic,468918.0,459274.0,-9644.0,cr,Supplier Negotiation,Operational-driven
forecast,2025-10,B3,UQ-B3-02,BRACKET SUPPORT,domestic,458110.0,446454.0,-11656.0,cr,VA/VE Improvement,Engineering-driven
forecast,2024-11,B3,UQ-B3-03,IC CHIP CONTROL,usd,1295626.0,1331938.0,36312.0,cu,Logistics/Freight Cost Increase,Market-driven
forecast,2024-12,B3,UQ-B3-03,IC CHIP CONTROL,usd,1338502.0,1303786.0,-34716.0,cr,Process Improvement (Yield Up),Operational-driven
forecast,2025-01,B3,UQ-B3-03,IC CHIP CONTROL,usd,1307776.0,1259464.0,-48312.0,cr,Alternative Material Substitution,Engineering-driven
forecast,2025-02,B3,UQ-B3-03,IC CHIP CONTROL,usd,1271788.0,1340233.0,68445.0,cu,Raw Material Price Increase,Market-driven
forecast,2025-03,B3,UQ-B3-03,IC CHIP CONTROL,usd,1330443.0,1400173.0,69730.0,cu,Supplier Change (Higher Cost Source),Market-driven
forecast,2025-04,B3,UQ-B3-03,IC CHIP CONTROL,usd,1382080.0,1382080.0,0.0,,,
forecast,2025-05,B3,UQ-B3-03,IC CHIP CONTROL,usd,1382080.0,1414337.0,32257.0,cu,Raw Material Price Increase,Market-driven
forecast,2025-06,B3,UQ-B3-03,IC CHIP CONTROL,usd,1416897.0,1416897.0,0.0,,,
forecast,2025-07,B3,UQ-B3-03,IC CHIP CONTROL,usd,1416897.0,1349856.0,-67041.0,cr,VA/VE Improvement,Engineering-driven
forecast,2025-08,B3,UQ-B3-03,IC CHIP CONTROL,usd,1359209.0,1386415.0,27206.0,cu,Engineering Change / Spec Upgrade,Engineering-driven
forecast,2025-09,B3,UQ-B3-03,IC CHIP CONTROL,usd,1382070.0,1396378.0,14308.0,cu,Yield/Scrap Rate Increase,Operational-driven
forecast,2025-10,B3,UQ-B3-03,IC CHIP CONTROL,usd,1399519.0,1473520.0,74001.0,cu,Supplier Change (Higher Cost Source),Market-driven
forecast,2024-11,B3,UQ-B3-04,MOTOR UNIT,jpy,401438.0,401438.0,0.0,,,
forecast,2024-12,B3,UQ-B3-04,MOTOR UNIT,jpy,401438.0,422937.0,21499.0,cu,Engineering Change / Spec Upgrade,Engineering-driven
forecast,2025-01,B3,UQ-B3-04,MOTOR UNIT,jpy,426312.0,413981.0,-12331.0,cr,Supplier Negotiation,Operational-driven
forecast,2025-02,B3,UQ-B3-04,MOTOR UNIT,jpy,415522.0,397342.0,-18180.0,cr,VA/VE Improvement,Engineering-driven
forecast,2025-03,B3,UQ-B3-04,MOTOR UNIT,jpy,394901.0,371333.0,-23568.0,cr,Supplier Negotiation,Operational-driven
forecast,2025-04,B3,UQ-B3-04,MOTOR UNIT,jpy,367088.0,364602.0,-2486.0,cr,Localization / Local Sourcing,Operational-driven
forecast,2025-05,B3,UQ-B3-04,MOTOR UNIT,jpy,363967.0,360332.0,-3635.0,cr,Process Improvement (Yield Up),Operational-driven
forecast,2025-06,B3,UQ-B3-04,MOTOR UNIT,jpy,361247.0,361247.0,0.0,,,
forecast,2025-07,B3,UQ-B3-04,MOTOR UNIT,jpy,361247.0,361247.0,0.0,,,
forecast,2025-08,B3,UQ-B3-04,MOTOR UNIT,jpy,361247.0,370188.0,8941.0,cu,Yield/Scrap Rate Increase,Operational-driven
forecast,2025-09,B3,UQ-B3-04,MOTOR UNIT,jpy,370257.0,370257.0,0.0,,,
forecast,2025-10,B3,UQ-B3-04,MOTOR UNIT,jpy,370257.0,368152.0,-2105.0,cr,Alternative Material Substitution,Engineering-driven
forecast,2024-11,B3,UQ-B3-05,SENSOR MODULE,jpy,485851.0,466288.0,-19563.0,cr,VA/VE Improvement,Engineering-driven
forecast,2024-12,B3,UQ-B3-05,SENSOR MODULE,jpy,461190.0,468648.0,7458.0,cu,Raw Material Price Increase,Market-driven
forecast,2025-01,B3,UQ-B3-05,SENSOR MODULE,jpy,468928.0,495156.0,26228.0,cu,Supplier Change (Higher Cost Source),Market-driven
forecast,2025-02,B3,UQ-B3-05,SENSOR MODULE,jpy,492293.0,463953.0,-28340.0,cr,VA/VE Improvement,Engineering-driven
forecast,2025-03,B3,UQ-B3-05,SENSOR MODULE,jpy,463560.0,452240.0,-11320.0,cr,Process Improvement (Yield Up),Operational-driven
forecast,2025-04,B3,UQ-B3-05,SENSOR MODULE,jpy,453950.0,446124.0,-7826.0,cr,Supplier Negotiation,Operational-driven
forecast,2025-05,B3,UQ-B3-05,SENSOR MODULE,jpy,444914.0,423933.0,-20981.0,cr,Supplier Negotiation,Operational-driven
forecast,2025-06,B3,UQ-B3-05,SENSOR MODULE,jpy,423247.0,423247.0,0.0,,,
forecast,2025-07,B3,UQ-B3-05,SENSOR MODULE,jpy,423247.0,409133.0,-14114.0,cr,Localization / Local Sourcing,Operational-driven
forecast,2025-08,B3,UQ-B3-05,SENSOR MODULE,jpy,405520.0,385965.0,-19555.0,cr,Localization / Local Sourcing,Operational-driven
forecast,2025-09,B3,UQ-B3-05,SENSOR MODULE,jpy,390440.0,381958.0,-8482.0,cr,VA/VE Improvement,Engineering-driven
forecast,2025-10,B3,UQ-B3-05,SENSOR MODULE,jpy,383803.0,366188.0,-17615.0,cr,Process Improvement (Yield Up),Operational-driven
forecast,2024-11,B4,SH-CATB-D01,PANEL BOTTOM AS,domestic,134348.0,134348.0,0.0,,,
forecast,2024-12,B4,SH-CATB-D01,PANEL BOTTOM AS,domestic,134348.0,132170.0,-2178.0,cr,VA/VE Improvement,Engineering-driven
forecast,2025-01,B4,SH-CATB-D01,PANEL BOTTOM AS,domestic,131620.0,131620.0,0.0,,,
forecast,2025-02,B4,SH-CATB-D01,PANEL BOTTOM AS,domestic,131620.0,125686.0,-5934.0,cr,Localization / Local Sourcing,Operational-driven
forecast,2025-03,B4,SH-CATB-D01,PANEL BOTTOM AS,domestic,126797.0,124031.0,-2766.0,cr,VA/VE Improvement,Engineering-driven
forecast,2025-04,B4,SH-CATB-D01,PANEL BOTTOM AS,domestic,123920.0,128763.0,4843.0,cu,Yield/Scrap Rate Increase,Operational-driven
forecast,2025-05,B4,SH-CATB-D01,PANEL BOTTOM AS,domestic,128004.0,133309.0,5305.0,cu,Yield/Scrap Rate Increase,Operational-driven
forecast,2025-06,B4,SH-CATB-D01,PANEL BOTTOM AS,domestic,134381.0,136146.0,1765.0,cu,Logistics/Freight Cost Increase,Market-driven
forecast,2025-07,B4,SH-CATB-D01,PANEL BOTTOM AS,domestic,136182.0,132648.0,-3534.0,cr,Process Improvement (Yield Up),Operational-driven
forecast,2025-08,B4,SH-CATB-D01,PANEL BOTTOM AS,domestic,133428.0,138839.0,5411.0,cu,Engineering Change / Spec Upgrade,Engineering-driven
forecast,2025-09,B4,SH-CATB-D01,PANEL BOTTOM AS,domestic,137230.0,137230.0,0.0,,,
forecast,2025-10,B4,SH-CATB-D01,PANEL BOTTOM AS,domestic,137230.0,142663.0,5433.0,cu,Raw Material Price Increase,Market-driven
forecast,2024-11,B4,SH-CATB-U01,CONNECTOR HOUSING,usd,58561.0,58259.0,-302.0,cr,Supplier Negotiation,Operational-driven
forecast,2024-12,B4,SH-CATB-U01,CONNECTOR HOUSING,usd,58171.0,60816.0,2645.0,cu,Logistics/Freight Cost Increase,Market-driven
forecast,2025-01,B4,SH-CATB-U01,CONNECTOR HOUSING,usd,60846.0,60846.0,0.0,,,
forecast,2025-02,B4,SH-CATB-U01,CONNECTOR HOUSING,usd,60846.0,57784.0,-3062.0,cr,VA/VE Improvement,Engineering-driven
forecast,2025-03,B4,SH-CATB-U01,CONNECTOR HOUSING,usd,57109.0,60406.0,3297.0,cu,Supplier Change (Higher Cost Source),Market-driven
forecast,2025-04,B4,SH-CATB-U01,CONNECTOR HOUSING,usd,59904.0,57436.0,-2468.0,cr,Alternative Material Substitution,Engineering-driven
forecast,2025-05,B4,SH-CATB-U01,CONNECTOR HOUSING,usd,57895.0,57895.0,0.0,,,
forecast,2025-06,B4,SH-CATB-U01,CONNECTOR HOUSING,usd,57895.0,57895.0,0.0,,,
forecast,2025-07,B4,SH-CATB-U01,CONNECTOR HOUSING,usd,57895.0,58315.0,420.0,cu,Logistics/Freight Cost Increase,Market-driven
forecast,2025-08,B4,SH-CATB-U01,CONNECTOR HOUSING,usd,58316.0,58316.0,0.0,,,
forecast,2025-09,B4,SH-CATB-U01,CONNECTOR HOUSING,usd,58316.0,59433.0,1117.0,cu,Engineering Change / Spec Upgrade,Engineering-driven
forecast,2025-10,B4,SH-CATB-U01,CONNECTOR HOUSING,usd,59288.0,59288.0,0.0,,,
forecast,2024-11,B4,SH-IDX04,PRECISION GEAR,jpy,26043.0,26043.0,0.0,,,
forecast,2024-12,B4,SH-IDX04,PRECISION GEAR,jpy,26043.0,24575.0,-1468.0,cr,Process Improvement (Yield Up),Operational-driven
forecast,2025-01,B4,SH-IDX04,PRECISION GEAR,jpy,24762.0,25168.0,406.0,cu,Supplier Change (Higher Cost Source),Market-driven
forecast,2025-02,B4,SH-IDX04,PRECISION GEAR,jpy,25176.0,25473.0,297.0,cu,Supplier Change (Higher Cost Source),Market-driven
forecast,2025-03,B4,SH-IDX04,PRECISION GEAR,jpy,25471.0,24533.0,-938.0,cr,Supplier Negotiation,Operational-driven
forecast,2025-04,B4,SH-IDX04,PRECISION GEAR,jpy,24304.0,24491.0,187.0,cu,Raw Material Price Increase,Market-driven
forecast,2025-05,B4,SH-IDX04,PRECISION GEAR,jpy,24436.0,23922.0,-514.0,cr,Alternative Material Substitution,Engineering-driven
forecast,2025-06,B4,SH-IDX04,PRECISION GEAR,jpy,24016.0,25325.0,1309.0,cu,Yield/Scrap Rate Increase,Operational-driven
forecast,2025-07,B4,SH-IDX04,PRECISION GEAR,jpy,25024.0,25024.0,0.0,,,
forecast,2025-08,B4,SH-IDX04,PRECISION GEAR,jpy,25024.0,25415.0,391.0,cu,Raw Material Price Increase,Market-driven
forecast,2025-09,B4,SH-IDX04,PRECISION GEAR,jpy,25476.0,25121.0,-355.0,cr,Process Improvement (Yield Up),Operational-driven
forecast,2025-10,B4,SH-IDX04,PRECISION GEAR,jpy,25063.0,26441.0,1378.0,cu,Logistics/Freight Cost Increase,Market-driven
forecast,2024-11,B4,UQ-B4-01,PANEL FRONT AS,domestic,717536.0,741484.0,23948.0,cu,Raw Material Price Increase,Market-driven
forecast,2024-12,B4,UQ-B4-01,PANEL FRONT AS,domestic,745265.0,754973.0,9708.0,cu,Yield/Scrap Rate Increase,Operational-driven
forecast,2025-01,B4,UQ-B4-01,PANEL FRONT AS,domestic,755434.0,762314.0,6880.0,cu,Yield/Scrap Rate Increase,Operational-driven
forecast,2025-02,B4,UQ-B4-01,PANEL FRONT AS,domestic,760700.0,752912.0,-7788.0,cr,Supplier Negotiation,Operational-driven
forecast,2025-03,B4,UQ-B4-01,PANEL FRONT AS,domestic,752996.0,752996.0,0.0,,,
forecast,2025-04,B4,UQ-B4-01,PANEL FRONT AS,domestic,752996.0,752996.0,0.0,,,
forecast,2025-05,B4,UQ-B4-01,PANEL FRONT AS,domestic,752996.0,784125.0,31129.0,cu,Engineering Change / Spec Upgrade,Engineering-driven
forecast,2025-06,B4,UQ-B4-01,PANEL FRONT AS,domestic,791530.0,837806.0,46276.0,cu,Supplier Change (Higher Cost Source),Market-driven
forecast,2025-07,B4,UQ-B4-01,PANEL FRONT AS,domestic,828164.0,803201.0,-24963.0,cr,Localization / Local Sourcing,Operational-driven
forecast,2025-08,B4,UQ-B4-01,PANEL FRONT AS,domestic,796092.0,823980.0,27888.0,cu,Supplier Change (Higher Cost Source),Market-driven
forecast,2025-09,B4,UQ-B4-01,PANEL FRONT AS,domestic,819797.0,837021.0,17224.0,cu,Logistics/Freight Cost Increase,Market-driven
forecast,2025-10,B4,UQ-B4-01,PANEL FRONT AS,domestic,840166.0,815450.0,-24716.0,cr,Localization / Local Sourcing,Operational-driven
forecast,2024-11,B4,UQ-B4-02,BRACKET SUPPORT,domestic,789243.0,832487.0,43244.0,cu,Engineering Change / Spec Upgrade,Engineering-driven
forecast,2024-12,B4,UQ-B4-02,BRACKET SUPPORT,domestic,821893.0,832892.0,10999.0,cu,Engineering Change / Spec Upgrade,Engineering-driven
forecast,2025-01,B4,UQ-B4-02,BRACKET SUPPORT,domestic,833353.0,833353.0,0.0,,,
forecast,2025-02,B4,UQ-B4-02,BRACKET SUPPORT,domestic,833353.0,866918.0,33565.0,cu,Yield/Scrap Rate Increase,Operational-driven
forecast,2025-03,B4,UQ-B4-02,BRACKET SUPPORT,domestic,874814.0,918694.0,43880.0,cu,Logistics/Freight Cost Increase,Market-driven
forecast,2025-04,B4,UQ-B4-02,BRACKET SUPPORT,domestic,918077.0,863718.0,-54359.0,cr,Alternative Material Substitution,Engineering-driven
forecast,2025-05,B4,UQ-B4-02,BRACKET SUPPORT,domestic,857591.0,878824.0,21233.0,cu,Engineering Change / Spec Upgrade,Engineering-driven
forecast,2025-06,B4,UQ-B4-02,BRACKET SUPPORT,domestic,881822.0,890903.0,9081.0,cu,Yield/Scrap Rate Increase,Operational-driven
forecast,2025-07,B4,UQ-B4-02,BRACKET SUPPORT,domestic,892361.0,857977.0,-34384.0,cr,Localization / Local Sourcing,Operational-driven
forecast,2025-08,B4,UQ-B4-02,BRACKET SUPPORT,domestic,851301.0,811063.0,-40238.0,cr,Supplier Negotiation,Operational-driven
forecast,2025-09,B4,UQ-B4-02,BRACKET SUPPORT,domestic,806098.0,839001.0,32903.0,cu,Yield/Scrap Rate Increase,Operational-driven
forecast,2025-10,B4,UQ-B4-02,BRACKET SUPPORT,domestic,831143.0,831143.0,0.0,,,
forecast,2024-11,B4,UQ-B4-03,IC CHIP CONTROL,usd,1091958.0,1037449.0,-54509.0,cr,Localization / Local Sourcing,Operational-driven
forecast,2024-12,B4,UQ-B4-03,IC CHIP CONTROL,usd,966703.0,932593.0,-34110.0,cr,Process Improvement (Yield Up),Operational-driven
forecast,2025-01,B4,UQ-B4-03,IC CHIP CONTROL,usd,894772.0,914700.0,19928.0,cu,Supplier Change (Higher Cost Source),Market-driven
forecast,2025-02,B4,UQ-B4-03,IC CHIP CONTROL,usd,953710.0,948331.0,-5379.0,cr,VA/VE Improvement,Engineering-driven
forecast,2025-03,B4,UQ-B4-03,IC CHIP CONTROL,usd,938549.0,989407.0,50858.0,cu,Logistics/Freight Cost Increase,Market-driven
forecast,2025-04,B4,UQ-B4-03,IC CHIP CONTROL,usd,1060547.0,1117623.0,57076.0,cu,Raw Material Price Increase,Market-driven
forecast,2025-05,B4,UQ-B4-03,IC CHIP CONTROL,usd,1204922.0,1204922.0,0.0,,,
forecast,2025-06,B4,UQ-B4-03,IC CHIP CONTROL,usd,1204922.0,1185515.0,-19407.0,cr,Alternative Material Substitution,Engineering-driven
forecast,2025-07,B4,UQ-B4-03,IC CHIP CONTROL,usd,1158234.0,1158234.0,0.0,,,
forecast,2025-08,B4,UQ-B4-03,IC CHIP CONTROL,usd,1158234.0,1088842.0,-69392.0,cr,VA/VE Improvement,Engineering-driven
forecast,2025-09,B4,UQ-B4-03,IC CHIP CONTROL,usd,957354.0,1007341.0,49987.0,cu,Engineering Change / Spec Upgrade,Engineering-driven
forecast,2025-10,B4,UQ-B4-03,IC CHIP CONTROL,usd,1088087.0,1080724.0,-7363.0,cr,VA/VE Improvement,Engineering-driven
forecast,2024-11,B4,UQ-B4-04,MOTOR UNIT,jpy,218487.0,224073.0,5586.0,cu,Raw Material Price Increase,Market-driven
forecast,2024-12,B4,UQ-B4-04,MOTOR UNIT,jpy,223654.0,210647.0,-13007.0,cr,Alternative Material Substitution,Engineering-driven
forecast,2025-01,B4,UQ-B4-04,MOTOR UNIT,jpy,210953.0,215585.0,4632.0,cu,Raw Material Price Increase,Market-driven
forecast,2025-02,B4,UQ-B4-04,MOTOR UNIT,jpy,214447.0,225774.0,11327.0,cu,Engineering Change / Spec Upgrade,Engineering-driven
forecast,2025-03,B4,UQ-B4-04,MOTOR UNIT,jpy,224555.0,214349.0,-10206.0,cr,Supplier Negotiation,Operational-driven
forecast,2025-04,B4,UQ-B4-04,MOTOR UNIT,jpy,216007.0,225643.0,9636.0,cu,Yield/Scrap Rate Increase,Operational-driven
forecast,2025-05,B4,UQ-B4-04,MOTOR UNIT,jpy,226185.0,216100.0,-10085.0,cr,Alternative Material Substitution,Engineering-driven
forecast,2025-06,B4,UQ-B4-04,MOTOR UNIT,jpy,216773.0,206038.0,-10735.0,cr,Localization / Local Sourcing,Operational-driven
forecast,2025-07,B4,UQ-B4-04,MOTOR UNIT,jpy,203123.0,203123.0,0.0,,,
forecast,2025-08,B4,UQ-B4-04,MOTOR UNIT,jpy,203123.0,203123.0,0.0,,,
forecast,2025-09,B4,UQ-B4-04,MOTOR UNIT,jpy,203123.0,203123.0,0.0,,,
forecast,2025-10,B4,UQ-B4-04,MOTOR UNIT,jpy,203123.0,197375.0,-5748.0,cr,Alternative Material Substitution,Engineering-driven
forecast,2024-11,B4,UQ-B4-05,SENSOR MODULE,jpy,195542.0,195542.0,0.0,,,
forecast,2024-12,B4,UQ-B4-05,SENSOR MODULE,jpy,195542.0,200307.0,4765.0,cu,Yield/Scrap Rate Increase,Operational-driven
forecast,2025-01,B4,UQ-B4-05,SENSOR MODULE,jpy,200274.0,195922.0,-4352.0,cr,VA/VE Improvement,Engineering-driven
forecast,2025-02,B4,UQ-B4-05,SENSOR MODULE,jpy,197122.0,193121.0,-4001.0,cr,VA/VE Improvement,Engineering-driven
forecast,2025-03,B4,UQ-B4-05,SENSOR MODULE,jpy,192777.0,202608.0,9831.0,cu,Raw Material Price Increase,Market-driven
forecast,2025-04,B4,UQ-B4-05,SENSOR MODULE,jpy,200366.0,189713.0,-10653.0,cr,VA/VE Improvement,Engineering-driven
forecast,2025-05,B4,UQ-B4-05,SENSOR MODULE,jpy,192210.0,199973.0,7763.0,cu,Engineering Change / Spec Upgrade,Engineering-driven
forecast,2025-06,B4,UQ-B4-05,SENSOR MODULE,jpy,202146.0,202146.0,0.0,,,
forecast,2025-07,B4,UQ-B4-05,SENSOR MODULE,jpy,202146.0,191453.0,-10693.0,cr,Supplier Negotiation,Operational-driven
forecast,2025-08,B4,UQ-B4-05,SENSOR MODULE,jpy,189988.0,180445.0,-9543.0,cr,Alternative Material Substitution,Engineering-driven
forecast,2025-09,B4,UQ-B4-05,SENSOR MODULE,jpy,177892.0,177892.0,0.0,,,
forecast,2025-10,B4,UQ-B4-05,SENSOR MODULE,jpy,177892.0,168010.0,-9882.0,cr,Supplier Negotiation,Operational-driven
forecast,2024-11,B4,SH-EVEN-01,TAPE PU-F,domestic,70295.0,68189.0,-2106.0,cr,Localization / Local Sourcing,Operational-driven
forecast,2024-12,B4,SH-EVEN-01,TAPE PU-F,domestic,67819.0,68532.0,713.0,cu,Engineering Change / Spec Upgrade,Engineering-driven
forecast,2025-01,B4,SH-EVEN-01,TAPE PU-F,domestic,68361.0,67735.0,-626.0,cr,Localization / Local Sourcing,Operational-driven
forecast,2025-02,B4,SH-EVEN-01,TAPE PU-F,domestic,67771.0,70653.0,2882.0,cu,Logistics/Freight Cost Increase,Market-driven
forecast,2025-03,B4,SH-EVEN-01,TAPE PU-F,domestic,70908.0,70908.0,0.0,,,
forecast,2025-04,B4,SH-EVEN-01,TAPE PU-F,domestic,70908.0,68376.0,-2532.0,cr,Localization / Local Sourcing,Operational-driven
forecast,2025-05,B4,SH-EVEN-01,TAPE PU-F,domestic,67971.0,70788.0,2817.0,cu,Logistics/Freight Cost Increase,Market-driven
forecast,2025-06,B4,SH-EVEN-01,TAPE PU-F,domestic,70882.0,69951.0,-931.0,cr,Process Improvement (Yield Up),Operational-driven
forecast,2025-07,B4,SH-EVEN-01,TAPE PU-F,domestic,70015.0,71061.0,1046.0,cu,Yield/Scrap Rate Increase,Operational-driven
forecast,2025-08,B4,SH-EVEN-01,TAPE PU-F,domestic,71263.0,71263.0,0.0,,,
forecast,2025-09,B4,SH-EVEN-01,TAPE PU-F,domestic,71263.0,69400.0,-1863.0,cr,Localization / Local Sourcing,Operational-driven
forecast,2025-10,B4,SH-EVEN-01,TAPE PU-F,domestic,69379.0,73502.0,4123.0,cu,Logistics/Freight Cost Increase,Market-driven
forecast,2024-11,B4,SH-EVEN-02,RESIN COMPOUND,usd,19042.0,19042.0,0.0,,,
forecast,2024-12,B4,SH-EVEN-02,RESIN COMPOUND,usd,19042.0,18941.0,-101.0,cr,Supplier Negotiation,Operational-driven
forecast,2025-01,B4,SH-EVEN-02,RESIN COMPOUND,usd,18947.0,18128.0,-819.0,cr,Alternative Material Substitution,Engineering-driven
forecast,2025-02,B4,SH-EVEN-02,RESIN COMPOUND,usd,17907.0,18005.0,98.0,cu,Supplier Change (Higher Cost Source),Market-driven
forecast,2025-03,B4,SH-EVEN-02,RESIN COMPOUND,usd,18018.0,17367.0,-651.0,cr,Supplier Negotiation,Operational-driven
forecast,2025-04,B4,SH-EVEN-02,RESIN COMPOUND,usd,17275.0,16548.0,-727.0,cr,Alternative Material Substitution,Engineering-driven
forecast,2025-05,B4,SH-EVEN-02,RESIN COMPOUND,usd,16381.0,16788.0,407.0,cu,Supplier Change (Higher Cost Source),Market-driven
forecast,2025-06,B4,SH-EVEN-02,RESIN COMPOUND,usd,16909.0,16909.0,0.0,,,
forecast,2025-07,B4,SH-EVEN-02,RESIN COMPOUND,usd,16909.0,17610.0,701.0,cu,Raw Material Price Increase,Market-driven
forecast,2025-08,B4,SH-EVEN-02,RESIN COMPOUND,usd,17621.0,17621.0,0.0,,,
forecast,2025-09,B4,SH-EVEN-02,RESIN COMPOUND,usd,17621.0,17123.0,-498.0,cr,Process Improvement (Yield Up),Operational-driven
forecast,2025-10,B4,SH-EVEN-02,RESIN COMPOUND,usd,17066.0,17668.0,602.0,cu,Yield/Scrap Rate Increase,Operational-driven
forecast,2024-11,B5,SH-CATB-D01,PANEL BOTTOM AS,domestic,134348.0,134348.0,0.0,,,
forecast,2024-12,B5,SH-CATB-D01,PANEL BOTTOM AS,domestic,134348.0,132170.0,-2178.0,cr,VA/VE Improvement,Engineering-driven
forecast,2025-01,B5,SH-CATB-D01,PANEL BOTTOM AS,domestic,131620.0,131620.0,0.0,,,
forecast,2025-02,B5,SH-CATB-D01,PANEL BOTTOM AS,domestic,131620.0,125686.0,-5934.0,cr,Localization / Local Sourcing,Operational-driven
forecast,2025-03,B5,SH-CATB-D01,PANEL BOTTOM AS,domestic,126797.0,124031.0,-2766.0,cr,VA/VE Improvement,Engineering-driven
forecast,2025-04,B5,SH-CATB-D01,PANEL BOTTOM AS,domestic,123920.0,128763.0,4843.0,cu,Yield/Scrap Rate Increase,Operational-driven
forecast,2025-05,B5,SH-CATB-D01,PANEL BOTTOM AS,domestic,128004.0,133309.0,5305.0,cu,Yield/Scrap Rate Increase,Operational-driven
forecast,2025-06,B5,SH-CATB-D01,PANEL BOTTOM AS,domestic,134381.0,136146.0,1765.0,cu,Logistics/Freight Cost Increase,Market-driven
forecast,2025-07,B5,SH-CATB-D01,PANEL BOTTOM AS,domestic,136182.0,132648.0,-3534.0,cr,Process Improvement (Yield Up),Operational-driven
forecast,2025-08,B5,SH-CATB-D01,PANEL BOTTOM AS,domestic,133428.0,138839.0,5411.0,cu,Engineering Change / Spec Upgrade,Engineering-driven
forecast,2025-09,B5,SH-CATB-D01,PANEL BOTTOM AS,domestic,137230.0,137230.0,0.0,,,
forecast,2025-10,B5,SH-CATB-D01,PANEL BOTTOM AS,domestic,137230.0,142663.0,5433.0,cu,Raw Material Price Increase,Market-driven
forecast,2024-11,B5,SH-CATB-U01,CONNECTOR HOUSING,usd,58561.0,58259.0,-302.0,cr,Supplier Negotiation,Operational-driven
forecast,2024-12,B5,SH-CATB-U01,CONNECTOR HOUSING,usd,58171.0,60816.0,2645.0,cu,Logistics/Freight Cost Increase,Market-driven
forecast,2025-01,B5,SH-CATB-U01,CONNECTOR HOUSING,usd,60846.0,60846.0,0.0,,,
forecast,2025-02,B5,SH-CATB-U01,CONNECTOR HOUSING,usd,60846.0,57784.0,-3062.0,cr,VA/VE Improvement,Engineering-driven
forecast,2025-03,B5,SH-CATB-U01,CONNECTOR HOUSING,usd,57109.0,60406.0,3297.0,cu,Supplier Change (Higher Cost Source),Market-driven
forecast,2025-04,B5,SH-CATB-U01,CONNECTOR HOUSING,usd,59904.0,57436.0,-2468.0,cr,Alternative Material Substitution,Engineering-driven
forecast,2025-05,B5,SH-CATB-U01,CONNECTOR HOUSING,usd,57895.0,57895.0,0.0,,,
forecast,2025-06,B5,SH-CATB-U01,CONNECTOR HOUSING,usd,57895.0,57895.0,0.0,,,
forecast,2025-07,B5,SH-CATB-U01,CONNECTOR HOUSING,usd,57895.0,58315.0,420.0,cu,Logistics/Freight Cost Increase,Market-driven
forecast,2025-08,B5,SH-CATB-U01,CONNECTOR HOUSING,usd,58316.0,58316.0,0.0,,,
forecast,2025-09,B5,SH-CATB-U01,CONNECTOR HOUSING,usd,58316.0,59433.0,1117.0,cu,Engineering Change / Spec Upgrade,Engineering-driven
forecast,2025-10,B5,SH-CATB-U01,CONNECTOR HOUSING,usd,59288.0,59288.0,0.0,,,
forecast,2024-11,B5,SH-IDX05,PRECISION GEAR,jpy,152329.0,144304.0,-8025.0,cr,Alternative Material Substitution,Engineering-driven
forecast,2024-12,B5,SH-IDX05,PRECISION GEAR,jpy,143614.0,138605.0,-5009.0,cr,Alternative Material Substitution,Engineering-driven
forecast,2025-01,B5,SH-IDX05,PRECISION GEAR,jpy,137648.0,135685.0,-1963.0,cr,Process Improvement (Yield Up),Operational-driven
forecast,2025-02,B5,SH-IDX05,PRECISION GEAR,jpy,135933.0,143794.0,7861.0,cu,Yield/Scrap Rate Increase,Operational-driven
forecast,2025-03,B5,SH-IDX05,PRECISION GEAR,jpy,143085.0,138093.0,-4992.0,cr,Alternative Material Substitution,Engineering-driven
forecast,2025-04,B5,SH-IDX05,PRECISION GEAR,jpy,137632.0,131980.0,-5652.0,cr,Localization / Local Sourcing,Operational-driven
forecast,2025-05,B5,SH-IDX05,PRECISION GEAR,jpy,132088.0,129128.0,-2960.0,cr,Process Improvement (Yield Up),Operational-driven
forecast,2025-06,B5,SH-IDX05,PRECISION GEAR,jpy,128385.0,128385.0,0.0,,,
forecast,2025-07,B5,SH-IDX05,PRECISION GEAR,jpy,128385.0,123101.0,-5284.0,cr,Localization / Local Sourcing,Operational-driven
forecast,2025-08,B5,SH-IDX05,PRECISION GEAR,jpy,124087.0,129548.0,5461.0,cu,Yield/Scrap Rate Increase,Operational-driven
forecast,2025-09,B5,SH-IDX05,PRECISION GEAR,jpy,129958.0,126817.0,-3141.0,cr,Process Improvement (Yield Up),Operational-driven
forecast,2025-10,B5,SH-IDX05,PRECISION GEAR,jpy,126447.0,129404.0,2957.0,cu,Raw Material Price Increase,Market-driven
forecast,2024-11,B5,UQ-B5-01,PANEL FRONT AS,domestic,496610.0,471206.0,-25404.0,cr,Supplier Negotiation,Operational-driven
forecast,2024-12,B5,UQ-B5-01,PANEL FRONT AS,domestic,476730.0,460131.0,-16599.0,cr,Localization / Local Sourcing,Operational-driven
forecast,2025-01,B5,UQ-B5-01,PANEL FRONT AS,domestic,459893.0,470484.0,10591.0,cu,Logistics/Freight Cost Increase,Market-driven
forecast,2025-02,B5,UQ-B5-01,PANEL FRONT AS,domestic,473460.0,481947.0,8487.0,cu,Yield/Scrap Rate Increase,Operational-driven
forecast,2025-03,B5,UQ-B5-01,PANEL FRONT AS,domestic,481683.0,481683.0,0.0,,,
forecast,2025-04,B5,UQ-B5-01,PANEL FRONT AS,domestic,481683.0,456020.0,-25663.0,cr,Supplier Negotiation,Operational-driven
forecast,2025-05,B5,UQ-B5-01,PANEL FRONT AS,domestic,455732.0,455732.0,0.0,,,
forecast,2025-06,B5,UQ-B5-01,PANEL FRONT AS,domestic,455732.0,480944.0,25212.0,cu,Supplier Change (Higher Cost Source),Market-driven
forecast,2025-07,B5,UQ-B5-01,PANEL FRONT AS,domestic,486282.0,509093.0,22811.0,cu,Raw Material Price Increase,Market-driven
forecast,2025-08,B5,UQ-B5-01,PANEL FRONT AS,domestic,504361.0,527904.0,23543.0,cu,Yield/Scrap Rate Increase,Operational-driven
forecast,2025-09,B5,UQ-B5-01,PANEL FRONT AS,domestic,534815.0,518202.0,-16613.0,cr,Localization / Local Sourcing,Operational-driven
forecast,2025-10,B5,UQ-B5-01,PANEL FRONT AS,domestic,513415.0,513415.0,0.0,,,
forecast,2024-11,B5,UQ-B5-02,BRACKET SUPPORT,domestic,550440.0,522567.0,-27873.0,cr,Supplier Negotiation,Operational-driven
forecast,2024-12,B5,UQ-B5-02,BRACKET SUPPORT,domestic,518238.0,513528.0,-4710.0,cr,Localization / Local Sourcing,Operational-driven
forecast,2025-01,B5,UQ-B5-02,BRACKET SUPPORT,domestic,512781.0,516725.0,3944.0,cu,Logistics/Freight Cost Increase,Market-driven
forecast,2025-02,B5,UQ-B5-02,BRACKET SUPPORT,domestic,515615.0,530871.0,15256.0,cu,Engineering Change / Spec Upgrade,Engineering-driven
forecast,2025-03,B5,UQ-B5-02,BRACKET SUPPORT,domestic,533116.0,550227.0,17111.0,cu,Yield/Scrap Rate Increase,Operational-driven
forecast,2025-04,B5,UQ-B5-02,BRACKET SUPPORT,domestic,554929.0,529716.0,-25213.0,cr,VA/VE Improvement,Engineering-driven
forecast,2025-05,B5,UQ-B5-02,BRACKET SUPPORT,domestic,525705.0,513312.0,-12393.0,cr,Alternative Material Substitution,Engineering-driven
forecast,2025-06,B5,UQ-B5-02,BRACKET SUPPORT,domestic,516151.0,519753.0,3602.0,cu,Supplier Change (Higher Cost Source),Market-driven
forecast,2025-07,B5,UQ-B5-02,BRACKET SUPPORT,domestic,520584.0,546641.0,26057.0,cu,Logistics/Freight Cost Increase,Market-driven
forecast,2025-08,B5,UQ-B5-02,BRACKET SUPPORT,domestic,545689.0,574393.0,28704.0,cu,Logistics/Freight Cost Increase,Market-driven
forecast,2025-09,B5,UQ-B5-02,BRACKET SUPPORT,domestic,573953.0,552351.0,-21602.0,cr,Alternative Material Substitution,Engineering-driven
forecast,2025-10,B5,UQ-B5-02,BRACKET SUPPORT,domestic,555656.0,536940.0,-18716.0,cr,Supplier Negotiation,Operational-driven
forecast,2024-11,B5,UQ-B5-03,IC CHIP CONTROL,usd,233632.0,224557.0,-9075.0,cr,Localization / Local Sourcing,Operational-driven
forecast,2024-12,B5,UQ-B5-03,IC CHIP CONTROL,usd,225886.0,237483.0,11597.0,cu,Logistics/Freight Cost Increase,Market-driven
forecast,2025-01,B5,UQ-B5-03,IC CHIP CONTROL,usd,234068.0,227076.0,-6992.0,cr,Supplier Negotiation,Operational-driven
forecast,2025-02,B5,UQ-B5-03,IC CHIP CONTROL,usd,228776.0,228776.0,0.0,,,
forecast,2025-03,B5,UQ-B5-03,IC CHIP CONTROL,usd,228776.0,234591.0,5815.0,cu,Yield/Scrap Rate Increase,Operational-driven
forecast,2025-04,B5,UQ-B5-03,IC CHIP CONTROL,usd,235878.0,239520.0,3642.0,cu,Supplier Change (Higher Cost Source),Market-driven
forecast,2025-05,B5,UQ-B5-03,IC CHIP CONTROL,usd,240118.0,250131.0,10013.0,cu,Yield/Scrap Rate Increase,Operational-driven
forecast,2025-06,B5,UQ-B5-03,IC CHIP CONTROL,usd,248022.0,248022.0,0.0,,,
forecast,2025-07,B5,UQ-B5-03,IC CHIP CONTROL,usd,248022.0,259753.0,11731.0,cu,Engineering Change / Spec Upgrade,Engineering-driven
forecast,2025-08,B5,UQ-B5-03,IC CHIP CONTROL,usd,258636.0,246162.0,-12474.0,cr,Alternative Material Substitution,Engineering-driven
forecast,2025-09,B5,UQ-B5-03,IC CHIP CONTROL,usd,247355.0,247355.0,0.0,,,
forecast,2025-10,B5,UQ-B5-03,IC CHIP CONTROL,usd,247355.0,249354.0,1999.0,cu,Yield/Scrap Rate Increase,Operational-driven
forecast,2024-11,B5,UQ-B5-04,MOTOR UNIT,jpy,598362.0,577309.0,-21053.0,cr,VA/VE Improvement,Engineering-driven
forecast,2024-12,B5,UQ-B5-04,MOTOR UNIT,jpy,549774.0,535740.0,-14034.0,cr,VA/VE Improvement,Engineering-driven
forecast,2025-01,B5,UQ-B5-04,MOTOR UNIT,jpy,509141.0,509141.0,0.0,,,
forecast,2025-02,B5,UQ-B5-04,MOTOR UNIT,jpy,509141.0,505592.0,-3549.0,cr,Localization / Local Sourcing,Operational-driven
forecast,2025-03,B5,UQ-B5-04,MOTOR UNIT,jpy,499381.0,469847.0,-29534.0,cr,Process Improvement (Yield Up),Operational-driven
forecast,2025-04,B5,UQ-B5-04,MOTOR UNIT,jpy,432119.0,438236.0,6117.0,cu,Raw Material Price Increase,Market-driven
forecast,2025-05,B5,UQ-B5-04,MOTOR UNIT,jpy,448194.0,473232.0,25038.0,cu,Logistics/Freight Cost Increase,Market-driven
forecast,2025-06,B5,UQ-B5-04,MOTOR UNIT,jpy,507952.0,519221.0,11269.0,cu,Raw Material Price Increase,Market-driven
forecast,2025-07,B5,UQ-B5-04,MOTOR UNIT,jpy,535929.0,541121.0,5192.0,cu,Engineering Change / Spec Upgrade,Engineering-driven
forecast,2025-08,B5,UQ-B5-04,MOTOR UNIT,jpy,547522.0,547522.0,0.0,,,
forecast,2025-09,B5,UQ-B5-04,MOTOR UNIT,jpy,547522.0,535669.0,-11853.0,cr,Supplier Negotiation,Operational-driven
forecast,2025-10,B5,UQ-B5-04,MOTOR UNIT,jpy,516901.0,516901.0,0.0,,,
forecast,2024-11,B5,UQ-B5-05,SENSOR MODULE,jpy,520140.0,529539.0,9399.0,cu,Logistics/Freight Cost Increase,Market-driven
forecast,2024-12,B5,UQ-B5-05,SENSOR MODULE,jpy,541793.0,538615.0,-3178.0,cr,Alternative Material Substitution,Engineering-driven
forecast,2025-01,B5,UQ-B5-05,SENSOR MODULE,jpy,536027.0,542288.0,6261.0,cu,Logistics/Freight Cost Increase,Market-driven
forecast,2025-02,B5,UQ-B5-05,SENSOR MODULE,jpy,548279.0,526312.0,-21967.0,cr,VA/VE Improvement,Engineering-driven
forecast,2025-03,B5,UQ-B5-05,SENSOR MODULE,jpy,503286.0,497220.0,-6066.0,cr,Alternative Material Substitution,Engineering-driven
forecast,2025-04,B5,UQ-B5-05,SENSOR MODULE,jpy,488885.0,473976.0,-14909.0,cr,Localization / Local Sourcing,Operational-driven
forecast,2025-05,B5,UQ-B5-05,SENSOR MODULE,jpy,449120.0,449120.0,0.0,,,
forecast,2025-06,B5,UQ-B5-05,SENSOR MODULE,jpy,449120.0,433195.0,-15925.0,cr,Alternative Material Substitution,Engineering-driven
forecast,2025-07,B5,UQ-B5-05,SENSOR MODULE,jpy,411360.0,405873.0,-5487.0,cr,Alternative Material Substitution,Engineering-driven
forecast,2025-08,B5,UQ-B5-05,SENSOR MODULE,jpy,396300.0,384972.0,-11328.0,cr,Alternative Material Substitution,Engineering-driven
forecast,2025-09,B5,UQ-B5-05,SENSOR MODULE,jpy,373061.0,357001.0,-16060.0,cr,Localization / Local Sourcing,Operational-driven
forecast,2025-10,B5,UQ-B5-05,SENSOR MODULE,jpy,329165.0,318876.0,-10289.0,cr,Alternative Material Substitution,Engineering-driven
forecast,2024-11,B6,SH-CATB-D01,PANEL BOTTOM AS,domestic,134348.0,134348.0,0.0,,,
forecast,2024-12,B6,SH-CATB-D01,PANEL BOTTOM AS,domestic,134348.0,132170.0,-2178.0,cr,VA/VE Improvement,Engineering-driven
forecast,2025-01,B6,SH-CATB-D01,PANEL BOTTOM AS,domestic,131620.0,131620.0,0.0,,,
forecast,2025-02,B6,SH-CATB-D01,PANEL BOTTOM AS,domestic,131620.0,125686.0,-5934.0,cr,Localization / Local Sourcing,Operational-driven
forecast,2025-03,B6,SH-CATB-D01,PANEL BOTTOM AS,domestic,126797.0,124031.0,-2766.0,cr,VA/VE Improvement,Engineering-driven
forecast,2025-04,B6,SH-CATB-D01,PANEL BOTTOM AS,domestic,123920.0,128763.0,4843.0,cu,Yield/Scrap Rate Increase,Operational-driven
forecast,2025-05,B6,SH-CATB-D01,PANEL BOTTOM AS,domestic,128004.0,133309.0,5305.0,cu,Yield/Scrap Rate Increase,Operational-driven
forecast,2025-06,B6,SH-CATB-D01,PANEL BOTTOM AS,domestic,134381.0,136146.0,1765.0,cu,Logistics/Freight Cost Increase,Market-driven
forecast,2025-07,B6,SH-CATB-D01,PANEL BOTTOM AS,domestic,136182.0,132648.0,-3534.0,cr,Process Improvement (Yield Up),Operational-driven
forecast,2025-08,B6,SH-CATB-D01,PANEL BOTTOM AS,domestic,133428.0,138839.0,5411.0,cu,Engineering Change / Spec Upgrade,Engineering-driven
forecast,2025-09,B6,SH-CATB-D01,PANEL BOTTOM AS,domestic,137230.0,137230.0,0.0,,,
forecast,2025-10,B6,SH-CATB-D01,PANEL BOTTOM AS,domestic,137230.0,142663.0,5433.0,cu,Raw Material Price Increase,Market-driven
forecast,2024-11,B6,SH-CATB-U01,CONNECTOR HOUSING,usd,58561.0,58259.0,-302.0,cr,Supplier Negotiation,Operational-driven
forecast,2024-12,B6,SH-CATB-U01,CONNECTOR HOUSING,usd,58171.0,60816.0,2645.0,cu,Logistics/Freight Cost Increase,Market-driven
forecast,2025-01,B6,SH-CATB-U01,CONNECTOR HOUSING,usd,60846.0,60846.0,0.0,,,
forecast,2025-02,B6,SH-CATB-U01,CONNECTOR HOUSING,usd,60846.0,57784.0,-3062.0,cr,VA/VE Improvement,Engineering-driven
forecast,2025-03,B6,SH-CATB-U01,CONNECTOR HOUSING,usd,57109.0,60406.0,3297.0,cu,Supplier Change (Higher Cost Source),Market-driven
forecast,2025-04,B6,SH-CATB-U01,CONNECTOR HOUSING,usd,59904.0,57436.0,-2468.0,cr,Alternative Material Substitution,Engineering-driven
forecast,2025-05,B6,SH-CATB-U01,CONNECTOR HOUSING,usd,57895.0,57895.0,0.0,,,
forecast,2025-06,B6,SH-CATB-U01,CONNECTOR HOUSING,usd,57895.0,57895.0,0.0,,,
forecast,2025-07,B6,SH-CATB-U01,CONNECTOR HOUSING,usd,57895.0,58315.0,420.0,cu,Logistics/Freight Cost Increase,Market-driven
forecast,2025-08,B6,SH-CATB-U01,CONNECTOR HOUSING,usd,58316.0,58316.0,0.0,,,
forecast,2025-09,B6,SH-CATB-U01,CONNECTOR HOUSING,usd,58316.0,59433.0,1117.0,cu,Engineering Change / Spec Upgrade,Engineering-driven
forecast,2025-10,B6,SH-CATB-U01,CONNECTOR HOUSING,usd,59288.0,59288.0,0.0,,,
forecast,2024-11,B6,SH-IDX06,PRECISION GEAR,jpy,48576.0,48576.0,0.0,,,
forecast,2024-12,B6,SH-IDX06,PRECISION GEAR,jpy,48576.0,50969.0,2393.0,cu,Supplier Change (Higher Cost Source),Market-driven
forecast,2025-01,B6,SH-IDX06,PRECISION GEAR,jpy,51623.0,48929.0,-2694.0,cr,Localization / Local Sourcing,Operational-driven
forecast,2025-02,B6,SH-IDX06,PRECISION GEAR,jpy,49518.0,49518.0,0.0,,,
forecast,2025-03,B6,SH-IDX06,PRECISION GEAR,jpy,49518.0,49518.0,0.0,,,
forecast,2025-04,B6,SH-IDX06,PRECISION GEAR,jpy,49518.0,48287.0,-1231.0,cr,Alternative Material Substitution,Engineering-driven
forecast,2025-05,B6,SH-IDX06,PRECISION GEAR,jpy,48049.0,45912.0,-2137.0,cr,Localization / Local Sourcing,Operational-driven
forecast,2025-06,B6,SH-IDX06,PRECISION GEAR,jpy,45806.0,46590.0,784.0,cu,Supplier Change (Higher Cost Source),Market-driven
forecast,2025-07,B6,SH-IDX06,PRECISION GEAR,jpy,46381.0,46381.0,0.0,,,
forecast,2025-08,B6,SH-IDX06,PRECISION GEAR,jpy,46381.0,45585.0,-796.0,cr,Process Improvement (Yield Up),Operational-driven
forecast,2025-09,B6,SH-IDX06,PRECISION GEAR,jpy,45806.0,43243.0,-2563.0,cr,Supplier Negotiation,Operational-driven
forecast,2025-10,B6,SH-IDX06,PRECISION GEAR,jpy,43277.0,43804.0,527.0,cu,Supplier Change (Higher Cost Source),Market-driven
forecast,2024-11,B6,UQ-B6-01,PANEL FRONT AS,domestic,370973.0,382155.0,11182.0,cu,Engineering Change / Spec Upgrade,Engineering-driven
forecast,2024-12,B6,UQ-B6-01,PANEL FRONT AS,domestic,382804.0,375106.0,-7698.0,cr,Localization / Local Sourcing,Operational-driven
forecast,2025-01,B6,UQ-B6-01,PANEL FRONT AS,domestic,375096.0,365541.0,-9555.0,cr,Localization / Local Sourcing,Operational-driven
forecast,2025-02,B6,UQ-B6-01,PANEL FRONT AS,domestic,365069.0,385976.0,20907.0,cu,Raw Material Price Increase,Market-driven
forecast,2025-03,B6,UQ-B6-01,PANEL FRONT AS,domestic,389947.0,402673.0,12726.0,cu,Logistics/Freight Cost Increase,Market-driven
forecast,2025-04,B6,UQ-B6-01,PANEL FRONT AS,domestic,402346.0,402346.0,0.0,,,
forecast,2025-05,B6,UQ-B6-01,PANEL FRONT AS,domestic,402346.0,418042.0,15696.0,cu,Logistics/Freight Cost Increase,Market-driven
forecast,2025-06,B6,UQ-B6-01,PANEL FRONT AS,domestic,413468.0,427058.0,13590.0,cu,Engineering Change / Spec Upgrade,Engineering-driven
forecast,2025-07,B6,UQ-B6-01,PANEL FRONT AS,domestic,427800.0,427800.0,0.0,,,
forecast,2025-08,B6,UQ-B6-01,PANEL FRONT AS,domestic,427800.0,443079.0,15279.0,cu,Yield/Scrap Rate Increase,Operational-driven
forecast,2025-09,B6,UQ-B6-01,PANEL FRONT AS,domestic,446505.0,464708.0,18203.0,cu,Engineering Change / Spec Upgrade,Engineering-driven
forecast,2025-10,B6,UQ-B6-01,PANEL FRONT AS,domestic,463259.0,463259.0,0.0,,,
forecast,2024-11,B6,UQ-B6-02,BRACKET SUPPORT,domestic,379536.0,379536.0,0.0,,,
forecast,2024-12,B6,UQ-B6-02,BRACKET SUPPORT,domestic,379536.0,368650.0,-10886.0,cr,Supplier Negotiation,Operational-driven
forecast,2025-01,B6,UQ-B6-02,BRACKET SUPPORT,domestic,358543.0,376363.0,17820.0,cu,Raw Material Price Increase,Market-driven
forecast,2025-02,B6,UQ-B6-02,BRACKET SUPPORT,domestic,394848.0,385664.0,-9184.0,cr,VA/VE Improvement,Engineering-driven
forecast,2025-03,B6,UQ-B6-02,BRACKET SUPPORT,domestic,373102.0,373102.0,0.0,,,
forecast,2025-04,B6,UQ-B6-02,BRACKET SUPPORT,domestic,373102.0,351991.0,-21111.0,cr,Supplier Negotiation,Operational-driven
forecast,2025-05,B6,UQ-B6-02,BRACKET SUPPORT,domestic,325145.0,307341.0,-17804.0,cr,Localization / Local Sourcing,Operational-driven
forecast,2025-06,B6,UQ-B6-02,BRACKET SUPPORT,domestic,283352.0,271393.0,-11959.0,cr,Process Improvement (Yield Up),Operational-driven
forecast,2025-07,B6,UQ-B6-02,BRACKET SUPPORT,domestic,257227.0,242953.0,-14274.0,cr,VA/VE Improvement,Engineering-driven
forecast,2025-08,B6,UQ-B6-02,BRACKET SUPPORT,domestic,217923.0,227856.0,9933.0,cu,Supplier Change (Higher Cost Source),Market-driven
forecast,2025-09,B6,UQ-B6-02,BRACKET SUPPORT,domestic,239853.0,239853.0,0.0,,,
forecast,2025-10,B6,UQ-B6-02,BRACKET SUPPORT,domestic,239853.0,249583.0,9730.0,cu,Raw Material Price Increase,Market-driven
forecast,2024-11,B6,UQ-B6-03,IC CHIP CONTROL,usd,749795.0,763521.0,13726.0,cu,Engineering Change / Spec Upgrade,Engineering-driven
forecast,2024-12,B6,UQ-B6-03,IC CHIP CONTROL,usd,759416.0,759416.0,0.0,,,
forecast,2025-01,B6,UQ-B6-03,IC CHIP CONTROL,usd,759416.0,797016.0,37600.0,cu,Supplier Change (Higher Cost Source),Market-driven
forecast,2025-02,B6,UQ-B6-03,IC CHIP CONTROL,usd,788500.0,823490.0,34990.0,cu,Logistics/Freight Cost Increase,Market-driven
forecast,2025-03,B6,UQ-B6-03,IC CHIP CONTROL,usd,813039.0,831219.0,18180.0,cu,Logistics/Freight Cost Increase,Market-driven
forecast,2025-04,B6,UQ-B6-03,IC CHIP CONTROL,usd,829904.0,835191.0,5287.0,cu,Logistics/Freight Cost Increase,Market-driven
forecast,2025-05,B6,UQ-B6-03,IC CHIP CONTROL,usd,836405.0,836405.0,0.0,,,
forecast,2025-06,B6,UQ-B6-03,IC CHIP CONTROL,usd,836405.0,836405.0,0.0,,,
forecast,2025-07,B6,UQ-B6-03,IC CHIP CONTROL,usd,836405.0,841956.0,5551.0,cu,Raw Material Price Increase,Market-driven
forecast,2025-08,B6,UQ-B6-03,IC CHIP CONTROL,usd,842681.0,878678.0,35997.0,cu,Yield/Scrap Rate Increase,Operational-driven
forecast,2025-09,B6,UQ-B6-03,IC CHIP CONTROL,usd,874351.0,874351.0,0.0,,,
forecast,2025-10,B6,UQ-B6-03,IC CHIP CONTROL,usd,874351.0,916175.0,41824.0,cu,Logistics/Freight Cost Increase,Market-driven
forecast,2024-11,B6,UQ-B6-04,MOTOR UNIT,jpy,622198.0,644838.0,22640.0,cu,Raw Material Price Increase,Market-driven
forecast,2024-12,B6,UQ-B6-04,MOTOR UNIT,jpy,645157.0,645157.0,0.0,,,
forecast,2025-01,B6,UQ-B6-04,MOTOR UNIT,jpy,645157.0,640134.0,-5023.0,cr,Alternative Material Substitution,Engineering-driven
forecast,2025-02,B6,UQ-B6-04,MOTOR UNIT,jpy,639165.0,613693.0,-25472.0,cr,VA/VE Improvement,Engineering-driven
forecast,2025-03,B6,UQ-B6-04,MOTOR UNIT,jpy,613357.0,613357.0,0.0,,,
forecast,2025-04,B6,UQ-B6-04,MOTOR UNIT,jpy,613357.0,613357.0,0.0,,,
forecast,2025-05,B6,UQ-B6-04,MOTOR UNIT,jpy,613357.0,644012.0,30655.0,cu,Engineering Change / Spec Upgrade,Engineering-driven
forecast,2025-06,B6,UQ-B6-04,MOTOR UNIT,jpy,645759.0,645759.0,0.0,,,
forecast,2025-07,B6,UQ-B6-04,MOTOR UNIT,jpy,645759.0,651459.0,5700.0,cu,Engineering Change / Spec Upgrade,Engineering-driven
forecast,2025-08,B6,UQ-B6-04,MOTOR UNIT,jpy,653107.0,676760.0,23653.0,cu,Logistics/Freight Cost Increase,Market-driven
forecast,2025-09,B6,UQ-B6-04,MOTOR UNIT,jpy,671845.0,643773.0,-28072.0,cr,Localization / Local Sourcing,Operational-driven
forecast,2025-10,B6,UQ-B6-04,MOTOR UNIT,jpy,642310.0,636791.0,-5519.0,cr,Process Improvement (Yield Up),Operational-driven
forecast,2024-11,B6,UQ-B6-05,SENSOR MODULE,jpy,565408.0,532933.0,-32475.0,cr,VA/VE Improvement,Engineering-driven
forecast,2024-12,B6,UQ-B6-05,SENSOR MODULE,jpy,531878.0,513818.0,-18060.0,cr,Process Improvement (Yield Up),Operational-driven
forecast,2025-01,B6,UQ-B6-05,SENSOR MODULE,jpy,510622.0,507241.0,-3381.0,cr,Supplier Negotiation,Operational-driven
forecast,2025-02,B6,UQ-B6-05,SENSOR MODULE,jpy,507537.0,511353.0,3816.0,cu,Logistics/Freight Cost Increase,Market-driven
forecast,2025-03,B6,UQ-B6-05,SENSOR MODULE,jpy,512090.0,538924.0,26834.0,cu,Supplier Change (Higher Cost Source),Market-driven
forecast,2025-04,B6,UQ-B6-05,SENSOR MODULE,jpy,534692.0,512945.0,-21747.0,cr,Supplier Negotiation,Operational-driven
forecast,2025-05,B6,UQ-B6-05,SENSOR MODULE,jpy,510096.0,514417.0,4321.0,cu,Supplier Change (Higher Cost Source),Market-driven
forecast,2025-06,B6,UQ-B6-05,SENSOR MODULE,jpy,515225.0,502763.0,-12462.0,cr,Localization / Local Sourcing,Operational-driven
forecast,2025-07,B6,UQ-B6-05,SENSOR MODULE,jpy,500780.0,500780.0,0.0,,,
forecast,2025-08,B6,UQ-B6-05,SENSOR MODULE,jpy,500780.0,489180.0,-11600.0,cr,VA/VE Improvement,Engineering-driven
forecast,2025-09,B6,UQ-B6-05,SENSOR MODULE,jpy,486300.0,471044.0,-15256.0,cr,Localization / Local Sourcing,Operational-driven
forecast,2025-10,B6,UQ-B6-05,SENSOR MODULE,jpy,468350.0,494627.0,26277.0,cu,Raw Material Price Increase,Market-driven
forecast,2024-11,B6,SH-EVEN-01,TAPE PU-F,domestic,70295.0,68189.0,-2106.0,cr,Localization / Local Sourcing,Operational-driven
forecast,2024-12,B6,SH-EVEN-01,TAPE PU-F,domestic,67819.0,68532.0,713.0,cu,Engineering Change / Spec Upgrade,Engineering-driven
forecast,2025-01,B6,SH-EVEN-01,TAPE PU-F,domestic,68361.0,67735.0,-626.0,cr,Localization / Local Sourcing,Operational-driven
forecast,2025-02,B6,SH-EVEN-01,TAPE PU-F,domestic,67771.0,70653.0,2882.0,cu,Logistics/Freight Cost Increase,Market-driven
forecast,2025-03,B6,SH-EVEN-01,TAPE PU-F,domestic,70908.0,70908.0,0.0,,,
forecast,2025-04,B6,SH-EVEN-01,TAPE PU-F,domestic,70908.0,68376.0,-2532.0,cr,Localization / Local Sourcing,Operational-driven
forecast,2025-05,B6,SH-EVEN-01,TAPE PU-F,domestic,67971.0,70788.0,2817.0,cu,Logistics/Freight Cost Increase,Market-driven
forecast,2025-06,B6,SH-EVEN-01,TAPE PU-F,domestic,70882.0,69951.0,-931.0,cr,Process Improvement (Yield Up),Operational-driven
forecast,2025-07,B6,SH-EVEN-01,TAPE PU-F,domestic,70015.0,71061.0,1046.0,cu,Yield/Scrap Rate Increase,Operational-driven
forecast,2025-08,B6,SH-EVEN-01,TAPE PU-F,domestic,71263.0,71263.0,0.0,,,
forecast,2025-09,B6,SH-EVEN-01,TAPE PU-F,domestic,71263.0,69400.0,-1863.0,cr,Localization / Local Sourcing,Operational-driven
forecast,2025-10,B6,SH-EVEN-01,TAPE PU-F,domestic,69379.0,73502.0,4123.0,cu,Logistics/Freight Cost Increase,Market-driven
forecast,2024-11,B6,SH-EVEN-02,RESIN COMPOUND,usd,19042.0,19042.0,0.0,,,
forecast,2024-12,B6,SH-EVEN-02,RESIN COMPOUND,usd,19042.0,18941.0,-101.0,cr,Supplier Negotiation,Operational-driven
forecast,2025-01,B6,SH-EVEN-02,RESIN COMPOUND,usd,18947.0,18128.0,-819.0,cr,Alternative Material Substitution,Engineering-driven
forecast,2025-02,B6,SH-EVEN-02,RESIN COMPOUND,usd,17907.0,18005.0,98.0,cu,Supplier Change (Higher Cost Source),Market-driven
forecast,2025-03,B6,SH-EVEN-02,RESIN COMPOUND,usd,18018.0,17367.0,-651.0,cr,Supplier Negotiation,Operational-driven
forecast,2025-04,B6,SH-EVEN-02,RESIN COMPOUND,usd,17275.0,16548.0,-727.0,cr,Alternative Material Substitution,Engineering-driven
forecast,2025-05,B6,SH-EVEN-02,RESIN COMPOUND,usd,16381.0,16788.0,407.0,cu,Supplier Change (Higher Cost Source),Market-driven
forecast,2025-06,B6,SH-EVEN-02,RESIN COMPOUND,usd,16909.0,16909.0,0.0,,,
forecast,2025-07,B6,SH-EVEN-02,RESIN COMPOUND,usd,16909.0,17610.0,701.0,cu,Raw Material Price Increase,Market-driven
forecast,2025-08,B6,SH-EVEN-02,RESIN COMPOUND,usd,17621.0,17621.0,0.0,,,
forecast,2025-09,B6,SH-EVEN-02,RESIN COMPOUND,usd,17621.0,17123.0,-498.0,cr,Process Improvement (Yield Up),Operational-driven
forecast,2025-10,B6,SH-EVEN-02,RESIN COMPOUND,usd,17066.0,17668.0,602.0,cu,Yield/Scrap Rate Increase,Operational-driven
forecast,2024-11,B7,SH-CATB-D01,PANEL BOTTOM AS,domestic,134348.0,134348.0,0.0,,,
forecast,2024-12,B7,SH-CATB-D01,PANEL BOTTOM AS,domestic,134348.0,132170.0,-2178.0,cr,VA/VE Improvement,Engineering-driven
forecast,2025-01,B7,SH-CATB-D01,PANEL BOTTOM AS,domestic,131620.0,131620.0,0.0,,,
forecast,2025-02,B7,SH-CATB-D01,PANEL BOTTOM AS,domestic,131620.0,125686.0,-5934.0,cr,Localization / Local Sourcing,Operational-driven
forecast,2025-03,B7,SH-CATB-D01,PANEL BOTTOM AS,domestic,126797.0,124031.0,-2766.0,cr,VA/VE Improvement,Engineering-driven
forecast,2025-04,B7,SH-CATB-D01,PANEL BOTTOM AS,domestic,123920.0,128763.0,4843.0,cu,Yield/Scrap Rate Increase,Operational-driven
forecast,2025-05,B7,SH-CATB-D01,PANEL BOTTOM AS,domestic,128004.0,133309.0,5305.0,cu,Yield/Scrap Rate Increase,Operational-driven
forecast,2025-06,B7,SH-CATB-D01,PANEL BOTTOM AS,domestic,134381.0,136146.0,1765.0,cu,Logistics/Freight Cost Increase,Market-driven
forecast,2025-07,B7,SH-CATB-D01,PANEL BOTTOM AS,domestic,136182.0,132648.0,-3534.0,cr,Process Improvement (Yield Up),Operational-driven
forecast,2025-08,B7,SH-CATB-D01,PANEL BOTTOM AS,domestic,133428.0,138839.0,5411.0,cu,Engineering Change / Spec Upgrade,Engineering-driven
forecast,2025-09,B7,SH-CATB-D01,PANEL BOTTOM AS,domestic,137230.0,137230.0,0.0,,,
forecast,2025-10,B7,SH-CATB-D01,PANEL BOTTOM AS,domestic,137230.0,142663.0,5433.0,cu,Raw Material Price Increase,Market-driven
forecast,2024-11,B7,SH-CATB-U01,CONNECTOR HOUSING,usd,58561.0,58259.0,-302.0,cr,Supplier Negotiation,Operational-driven
forecast,2024-12,B7,SH-CATB-U01,CONNECTOR HOUSING,usd,58171.0,60816.0,2645.0,cu,Logistics/Freight Cost Increase,Market-driven
forecast,2025-01,B7,SH-CATB-U01,CONNECTOR HOUSING,usd,60846.0,60846.0,0.0,,,
forecast,2025-02,B7,SH-CATB-U01,CONNECTOR HOUSING,usd,60846.0,57784.0,-3062.0,cr,VA/VE Improvement,Engineering-driven
forecast,2025-03,B7,SH-CATB-U01,CONNECTOR HOUSING,usd,57109.0,60406.0,3297.0,cu,Supplier Change (Higher Cost Source),Market-driven
forecast,2025-04,B7,SH-CATB-U01,CONNECTOR HOUSING,usd,59904.0,57436.0,-2468.0,cr,Alternative Material Substitution,Engineering-driven
forecast,2025-05,B7,SH-CATB-U01,CONNECTOR HOUSING,usd,57895.0,57895.0,0.0,,,
forecast,2025-06,B7,SH-CATB-U01,CONNECTOR HOUSING,usd,57895.0,57895.0,0.0,,,
forecast,2025-07,B7,SH-CATB-U01,CONNECTOR HOUSING,usd,57895.0,58315.0,420.0,cu,Logistics/Freight Cost Increase,Market-driven
forecast,2025-08,B7,SH-CATB-U01,CONNECTOR HOUSING,usd,58316.0,58316.0,0.0,,,
forecast,2025-09,B7,SH-CATB-U01,CONNECTOR HOUSING,usd,58316.0,59433.0,1117.0,cu,Engineering Change / Spec Upgrade,Engineering-driven
forecast,2025-10,B7,SH-CATB-U01,CONNECTOR HOUSING,usd,59288.0,59288.0,0.0,,,
forecast,2024-11,B7,SH-IDX07,PRECISION GEAR,jpy,203264.0,213753.0,10489.0,cu,Raw Material Price Increase,Market-driven
forecast,2024-12,B7,SH-IDX07,PRECISION GEAR,jpy,228315.0,228315.0,0.0,,,
forecast,2025-01,B7,SH-IDX07,PRECISION GEAR,jpy,228315.0,234625.0,6310.0,cu,Supplier Change (Higher Cost Source),Market-driven
forecast,2025-02,B7,SH-IDX07,PRECISION GEAR,jpy,246238.0,234864.0,-11374.0,cr,Process Improvement (Yield Up),Operational-driven
forecast,2025-03,B7,SH-IDX07,PRECISION GEAR,jpy,225390.0,213212.0,-12178.0,cr,Process Improvement (Yield Up),Operational-driven
forecast,2025-04,B7,SH-IDX07,PRECISION GEAR,jpy,201513.0,199859.0,-1654.0,cr,VA/VE Improvement,Engineering-driven
forecast,2025-05,B7,SH-IDX07,PRECISION GEAR,jpy,198455.0,191891.0,-6564.0,cr,Process Improvement (Yield Up),Operational-driven
forecast,2025-06,B7,SH-IDX07,PRECISION GEAR,jpy,186148.0,193052.0,6904.0,cu,Supplier Change (Higher Cost Source),Market-driven
forecast,2025-07,B7,SH-IDX07,PRECISION GEAR,jpy,200197.0,206376.0,6179.0,cu,Engineering Change / Spec Upgrade,Engineering-driven
forecast,2025-08,B7,SH-IDX07,PRECISION GEAR,jpy,214555.0,205174.0,-9381.0,cr,Localization / Local Sourcing,Operational-driven
forecast,2025-09,B7,SH-IDX07,PRECISION GEAR,jpy,195462.0,190599.0,-4863.0,cr,Localization / Local Sourcing,Operational-driven
forecast,2025-10,B7,SH-IDX07,PRECISION GEAR,jpy,182638.0,189626.0,6988.0,cu,Supplier Change (Higher Cost Source),Market-driven
forecast,2024-11,B7,UQ-B7-01,PANEL FRONT AS,domestic,520063.0,504015.0,-16048.0,cr,Process Improvement (Yield Up),Operational-driven
forecast,2024-12,B7,UQ-B7-01,PANEL FRONT AS,domestic,506387.0,506387.0,0.0,,,
forecast,2025-01,B7,UQ-B7-01,PANEL FRONT AS,domestic,506387.0,516578.0,10191.0,cu,Logistics/Freight Cost Increase,Market-driven
forecast,2025-02,B7,UQ-B7-01,PANEL FRONT AS,domestic,513733.0,527864.0,14131.0,cu,Logistics/Freight Cost Increase,Market-driven
forecast,2025-03,B7,UQ-B7-01,PANEL FRONT AS,domestic,525215.0,545551.0,20336.0,cu,Engineering Change / Spec Upgrade,Engineering-driven
forecast,2025-04,B7,UQ-B7-01,PANEL FRONT AS,domestic,544623.0,544623.0,0.0,,,
forecast,2025-05,B7,UQ-B7-01,PANEL FRONT AS,domestic,544623.0,567667.0,23044.0,cu,Yield/Scrap Rate Increase,Operational-driven
forecast,2025-06,B7,UQ-B7-01,PANEL FRONT AS,domestic,568301.0,583038.0,14737.0,cu,Supplier Change (Higher Cost Source),Market-driven
forecast,2025-07,B7,UQ-B7-01,PANEL FRONT AS,domestic,582259.0,582259.0,0.0,,,
forecast,2025-08,B7,UQ-B7-01,PANEL FRONT AS,domestic,582259.0,597688.0,15429.0,cu,Engineering Change / Spec Upgrade,Engineering-driven
forecast,2025-09,B7,UQ-B7-01,PANEL FRONT AS,domestic,593649.0,574872.0,-18777.0,cr,Alternative Material Substitution,Engineering-driven
forecast,2025-10,B7,UQ-B7-01,PANEL FRONT AS,domestic,577144.0,556364.0,-20780.0,cr,Localization / Local Sourcing,Operational-driven
forecast,2024-11,B7,UQ-B7-02,BRACKET SUPPORT,domestic,363445.0,363445.0,0.0,,,
forecast,2024-12,B7,UQ-B7-02,BRACKET SUPPORT,domestic,363445.0,374437.0,10992.0,cu,Logistics/Freight Cost Increase,Market-driven
forecast,2025-01,B7,UQ-B7-02,BRACKET SUPPORT,domestic,373118.0,380027.0,6909.0,cu,Engineering Change / Spec Upgrade,Engineering-driven
forecast,2025-02,B7,UQ-B7-02,BRACKET SUPPORT,domestic,381614.0,391768.0,10154.0,cu,Logistics/Freight Cost Increase,Market-driven
forecast,2025-03,B7,UQ-B7-02,BRACKET SUPPORT,domestic,393089.0,411317.0,18228.0,cu,Engineering Change / Spec Upgrade,Engineering-driven
forecast,2025-04,B7,UQ-B7-02,BRACKET SUPPORT,domestic,408907.0,408907.0,0.0,,,
forecast,2025-05,B7,UQ-B7-02,BRACKET SUPPORT,domestic,408907.0,432647.0,23740.0,cu,Raw Material Price Increase,Market-driven
forecast,2025-06,B7,UQ-B7-02,BRACKET SUPPORT,domestic,433973.0,433973.0,0.0,,,
forecast,2025-07,B7,UQ-B7-02,BRACKET SUPPORT,domestic,433973.0,416046.0,-17927.0,cr,VA/VE Improvement,Engineering-driven
forecast,2025-08,B7,UQ-B7-02,BRACKET SUPPORT,domestic,420802.0,433894.0,13092.0,cu,Engineering Change / Spec Upgrade,Engineering-driven
forecast,2025-09,B7,UQ-B7-02,BRACKET SUPPORT,domestic,434986.0,434986.0,0.0,,,
forecast,2025-10,B7,UQ-B7-02,BRACKET SUPPORT,domestic,434986.0,434986.0,0.0,,,
forecast,2024-11,B7,UQ-B7-03,IC CHIP CONTROL,usd,456656.0,445713.0,-10943.0,cr,Localization / Local Sourcing,Operational-driven
forecast,2024-12,B7,UQ-B7-03,IC CHIP CONTROL,usd,443930.0,439742.0,-4188.0,cr,Localization / Local Sourcing,Operational-driven
forecast,2025-01,B7,UQ-B7-03,IC CHIP CONTROL,usd,440763.0,445093.0,4330.0,cu,Engineering Change / Spec Upgrade,Engineering-driven
forecast,2025-02,B7,UQ-B7-03,IC CHIP CONTROL,usd,444312.0,444312.0,0.0,,,
forecast,2025-03,B7,UQ-B7-03,IC CHIP CONTROL,usd,444312.0,444312.0,0.0,,,
forecast,2025-04,B7,UQ-B7-03,IC CHIP CONTROL,usd,444312.0,433221.0,-11091.0,cr,Alternative Material Substitution,Engineering-driven
forecast,2025-05,B7,UQ-B7-03,IC CHIP CONTROL,usd,431711.0,436737.0,5026.0,cu,Engineering Change / Spec Upgrade,Engineering-driven
forecast,2025-06,B7,UQ-B7-03,IC CHIP CONTROL,usd,435736.0,443538.0,7802.0,cu,Raw Material Price Increase,Market-driven
forecast,2025-07,B7,UQ-B7-03,IC CHIP CONTROL,usd,445459.0,425754.0,-19705.0,cr,VA/VE Improvement,Engineering-driven
forecast,2025-08,B7,UQ-B7-03,IC CHIP CONTROL,usd,420166.0,414104.0,-6062.0,cr,Supplier Negotiation,Operational-driven
forecast,2025-09,B7,UQ-B7-03,IC CHIP CONTROL,usd,415806.0,397404.0,-18402.0,cr,VA/VE Improvement,Engineering-driven
forecast,2025-10,B7,UQ-B7-03,IC CHIP CONTROL,usd,400883.0,377259.0,-23624.0,cr,Alternative Material Substitution,Engineering-driven
forecast,2024-11,B7,UQ-B7-04,MOTOR UNIT,jpy,298118.0,305061.0,6943.0,cu,Yield/Scrap Rate Increase,Operational-driven
forecast,2024-12,B7,UQ-B7-04,MOTOR UNIT,jpy,313436.0,324531.0,11095.0,cu,Raw Material Price Increase,Market-driven
forecast,2025-01,B7,UQ-B7-04,MOTOR UNIT,jpy,342765.0,331138.0,-11627.0,cr,VA/VE Improvement,Engineering-driven
forecast,2025-02,B7,UQ-B7-04,MOTOR UNIT,jpy,310746.0,293355.0,-17391.0,cr,VA/VE Improvement,Engineering-driven
forecast,2025-03,B7,UQ-B7-04,MOTOR UNIT,jpy,276871.0,276871.0,0.0,,,
forecast,2025-04,B7,UQ-B7-04,MOTOR UNIT,jpy,276871.0,287576.0,10705.0,cu,Yield/Scrap Rate Increase,Operational-driven
forecast,2025-05,B7,UQ-B7-04,MOTOR UNIT,jpy,301029.0,305266.0,4237.0,cu,Yield/Scrap Rate Increase,Operational-driven
forecast,2025-06,B7,UQ-B7-04,MOTOR UNIT,jpy,308863.0,308863.0,0.0,,,
forecast,2025-07,B7,UQ-B7-04,MOTOR UNIT,jpy,308863.0,292271.0,-16592.0,cr,Process Improvement (Yield Up),Operational-driven
forecast,2025-08,B7,UQ-B7-04,MOTOR UNIT,jpy,264631.0,273066.0,8435.0,cu,Raw Material Price Increase,Market-driven
forecast,2025-09,B7,UQ-B7-04,MOTOR UNIT,jpy,289039.0,287280.0,-1759.0,cr,VA/VE Improvement,Engineering-driven
forecast,2025-10,B7,UQ-B7-04,MOTOR UNIT,jpy,284219.0,291747.0,7528.0,cu,Logistics/Freight Cost Increase,Market-driven
forecast,2024-11,B7,UQ-B7-05,SENSOR MODULE,jpy,342169.0,324831.0,-17338.0,cr,Alternative Material Substitution,Engineering-driven
forecast,2024-12,B7,UQ-B7-05,SENSOR MODULE,jpy,323461.0,323461.0,0.0,,,
forecast,2025-01,B7,UQ-B7-05,SENSOR MODULE,jpy,323461.0,338989.0,15528.0,cu,Yield/Scrap Rate Increase,Operational-driven
forecast,2025-02,B7,UQ-B7-05,SENSOR MODULE,jpy,341611.0,331309.0,-10302.0,cr,VA/VE Improvement,Engineering-driven
forecast,2025-03,B7,UQ-B7-05,SENSOR MODULE,jpy,333567.0,339428.0,5861.0,cu,Supplier Change (Higher Cost Source),Market-driven
forecast,2025-04,B7,UQ-B7-05,SENSOR MODULE,jpy,340497.0,321710.0,-18787.0,cr,Supplier Negotiation,Operational-driven
forecast,2025-05,B7,UQ-B7-05,SENSOR MODULE,jpy,325519.0,325519.0,0.0,,,
forecast,2025-06,B7,UQ-B7-05,SENSOR MODULE,jpy,325519.0,333191.0,7672.0,cu,Supplier Change (Higher Cost Source),Market-driven
forecast,2025-07,B7,UQ-B7-05,SENSOR MODULE,jpy,331061.0,323139.0,-7922.0,cr,VA/VE Improvement,Engineering-driven
forecast,2025-08,B7,UQ-B7-05,SENSOR MODULE,jpy,322614.0,327880.0,5266.0,cu,Yield/Scrap Rate Increase,Operational-driven
forecast,2025-09,B7,UQ-B7-05,SENSOR MODULE,jpy,326521.0,323740.0,-2781.0,cr,VA/VE Improvement,Engineering-driven
forecast,2025-10,B7,UQ-B7-05,SENSOR MODULE,jpy,323383.0,323383.0,0.0,,,
forecast,2024-11,B8,SH-CATB-D01,PANEL BOTTOM AS,domestic,134348.0,134348.0,0.0,,,
forecast,2024-12,B8,SH-CATB-D01,PANEL BOTTOM AS,domestic,134348.0,132170.0,-2178.0,cr,VA/VE Improvement,Engineering-driven
forecast,2025-01,B8,SH-CATB-D01,PANEL BOTTOM AS,domestic,131620.0,131620.0,0.0,,,
forecast,2025-02,B8,SH-CATB-D01,PANEL BOTTOM AS,domestic,131620.0,125686.0,-5934.0,cr,Localization / Local Sourcing,Operational-driven
forecast,2025-03,B8,SH-CATB-D01,PANEL BOTTOM AS,domestic,126797.0,124031.0,-2766.0,cr,VA/VE Improvement,Engineering-driven
forecast,2025-04,B8,SH-CATB-D01,PANEL BOTTOM AS,domestic,123920.0,128763.0,4843.0,cu,Yield/Scrap Rate Increase,Operational-driven
forecast,2025-05,B8,SH-CATB-D01,PANEL BOTTOM AS,domestic,128004.0,133309.0,5305.0,cu,Yield/Scrap Rate Increase,Operational-driven
forecast,2025-06,B8,SH-CATB-D01,PANEL BOTTOM AS,domestic,134381.0,136146.0,1765.0,cu,Logistics/Freight Cost Increase,Market-driven
forecast,2025-07,B8,SH-CATB-D01,PANEL BOTTOM AS,domestic,136182.0,132648.0,-3534.0,cr,Process Improvement (Yield Up),Operational-driven
forecast,2025-08,B8,SH-CATB-D01,PANEL BOTTOM AS,domestic,133428.0,138839.0,5411.0,cu,Engineering Change / Spec Upgrade,Engineering-driven
forecast,2025-09,B8,SH-CATB-D01,PANEL BOTTOM AS,domestic,137230.0,137230.0,0.0,,,
forecast,2025-10,B8,SH-CATB-D01,PANEL BOTTOM AS,domestic,137230.0,142663.0,5433.0,cu,Raw Material Price Increase,Market-driven
forecast,2024-11,B8,SH-CATB-U01,CONNECTOR HOUSING,usd,58561.0,58259.0,-302.0,cr,Supplier Negotiation,Operational-driven
forecast,2024-12,B8,SH-CATB-U01,CONNECTOR HOUSING,usd,58171.0,60816.0,2645.0,cu,Logistics/Freight Cost Increase,Market-driven
forecast,2025-01,B8,SH-CATB-U01,CONNECTOR HOUSING,usd,60846.0,60846.0,0.0,,,
forecast,2025-02,B8,SH-CATB-U01,CONNECTOR HOUSING,usd,60846.0,57784.0,-3062.0,cr,VA/VE Improvement,Engineering-driven
forecast,2025-03,B8,SH-CATB-U01,CONNECTOR HOUSING,usd,57109.0,60406.0,3297.0,cu,Supplier Change (Higher Cost Source),Market-driven
forecast,2025-04,B8,SH-CATB-U01,CONNECTOR HOUSING,usd,59904.0,57436.0,-2468.0,cr,Alternative Material Substitution,Engineering-driven
forecast,2025-05,B8,SH-CATB-U01,CONNECTOR HOUSING,usd,57895.0,57895.0,0.0,,,
forecast,2025-06,B8,SH-CATB-U01,CONNECTOR HOUSING,usd,57895.0,57895.0,0.0,,,
forecast,2025-07,B8,SH-CATB-U01,CONNECTOR HOUSING,usd,57895.0,58315.0,420.0,cu,Logistics/Freight Cost Increase,Market-driven
forecast,2025-08,B8,SH-CATB-U01,CONNECTOR HOUSING,usd,58316.0,58316.0,0.0,,,
forecast,2025-09,B8,SH-CATB-U01,CONNECTOR HOUSING,usd,58316.0,59433.0,1117.0,cu,Engineering Change / Spec Upgrade,Engineering-driven
forecast,2025-10,B8,SH-CATB-U01,CONNECTOR HOUSING,usd,59288.0,59288.0,0.0,,,
forecast,2024-11,B8,SH-IDX08,PRECISION GEAR,jpy,78230.0,78937.0,707.0,cu,Yield/Scrap Rate Increase,Operational-driven
forecast,2024-12,B8,SH-IDX08,PRECISION GEAR,jpy,78788.0,75552.0,-3236.0,cr,Supplier Negotiation,Operational-driven
forecast,2025-01,B8,SH-IDX08,PRECISION GEAR,jpy,76130.0,76130.0,0.0,,,
forecast,2025-02,B8,SH-IDX08,PRECISION GEAR,jpy,76130.0,76130.0,0.0,,,
forecast,2025-03,B8,SH-IDX08,PRECISION GEAR,jpy,76130.0,76890.0,760.0,cu,Raw Material Price Increase,Market-driven
forecast,2025-04,B8,SH-IDX08,PRECISION GEAR,jpy,76964.0,76964.0,0.0,,,
forecast,2025-05,B8,SH-IDX08,PRECISION GEAR,jpy,76964.0,81446.0,4482.0,cu,Yield/Scrap Rate Increase,Operational-driven
forecast,2025-06,B8,SH-IDX08,PRECISION GEAR,jpy,82309.0,82309.0,0.0,,,
forecast,2025-07,B8,SH-IDX08,PRECISION GEAR,jpy,82309.0,86918.0,4609.0,cu,Supplier Change (Higher Cost Source),Market-driven
forecast,2025-08,B8,SH-IDX08,PRECISION GEAR,jpy,88270.0,85906.0,-2364.0,cr,VA/VE Improvement,Engineering-driven
forecast,2025-09,B8,SH-IDX08,PRECISION GEAR,jpy,85906.0,87570.0,1664.0,cu,Logistics/Freight Cost Increase,Market-driven
forecast,2025-10,B8,SH-IDX08,PRECISION GEAR,jpy,87325.0,92023.0,4698.0,cu,Yield/Scrap Rate Increase,Operational-driven
forecast,2024-11,B8,UQ-B8-01,PANEL FRONT AS,domestic,820998.0,814044.0,-6954.0,cr,Alternative Material Substitution,Engineering-driven
forecast,2024-12,B8,UQ-B8-01,PANEL FRONT AS,domestic,815976.0,848998.0,33022.0,cu,Raw Material Price Increase,Market-driven
forecast,2025-01,B8,UQ-B8-01,PANEL FRONT AS,domestic,856820.0,887760.0,30940.0,cu,Supplier Change (Higher Cost Source),Market-driven
forecast,2025-02,B8,UQ-B8-01,PANEL FRONT AS,domestic,881816.0,911948.0,30132.0,cu,Engineering Change / Spec Upgrade,Engineering-driven
forecast,2025-03,B8,UQ-B8-01,PANEL FRONT AS,domestic,918074.0,965903.0,47829.0,cu,Logistics/Freight Cost Increase,Market-driven
forecast,2025-04,B8,UQ-B8-01,PANEL FRONT AS,domestic,965128.0,965128.0,0.0,,,
forecast,2025-05,B8,UQ-B8-01,PANEL FRONT AS,domestic,965128.0,927793.0,-37335.0,cr,Localization / Local Sourcing,Operational-driven
forecast,2025-06,B8,UQ-B8-01,PANEL FRONT AS,domestic,919289.0,893332.0,-25957.0,cr,Alternative Material Substitution,Engineering-driven
forecast,2025-07,B8,UQ-B8-01,PANEL FRONT AS,domestic,896967.0,896967.0,0.0,,,
forecast,2025-08,B8,UQ-B8-01,PANEL FRONT AS,domestic,896967.0,896967.0,0.0,,,
forecast,2025-09,B8,UQ-B8-01,PANEL FRONT AS,domestic,896967.0,886360.0,-10607.0,cr,Localization / Local Sourcing,Operational-driven
forecast,2025-10,B8,UQ-B8-01,PANEL FRONT AS,domestic,888392.0,929062.0,40670.0,cu,Logistics/Freight Cost Increase,Market-driven
forecast,2024-11,B8,UQ-B8-02,BRACKET SUPPORT,domestic,751746.0,715278.0,-36468.0,cr,Process Improvement (Yield Up),Operational-driven
forecast,2024-12,B8,UQ-B8-02,BRACKET SUPPORT,domestic,705795.0,693347.0,-12448.0,cr,VA/VE Improvement,Engineering-driven
forecast,2025-01,B8,UQ-B8-02,BRACKET SUPPORT,domestic,693530.0,681708.0,-11822.0,cr,Process Improvement (Yield Up),Operational-driven
forecast,2025-02,B8,UQ-B8-02,BRACKET SUPPORT,domestic,684839.0,662268.0,-22571.0,cr,Supplier Negotiation,Operational-driven
forecast,2025-03,B8,UQ-B8-02,BRACKET SUPPORT,domestic,659670.0,659670.0,0.0,,,
forecast,2025-04,B8,UQ-B8-02,BRACKET SUPPORT,domestic,659670.0,664830.0,5160.0,cu,Engineering Change / Spec Upgrade,Engineering-driven
forecast,2025-05,B8,UQ-B8-02,BRACKET SUPPORT,domestic,664176.0,664176.0,0.0,,,
forecast,2025-06,B8,UQ-B8-02,BRACKET SUPPORT,domestic,664176.0,639376.0,-24800.0,cr,Alternative Material Substitution,Engineering-driven
forecast,2025-07,B8,UQ-B8-02,BRACKET SUPPORT,domestic,638329.0,612532.0,-25797.0,cr,VA/VE Improvement,Engineering-driven
forecast,2025-08,B8,UQ-B8-02,BRACKET SUPPORT,domestic,608069.0,599282.0,-8787.0,cr,Alternative Material Substitution,Engineering-driven
forecast,2025-09,B8,UQ-B8-02,BRACKET SUPPORT,domestic,599856.0,590920.0,-8936.0,cr,Process Improvement (Yield Up),Operational-driven
forecast,2025-10,B8,UQ-B8-02,BRACKET SUPPORT,domestic,592941.0,574422.0,-18519.0,cr,Localization / Local Sourcing,Operational-driven
forecast,2024-11,B8,UQ-B8-03,IC CHIP CONTROL,usd,626448.0,589236.0,-37212.0,cr,Process Improvement (Yield Up),Operational-driven
forecast,2024-12,B8,UQ-B8-03,IC CHIP CONTROL,usd,599582.0,599582.0,0.0,,,
forecast,2025-01,B8,UQ-B8-03,IC CHIP CONTROL,usd,599582.0,579125.0,-20457.0,cr,Supplier Negotiation,Operational-driven
forecast,2025-02,B8,UQ-B8-03,IC CHIP CONTROL,usd,573307.0,573307.0,0.0,,,
forecast,2025-03,B8,UQ-B8-03,IC CHIP CONTROL,usd,573307.0,566200.0,-7107.0,cr,VA/VE Improvement,Engineering-driven
forecast,2025-04,B8,UQ-B8-03,IC CHIP CONTROL,usd,566055.0,535250.0,-30805.0,cr,Localization / Local Sourcing,Operational-driven
forecast,2025-05,B8,UQ-B8-03,IC CHIP CONTROL,usd,532985.0,532985.0,0.0,,,
forecast,2025-06,B8,UQ-B8-03,IC CHIP CONTROL,usd,532985.0,538515.0,5530.0,cu,Logistics/Freight Cost Increase,Market-driven
forecast,2025-07,B8,UQ-B8-03,IC CHIP CONTROL,usd,537971.0,514644.0,-23327.0,cr,Alternative Material Substitution,Engineering-driven
forecast,2025-08,B8,UQ-B8-03,IC CHIP CONTROL,usd,510789.0,516971.0,6182.0,cu,Raw Material Price Increase,Market-driven
forecast,2025-09,B8,UQ-B8-03,IC CHIP CONTROL,usd,516559.0,516559.0,0.0,,,
forecast,2025-10,B8,UQ-B8-03,IC CHIP CONTROL,usd,516559.0,516559.0,0.0,,,
forecast,2024-11,B8,UQ-B8-04,MOTOR UNIT,jpy,185347.0,181504.0,-3843.0,cr,Localization / Local Sourcing,Operational-driven
forecast,2024-12,B8,UQ-B8-04,MOTOR UNIT,jpy,180661.0,180661.0,0.0,,,
forecast,2025-01,B8,UQ-B8-04,MOTOR UNIT,jpy,180661.0,180661.0,0.0,,,
forecast,2025-02,B8,UQ-B8-04,MOTOR UNIT,jpy,180661.0,178729.0,-1932.0,cr,VA/VE Improvement,Engineering-driven
forecast,2025-03,B8,UQ-B8-04,MOTOR UNIT,jpy,178285.0,183948.0,5663.0,cu,Yield/Scrap Rate Increase,Operational-driven
forecast,2025-04,B8,UQ-B8-04,MOTOR UNIT,jpy,182411.0,176898.0,-5513.0,cr,VA/VE Improvement,Engineering-driven
forecast,2025-05,B8,UQ-B8-04,MOTOR UNIT,jpy,175881.0,168165.0,-7716.0,cr,Process Improvement (Yield Up),Operational-driven
forecast,2025-06,B8,UQ-B8-04,MOTOR UNIT,jpy,168553.0,176487.0,7934.0,cu,Yield/Scrap Rate Increase,Operational-driven
forecast,2025-07,B8,UQ-B8-04,MOTOR UNIT,jpy,175533.0,173842.0,-1691.0,cr,Alternative Material Substitution,Engineering-driven
forecast,2025-08,B8,UQ-B8-04,MOTOR UNIT,jpy,173614.0,170774.0,-2840.0,cr,Process Improvement (Yield Up),Operational-driven
forecast,2025-09,B8,UQ-B8-04,MOTOR UNIT,jpy,170890.0,168520.0,-2370.0,cr,Localization / Local Sourcing,Operational-driven
forecast,2025-10,B8,UQ-B8-04,MOTOR UNIT,jpy,169111.0,178190.0,9079.0,cu,Logistics/Freight Cost Increase,Market-driven
forecast,2024-11,B8,UQ-B8-05,SENSOR MODULE,jpy,164675.0,166626.0,1951.0,cu,Engineering Change / Spec Upgrade,Engineering-driven
forecast,2024-12,B8,UQ-B8-05,SENSOR MODULE,jpy,166911.0,157821.0,-9090.0,cr,Localization / Local Sourcing,Operational-driven
forecast,2025-01,B8,UQ-B8-05,SENSOR MODULE,jpy,159570.0,156433.0,-3137.0,cr,Localization / Local Sourcing,Operational-driven
forecast,2025-02,B8,UQ-B8-05,SENSOR MODULE,jpy,155936.0,151857.0,-4079.0,cr,Supplier Negotiation,Operational-driven
forecast,2025-03,B8,UQ-B8-05,SENSOR MODULE,jpy,152411.0,152411.0,0.0,,,
forecast,2025-04,B8,UQ-B8-05,SENSOR MODULE,jpy,152411.0,157310.0,4899.0,cu,Engineering Change / Spec Upgrade,Engineering-driven
forecast,2025-05,B8,UQ-B8-05,SENSOR MODULE,jpy,157174.0,149710.0,-7464.0,cr,Supplier Negotiation,Operational-driven
forecast,2025-06,B8,UQ-B8-05,SENSOR MODULE,jpy,151308.0,148872.0,-2436.0,cr,Localization / Local Sourcing,Operational-driven
forecast,2025-07,B8,UQ-B8-05,SENSOR MODULE,jpy,148374.0,146604.0,-1770.0,cr,Process Improvement (Yield Up),Operational-driven
forecast,2025-08,B8,UQ-B8-05,SENSOR MODULE,jpy,146908.0,142337.0,-4571.0,cr,Process Improvement (Yield Up),Operational-driven
forecast,2025-09,B8,UQ-B8-05,SENSOR MODULE,jpy,142097.0,142097.0,0.0,,,
forecast,2025-10,B8,UQ-B8-05,SENSOR MODULE,jpy,142097.0,136274.0,-5823.0,cr,Supplier Negotiation,Operational-driven
forecast,2024-11,B8,SH-EVEN-01,TAPE PU-F,domestic,70295.0,68189.0,-2106.0,cr,Localization / Local Sourcing,Operational-driven
forecast,2024-12,B8,SH-EVEN-01,TAPE PU-F,domestic,67819.0,68532.0,713.0,cu,Engineering Change / Spec Upgrade,Engineering-driven
forecast,2025-01,B8,SH-EVEN-01,TAPE PU-F,domestic,68361.0,67735.0,-626.0,cr,Localization / Local Sourcing,Operational-driven
forecast,2025-02,B8,SH-EVEN-01,TAPE PU-F,domestic,67771.0,70653.0,2882.0,cu,Logistics/Freight Cost Increase,Market-driven
forecast,2025-03,B8,SH-EVEN-01,TAPE PU-F,domestic,70908.0,70908.0,0.0,,,
forecast,2025-04,B8,SH-EVEN-01,TAPE PU-F,domestic,70908.0,68376.0,-2532.0,cr,Localization / Local Sourcing,Operational-driven
forecast,2025-05,B8,SH-EVEN-01,TAPE PU-F,domestic,67971.0,70788.0,2817.0,cu,Logistics/Freight Cost Increase,Market-driven
forecast,2025-06,B8,SH-EVEN-01,TAPE PU-F,domestic,70882.0,69951.0,-931.0,cr,Process Improvement (Yield Up),Operational-driven
forecast,2025-07,B8,SH-EVEN-01,TAPE PU-F,domestic,70015.0,71061.0,1046.0,cu,Yield/Scrap Rate Increase,Operational-driven
forecast,2025-08,B8,SH-EVEN-01,TAPE PU-F,domestic,71263.0,71263.0,0.0,,,
forecast,2025-09,B8,SH-EVEN-01,TAPE PU-F,domestic,71263.0,69400.0,-1863.0,cr,Localization / Local Sourcing,Operational-driven
forecast,2025-10,B8,SH-EVEN-01,TAPE PU-F,domestic,69379.0,73502.0,4123.0,cu,Logistics/Freight Cost Increase,Market-driven
forecast,2024-11,B8,SH-EVEN-02,RESIN COMPOUND,usd,19042.0,19042.0,0.0,,,
forecast,2024-12,B8,SH-EVEN-02,RESIN COMPOUND,usd,19042.0,18941.0,-101.0,cr,Supplier Negotiation,Operational-driven
forecast,2025-01,B8,SH-EVEN-02,RESIN COMPOUND,usd,18947.0,18128.0,-819.0,cr,Alternative Material Substitution,Engineering-driven
forecast,2025-02,B8,SH-EVEN-02,RESIN COMPOUND,usd,17907.0,18005.0,98.0,cu,Supplier Change (Higher Cost Source),Market-driven
forecast,2025-03,B8,SH-EVEN-02,RESIN COMPOUND,usd,18018.0,17367.0,-651.0,cr,Supplier Negotiation,Operational-driven
forecast,2025-04,B8,SH-EVEN-02,RESIN COMPOUND,usd,17275.0,16548.0,-727.0,cr,Alternative Material Substitution,Engineering-driven
forecast,2025-05,B8,SH-EVEN-02,RESIN COMPOUND,usd,16381.0,16788.0,407.0,cu,Supplier Change (Higher Cost Source),Market-driven
forecast,2025-06,B8,SH-EVEN-02,RESIN COMPOUND,usd,16909.0,16909.0,0.0,,,
forecast,2025-07,B8,SH-EVEN-02,RESIN COMPOUND,usd,16909.0,17610.0,701.0,cu,Raw Material Price Increase,Market-driven
forecast,2025-08,B8,SH-EVEN-02,RESIN COMPOUND,usd,17621.0,17621.0,0.0,,,
forecast,2025-09,B8,SH-EVEN-02,RESIN COMPOUND,usd,17621.0,17123.0,-498.0,cr,Process Improvement (Yield Up),Operational-driven
forecast,2025-10,B8,SH-EVEN-02,RESIN COMPOUND,usd,17066.0,17668.0,602.0,cu,Yield/Scrap Rate Increase,Operational-driven
forecast,2024-11,B9,SH-CATB-D01,PANEL BOTTOM AS,domestic,134348.0,134348.0,0.0,,,
forecast,2024-12,B9,SH-CATB-D01,PANEL BOTTOM AS,domestic,134348.0,132170.0,-2178.0,cr,VA/VE Improvement,Engineering-driven
forecast,2025-01,B9,SH-CATB-D01,PANEL BOTTOM AS,domestic,131620.0,131620.0,0.0,,,
forecast,2025-02,B9,SH-CATB-D01,PANEL BOTTOM AS,domestic,131620.0,125686.0,-5934.0,cr,Localization / Local Sourcing,Operational-driven
forecast,2025-03,B9,SH-CATB-D01,PANEL BOTTOM AS,domestic,126797.0,124031.0,-2766.0,cr,VA/VE Improvement,Engineering-driven
forecast,2025-04,B9,SH-CATB-D01,PANEL BOTTOM AS,domestic,123920.0,128763.0,4843.0,cu,Yield/Scrap Rate Increase,Operational-driven
forecast,2025-05,B9,SH-CATB-D01,PANEL BOTTOM AS,domestic,128004.0,133309.0,5305.0,cu,Yield/Scrap Rate Increase,Operational-driven
forecast,2025-06,B9,SH-CATB-D01,PANEL BOTTOM AS,domestic,134381.0,136146.0,1765.0,cu,Logistics/Freight Cost Increase,Market-driven
forecast,2025-07,B9,SH-CATB-D01,PANEL BOTTOM AS,domestic,136182.0,132648.0,-3534.0,cr,Process Improvement (Yield Up),Operational-driven
forecast,2025-08,B9,SH-CATB-D01,PANEL BOTTOM AS,domestic,133428.0,138839.0,5411.0,cu,Engineering Change / Spec Upgrade,Engineering-driven
forecast,2025-09,B9,SH-CATB-D01,PANEL BOTTOM AS,domestic,137230.0,137230.0,0.0,,,
forecast,2025-10,B9,SH-CATB-D01,PANEL BOTTOM AS,domestic,137230.0,142663.0,5433.0,cu,Raw Material Price Increase,Market-driven
forecast,2024-11,B9,SH-CATB-U01,CONNECTOR HOUSING,usd,58561.0,58259.0,-302.0,cr,Supplier Negotiation,Operational-driven
forecast,2024-12,B9,SH-CATB-U01,CONNECTOR HOUSING,usd,58171.0,60816.0,2645.0,cu,Logistics/Freight Cost Increase,Market-driven
forecast,2025-01,B9,SH-CATB-U01,CONNECTOR HOUSING,usd,60846.0,60846.0,0.0,,,
forecast,2025-02,B9,SH-CATB-U01,CONNECTOR HOUSING,usd,60846.0,57784.0,-3062.0,cr,VA/VE Improvement,Engineering-driven
forecast,2025-03,B9,SH-CATB-U01,CONNECTOR HOUSING,usd,57109.0,60406.0,3297.0,cu,Supplier Change (Higher Cost Source),Market-driven
forecast,2025-04,B9,SH-CATB-U01,CONNECTOR HOUSING,usd,59904.0,57436.0,-2468.0,cr,Alternative Material Substitution,Engineering-driven
forecast,2025-05,B9,SH-CATB-U01,CONNECTOR HOUSING,usd,57895.0,57895.0,0.0,,,
forecast,2025-06,B9,SH-CATB-U01,CONNECTOR HOUSING,usd,57895.0,57895.0,0.0,,,
forecast,2025-07,B9,SH-CATB-U01,CONNECTOR HOUSING,usd,57895.0,58315.0,420.0,cu,Logistics/Freight Cost Increase,Market-driven
forecast,2025-08,B9,SH-CATB-U01,CONNECTOR HOUSING,usd,58316.0,58316.0,0.0,,,
forecast,2025-09,B9,SH-CATB-U01,CONNECTOR HOUSING,usd,58316.0,59433.0,1117.0,cu,Engineering Change / Spec Upgrade,Engineering-driven
forecast,2025-10,B9,SH-CATB-U01,CONNECTOR HOUSING,usd,59288.0,59288.0,0.0,,,
forecast,2024-11,B9,SH-IDX09,PRECISION GEAR,jpy,56507.0,56507.0,0.0,,,
forecast,2024-12,B9,SH-IDX09,PRECISION GEAR,jpy,56507.0,53325.0,-3182.0,cr,Supplier Negotiation,Operational-driven
forecast,2025-01,B9,SH-IDX09,PRECISION GEAR,jpy,54071.0,53058.0,-1013.0,cr,Supplier Negotiation,Operational-driven
forecast,2025-02,B9,SH-IDX09,PRECISION GEAR,jpy,52899.0,55432.0,2533.0,cu,Logistics/Freight Cost Increase,Market-driven
forecast,2025-03,B9,SH-IDX09,PRECISION GEAR,jpy,55656.0,52909.0,-2747.0,cr,Supplier Negotiation,Operational-driven
forecast,2025-04,B9,SH-IDX09,PRECISION GEAR,jpy,52485.0,49496.0,-2989.0,cr,Localization / Local Sourcing,Operational-driven
forecast,2025-05,B9,SH-IDX09,PRECISION GEAR,jpy,50211.0,47582.0,-2629.0,cr,Supplier Negotiation,Operational-driven
forecast,2025-06,B9,SH-IDX09,PRECISION GEAR,jpy,47690.0,45676.0,-2014.0,cr,VA/VE Improvement,Engineering-driven
forecast,2025-07,B9,SH-IDX09,PRECISION GEAR,jpy,45804.0,47186.0,1382.0,cu,Logistics/Freight Cost Increase,Market-driven
forecast,2025-08,B9,SH-IDX09,PRECISION GEAR,jpy,46874.0,46874.0,0.0,,,
forecast,2025-09,B9,SH-IDX09,PRECISION GEAR,jpy,46874.0,44186.0,-2688.0,cr,Localization / Local Sourcing,Operational-driven
forecast,2025-10,B9,SH-IDX09,PRECISION GEAR,jpy,44804.0,42332.0,-2472.0,cr,Supplier Negotiation,Operational-driven
forecast,2024-11,B9,UQ-B9-01,PANEL FRONT AS,domestic,355644.0,346303.0,-9341.0,cr,Alternative Material Substitution,Engineering-driven
forecast,2024-12,B9,UQ-B9-01,PANEL FRONT AS,domestic,345227.0,347250.0,2023.0,cu,Logistics/Freight Cost Increase,Market-driven
forecast,2025-01,B9,UQ-B9-01,PANEL FRONT AS,domestic,347556.0,334814.0,-12742.0,cr,Alternative Material Substitution,Engineering-driven
forecast,2025-02,B9,UQ-B9-01,PANEL FRONT AS,domestic,335924.0,355534.0,19610.0,cu,Logistics/Freight Cost Increase,Market-driven
forecast,2025-03,B9,UQ-B9-01,PANEL FRONT AS,domestic,351277.0,351277.0,0.0,,,
forecast,2025-04,B9,UQ-B9-01,PANEL FRONT AS,domestic,351277.0,364649.0,13372.0,cu,Yield/Scrap Rate Increase,Operational-driven
forecast,2025-05,B9,UQ-B9-01,PANEL FRONT AS,domestic,362869.0,373673.0,10804.0,cu,Logistics/Freight Cost Increase,Market-driven
forecast,2025-06,B9,UQ-B9-01,PANEL FRONT AS,domestic,374390.0,382179.0,7789.0,cu,Yield/Scrap Rate Increase,Operational-driven
forecast,2025-07,B9,UQ-B9-01,PANEL FRONT AS,domestic,381721.0,390185.0,8464.0,cu,Logistics/Freight Cost Increase,Market-driven
forecast,2025-08,B9,UQ-B9-01,PANEL FRONT AS,domestic,387765.0,404309.0,16544.0,cu,Raw Material Price Increase,Market-driven
forecast,2025-09,B9,UQ-B9-01,PANEL FRONT AS,domestic,409184.0,432976.0,23792.0,cu,Raw Material Price Increase,Market-driven
forecast,2025-10,B9,UQ-B9-01,PANEL FRONT AS,domestic,429383.0,403802.0,-25581.0,cr,VA/VE Improvement,Engineering-driven
forecast,2024-11,B9,UQ-B9-02,BRACKET SUPPORT,domestic,319099.0,334687.0,15588.0,cu,Raw Material Price Increase,Market-driven
forecast,2024-12,B9,UQ-B9-02,BRACKET SUPPORT,domestic,336811.0,345873.0,9062.0,cu,Logistics/Freight Cost Increase,Market-driven
forecast,2025-01,B9,UQ-B9-02,BRACKET SUPPORT,domestic,346221.0,364047.0,17826.0,cu,Yield/Scrap Rate Increase,Operational-driven
forecast,2025-02,B9,UQ-B9-02,BRACKET SUPPORT,domestic,362100.0,342636.0,-19464.0,cr,VA/VE Improvement,Engineering-driven
forecast,2025-03,B9,UQ-B9-02,BRACKET SUPPORT,domestic,338424.0,331999.0,-6425.0,cr,Localization / Local Sourcing,Operational-driven
forecast,2025-04,B9,UQ-B9-02,BRACKET SUPPORT,domestic,332192.0,348837.0,16645.0,cu,Logistics/Freight Cost Increase,Market-driven
forecast,2025-05,B9,UQ-B9-02,BRACKET SUPPORT,domestic,345324.0,345324.0,0.0,,,
forecast,2025-06,B9,UQ-B9-02,BRACKET SUPPORT,domestic,345324.0,361160.0,15836.0,cu,Yield/Scrap Rate Increase,Operational-driven
forecast,2025-07,B9,UQ-B9-02,BRACKET SUPPORT,domestic,357309.0,369706.0,12397.0,cu,Supplier Change (Higher Cost Source),Market-driven
forecast,2025-08,B9,UQ-B9-02,BRACKET SUPPORT,domestic,371391.0,352691.0,-18700.0,cr,Supplier Negotiation,Operational-driven
forecast,2025-09,B9,UQ-B9-02,BRACKET SUPPORT,domestic,352401.0,352401.0,0.0,,,
forecast,2025-10,B9,UQ-B9-02,BRACKET SUPPORT,domestic,352401.0,369385.0,16984.0,cu,Supplier Change (Higher Cost Source),Market-driven
forecast,2024-11,B9,UQ-B9-03,IC CHIP CONTROL,usd,209962.0,209962.0,0.0,,,
forecast,2024-12,B9,UQ-B9-03,IC CHIP CONTROL,usd,209962.0,199103.0,-10859.0,cr,VA/VE Improvement,Engineering-driven
forecast,2025-01,B9,UQ-B9-03,IC CHIP CONTROL,usd,200199.0,195247.0,-4952.0,cr,Process Improvement (Yield Up),Operational-driven
forecast,2025-02,B9,UQ-B9-03,IC CHIP CONTROL,usd,193917.0,182970.0,-10947.0,cr,Supplier Negotiation,Operational-driven
forecast,2025-03,B9,UQ-B9-03,IC CHIP CONTROL,usd,184877.0,180282.0,-4595.0,cr,Process Improvement (Yield Up),Operational-driven
forecast,2025-04,B9,UQ-B9-03,IC CHIP CONTROL,usd,180712.0,179443.0,-1269.0,cr,VA/VE Improvement,Engineering-driven
forecast,2025-05,B9,UQ-B9-03,IC CHIP CONTROL,usd,179186.0,173364.0,-5822.0,cr,Process Improvement (Yield Up),Operational-driven
forecast,2025-06,B9,UQ-B9-03,IC CHIP CONTROL,usd,173895.0,172382.0,-1513.0,cr,Alternative Material Substitution,Engineering-driven
forecast,2025-07,B9,UQ-B9-03,IC CHIP CONTROL,usd,172448.0,174358.0,1910.0,cu,Supplier Change (Higher Cost Source),Market-driven
forecast,2025-08,B9,UQ-B9-03,IC CHIP CONTROL,usd,174083.0,183372.0,9289.0,cu,Yield/Scrap Rate Increase,Operational-driven
forecast,2025-09,B9,UQ-B9-03,IC CHIP CONTROL,usd,180803.0,190703.0,9900.0,cu,Yield/Scrap Rate Increase,Operational-driven
forecast,2025-10,B9,UQ-B9-03,IC CHIP CONTROL,usd,190376.0,189005.0,-1371.0,cr,Alternative Material Substitution,Engineering-driven
forecast,2024-11,B9,UQ-B9-04,MOTOR UNIT,jpy,117542.0,111638.0,-5904.0,cr,Process Improvement (Yield Up),Operational-driven
forecast,2024-12,B9,UQ-B9-04,MOTOR UNIT,jpy,113046.0,111611.0,-1435.0,cr,Localization / Local Sourcing,Operational-driven
forecast,2025-01,B9,UQ-B9-04,MOTOR UNIT,jpy,111610.0,115625.0,4015.0,cu,Engineering Change / Spec Upgrade,Engineering-driven
forecast,2025-02,B9,UQ-B9-04,MOTOR UNIT,jpy,115726.0,110777.0,-4949.0,cr,Supplier Negotiation,Operational-driven
forecast,2025-03,B9,UQ-B9-04,MOTOR UNIT,jpy,109348.0,106690.0,-2658.0,cr,VA/VE Improvement,Engineering-driven
forecast,2025-04,B9,UQ-B9-04,MOTOR UNIT,jpy,107170.0,113131.0,5961.0,cu,Engineering Change / Spec Upgrade,Engineering-driven
forecast,2025-05,B9,UQ-B9-04,MOTOR UNIT,jpy,114897.0,114897.0,0.0,,,
forecast,2025-06,B9,UQ-B9-04,MOTOR UNIT,jpy,114897.0,113838.0,-1059.0,cr,VA/VE Improvement,Engineering-driven
forecast,2025-07,B9,UQ-B9-04,MOTOR UNIT,jpy,113645.0,112303.0,-1342.0,cr,Localization / Local Sourcing,Operational-driven
forecast,2025-08,B9,UQ-B9-04,MOTOR UNIT,jpy,112344.0,112344.0,0.0,,,
forecast,2025-09,B9,UQ-B9-04,MOTOR UNIT,jpy,112344.0,107487.0,-4857.0,cr,Process Improvement (Yield Up),Operational-driven
forecast,2025-10,B9,UQ-B9-04,MOTOR UNIT,jpy,107178.0,103065.0,-4113.0,cr,VA/VE Improvement,Engineering-driven
forecast,2024-11,B9,UQ-B9-05,SENSOR MODULE,jpy,120951.0,123522.0,2571.0,cu,Engineering Change / Spec Upgrade,Engineering-driven
forecast,2024-12,B9,UQ-B9-05,SENSOR MODULE,jpy,123008.0,123986.0,978.0,cu,Raw Material Price Increase,Market-driven
forecast,2025-01,B9,UQ-B9-05,SENSOR MODULE,jpy,123892.0,123892.0,0.0,,,
forecast,2025-02,B9,UQ-B9-05,SENSOR MODULE,jpy,123892.0,116742.0,-7150.0,cr,Process Improvement (Yield Up),Operational-driven
forecast,2025-03,B9,UQ-B9-05,SENSOR MODULE,jpy,115840.0,120555.0,4715.0,cu,Supplier Change (Higher Cost Source),Market-driven
forecast,2025-04,B9,UQ-B9-05,SENSOR MODULE,jpy,120145.0,120145.0,0.0,,,
forecast,2025-05,B9,UQ-B9-05,SENSOR MODULE,jpy,120145.0,118768.0,-1377.0,cr,Localization / Local Sourcing,Operational-driven
forecast,2025-06,B9,UQ-B9-05,SENSOR MODULE,jpy,118670.0,122788.0,4118.0,cu,Engineering Change / Spec Upgrade,Engineering-driven
forecast,2025-07,B9,UQ-B9-05,SENSOR MODULE,jpy,122173.0,122819.0,646.0,cu,Logistics/Freight Cost Increase,Market-driven
forecast,2025-08,B9,UQ-B9-05,SENSOR MODULE,jpy,122937.0,129765.0,6828.0,cu,Supplier Change (Higher Cost Source),Market-driven
forecast,2025-09,B9,UQ-B9-05,SENSOR MODULE,jpy,129319.0,123779.0,-5540.0,cr,Localization / Local Sourcing,Operational-driven
forecast,2025-10,B9,UQ-B9-05,SENSOR MODULE,jpy,124653.0,130793.0,6140.0,cu,Supplier Change (Higher Cost Source),Market-driven
forecast,2024-11,B10,SH-CATB-D01,PANEL BOTTOM AS,domestic,134348.0,134348.0,0.0,,,
forecast,2024-12,B10,SH-CATB-D01,PANEL BOTTOM AS,domestic,134348.0,132170.0,-2178.0,cr,VA/VE Improvement,Engineering-driven
forecast,2025-01,B10,SH-CATB-D01,PANEL BOTTOM AS,domestic,131620.0,131620.0,0.0,,,
forecast,2025-02,B10,SH-CATB-D01,PANEL BOTTOM AS,domestic,131620.0,125686.0,-5934.0,cr,Localization / Local Sourcing,Operational-driven
forecast,2025-03,B10,SH-CATB-D01,PANEL BOTTOM AS,domestic,126797.0,124031.0,-2766.0,cr,VA/VE Improvement,Engineering-driven
forecast,2025-04,B10,SH-CATB-D01,PANEL BOTTOM AS,domestic,123920.0,128763.0,4843.0,cu,Yield/Scrap Rate Increase,Operational-driven
forecast,2025-05,B10,SH-CATB-D01,PANEL BOTTOM AS,domestic,128004.0,133309.0,5305.0,cu,Yield/Scrap Rate Increase,Operational-driven
forecast,2025-06,B10,SH-CATB-D01,PANEL BOTTOM AS,domestic,134381.0,136146.0,1765.0,cu,Logistics/Freight Cost Increase,Market-driven
forecast,2025-07,B10,SH-CATB-D01,PANEL BOTTOM AS,domestic,136182.0,132648.0,-3534.0,cr,Process Improvement (Yield Up),Operational-driven
forecast,2025-08,B10,SH-CATB-D01,PANEL BOTTOM AS,domestic,133428.0,138839.0,5411.0,cu,Engineering Change / Spec Upgrade,Engineering-driven
forecast,2025-09,B10,SH-CATB-D01,PANEL BOTTOM AS,domestic,137230.0,137230.0,0.0,,,
forecast,2025-10,B10,SH-CATB-D01,PANEL BOTTOM AS,domestic,137230.0,142663.0,5433.0,cu,Raw Material Price Increase,Market-driven
forecast,2024-11,B10,SH-CATB-U01,CONNECTOR HOUSING,usd,58561.0,58259.0,-302.0,cr,Supplier Negotiation,Operational-driven
forecast,2024-12,B10,SH-CATB-U01,CONNECTOR HOUSING,usd,58171.0,60816.0,2645.0,cu,Logistics/Freight Cost Increase,Market-driven
forecast,2025-01,B10,SH-CATB-U01,CONNECTOR HOUSING,usd,60846.0,60846.0,0.0,,,
forecast,2025-02,B10,SH-CATB-U01,CONNECTOR HOUSING,usd,60846.0,57784.0,-3062.0,cr,VA/VE Improvement,Engineering-driven
forecast,2025-03,B10,SH-CATB-U01,CONNECTOR HOUSING,usd,57109.0,60406.0,3297.0,cu,Supplier Change (Higher Cost Source),Market-driven
forecast,2025-04,B10,SH-CATB-U01,CONNECTOR HOUSING,usd,59904.0,57436.0,-2468.0,cr,Alternative Material Substitution,Engineering-driven
forecast,2025-05,B10,SH-CATB-U01,CONNECTOR HOUSING,usd,57895.0,57895.0,0.0,,,
forecast,2025-06,B10,SH-CATB-U01,CONNECTOR HOUSING,usd,57895.0,57895.0,0.0,,,
forecast,2025-07,B10,SH-CATB-U01,CONNECTOR HOUSING,usd,57895.0,58315.0,420.0,cu,Logistics/Freight Cost Increase,Market-driven
forecast,2025-08,B10,SH-CATB-U01,CONNECTOR HOUSING,usd,58316.0,58316.0,0.0,,,
forecast,2025-09,B10,SH-CATB-U01,CONNECTOR HOUSING,usd,58316.0,59433.0,1117.0,cu,Engineering Change / Spec Upgrade,Engineering-driven
forecast,2025-10,B10,SH-CATB-U01,CONNECTOR HOUSING,usd,59288.0,59288.0,0.0,,,
forecast,2024-11,B10,SH-IDX10,PRECISION GEAR,jpy,121193.0,116685.0,-4508.0,cr,Alternative Material Substitution,Engineering-driven
forecast,2024-12,B10,SH-IDX10,PRECISION GEAR,jpy,107698.0,109654.0,1956.0,cu,Yield/Scrap Rate Increase,Operational-driven
forecast,2025-01,B10,SH-IDX10,PRECISION GEAR,jpy,111748.0,108181.0,-3567.0,cr,Process Improvement (Yield Up),Operational-driven
forecast,2025-02,B10,SH-IDX10,PRECISION GEAR,jpy,102640.0,104672.0,2032.0,cu,Raw Material Price Increase,Market-driven
forecast,2025-03,B10,SH-IDX10,PRECISION GEAR,jpy,108406.0,108406.0,0.0,,,
forecast,2025-04,B10,SH-IDX10,PRECISION GEAR,jpy,108406.0,111246.0,2840.0,cu,Logistics/Freight Cost Increase,Market-driven
forecast,2025-05,B10,SH-IDX10,PRECISION GEAR,jpy,115461.0,110913.0,-4548.0,cr,Alternative Material Substitution,Engineering-driven
forecast,2025-06,B10,SH-IDX10,PRECISION GEAR,jpy,105192.0,101176.0,-4016.0,cr,Localization / Local Sourcing,Operational-driven
forecast,2025-07,B10,SH-IDX10,PRECISION GEAR,jpy,93585.0,93585.0,0.0,,,
forecast,2025-08,B10,SH-IDX10,PRECISION GEAR,jpy,93585.0,89314.0,-4271.0,cr,VA/VE Improvement,Engineering-driven
forecast,2025-09,B10,SH-IDX10,PRECISION GEAR,jpy,83001.0,83001.0,0.0,,,
forecast,2025-10,B10,SH-IDX10,PRECISION GEAR,jpy,83001.0,82136.0,-865.0,cr,VA/VE Improvement,Engineering-driven
forecast,2024-11,B10,UQ-B10-01,PANEL FRONT AS,domestic,654227.0,634867.0,-19360.0,cr,Process Improvement (Yield Up),Operational-driven
forecast,2024-12,B10,UQ-B10-01,PANEL FRONT AS,domestic,605095.0,639898.0,34803.0,cu,Supplier Change (Higher Cost Source),Market-driven
forecast,2025-01,B10,UQ-B10-01,PANEL FRONT AS,domestic,668978.0,668978.0,0.0,,,
forecast,2025-02,B10,UQ-B10-01,PANEL FRONT AS,domestic,668978.0,644945.0,-24033.0,cr,Alternative Material Substitution,Engineering-driven
forecast,2025-03,B10,UQ-B10-01,PANEL FRONT AS,domestic,606274.0,586987.0,-19287.0,cr,Localization / Local Sourcing,Operational-driven
forecast,2025-04,B10,UQ-B10-01,PANEL FRONT AS,domestic,562738.0,539468.0,-23270.0,cr,VA/VE Improvement,Engineering-driven
forecast,2025-05,B10,UQ-B10-01,PANEL FRONT AS,domestic,498867.0,469298.0,-29569.0,cr,Alternative Material Substitution,Engineering-driven
forecast,2025-06,B10,UQ-B10-01,PANEL FRONT AS,domestic,418309.0,400767.0,-17542.0,cr,Localization / Local Sourcing,Operational-driven
forecast,2025-07,B10,UQ-B10-01,PANEL FRONT AS,domestic,373517.0,360030.0,-13487.0,cr,VA/VE Improvement,Engineering-driven
forecast,2025-08,B10,UQ-B10-01,PANEL FRONT AS,domestic,335573.0,352936.0,17363.0,cu,Logistics/Freight Cost Increase,Market-driven
forecast,2025-09,B10,UQ-B10-01,PANEL FRONT AS,domestic,385578.0,377294.0,-8284.0,cr,Supplier Negotiation,Operational-driven
forecast,2025-10,B10,UQ-B10-01,PANEL FRONT AS,domestic,364681.0,382178.0,17497.0,cu,Raw Material Price Increase,Market-driven
forecast,2024-11,B10,UQ-B10-02,BRACKET SUPPORT,domestic,556821.0,534453.0,-22368.0,cr,Localization / Local Sourcing,Operational-driven
forecast,2024-12,B10,UQ-B10-02,BRACKET SUPPORT,domestic,540156.0,572345.0,32189.0,cu,Supplier Change (Higher Cost Source),Market-driven
forecast,2025-01,B10,UQ-B10-02,BRACKET SUPPORT,domestic,573369.0,573369.0,0.0,,,
forecast,2025-02,B10,UQ-B10-02,BRACKET SUPPORT,domestic,573369.0,553665.0,-19704.0,cr,Alternative Material Substitution,Engineering-driven
forecast,2025-03,B10,UQ-B10-02,BRACKET SUPPORT,domestic,550020.0,571880.0,21860.0,cu,Logistics/Freight Cost Increase,Market-driven
forecast,2025-04,B10,UQ-B10-02,BRACKET SUPPORT,domestic,573724.0,573724.0,0.0,,,
forecast,2025-05,B10,UQ-B10-02,BRACKET SUPPORT,domestic,573724.0,585315.0,11591.0,cu,Logistics/Freight Cost Increase,Market-driven
forecast,2025-06,B10,UQ-B10-02,BRACKET SUPPORT,domestic,586603.0,595554.0,8951.0,cu,Engineering Change / Spec Upgrade,Engineering-driven
forecast,2025-07,B10,UQ-B10-02,BRACKET SUPPORT,domestic,594308.0,581556.0,-12752.0,cr,VA/VE Improvement,Engineering-driven
forecast,2025-08,B10,UQ-B10-02,BRACKET SUPPORT,domestic,580237.0,562725.0,-17512.0,cr,Supplier Negotiation,Operational-driven
forecast,2025-09,B10,UQ-B10-02,BRACKET SUPPORT,domestic,560639.0,574514.0,13875.0,cu,Yield/Scrap Rate Increase,Operational-driven
forecast,2025-10,B10,UQ-B10-02,BRACKET SUPPORT,domestic,573865.0,573865.0,0.0,,,
forecast,2024-11,B10,UQ-B10-03,IC CHIP CONTROL,usd,608301.0,593104.0,-15197.0,cr,Supplier Negotiation,Operational-driven
forecast,2024-12,B10,UQ-B10-03,IC CHIP CONTROL,usd,588975.0,580013.0,-8962.0,cr,Alternative Material Substitution,Engineering-driven
forecast,2025-01,B10,UQ-B10-03,IC CHIP CONTROL,usd,582241.0,585790.0,3549.0,cu,Supplier Change (Higher Cost Source),Market-driven
forecast,2025-02,B10,UQ-B10-03,IC CHIP CONTROL,usd,586680.0,590429.0,3749.0,cu,Raw Material Price Increase,Market-driven
forecast,2025-03,B10,UQ-B10-03,IC CHIP CONTROL,usd,589754.0,573123.0,-16631.0,cr,Alternative Material Substitution,Engineering-driven
forecast,2025-04,B10,UQ-B10-03,IC CHIP CONTROL,usd,569641.0,548654.0,-20987.0,cr,Localization / Local Sourcing,Operational-driven
forecast,2025-05,B10,UQ-B10-03,IC CHIP CONTROL,usd,545273.0,562227.0,16954.0,cu,Raw Material Price Increase,Market-driven
forecast,2025-06,B10,UQ-B10-03,IC CHIP CONTROL,usd,557690.0,530089.0,-27601.0,cr,Alternative Material Substitution,Engineering-driven
forecast,2025-07,B10,UQ-B10-03,IC CHIP CONTROL,usd,522891.0,540451.0,17560.0,cu,Supplier Change (Higher Cost Source),Market-driven
forecast,2025-08,B10,UQ-B10-03,IC CHIP CONTROL,usd,540624.0,540624.0,0.0,,,
forecast,2025-09,B10,UQ-B10-03,IC CHIP CONTROL,usd,540624.0,530170.0,-10454.0,cr,Supplier Negotiation,Operational-driven
forecast,2025-10,B10,UQ-B10-03,IC CHIP CONTROL,usd,530797.0,526153.0,-4644.0,cr,Process Improvement (Yield Up),Operational-driven
forecast,2024-11,B10,UQ-B10-04,MOTOR UNIT,jpy,404959.0,404959.0,0.0,,,
forecast,2024-12,B10,UQ-B10-04,MOTOR UNIT,jpy,404959.0,385159.0,-19800.0,cr,Localization / Local Sourcing,Operational-driven
forecast,2025-01,B10,UQ-B10-04,MOTOR UNIT,jpy,362952.0,358532.0,-4420.0,cr,Process Improvement (Yield Up),Operational-driven
forecast,2025-02,B10,UQ-B10-04,MOTOR UNIT,jpy,354680.0,359593.0,4913.0,cu,Supplier Change (Higher Cost Source),Market-driven
forecast,2025-03,B10,UQ-B10-04,MOTOR UNIT,jpy,364387.0,364387.0,0.0,,,
forecast,2025-04,B10,UQ-B10-04,MOTOR UNIT,jpy,364387.0,344577.0,-19810.0,cr,Alternative Material Substitution,Engineering-driven
forecast,2025-05,B10,UQ-B10-04,MOTOR UNIT,jpy,308682.0,313784.0,5102.0,cu,Yield/Scrap Rate Increase,Operational-driven
forecast,2025-06,B10,UQ-B10-04,MOTOR UNIT,jpy,322795.0,325472.0,2677.0,cu,Engineering Change / Spec Upgrade,Engineering-driven
forecast,2025-07,B10,UQ-B10-04,MOTOR UNIT,jpy,328088.0,343777.0,15689.0,cu,Logistics/Freight Cost Increase,Market-driven
forecast,2025-08,B10,UQ-B10-04,MOTOR UNIT,jpy,369726.0,366989.0,-2737.0,cr,Supplier Negotiation,Operational-driven
forecast,2025-09,B10,UQ-B10-04,MOTOR UNIT,jpy,363900.0,363900.0,0.0,,,
forecast,2025-10,B10,UQ-B10-04,MOTOR UNIT,jpy,363900.0,363900.0,0.0,,,
forecast,2024-11,B10,UQ-B10-05,SENSOR MODULE,jpy,359334.0,376572.0,17238.0,cu,Raw Material Price Increase,Market-driven
forecast,2024-12,B10,UQ-B10-05,SENSOR MODULE,jpy,373841.0,391828.0,17987.0,cu,Engineering Change / Spec Upgrade,Engineering-driven
forecast,2025-01,B10,UQ-B10-05,SENSOR MODULE,jpy,389850.0,389850.0,0.0,,,
forecast,2025-02,B10,UQ-B10-05,SENSOR MODULE,jpy,389850.0,389850.0,0.0,,,
forecast,2025-03,B10,UQ-B10-05,SENSOR MODULE,jpy,389850.0,389850.0,0.0,,,
forecast,2025-04,B10,UQ-B10-05,SENSOR MODULE,jpy,389850.0,389850.0,0.0,,,
forecast,2025-05,B10,UQ-B10-05,SENSOR MODULE,jpy,389850.0,386972.0,-2878.0,cr,VA/VE Improvement,Engineering-driven
forecast,2025-06,B10,UQ-B10-05,SENSOR MODULE,jpy,387532.0,387532.0,0.0,,,
forecast,2025-07,B10,UQ-B10-05,SENSOR MODULE,jpy,387532.0,391216.0,3684.0,cu,Logistics/Freight Cost Increase,Market-driven
forecast,2025-08,B10,UQ-B10-05,SENSOR MODULE,jpy,391164.0,382928.0,-8236.0,cr,Supplier Negotiation,Operational-driven
forecast,2025-09,B10,UQ-B10-05,SENSOR MODULE,jpy,380908.0,370093.0,-10815.0,cr,VA/VE Improvement,Engineering-driven
forecast,2025-10,B10,UQ-B10-05,SENSOR MODULE,jpy,372015.0,379153.0,7138.0,cu,Supplier Change (Higher Cost Source),Market-driven
forecast,2024-11,B10,SH-EVEN-01,TAPE PU-F,domestic,70295.0,68189.0,-2106.0,cr,Localization / Local Sourcing,Operational-driven
forecast,2024-12,B10,SH-EVEN-01,TAPE PU-F,domestic,67819.0,68532.0,713.0,cu,Engineering Change / Spec Upgrade,Engineering-driven
forecast,2025-01,B10,SH-EVEN-01,TAPE PU-F,domestic,68361.0,67735.0,-626.0,cr,Localization / Local Sourcing,Operational-driven
forecast,2025-02,B10,SH-EVEN-01,TAPE PU-F,domestic,67771.0,70653.0,2882.0,cu,Logistics/Freight Cost Increase,Market-driven
forecast,2025-03,B10,SH-EVEN-01,TAPE PU-F,domestic,70908.0,70908.0,0.0,,,
forecast,2025-04,B10,SH-EVEN-01,TAPE PU-F,domestic,70908.0,68376.0,-2532.0,cr,Localization / Local Sourcing,Operational-driven
forecast,2025-05,B10,SH-EVEN-01,TAPE PU-F,domestic,67971.0,70788.0,2817.0,cu,Logistics/Freight Cost Increase,Market-driven
forecast,2025-06,B10,SH-EVEN-01,TAPE PU-F,domestic,70882.0,69951.0,-931.0,cr,Process Improvement (Yield Up),Operational-driven
forecast,2025-07,B10,SH-EVEN-01,TAPE PU-F,domestic,70015.0,71061.0,1046.0,cu,Yield/Scrap Rate Increase,Operational-driven
forecast,2025-08,B10,SH-EVEN-01,TAPE PU-F,domestic,71263.0,71263.0,0.0,,,
forecast,2025-09,B10,SH-EVEN-01,TAPE PU-F,domestic,71263.0,69400.0,-1863.0,cr,Localization / Local Sourcing,Operational-driven
forecast,2025-10,B10,SH-EVEN-01,TAPE PU-F,domestic,69379.0,73502.0,4123.0,cu,Logistics/Freight Cost Increase,Market-driven
forecast,2024-11,B10,SH-EVEN-02,RESIN COMPOUND,usd,19042.0,19042.0,0.0,,,
forecast,2024-12,B10,SH-EVEN-02,RESIN COMPOUND,usd,19042.0,18941.0,-101.0,cr,Supplier Negotiation,Operational-driven
forecast,2025-01,B10,SH-EVEN-02,RESIN COMPOUND,usd,18947.0,18128.0,-819.0,cr,Alternative Material Substitution,Engineering-driven
forecast,2025-02,B10,SH-EVEN-02,RESIN COMPOUND,usd,17907.0,18005.0,98.0,cu,Supplier Change (Higher Cost Source),Market-driven
forecast,2025-03,B10,SH-EVEN-02,RESIN COMPOUND,usd,18018.0,17367.0,-651.0,cr,Supplier Negotiation,Operational-driven
forecast,2025-04,B10,SH-EVEN-02,RESIN COMPOUND,usd,17275.0,16548.0,-727.0,cr,Alternative Material Substitution,Engineering-driven
forecast,2025-05,B10,SH-EVEN-02,RESIN COMPOUND,usd,16381.0,16788.0,407.0,cu,Supplier Change (Higher Cost Source),Market-driven
forecast,2025-06,B10,SH-EVEN-02,RESIN COMPOUND,usd,16909.0,16909.0,0.0,,,
forecast,2025-07,B10,SH-EVEN-02,RESIN COMPOUND,usd,16909.0,17610.0,701.0,cu,Raw Material Price Increase,Market-driven
forecast,2025-08,B10,SH-EVEN-02,RESIN COMPOUND,usd,17621.0,17621.0,0.0,,,
forecast,2025-09,B10,SH-EVEN-02,RESIN COMPOUND,usd,17621.0,17123.0,-498.0,cr,Process Improvement (Yield Up),Operational-driven
forecast,2025-10,B10,SH-EVEN-02,RESIN COMPOUND,usd,17066.0,17668.0,602.0,cu,Yield/Scrap Rate Increase,Operational-driven
forecast,2024-11,C1,SH-CATC-D01,PANEL BOTTOM AS,domestic,113259.0,118799.0,5540.0,cu,Raw Material Price Increase,Market-driven
forecast,2024-12,C1,SH-CATC-D01,PANEL BOTTOM AS,domestic,117575.0,124617.0,7042.0,cu,Engineering Change / Spec Upgrade,Engineering-driven
forecast,2025-01,C1,SH-CATC-D01,PANEL BOTTOM AS,domestic,123830.0,130056.0,6226.0,cu,Raw Material Price Increase,Market-driven
forecast,2025-02,C1,SH-CATC-D01,PANEL BOTTOM AS,domestic,131027.0,135395.0,4368.0,cu,Supplier Change (Higher Cost Source),Market-driven
forecast,2025-03,C1,SH-CATC-D01,PANEL BOTTOM AS,domestic,135944.0,142155.0,6211.0,cu,Supplier Change (Higher Cost Source),Market-driven
forecast,2025-04,C1,SH-CATC-D01,PANEL BOTTOM AS,domestic,140792.0,147425.0,6633.0,cu,Supplier Change (Higher Cost Source),Market-driven
forecast,2025-05,C1,SH-CATC-D01,PANEL BOTTOM AS,domestic,146719.0,150078.0,3359.0,cu,Engineering Change / Spec Upgrade,Engineering-driven
forecast,2025-06,C1,SH-CATC-D01,PANEL BOTTOM AS,domestic,149425.0,149425.0,0.0,,,
forecast,2025-07,C1,SH-CATC-D01,PANEL BOTTOM AS,domestic,149425.0,157387.0,7962.0,cu,Supplier Change (Higher Cost Source),Market-driven
forecast,2025-08,C1,SH-CATC-D01,PANEL BOTTOM AS,domestic,158391.0,158391.0,0.0,,,
forecast,2025-09,C1,SH-CATC-D01,PANEL BOTTOM AS,domestic,158391.0,163372.0,4981.0,cu,Engineering Change / Spec Upgrade,Engineering-driven
forecast,2025-10,C1,SH-CATC-D01,PANEL BOTTOM AS,domestic,162463.0,171577.0,9114.0,cu,Yield/Scrap Rate Increase,Operational-driven
forecast,2024-11,C1,SH-CATC-U01,CONNECTOR HOUSING,usd,54607.0,51966.0,-2641.0,cr,Localization / Local Sourcing,Operational-driven
forecast,2024-12,C1,SH-CATC-U01,CONNECTOR HOUSING,usd,49301.0,49301.0,0.0,,,
forecast,2025-01,C1,SH-CATC-U01,CONNECTOR HOUSING,usd,49301.0,50140.0,839.0,cu,Logistics/Freight Cost Increase,Market-driven
forecast,2025-02,C1,SH-CATC-U01,CONNECTOR HOUSING,usd,51111.0,48661.0,-2450.0,cr,VA/VE Improvement,Engineering-driven
forecast,2025-03,C1,SH-CATC-U01,CONNECTOR HOUSING,usd,46616.0,49100.0,2484.0,cu,Supplier Change (Higher Cost Source),Market-driven
forecast,2025-04,C1,SH-CATC-U01,CONNECTOR HOUSING,usd,53397.0,52806.0,-591.0,cr,Localization / Local Sourcing,Operational-driven
forecast,2025-05,C1,SH-CATC-U01,CONNECTOR HOUSING,usd,52302.0,52764.0,462.0,cu,Yield/Scrap Rate Increase,Operational-driven
forecast,2025-06,C1,SH-CATC-U01,CONNECTOR HOUSING,usd,53561.0,51029.0,-2532.0,cr,Process Improvement (Yield Up),Operational-driven
forecast,2025-07,C1,SH-CATC-U01,CONNECTOR HOUSING,usd,48529.0,49467.0,938.0,cu,Logistics/Freight Cost Increase,Market-driven
forecast,2025-08,C1,SH-CATC-U01,CONNECTOR HOUSING,usd,50779.0,52978.0,2199.0,cu,Engineering Change / Spec Upgrade,Engineering-driven
forecast,2025-09,C1,SH-CATC-U01,CONNECTOR HOUSING,usd,56157.0,55863.0,-294.0,cr,Process Improvement (Yield Up),Operational-driven
forecast,2025-10,C1,SH-CATC-U01,CONNECTOR HOUSING,usd,55454.0,54017.0,-1437.0,cr,Supplier Negotiation,Operational-driven
forecast,2024-11,C1,SH-IDX01,PRECISION GEAR,jpy,37408.0,37408.0,0.0,,,
forecast,2024-12,C1,SH-IDX01,PRECISION GEAR,jpy,37408.0,38299.0,891.0,cu,Supplier Change (Higher Cost Source),Market-driven
forecast,2025-01,C1,SH-IDX01,PRECISION GEAR,jpy,38358.0,39499.0,1141.0,cu,Raw Material Price Increase,Market-driven
forecast,2025-02,C1,SH-IDX01,PRECISION GEAR,jpy,39457.0,37452.0,-2005.0,cr,Supplier Negotiation,Operational-driven
forecast,2025-03,C1,SH-IDX01,PRECISION GEAR,jpy,38014.0,37596.0,-418.0,cr,Localization / Local Sourcing,Operational-driven
forecast,2025-04,C1,SH-IDX01,PRECISION GEAR,jpy,37510.0,38066.0,556.0,cu,Raw Material Price Increase,Market-driven
forecast,2025-05,C1,SH-IDX01,PRECISION GEAR,jpy,38061.0,36836.0,-1225.0,cr,Localization / Local Sourcing,Operational-driven
forecast,2025-06,C1,SH-IDX01,PRECISION GEAR,jpy,37044.0,35746.0,-1298.0,cr,Process Improvement (Yield Up),Operational-driven
forecast,2025-07,C1,SH-IDX01,PRECISION GEAR,jpy,35766.0,36498.0,732.0,cu,Engineering Change / Spec Upgrade,Engineering-driven
forecast,2025-08,C1,SH-IDX01,PRECISION GEAR,jpy,36403.0,37885.0,1482.0,cu,Raw Material Price Increase,Market-driven
forecast,2025-09,C1,SH-IDX01,PRECISION GEAR,jpy,38234.0,36066.0,-2168.0,cr,Process Improvement (Yield Up),Operational-driven
forecast,2025-10,C1,SH-IDX01,PRECISION GEAR,jpy,36217.0,36520.0,303.0,cu,Raw Material Price Increase,Market-driven
forecast,2024-11,C1,UQ-C1-01,PANEL FRONT AS,domestic,741698.0,723216.0,-18482.0,cr,Localization / Local Sourcing,Operational-driven
forecast,2024-12,C1,UQ-C1-01,PANEL FRONT AS,domestic,722051.0,722051.0,0.0,,,
forecast,2025-01,C1,UQ-C1-01,PANEL FRONT AS,domestic,722051.0,731287.0,9236.0,cu,Yield/Scrap Rate Increase,Operational-driven
forecast,2025-02,C1,UQ-C1-01,PANEL FRONT AS,domestic,733286.0,721392.0,-11894.0,cr,Process Improvement (Yield Up),Operational-driven
forecast,2025-03,C1,UQ-C1-01,PANEL FRONT AS,domestic,719151.0,735280.0,16129.0,cu,Supplier Change (Higher Cost Source),Market-driven
forecast,2025-04,C1,UQ-C1-01,PANEL FRONT AS,domestic,736300.0,727677.0,-8623.0,cr,Process Improvement (Yield Up),Operational-driven
forecast,2025-05,C1,UQ-C1-01,PANEL FRONT AS,domestic,727537.0,750584.0,23047.0,cu,Logistics/Freight Cost Increase,Market-driven
forecast,2025-06,C1,UQ-C1-01,PANEL FRONT AS,domestic,753646.0,769861.0,16215.0,cu,Supplier Change (Higher Cost Source),Market-driven
forecast,2025-07,C1,UQ-C1-01,PANEL FRONT AS,domestic,773365.0,753790.0,-19575.0,cr,VA/VE Improvement,Engineering-driven
forecast,2025-08,C1,UQ-C1-01,PANEL FRONT AS,domestic,753097.0,788419.0,35322.0,cu,Supplier Change (Higher Cost Source),Market-driven
forecast,2025-09,C1,UQ-C1-01,PANEL FRONT AS,domestic,779444.0,763998.0,-15446.0,cr,Supplier Negotiation,Operational-driven
forecast,2025-10,C1,UQ-C1-01,PANEL FRONT AS,domestic,762011.0,719469.0,-42542.0,cr,VA/VE Improvement,Engineering-driven
forecast,2024-11,C1,UQ-C1-02,BRACKET SUPPORT,domestic,1010337.0,1068113.0,57776.0,cu,Raw Material Price Increase,Market-driven
forecast,2024-12,C1,UQ-C1-02,BRACKET SUPPORT,domestic,1070676.0,1070676.0,0.0,,,
forecast,2025-01,C1,UQ-C1-02,BRACKET SUPPORT,domestic,1070676.0,1043323.0,-27353.0,cr,Alternative Material Substitution,Engineering-driven
forecast,2025-02,C1,UQ-C1-02,BRACKET SUPPORT,domestic,1041911.0,1041911.0,0.0,,,
forecast,2025-03,C1,UQ-C1-02,BRACKET SUPPORT,domestic,1041911.0,985832.0,-56079.0,cr,Process Improvement (Yield Up),Operational-driven
forecast,2025-04,C1,UQ-C1-02,BRACKET SUPPORT,domestic,977491.0,935194.0,-42297.0,cr,Localization / Local Sourcing,Operational-driven
forecast,2025-05,C1,UQ-C1-02,BRACKET SUPPORT,domestic,933383.0,954784.0,21401.0,cu,Supplier Change (Higher Cost Source),Market-driven
forecast,2025-06,C1,UQ-C1-02,BRACKET SUPPORT,domestic,951318.0,913393.0,-37925.0,cr,Process Improvement (Yield Up),Operational-driven
forecast,2025-07,C1,UQ-C1-02,BRACKET SUPPORT,domestic,906027.0,858043.0,-47984.0,cr,Alternative Material Substitution,Engineering-driven
forecast,2025-08,C1,UQ-C1-02,BRACKET SUPPORT,domestic,843748.0,843748.0,0.0,,,
forecast,2025-09,C1,UQ-C1-02,BRACKET SUPPORT,domestic,843748.0,809469.0,-34279.0,cr,Supplier Negotiation,Operational-driven
forecast,2025-10,C1,UQ-C1-02,BRACKET SUPPORT,domestic,811121.0,827963.0,16842.0,cu,Yield/Scrap Rate Increase,Operational-driven
forecast,2024-11,C1,UQ-C1-03,IC CHIP CONTROL,usd,1219891.0,1187086.0,-32805.0,cr,Supplier Negotiation,Operational-driven
forecast,2024-12,C1,UQ-C1-03,IC CHIP CONTROL,usd,1178022.0,1207232.0,29210.0,cu,Logistics/Freight Cost Increase,Market-driven
forecast,2025-01,C1,UQ-C1-03,IC CHIP CONTROL,usd,1199999.0,1172707.0,-27292.0,cr,Alternative Material Substitution,Engineering-driven
forecast,2025-02,C1,UQ-C1-03,IC CHIP CONTROL,usd,1167928.0,1114586.0,-53342.0,cr,VA/VE Improvement,Engineering-driven
forecast,2025-03,C1,UQ-C1-03,IC CHIP CONTROL,usd,1118142.0,1151424.0,33282.0,cu,Raw Material Price Increase,Market-driven
forecast,2025-04,C1,UQ-C1-03,IC CHIP CONTROL,usd,1143936.0,1182935.0,38999.0,cu,Yield/Scrap Rate Increase,Operational-driven
forecast,2025-05,C1,UQ-C1-03,IC CHIP CONTROL,usd,1193088.0,1193088.0,0.0,,,
forecast,2025-06,C1,UQ-C1-03,IC CHIP CONTROL,usd,1193088.0,1170295.0,-22793.0,cr,Alternative Material Substitution,Engineering-driven
forecast,2025-07,C1,UQ-C1-03,IC CHIP CONTROL,usd,1173871.0,1106808.0,-67063.0,cr,Alternative Material Substitution,Engineering-driven
forecast,2025-08,C1,UQ-C1-03,IC CHIP CONTROL,usd,1093779.0,1118860.0,25081.0,cu,Supplier Change (Higher Cost Source),Market-driven
forecast,2025-09,C1,UQ-C1-03,IC CHIP CONTROL,usd,1114456.0,1114456.0,0.0,,,
forecast,2025-10,C1,UQ-C1-03,IC CHIP CONTROL,usd,1114456.0,1114456.0,0.0,,,
forecast,2024-11,C1,UQ-C1-04,MOTOR UNIT,jpy,56626.0,56626.0,0.0,,,
forecast,2024-12,C1,UQ-C1-04,MOTOR UNIT,jpy,56626.0,54608.0,-2018.0,cr,Localization / Local Sourcing,Operational-driven
forecast,2025-01,C1,UQ-C1-04,MOTOR UNIT,jpy,55182.0,57428.0,2246.0,cu,Yield/Scrap Rate Increase,Operational-driven
forecast,2025-02,C1,UQ-C1-04,MOTOR UNIT,jpy,57689.0,54872.0,-2817.0,cr,Localization / Local Sourcing,Operational-driven
forecast,2025-03,C1,UQ-C1-04,MOTOR UNIT,jpy,54151.0,53131.0,-1020.0,cr,Localization / Local Sourcing,Operational-driven
forecast,2025-04,C1,UQ-C1-04,MOTOR UNIT,jpy,53308.0,52199.0,-1109.0,cr,Process Improvement (Yield Up),Operational-driven
forecast,2025-05,C1,UQ-C1-04,MOTOR UNIT,jpy,52359.0,53304.0,945.0,cu,Logistics/Freight Cost Increase,Market-driven
forecast,2025-06,C1,UQ-C1-04,MOTOR UNIT,jpy,53233.0,53233.0,0.0,,,
forecast,2025-07,C1,UQ-C1-04,MOTOR UNIT,jpy,53233.0,53233.0,0.0,,,
forecast,2025-08,C1,UQ-C1-04,MOTOR UNIT,jpy,53233.0,53233.0,0.0,,,
forecast,2025-09,C1,UQ-C1-04,MOTOR UNIT,jpy,53233.0,54769.0,1536.0,cu,Yield/Scrap Rate Increase,Operational-driven
forecast,2025-10,C1,UQ-C1-04,MOTOR UNIT,jpy,54536.0,51729.0,-2807.0,cr,Process Improvement (Yield Up),Operational-driven
forecast,2024-11,C1,UQ-C1-05,SENSOR MODULE,jpy,81800.0,79062.0,-2738.0,cr,Localization / Local Sourcing,Operational-driven
forecast,2024-12,C1,UQ-C1-05,SENSOR MODULE,jpy,79453.0,78649.0,-804.0,cr,Process Improvement (Yield Up),Operational-driven
forecast,2025-01,C1,UQ-C1-05,SENSOR MODULE,jpy,78474.0,82263.0,3789.0,cu,Yield/Scrap Rate Increase,Operational-driven
forecast,2025-02,C1,UQ-C1-05,SENSOR MODULE,jpy,82978.0,78197.0,-4781.0,cr,Process Improvement (Yield Up),Operational-driven
forecast,2025-03,C1,UQ-C1-05,SENSOR MODULE,jpy,76861.0,76073.0,-788.0,cr,Alternative Material Substitution,Engineering-driven
forecast,2025-04,C1,UQ-C1-05,SENSOR MODULE,jpy,76050.0,73063.0,-2987.0,cr,VA/VE Improvement,Engineering-driven
forecast,2025-05,C1,UQ-C1-05,SENSOR MODULE,jpy,72951.0,75206.0,2255.0,cu,Engineering Change / Spec Upgrade,Engineering-driven
forecast,2025-06,C1,UQ-C1-05,SENSOR MODULE,jpy,74726.0,74726.0,0.0,,,
forecast,2025-07,C1,UQ-C1-05,SENSOR MODULE,jpy,74726.0,74726.0,0.0,,,
forecast,2025-08,C1,UQ-C1-05,SENSOR MODULE,jpy,74726.0,74726.0,0.0,,,
forecast,2025-09,C1,UQ-C1-05,SENSOR MODULE,jpy,74726.0,72168.0,-2558.0,cr,Alternative Material Substitution,Engineering-driven
forecast,2025-10,C1,UQ-C1-05,SENSOR MODULE,jpy,72834.0,70667.0,-2167.0,cr,Localization / Local Sourcing,Operational-driven
forecast,2024-11,C2,SH-CATC-D01,PANEL BOTTOM AS,domestic,113259.0,118799.0,5540.0,cu,Raw Material Price Increase,Market-driven
forecast,2024-12,C2,SH-CATC-D01,PANEL BOTTOM AS,domestic,117575.0,124617.0,7042.0,cu,Engineering Change / Spec Upgrade,Engineering-driven
forecast,2025-01,C2,SH-CATC-D01,PANEL BOTTOM AS,domestic,123830.0,130056.0,6226.0,cu,Raw Material Price Increase,Market-driven
forecast,2025-02,C2,SH-CATC-D01,PANEL BOTTOM AS,domestic,131027.0,135395.0,4368.0,cu,Supplier Change (Higher Cost Source),Market-driven
forecast,2025-03,C2,SH-CATC-D01,PANEL BOTTOM AS,domestic,135944.0,142155.0,6211.0,cu,Supplier Change (Higher Cost Source),Market-driven
forecast,2025-04,C2,SH-CATC-D01,PANEL BOTTOM AS,domestic,140792.0,147425.0,6633.0,cu,Supplier Change (Higher Cost Source),Market-driven
forecast,2025-05,C2,SH-CATC-D01,PANEL BOTTOM AS,domestic,146719.0,150078.0,3359.0,cu,Engineering Change / Spec Upgrade,Engineering-driven
forecast,2025-06,C2,SH-CATC-D01,PANEL BOTTOM AS,domestic,149425.0,149425.0,0.0,,,
forecast,2025-07,C2,SH-CATC-D01,PANEL BOTTOM AS,domestic,149425.0,157387.0,7962.0,cu,Supplier Change (Higher Cost Source),Market-driven
forecast,2025-08,C2,SH-CATC-D01,PANEL BOTTOM AS,domestic,158391.0,158391.0,0.0,,,
forecast,2025-09,C2,SH-CATC-D01,PANEL BOTTOM AS,domestic,158391.0,163372.0,4981.0,cu,Engineering Change / Spec Upgrade,Engineering-driven
forecast,2025-10,C2,SH-CATC-D01,PANEL BOTTOM AS,domestic,162463.0,171577.0,9114.0,cu,Yield/Scrap Rate Increase,Operational-driven
forecast,2024-11,C2,SH-CATC-U01,CONNECTOR HOUSING,usd,54607.0,51966.0,-2641.0,cr,Localization / Local Sourcing,Operational-driven
forecast,2024-12,C2,SH-CATC-U01,CONNECTOR HOUSING,usd,49301.0,49301.0,0.0,,,
forecast,2025-01,C2,SH-CATC-U01,CONNECTOR HOUSING,usd,49301.0,50140.0,839.0,cu,Logistics/Freight Cost Increase,Market-driven
forecast,2025-02,C2,SH-CATC-U01,CONNECTOR HOUSING,usd,51111.0,48661.0,-2450.0,cr,VA/VE Improvement,Engineering-driven
forecast,2025-03,C2,SH-CATC-U01,CONNECTOR HOUSING,usd,46616.0,49100.0,2484.0,cu,Supplier Change (Higher Cost Source),Market-driven
forecast,2025-04,C2,SH-CATC-U01,CONNECTOR HOUSING,usd,53397.0,52806.0,-591.0,cr,Localization / Local Sourcing,Operational-driven
forecast,2025-05,C2,SH-CATC-U01,CONNECTOR HOUSING,usd,52302.0,52764.0,462.0,cu,Yield/Scrap Rate Increase,Operational-driven
forecast,2025-06,C2,SH-CATC-U01,CONNECTOR HOUSING,usd,53561.0,51029.0,-2532.0,cr,Process Improvement (Yield Up),Operational-driven
forecast,2025-07,C2,SH-CATC-U01,CONNECTOR HOUSING,usd,48529.0,49467.0,938.0,cu,Logistics/Freight Cost Increase,Market-driven
forecast,2025-08,C2,SH-CATC-U01,CONNECTOR HOUSING,usd,50779.0,52978.0,2199.0,cu,Engineering Change / Spec Upgrade,Engineering-driven
forecast,2025-09,C2,SH-CATC-U01,CONNECTOR HOUSING,usd,56157.0,55863.0,-294.0,cr,Process Improvement (Yield Up),Operational-driven
forecast,2025-10,C2,SH-CATC-U01,CONNECTOR HOUSING,usd,55454.0,54017.0,-1437.0,cr,Supplier Negotiation,Operational-driven
forecast,2024-11,C2,SH-IDX02,PRECISION GEAR,jpy,42447.0,41007.0,-1440.0,cr,Alternative Material Substitution,Engineering-driven
forecast,2024-12,C2,SH-IDX02,PRECISION GEAR,jpy,41052.0,40290.0,-762.0,cr,Supplier Negotiation,Operational-driven
forecast,2025-01,C2,SH-IDX02,PRECISION GEAR,jpy,40088.0,41999.0,1911.0,cu,Yield/Scrap Rate Increase,Operational-driven
forecast,2025-02,C2,SH-IDX02,PRECISION GEAR,jpy,42216.0,42216.0,0.0,,,
forecast,2025-03,C2,SH-IDX02,PRECISION GEAR,jpy,42216.0,41680.0,-536.0,cr,Process Improvement (Yield Up),Operational-driven
forecast,2025-04,C2,SH-IDX02,PRECISION GEAR,jpy,41605.0,41605.0,0.0,,,
forecast,2025-05,C2,SH-IDX02,PRECISION GEAR,jpy,41605.0,41605.0,0.0,,,
forecast,2025-06,C2,SH-IDX02,PRECISION GEAR,jpy,41605.0,39237.0,-2368.0,cr,VA/VE Improvement,Engineering-driven
forecast,2025-07,C2,SH-IDX02,PRECISION GEAR,jpy,39000.0,37490.0,-1510.0,cr,Process Improvement (Yield Up),Operational-driven
forecast,2025-08,C2,SH-IDX02,PRECISION GEAR,jpy,37475.0,38580.0,1105.0,cu,Engineering Change / Spec Upgrade,Engineering-driven
forecast,2025-09,C2,SH-IDX02,PRECISION GEAR,jpy,38797.0,41098.0,2301.0,cu,Raw Material Price Increase,Market-driven
forecast,2025-10,C2,SH-IDX02,PRECISION GEAR,jpy,41778.0,42632.0,854.0,cu,Engineering Change / Spec Upgrade,Engineering-driven
forecast,2024-11,C2,UQ-C2-01,PANEL FRONT AS,domestic,586213.0,568893.0,-17320.0,cr,Process Improvement (Yield Up),Operational-driven
forecast,2024-12,C2,UQ-C2-01,PANEL FRONT AS,domestic,566877.0,566877.0,0.0,,,
forecast,2025-01,C2,UQ-C2-01,PANEL FRONT AS,domestic,566877.0,592596.0,25719.0,cu,Logistics/Freight Cost Increase,Market-driven
forecast,2025-02,C2,UQ-C2-01,PANEL FRONT AS,domestic,596127.0,596127.0,0.0,,,
forecast,2025-03,C2,UQ-C2-01,PANEL FRONT AS,domestic,596127.0,596127.0,0.0,,,
forecast,2025-04,C2,UQ-C2-01,PANEL FRONT AS,domestic,596127.0,619824.0,23697.0,cu,Logistics/Freight Cost Increase,Market-driven
forecast,2025-05,C2,UQ-C2-01,PANEL FRONT AS,domestic,625279.0,644053.0,18774.0,cu,Logistics/Freight Cost Increase,Market-driven
forecast,2025-06,C2,UQ-C2-01,PANEL FRONT AS,domestic,643577.0,657787.0,14210.0,cu,Engineering Change / Spec Upgrade,Engineering-driven
forecast,2025-07,C2,UQ-C2-01,PANEL FRONT AS,domestic,657122.0,649160.0,-7962.0,cr,VA/VE Improvement,Engineering-driven
forecast,2025-08,C2,UQ-C2-01,PANEL FRONT AS,domestic,650985.0,678430.0,27445.0,cu,Supplier Change (Higher Cost Source),Market-driven
forecast,2025-09,C2,UQ-C2-01,PANEL FRONT AS,domestic,682480.0,699511.0,17031.0,cu,Supplier Change (Higher Cost Source),Market-driven
forecast,2025-10,C2,UQ-C2-01,PANEL FRONT AS,domestic,695897.0,727739.0,31842.0,cu,Yield/Scrap Rate Increase,Operational-driven
forecast,2024-11,C2,UQ-C2-02,BRACKET SUPPORT,domestic,852551.0,866200.0,13649.0,cu,Raw Material Price Increase,Market-driven
forecast,2024-12,C2,UQ-C2-02,BRACKET SUPPORT,domestic,865807.0,824374.0,-41433.0,cr,VA/VE Improvement,Engineering-driven
forecast,2025-01,C2,UQ-C2-02,BRACKET SUPPORT,domestic,814301.0,860861.0,46560.0,cu,Yield/Scrap Rate Increase,Operational-driven
forecast,2025-02,C2,UQ-C2-02,BRACKET SUPPORT,domestic,847798.0,834089.0,-13709.0,cr,Alternative Material Substitution,Engineering-driven
forecast,2025-03,C2,UQ-C2-02,BRACKET SUPPORT,domestic,831375.0,870512.0,39137.0,cu,Supplier Change (Higher Cost Source),Market-driven
forecast,2025-04,C2,UQ-C2-02,BRACKET SUPPORT,domestic,873285.0,891604.0,18319.0,cu,Raw Material Price Increase,Market-driven
forecast,2025-05,C2,UQ-C2-02,BRACKET SUPPORT,domestic,886372.0,908285.0,21913.0,cu,Supplier Change (Higher Cost Source),Market-driven
forecast,2025-06,C2,UQ-C2-02,BRACKET SUPPORT,domestic,903384.0,917937.0,14553.0,cu,Raw Material Price Increase,Market-driven
forecast,2025-07,C2,UQ-C2-02,BRACKET SUPPORT,domestic,915827.0,887405.0,-28422.0,cr,VA/VE Improvement,Engineering-driven
forecast,2025-08,C2,UQ-C2-02,BRACKET SUPPORT,domestic,889633.0,913490.0,23857.0,cu,Raw Material Price Increase,Market-driven
forecast,2025-09,C2,UQ-C2-02,BRACKET SUPPORT,domestic,916483.0,934859.0,18376.0,cu,Logistics/Freight Cost Increase,Market-driven
forecast,2025-10,C2,UQ-C2-02,BRACKET SUPPORT,domestic,933521.0,953112.0,19591.0,cu,Engineering Change / Spec Upgrade,Engineering-driven
forecast,2024-11,C2,UQ-C2-03,IC CHIP CONTROL,usd,557288.0,573717.0,16429.0,cu,Supplier Change (Higher Cost Source),Market-driven
forecast,2024-12,C2,UQ-C2-03,IC CHIP CONTROL,usd,575371.0,596348.0,20977.0,cu,Engineering Change / Spec Upgrade,Engineering-driven
forecast,2025-01,C2,UQ-C2-03,IC CHIP CONTROL,usd,592188.0,559229.0,-32959.0,cr,Supplier Negotiation,Operational-driven
forecast,2025-02,C2,UQ-C2-03,IC CHIP CONTROL,usd,556467.0,532119.0,-24348.0,cr,VA/VE Improvement,Engineering-driven
forecast,2025-03,C2,UQ-C2-03,IC CHIP CONTROL,usd,531438.0,531438.0,0.0,,,
forecast,2025-04,C2,UQ-C2-03,IC CHIP CONTROL,usd,531438.0,525334.0,-6104.0,cr,VA/VE Improvement,Engineering-driven
forecast,2025-05,C2,UQ-C2-03,IC CHIP CONTROL,usd,523507.0,527842.0,4335.0,cu,Engineering Change / Spec Upgrade,Engineering-driven
forecast,2025-06,C2,UQ-C2-03,IC CHIP CONTROL,usd,527734.0,549491.0,21757.0,cu,Raw Material Price Increase,Market-driven
forecast,2025-07,C2,UQ-C2-03,IC CHIP CONTROL,usd,555545.0,576705.0,21160.0,cu,Raw Material Price Increase,Market-driven
forecast,2025-08,C2,UQ-C2-03,IC CHIP CONTROL,usd,575049.0,575049.0,0.0,,,
forecast,2025-09,C2,UQ-C2-03,IC CHIP CONTROL,usd,575049.0,575049.0,0.0,,,
forecast,2025-10,C2,UQ-C2-03,IC CHIP CONTROL,usd,575049.0,544526.0,-30523.0,cr,Process Improvement (Yield Up),Operational-driven
forecast,2024-11,C2,UQ-C2-04,MOTOR UNIT,jpy,285109.0,295159.0,10050.0,cu,Supplier Change (Higher Cost Source),Market-driven
forecast,2024-12,C2,UQ-C2-04,MOTOR UNIT,jpy,297278.0,303153.0,5875.0,cu,Logistics/Freight Cost Increase,Market-driven
forecast,2025-01,C2,UQ-C2-04,MOTOR UNIT,jpy,302923.0,302923.0,0.0,,,
forecast,2025-02,C2,UQ-C2-04,MOTOR UNIT,jpy,302923.0,288477.0,-14446.0,cr,Process Improvement (Yield Up),Operational-driven
forecast,2025-03,C2,UQ-C2-04,MOTOR UNIT,jpy,288921.0,296561.0,7640.0,cu,Supplier Change (Higher Cost Source),Market-driven
forecast,2025-04,C2,UQ-C2-04,MOTOR UNIT,jpy,296300.0,289379.0,-6921.0,cr,Supplier Negotiation,Operational-driven
forecast,2025-05,C2,UQ-C2-04,MOTOR UNIT,jpy,291408.0,291408.0,0.0,,,
forecast,2025-06,C2,UQ-C2-04,MOTOR UNIT,jpy,291408.0,289632.0,-1776.0,cr,Localization / Local Sourcing,Operational-driven
forecast,2025-07,C2,UQ-C2-04,MOTOR UNIT,jpy,289830.0,299613.0,9783.0,cu,Supplier Change (Higher Cost Source),Market-driven
forecast,2025-08,C2,UQ-C2-04,MOTOR UNIT,jpy,302495.0,311731.0,9236.0,cu,Raw Material Price Increase,Market-driven
forecast,2025-09,C2,UQ-C2-04,MOTOR UNIT,jpy,311999.0,307423.0,-4576.0,cr,Process Improvement (Yield Up),Operational-driven
forecast,2025-10,C2,UQ-C2-04,MOTOR UNIT,jpy,307179.0,323922.0,16743.0,cu,Raw Material Price Increase,Market-driven
forecast,2024-11,C2,UQ-C2-05,SENSOR MODULE,jpy,190718.0,180037.0,-10681.0,cr,Process Improvement (Yield Up),Operational-driven
forecast,2024-12,C2,UQ-C2-05,SENSOR MODULE,jpy,179981.0,185674.0,5693.0,cu,Supplier Change (Higher Cost Source),Market-driven
forecast,2025-01,C2,UQ-C2-05,SENSOR MODULE,jpy,187191.0,191537.0,4346.0,cu,Supplier Change (Higher Cost Source),Market-driven
forecast,2025-02,C2,UQ-C2-05,SENSOR MODULE,jpy,192795.0,191041.0,-1754.0,cr,VA/VE Improvement,Engineering-driven
forecast,2025-03,C2,UQ-C2-05,SENSOR MODULE,jpy,191442.0,191442.0,0.0,,,
forecast,2025-04,C2,UQ-C2-05,SENSOR MODULE,jpy,191442.0,187519.0,-3923.0,cr,Process Improvement (Yield Up),Operational-driven
forecast,2025-05,C2,UQ-C2-05,SENSOR MODULE,jpy,187989.0,177884.0,-10105.0,cr,VA/VE Improvement,Engineering-driven
forecast,2025-06,C2,UQ-C2-05,SENSOR MODULE,jpy,175425.0,173934.0,-1491.0,cr,Process Improvement (Yield Up),Operational-driven
forecast,2025-07,C2,UQ-C2-05,SENSOR MODULE,jpy,173780.0,168267.0,-5513.0,cr,Supplier Negotiation,Operational-driven
forecast,2025-08,C2,UQ-C2-05,SENSOR MODULE,jpy,167328.0,176908.0,9580.0,cu,Supplier Change (Higher Cost Source),Market-driven
forecast,2025-09,C2,UQ-C2-05,SENSOR MODULE,jpy,178871.0,180705.0,1834.0,cu,Yield/Scrap Rate Increase,Operational-driven
forecast,2025-10,C2,UQ-C2-05,SENSOR MODULE,jpy,181107.0,181107.0,0.0,,,
forecast,2024-11,C2,SH-EVEN-01,TAPE PU-F,domestic,70295.0,68189.0,-2106.0,cr,Localization / Local Sourcing,Operational-driven
forecast,2024-12,C2,SH-EVEN-01,TAPE PU-F,domestic,67819.0,68532.0,713.0,cu,Engineering Change / Spec Upgrade,Engineering-driven
forecast,2025-01,C2,SH-EVEN-01,TAPE PU-F,domestic,68361.0,67735.0,-626.0,cr,Localization / Local Sourcing,Operational-driven
forecast,2025-02,C2,SH-EVEN-01,TAPE PU-F,domestic,67771.0,70653.0,2882.0,cu,Logistics/Freight Cost Increase,Market-driven
forecast,2025-03,C2,SH-EVEN-01,TAPE PU-F,domestic,70908.0,70908.0,0.0,,,
forecast,2025-04,C2,SH-EVEN-01,TAPE PU-F,domestic,70908.0,68376.0,-2532.0,cr,Localization / Local Sourcing,Operational-driven
forecast,2025-05,C2,SH-EVEN-01,TAPE PU-F,domestic,67971.0,70788.0,2817.0,cu,Logistics/Freight Cost Increase,Market-driven
forecast,2025-06,C2,SH-EVEN-01,TAPE PU-F,domestic,70882.0,69951.0,-931.0,cr,Process Improvement (Yield Up),Operational-driven
forecast,2025-07,C2,SH-EVEN-01,TAPE PU-F,domestic,70015.0,71061.0,1046.0,cu,Yield/Scrap Rate Increase,Operational-driven
forecast,2025-08,C2,SH-EVEN-01,TAPE PU-F,domestic,71263.0,71263.0,0.0,,,
forecast,2025-09,C2,SH-EVEN-01,TAPE PU-F,domestic,71263.0,69400.0,-1863.0,cr,Localization / Local Sourcing,Operational-driven
forecast,2025-10,C2,SH-EVEN-01,TAPE PU-F,domestic,69379.0,73502.0,4123.0,cu,Logistics/Freight Cost Increase,Market-driven
forecast,2024-11,C2,SH-EVEN-02,RESIN COMPOUND,usd,19042.0,19042.0,0.0,,,
forecast,2024-12,C2,SH-EVEN-02,RESIN COMPOUND,usd,19042.0,18941.0,-101.0,cr,Supplier Negotiation,Operational-driven
forecast,2025-01,C2,SH-EVEN-02,RESIN COMPOUND,usd,18947.0,18128.0,-819.0,cr,Alternative Material Substitution,Engineering-driven
forecast,2025-02,C2,SH-EVEN-02,RESIN COMPOUND,usd,17907.0,18005.0,98.0,cu,Supplier Change (Higher Cost Source),Market-driven
forecast,2025-03,C2,SH-EVEN-02,RESIN COMPOUND,usd,18018.0,17367.0,-651.0,cr,Supplier Negotiation,Operational-driven
forecast,2025-04,C2,SH-EVEN-02,RESIN COMPOUND,usd,17275.0,16548.0,-727.0,cr,Alternative Material Substitution,Engineering-driven
forecast,2025-05,C2,SH-EVEN-02,RESIN COMPOUND,usd,16381.0,16788.0,407.0,cu,Supplier Change (Higher Cost Source),Market-driven
forecast,2025-06,C2,SH-EVEN-02,RESIN COMPOUND,usd,16909.0,16909.0,0.0,,,
forecast,2025-07,C2,SH-EVEN-02,RESIN COMPOUND,usd,16909.0,17610.0,701.0,cu,Raw Material Price Increase,Market-driven
forecast,2025-08,C2,SH-EVEN-02,RESIN COMPOUND,usd,17621.0,17621.0,0.0,,,
forecast,2025-09,C2,SH-EVEN-02,RESIN COMPOUND,usd,17621.0,17123.0,-498.0,cr,Process Improvement (Yield Up),Operational-driven
forecast,2025-10,C2,SH-EVEN-02,RESIN COMPOUND,usd,17066.0,17668.0,602.0,cu,Yield/Scrap Rate Increase,Operational-driven
forecast,2024-11,C3,SH-CATC-D01,PANEL BOTTOM AS,domestic,113259.0,118799.0,5540.0,cu,Raw Material Price Increase,Market-driven
forecast,2024-12,C3,SH-CATC-D01,PANEL BOTTOM AS,domestic,117575.0,124617.0,7042.0,cu,Engineering Change / Spec Upgrade,Engineering-driven
forecast,2025-01,C3,SH-CATC-D01,PANEL BOTTOM AS,domestic,123830.0,130056.0,6226.0,cu,Raw Material Price Increase,Market-driven
forecast,2025-02,C3,SH-CATC-D01,PANEL BOTTOM AS,domestic,131027.0,135395.0,4368.0,cu,Supplier Change (Higher Cost Source),Market-driven
forecast,2025-03,C3,SH-CATC-D01,PANEL BOTTOM AS,domestic,135944.0,142155.0,6211.0,cu,Supplier Change (Higher Cost Source),Market-driven
forecast,2025-04,C3,SH-CATC-D01,PANEL BOTTOM AS,domestic,140792.0,147425.0,6633.0,cu,Supplier Change (Higher Cost Source),Market-driven
forecast,2025-05,C3,SH-CATC-D01,PANEL BOTTOM AS,domestic,146719.0,150078.0,3359.0,cu,Engineering Change / Spec Upgrade,Engineering-driven
forecast,2025-06,C3,SH-CATC-D01,PANEL BOTTOM AS,domestic,149425.0,149425.0,0.0,,,
forecast,2025-07,C3,SH-CATC-D01,PANEL BOTTOM AS,domestic,149425.0,157387.0,7962.0,cu,Supplier Change (Higher Cost Source),Market-driven
forecast,2025-08,C3,SH-CATC-D01,PANEL BOTTOM AS,domestic,158391.0,158391.0,0.0,,,
forecast,2025-09,C3,SH-CATC-D01,PANEL BOTTOM AS,domestic,158391.0,163372.0,4981.0,cu,Engineering Change / Spec Upgrade,Engineering-driven
forecast,2025-10,C3,SH-CATC-D01,PANEL BOTTOM AS,domestic,162463.0,171577.0,9114.0,cu,Yield/Scrap Rate Increase,Operational-driven
forecast,2024-11,C3,SH-CATC-U01,CONNECTOR HOUSING,usd,54607.0,51966.0,-2641.0,cr,Localization / Local Sourcing,Operational-driven
forecast,2024-12,C3,SH-CATC-U01,CONNECTOR HOUSING,usd,49301.0,49301.0,0.0,,,
forecast,2025-01,C3,SH-CATC-U01,CONNECTOR HOUSING,usd,49301.0,50140.0,839.0,cu,Logistics/Freight Cost Increase,Market-driven
forecast,2025-02,C3,SH-CATC-U01,CONNECTOR HOUSING,usd,51111.0,48661.0,-2450.0,cr,VA/VE Improvement,Engineering-driven
forecast,2025-03,C3,SH-CATC-U01,CONNECTOR HOUSING,usd,46616.0,49100.0,2484.0,cu,Supplier Change (Higher Cost Source),Market-driven
forecast,2025-04,C3,SH-CATC-U01,CONNECTOR HOUSING,usd,53397.0,52806.0,-591.0,cr,Localization / Local Sourcing,Operational-driven
forecast,2025-05,C3,SH-CATC-U01,CONNECTOR HOUSING,usd,52302.0,52764.0,462.0,cu,Yield/Scrap Rate Increase,Operational-driven
forecast,2025-06,C3,SH-CATC-U01,CONNECTOR HOUSING,usd,53561.0,51029.0,-2532.0,cr,Process Improvement (Yield Up),Operational-driven
forecast,2025-07,C3,SH-CATC-U01,CONNECTOR HOUSING,usd,48529.0,49467.0,938.0,cu,Logistics/Freight Cost Increase,Market-driven
forecast,2025-08,C3,SH-CATC-U01,CONNECTOR HOUSING,usd,50779.0,52978.0,2199.0,cu,Engineering Change / Spec Upgrade,Engineering-driven
forecast,2025-09,C3,SH-CATC-U01,CONNECTOR HOUSING,usd,56157.0,55863.0,-294.0,cr,Process Improvement (Yield Up),Operational-driven
forecast,2025-10,C3,SH-CATC-U01,CONNECTOR HOUSING,usd,55454.0,54017.0,-1437.0,cr,Supplier Negotiation,Operational-driven
forecast,2024-11,C3,SH-IDX03,PRECISION GEAR,jpy,110238.0,114389.0,4151.0,cu,Logistics/Freight Cost Increase,Market-driven
forecast,2024-12,C3,SH-IDX03,PRECISION GEAR,jpy,115498.0,110022.0,-5476.0,cr,Alternative Material Substitution,Engineering-driven
forecast,2025-01,C3,SH-IDX03,PRECISION GEAR,jpy,110623.0,114889.0,4266.0,cu,Yield/Scrap Rate Increase,Operational-driven
forecast,2025-02,C3,SH-IDX03,PRECISION GEAR,jpy,113966.0,115784.0,1818.0,cu,Engineering Change / Spec Upgrade,Engineering-driven
forecast,2025-03,C3,SH-IDX03,PRECISION GEAR,jpy,115790.0,110578.0,-5212.0,cr,VA/VE Improvement,Engineering-driven
forecast,2025-04,C3,SH-IDX03,PRECISION GEAR,jpy,110166.0,104548.0,-5618.0,cr,VA/VE Improvement,Engineering-driven
forecast,2025-05,C3,SH-IDX03,PRECISION GEAR,jpy,104130.0,99285.0,-4845.0,cr,Supplier Negotiation,Operational-driven
forecast,2025-06,C3,SH-IDX03,PRECISION GEAR,jpy,98817.0,94363.0,-4454.0,cr,Process Improvement (Yield Up),Operational-driven
forecast,2025-07,C3,SH-IDX03,PRECISION GEAR,jpy,93858.0,92537.0,-1321.0,cr,Alternative Material Substitution,Engineering-driven
forecast,2025-08,C3,SH-IDX03,PRECISION GEAR,jpy,92328.0,90967.0,-1361.0,cr,Localization / Local Sourcing,Operational-driven
forecast,2025-09,C3,SH-IDX03,PRECISION GEAR,jpy,91273.0,91273.0,0.0,,,
forecast,2025-10,C3,SH-IDX03,PRECISION GEAR,jpy,91273.0,92642.0,1369.0,cu,Supplier Change (Higher Cost Source),Market-driven
forecast,2024-11,C3,UQ-C3-01,PANEL FRONT AS,domestic,732736.0,732736.0,0.0,,,
forecast,2024-12,C3,UQ-C3-01,PANEL FRONT AS,domestic,732736.0,709091.0,-23645.0,cr,Alternative Material Substitution,Engineering-driven
forecast,2025-01,C3,UQ-C3-01,PANEL FRONT AS,domestic,714667.0,714667.0,0.0,,,
forecast,2025-02,C3,UQ-C3-01,PANEL FRONT AS,domestic,714667.0,714667.0,0.0,,,
forecast,2025-03,C3,UQ-C3-01,PANEL FRONT AS,domestic,714667.0,724946.0,10279.0,cu,Supplier Change (Higher Cost Source),Market-driven
forecast,2025-04,C3,UQ-C3-01,PANEL FRONT AS,domestic,727169.0,761482.0,34313.0,cu,Supplier Change (Higher Cost Source),Market-driven
forecast,2025-05,C3,UQ-C3-01,PANEL FRONT AS,domestic,758216.0,785058.0,26842.0,cu,Engineering Change / Spec Upgrade,Engineering-driven
forecast,2025-06,C3,UQ-C3-01,PANEL FRONT AS,domestic,790807.0,769590.0,-21217.0,cr,Supplier Negotiation,Operational-driven
forecast,2025-07,C3,UQ-C3-01,PANEL FRONT AS,domestic,772950.0,816641.0,43691.0,cu,Supplier Change (Higher Cost Source),Market-driven
forecast,2025-08,C3,UQ-C3-01,PANEL FRONT AS,domestic,809185.0,809185.0,0.0,,,
forecast,2025-09,C3,UQ-C3-01,PANEL FRONT AS,domestic,809185.0,778104.0,-31081.0,cr,Supplier Negotiation,Operational-driven
forecast,2025-10,C3,UQ-C3-01,PANEL FRONT AS,domestic,781498.0,802467.0,20969.0,cu,Engineering Change / Spec Upgrade,Engineering-driven
forecast,2024-11,C3,UQ-C3-02,BRACKET SUPPORT,domestic,998584.0,985964.0,-12620.0,cr,Localization / Local Sourcing,Operational-driven
forecast,2024-12,C3,UQ-C3-02,BRACKET SUPPORT,domestic,987017.0,1043460.0,56443.0,cu,Yield/Scrap Rate Increase,Operational-driven
forecast,2025-01,C3,UQ-C3-02,BRACKET SUPPORT,domestic,1039392.0,1029123.0,-10269.0,cr,Process Improvement (Yield Up),Operational-driven
forecast,2025-02,C3,UQ-C3-02,BRACKET SUPPORT,domestic,1029452.0,1049560.0,20108.0,cu,Supplier Change (Higher Cost Source),Market-driven
forecast,2025-03,C3,UQ-C3-02,BRACKET SUPPORT,domestic,1043596.0,1011048.0,-32548.0,cr,VA/VE Improvement,Engineering-driven
forecast,2025-04,C3,UQ-C3-02,BRACKET SUPPORT,domestic,1002556.0,1041535.0,38979.0,cu,Logistics/Freight Cost Increase,Market-driven
forecast,2025-05,C3,UQ-C3-02,BRACKET SUPPORT,domestic,1034379.0,972563.0,-61816.0,cr,Alternative Material Substitution,Engineering-driven
forecast,2025-06,C3,UQ-C3-02,BRACKET SUPPORT,domestic,980753.0,1012641.0,31888.0,cu,Yield/Scrap Rate Increase,Operational-driven
forecast,2025-07,C3,UQ-C3-02,BRACKET SUPPORT,domestic,1021245.0,1053806.0,32561.0,cu,Supplier Change (Higher Cost Source),Market-driven
forecast,2025-08,C3,UQ-C3-02,BRACKET SUPPORT,domestic,1045358.0,1045358.0,0.0,,,
forecast,2025-09,C3,UQ-C3-02,BRACKET SUPPORT,domestic,1045358.0,1029744.0,-15614.0,cr,VA/VE Improvement,Engineering-driven
forecast,2025-10,C3,UQ-C3-02,BRACKET SUPPORT,domestic,1029260.0,1090814.0,61554.0,cu,Engineering Change / Spec Upgrade,Engineering-driven
forecast,2024-11,C3,UQ-C3-03,IC CHIP CONTROL,usd,1238564.0,1200531.0,-38033.0,cr,Supplier Negotiation,Operational-driven
forecast,2024-12,C3,UQ-C3-03,IC CHIP CONTROL,usd,1197976.0,1232972.0,34996.0,cu,Yield/Scrap Rate Increase,Operational-driven
forecast,2025-01,C3,UQ-C3-03,IC CHIP CONTROL,usd,1225331.0,1248275.0,22944.0,cu,Supplier Change (Higher Cost Source),Market-driven
forecast,2025-02,C3,UQ-C3-03,IC CHIP CONTROL,usd,1252226.0,1323055.0,70829.0,cu,Supplier Change (Higher Cost Source),Market-driven
forecast,2025-03,C3,UQ-C3-03,IC CHIP CONTROL,usd,1327172.0,1310674.0,-16498.0,cr,VA/VE Improvement,Engineering-driven
forecast,2025-04,C3,UQ-C3-03,IC CHIP CONTROL,usd,1313871.0,1387087.0,73216.0,cu,Engineering Change / Spec Upgrade,Engineering-driven
forecast,2025-05,C3,UQ-C3-03,IC CHIP CONTROL,usd,1400145.0,1463837.0,63692.0,cu,Supplier Change (Higher Cost Source),Market-driven
forecast,2025-06,C3,UQ-C3-03,IC CHIP CONTROL,usd,1461324.0,1433779.0,-27545.0,cr,Supplier Negotiation,Operational-driven
forecast,2025-07,C3,UQ-C3-03,IC CHIP CONTROL,usd,1432129.0,1432129.0,0.0,,,
forecast,2025-08,C3,UQ-C3-03,IC CHIP CONTROL,usd,1432129.0,1432129.0,0.0,,,
forecast,2025-09,C3,UQ-C3-03,IC CHIP CONTROL,usd,1432129.0,1393253.0,-38876.0,cr,Process Improvement (Yield Up),Operational-driven
forecast,2025-10,C3,UQ-C3-03,IC CHIP CONTROL,usd,1404694.0,1355559.0,-49135.0,cr,Supplier Negotiation,Operational-driven
forecast,2024-11,C3,UQ-C3-04,MOTOR UNIT,jpy,166021.0,166021.0,0.0,,,
forecast,2024-12,C3,UQ-C3-04,MOTOR UNIT,jpy,166021.0,175501.0,9480.0,cu,Supplier Change (Higher Cost Source),Market-driven
forecast,2025-01,C3,UQ-C3-04,MOTOR UNIT,jpy,173667.0,174995.0,1328.0,cu,Engineering Change / Spec Upgrade,Engineering-driven
forecast,2025-02,C3,UQ-C3-04,MOTOR UNIT,jpy,175369.0,168460.0,-6909.0,cr,Process Improvement (Yield Up),Operational-driven
forecast,2025-03,C3,UQ-C3-04,MOTOR UNIT,jpy,168499.0,161808.0,-6691.0,cr,VA/VE Improvement,Engineering-driven
forecast,2025-04,C3,UQ-C3-04,MOTOR UNIT,jpy,162069.0,156967.0,-5102.0,cr,VA/VE Improvement,Engineering-driven
forecast,2025-05,C3,UQ-C3-04,MOTOR UNIT,jpy,155755.0,147031.0,-8724.0,cr,VA/VE Improvement,Engineering-driven
forecast,2025-06,C3,UQ-C3-04,MOTOR UNIT,jpy,144946.0,141723.0,-3223.0,cr,Alternative Material Substitution,Engineering-driven
forecast,2025-07,C3,UQ-C3-04,MOTOR UNIT,jpy,141132.0,144242.0,3110.0,cu,Supplier Change (Higher Cost Source),Market-driven
forecast,2025-08,C3,UQ-C3-04,MOTOR UNIT,jpy,144767.0,149748.0,4981.0,cu,Raw Material Price Increase,Market-driven
forecast,2025-09,C3,UQ-C3-04,MOTOR UNIT,jpy,150260.0,152296.0,2036.0,cu,Engineering Change / Spec Upgrade,Engineering-driven
forecast,2025-10,C3,UQ-C3-04,MOTOR UNIT,jpy,152379.0,151355.0,-1024.0,cr,Alternative Material Substitution,Engineering-driven
forecast,2024-11,C3,UQ-C3-05,SENSOR MODULE,jpy,205424.0,193103.0,-12321.0,cr,VA/VE Improvement,Engineering-driven
forecast,2024-12,C3,UQ-C3-05,SENSOR MODULE,jpy,193762.0,189392.0,-4370.0,cr,Alternative Material Substitution,Engineering-driven
forecast,2025-01,C3,UQ-C3-05,SENSOR MODULE,jpy,188166.0,194210.0,6044.0,cu,Yield/Scrap Rate Increase,Operational-driven
forecast,2025-02,C3,UQ-C3-05,SENSOR MODULE,jpy,193758.0,188973.0,-4785.0,cr,Process Improvement (Yield Up),Operational-driven
forecast,2025-03,C3,UQ-C3-05,SENSOR MODULE,jpy,188900.0,182410.0,-6490.0,cr,Alternative Material Substitution,Engineering-driven
forecast,2025-04,C3,UQ-C3-05,SENSOR MODULE,jpy,182256.0,173183.0,-9073.0,cr,Localization / Local Sourcing,Operational-driven
forecast,2025-05,C3,UQ-C3-05,SENSOR MODULE,jpy,171359.0,170085.0,-1274.0,cr,VA/VE Improvement,Engineering-driven
forecast,2025-06,C3,UQ-C3-05,SENSOR MODULE,jpy,170442.0,180064.0,9622.0,cu,Raw Material Price Increase,Market-driven
forecast,2025-07,C3,UQ-C3-05,SENSOR MODULE,jpy,178189.0,170241.0,-7948.0,cr,Supplier Negotiation,Operational-driven
forecast,2025-08,C3,UQ-C3-05,SENSOR MODULE,jpy,170218.0,170218.0,0.0,,,
forecast,2025-09,C3,UQ-C3-05,SENSOR MODULE,jpy,170218.0,160768.0,-9450.0,cr,Process Improvement (Yield Up),Operational-driven
forecast,2025-10,C3,UQ-C3-05,SENSOR MODULE,jpy,159591.0,151863.0,-7728.0,cr,Supplier Negotiation,Operational-driven
forecast,2024-11,C4,SH-CATC-D01,PANEL BOTTOM AS,domestic,113259.0,118799.0,5540.0,cu,Raw Material Price Increase,Market-driven
forecast,2024-12,C4,SH-CATC-D01,PANEL BOTTOM AS,domestic,117575.0,124617.0,7042.0,cu,Engineering Change / Spec Upgrade,Engineering-driven
forecast,2025-01,C4,SH-CATC-D01,PANEL BOTTOM AS,domestic,123830.0,130056.0,6226.0,cu,Raw Material Price Increase,Market-driven
forecast,2025-02,C4,SH-CATC-D01,PANEL BOTTOM AS,domestic,131027.0,135395.0,4368.0,cu,Supplier Change (Higher Cost Source),Market-driven
forecast,2025-03,C4,SH-CATC-D01,PANEL BOTTOM AS,domestic,135944.0,142155.0,6211.0,cu,Supplier Change (Higher Cost Source),Market-driven
forecast,2025-04,C4,SH-CATC-D01,PANEL BOTTOM AS,domestic,140792.0,147425.0,6633.0,cu,Supplier Change (Higher Cost Source),Market-driven
forecast,2025-05,C4,SH-CATC-D01,PANEL BOTTOM AS,domestic,146719.0,150078.0,3359.0,cu,Engineering Change / Spec Upgrade,Engineering-driven
forecast,2025-06,C4,SH-CATC-D01,PANEL BOTTOM AS,domestic,149425.0,149425.0,0.0,,,
forecast,2025-07,C4,SH-CATC-D01,PANEL BOTTOM AS,domestic,149425.0,157387.0,7962.0,cu,Supplier Change (Higher Cost Source),Market-driven
forecast,2025-08,C4,SH-CATC-D01,PANEL BOTTOM AS,domestic,158391.0,158391.0,0.0,,,
forecast,2025-09,C4,SH-CATC-D01,PANEL BOTTOM AS,domestic,158391.0,163372.0,4981.0,cu,Engineering Change / Spec Upgrade,Engineering-driven
forecast,2025-10,C4,SH-CATC-D01,PANEL BOTTOM AS,domestic,162463.0,171577.0,9114.0,cu,Yield/Scrap Rate Increase,Operational-driven
forecast,2024-11,C4,SH-CATC-U01,CONNECTOR HOUSING,usd,54607.0,51966.0,-2641.0,cr,Localization / Local Sourcing,Operational-driven
forecast,2024-12,C4,SH-CATC-U01,CONNECTOR HOUSING,usd,49301.0,49301.0,0.0,,,
forecast,2025-01,C4,SH-CATC-U01,CONNECTOR HOUSING,usd,49301.0,50140.0,839.0,cu,Logistics/Freight Cost Increase,Market-driven
forecast,2025-02,C4,SH-CATC-U01,CONNECTOR HOUSING,usd,51111.0,48661.0,-2450.0,cr,VA/VE Improvement,Engineering-driven
forecast,2025-03,C4,SH-CATC-U01,CONNECTOR HOUSING,usd,46616.0,49100.0,2484.0,cu,Supplier Change (Higher Cost Source),Market-driven
forecast,2025-04,C4,SH-CATC-U01,CONNECTOR HOUSING,usd,53397.0,52806.0,-591.0,cr,Localization / Local Sourcing,Operational-driven
forecast,2025-05,C4,SH-CATC-U01,CONNECTOR HOUSING,usd,52302.0,52764.0,462.0,cu,Yield/Scrap Rate Increase,Operational-driven
forecast,2025-06,C4,SH-CATC-U01,CONNECTOR HOUSING,usd,53561.0,51029.0,-2532.0,cr,Process Improvement (Yield Up),Operational-driven
forecast,2025-07,C4,SH-CATC-U01,CONNECTOR HOUSING,usd,48529.0,49467.0,938.0,cu,Logistics/Freight Cost Increase,Market-driven
forecast,2025-08,C4,SH-CATC-U01,CONNECTOR HOUSING,usd,50779.0,52978.0,2199.0,cu,Engineering Change / Spec Upgrade,Engineering-driven
forecast,2025-09,C4,SH-CATC-U01,CONNECTOR HOUSING,usd,56157.0,55863.0,-294.0,cr,Process Improvement (Yield Up),Operational-driven
forecast,2025-10,C4,SH-CATC-U01,CONNECTOR HOUSING,usd,55454.0,54017.0,-1437.0,cr,Supplier Negotiation,Operational-driven
forecast,2024-11,C4,SH-IDX04,PRECISION GEAR,jpy,26043.0,26043.0,0.0,,,
forecast,2024-12,C4,SH-IDX04,PRECISION GEAR,jpy,26043.0,24575.0,-1468.0,cr,Process Improvement (Yield Up),Operational-driven
forecast,2025-01,C4,SH-IDX04,PRECISION GEAR,jpy,24762.0,25168.0,406.0,cu,Supplier Change (Higher Cost Source),Market-driven
forecast,2025-02,C4,SH-IDX04,PRECISION GEAR,jpy,25176.0,25473.0,297.0,cu,Supplier Change (Higher Cost Source),Market-driven
forecast,2025-03,C4,SH-IDX04,PRECISION GEAR,jpy,25471.0,24533.0,-938.0,cr,Supplier Negotiation,Operational-driven
forecast,2025-04,C4,SH-IDX04,PRECISION GEAR,jpy,24304.0,24491.0,187.0,cu,Raw Material Price Increase,Market-driven
forecast,2025-05,C4,SH-IDX04,PRECISION GEAR,jpy,24436.0,23922.0,-514.0,cr,Alternative Material Substitution,Engineering-driven
forecast,2025-06,C4,SH-IDX04,PRECISION GEAR,jpy,24016.0,25325.0,1309.0,cu,Yield/Scrap Rate Increase,Operational-driven
forecast,2025-07,C4,SH-IDX04,PRECISION GEAR,jpy,25024.0,25024.0,0.0,,,
forecast,2025-08,C4,SH-IDX04,PRECISION GEAR,jpy,25024.0,25415.0,391.0,cu,Raw Material Price Increase,Market-driven
forecast,2025-09,C4,SH-IDX04,PRECISION GEAR,jpy,25476.0,25121.0,-355.0,cr,Process Improvement (Yield Up),Operational-driven
forecast,2025-10,C4,SH-IDX04,PRECISION GEAR,jpy,25063.0,26441.0,1378.0,cu,Logistics/Freight Cost Increase,Market-driven
forecast,2024-11,C4,UQ-C4-01,PANEL FRONT AS,domestic,571285.0,592205.0,20920.0,cu,Supplier Change (Higher Cost Source),Market-driven
forecast,2024-12,C4,UQ-C4-01,PANEL FRONT AS,domestic,593992.0,607609.0,13617.0,cu,Engineering Change / Spec Upgrade,Engineering-driven
forecast,2025-01,C4,UQ-C4-01,PANEL FRONT AS,domestic,606506.0,577163.0,-29343.0,cr,Supplier Negotiation,Operational-driven
forecast,2025-02,C4,UQ-C4-01,PANEL FRONT AS,domestic,583102.0,563490.0,-19612.0,cr,Supplier Negotiation,Operational-driven
forecast,2025-03,C4,UQ-C4-01,PANEL FRONT AS,domestic,564479.0,581020.0,16541.0,cu,Supplier Change (Higher Cost Source),Market-driven
forecast,2025-04,C4,UQ-C4-01,PANEL FRONT AS,domestic,577603.0,603522.0,25919.0,cu,Yield/Scrap Rate Increase,Operational-driven
forecast,2025-05,C4,UQ-C4-01,PANEL FRONT AS,domestic,596037.0,577345.0,-18692.0,cr,Localization / Local Sourcing,Operational-driven
forecast,2025-06,C4,UQ-C4-01,PANEL FRONT AS,domestic,577878.0,594735.0,16857.0,cu,Yield/Scrap Rate Increase,Operational-driven
forecast,2025-07,C4,UQ-C4-01,PANEL FRONT AS,domestic,590244.0,607801.0,17557.0,cu,Supplier Change (Higher Cost Source),Market-driven
forecast,2025-08,C4,UQ-C4-01,PANEL FRONT AS,domestic,603475.0,621118.0,17643.0,cu,Raw Material Price Increase,Market-driven
forecast,2025-09,C4,UQ-C4-01,PANEL FRONT AS,domestic,625275.0,601215.0,-24060.0,cr,Supplier Negotiation,Operational-driven
forecast,2025-10,C4,UQ-C4-01,PANEL FRONT AS,domestic,602096.0,567538.0,-34558.0,cr,Process Improvement (Yield Up),Operational-driven
forecast,2024-11,C4,UQ-C4-02,BRACKET SUPPORT,domestic,554379.0,577888.0,23509.0,cu,Yield/Scrap Rate Increase,Operational-driven
forecast,2024-12,C4,UQ-C4-02,BRACKET SUPPORT,domestic,579860.0,570589.0,-9271.0,cr,Supplier Negotiation,Operational-driven
forecast,2025-01,C4,UQ-C4-02,BRACKET SUPPORT,domestic,569578.0,569578.0,0.0,,,
forecast,2025-02,C4,UQ-C4-02,BRACKET SUPPORT,domestic,569578.0,575306.0,5728.0,cu,Logistics/Freight Cost Increase,Market-driven
forecast,2025-03,C4,UQ-C4-02,BRACKET SUPPORT,domestic,575867.0,575867.0,0.0,,,
forecast,2025-04,C4,UQ-C4-02,BRACKET SUPPORT,domestic,575867.0,562481.0,-13386.0,cr,Process Improvement (Yield Up),Operational-driven
forecast,2025-05,C4,UQ-C4-02,BRACKET SUPPORT,domestic,565965.0,586179.0,20214.0,cu,Engineering Change / Spec Upgrade,Engineering-driven
forecast,2025-06,C4,UQ-C4-02,BRACKET SUPPORT,domestic,591636.0,617360.0,25724.0,cu,Yield/Scrap Rate Increase,Operational-driven
forecast,2025-07,C4,UQ-C4-02,BRACKET SUPPORT,domestic,616184.0,640398.0,24214.0,cu,Engineering Change / Spec Upgrade,Engineering-driven
forecast,2025-08,C4,UQ-C4-02,BRACKET SUPPORT,domestic,638059.0,656763.0,18704.0,cu,Yield/Scrap Rate Increase,Operational-driven
forecast,2025-09,C4,UQ-C4-02,BRACKET SUPPORT,domestic,658345.0,678607.0,20262.0,cu,Engineering Change / Spec Upgrade,Engineering-driven
forecast,2025-10,C4,UQ-C4-02,BRACKET SUPPORT,domestic,678857.0,678857.0,0.0,,,
forecast,2024-11,C4,UQ-C4-03,IC CHIP CONTROL,usd,268251.0,283848.0,15597.0,cu,Raw Material Price Increase,Market-driven
forecast,2024-12,C4,UQ-C4-03,IC CHIP CONTROL,usd,286949.0,303424.0,16475.0,cu,Logistics/Freight Cost Increase,Market-driven
forecast,2025-01,C4,UQ-C4-03,IC CHIP CONTROL,usd,302816.0,309242.0,6426.0,cu,Raw Material Price Increase,Market-driven
forecast,2025-02,C4,UQ-C4-03,IC CHIP CONTROL,usd,307600.0,301095.0,-6505.0,cr,VA/VE Improvement,Engineering-driven
forecast,2025-03,C4,UQ-C4-03,IC CHIP CONTROL,usd,300976.0,315033.0,14057.0,cu,Supplier Change (Higher Cost Source),Market-driven
forecast,2025-04,C4,UQ-C4-03,IC CHIP CONTROL,usd,314773.0,314773.0,0.0,,,
forecast,2025-05,C4,UQ-C4-03,IC CHIP CONTROL,usd,314773.0,314773.0,0.0,,,
forecast,2025-06,C4,UQ-C4-03,IC CHIP CONTROL,usd,314773.0,296522.0,-18251.0,cr,Supplier Negotiation,Operational-driven
forecast,2025-07,C4,UQ-C4-03,IC CHIP CONTROL,usd,298022.0,298022.0,0.0,,,
forecast,2025-08,C4,UQ-C4-03,IC CHIP CONTROL,usd,298022.0,314215.0,16193.0,cu,Supplier Change (Higher Cost Source),Market-driven
forecast,2025-09,C4,UQ-C4-03,IC CHIP CONTROL,usd,313671.0,331177.0,17506.0,cu,Raw Material Price Increase,Market-driven
forecast,2025-10,C4,UQ-C4-03,IC CHIP CONTROL,usd,335877.0,335877.0,0.0,,,
forecast,2024-11,C4,UQ-C4-04,MOTOR UNIT,jpy,427675.0,436967.0,9292.0,cu,Logistics/Freight Cost Increase,Market-driven
forecast,2024-12,C4,UQ-C4-04,MOTOR UNIT,jpy,436109.0,417310.0,-18799.0,cr,Alternative Material Substitution,Engineering-driven
forecast,2025-01,C4,UQ-C4-04,MOTOR UNIT,jpy,415359.0,415359.0,0.0,,,
forecast,2025-02,C4,UQ-C4-04,MOTOR UNIT,jpy,415359.0,394465.0,-20894.0,cr,Localization / Local Sourcing,Operational-driven
forecast,2025-03,C4,UQ-C4-04,MOTOR UNIT,jpy,399295.0,399295.0,0.0,,,
forecast,2025-04,C4,UQ-C4-04,MOTOR UNIT,jpy,399295.0,408740.0,9445.0,cu,Yield/Scrap Rate Increase,Operational-driven
forecast,2025-05,C4,UQ-C4-04,MOTOR UNIT,jpy,410680.0,427362.0,16682.0,cu,Engineering Change / Spec Upgrade,Engineering-driven
forecast,2025-06,C4,UQ-C4-04,MOTOR UNIT,jpy,429054.0,450582.0,21528.0,cu,Yield/Scrap Rate Increase,Operational-driven
forecast,2025-07,C4,UQ-C4-04,MOTOR UNIT,jpy,444573.0,457630.0,13057.0,cu,Raw Material Price Increase,Market-driven
forecast,2025-08,C4,UQ-C4-04,MOTOR UNIT,jpy,460497.0,464032.0,3535.0,cu,Logistics/Freight Cost Increase,Market-driven
forecast,2025-09,C4,UQ-C4-04,MOTOR UNIT,jpy,464942.0,475264.0,10322.0,cu,Raw Material Price Increase,Market-driven
forecast,2025-10,C4,UQ-C4-04,MOTOR UNIT,jpy,472642.0,468155.0,-4487.0,cr,Alternative Material Substitution,Engineering-driven
forecast,2024-11,C4,UQ-C4-05,SENSOR MODULE,jpy,467550.0,442199.0,-25351.0,cr,Process Improvement (Yield Up),Operational-driven
forecast,2024-12,C4,UQ-C4-05,SENSOR MODULE,jpy,446818.0,446818.0,0.0,,,
forecast,2025-01,C4,UQ-C4-05,SENSOR MODULE,jpy,446818.0,426595.0,-20223.0,cr,Localization / Local Sourcing,Operational-driven
forecast,2025-02,C4,UQ-C4-05,SENSOR MODULE,jpy,428561.0,420753.0,-7808.0,cr,VA/VE Improvement,Engineering-driven
forecast,2025-03,C4,UQ-C4-05,SENSOR MODULE,jpy,421953.0,446039.0,24086.0,cu,Raw Material Price Increase,Market-driven
forecast,2025-04,C4,UQ-C4-05,SENSOR MODULE,jpy,449881.0,437992.0,-11889.0,cr,Process Improvement (Yield Up),Operational-driven
forecast,2025-05,C4,UQ-C4-05,SENSOR MODULE,jpy,436528.0,436528.0,0.0,,,
forecast,2025-06,C4,UQ-C4-05,SENSOR MODULE,jpy,436528.0,457892.0,21364.0,cu,Logistics/Freight Cost Increase,Market-driven
forecast,2025-07,C4,UQ-C4-05,SENSOR MODULE,jpy,454726.0,438147.0,-16579.0,cr,Process Improvement (Yield Up),Operational-driven
forecast,2025-08,C4,UQ-C4-05,SENSOR MODULE,jpy,437540.0,445468.0,7928.0,cu,Engineering Change / Spec Upgrade,Engineering-driven
forecast,2025-09,C4,UQ-C4-05,SENSOR MODULE,jpy,443223.0,438724.0,-4499.0,cr,Localization / Local Sourcing,Operational-driven
forecast,2025-10,C4,UQ-C4-05,SENSOR MODULE,jpy,438067.0,456392.0,18325.0,cu,Raw Material Price Increase,Market-driven
forecast,2024-11,C4,SH-EVEN-01,TAPE PU-F,domestic,70295.0,68189.0,-2106.0,cr,Localization / Local Sourcing,Operational-driven
forecast,2024-12,C4,SH-EVEN-01,TAPE PU-F,domestic,67819.0,68532.0,713.0,cu,Engineering Change / Spec Upgrade,Engineering-driven
forecast,2025-01,C4,SH-EVEN-01,TAPE PU-F,domestic,68361.0,67735.0,-626.0,cr,Localization / Local Sourcing,Operational-driven
forecast,2025-02,C4,SH-EVEN-01,TAPE PU-F,domestic,67771.0,70653.0,2882.0,cu,Logistics/Freight Cost Increase,Market-driven
forecast,2025-03,C4,SH-EVEN-01,TAPE PU-F,domestic,70908.0,70908.0,0.0,,,
forecast,2025-04,C4,SH-EVEN-01,TAPE PU-F,domestic,70908.0,68376.0,-2532.0,cr,Localization / Local Sourcing,Operational-driven
forecast,2025-05,C4,SH-EVEN-01,TAPE PU-F,domestic,67971.0,70788.0,2817.0,cu,Logistics/Freight Cost Increase,Market-driven
forecast,2025-06,C4,SH-EVEN-01,TAPE PU-F,domestic,70882.0,69951.0,-931.0,cr,Process Improvement (Yield Up),Operational-driven
forecast,2025-07,C4,SH-EVEN-01,TAPE PU-F,domestic,70015.0,71061.0,1046.0,cu,Yield/Scrap Rate Increase,Operational-driven
forecast,2025-08,C4,SH-EVEN-01,TAPE PU-F,domestic,71263.0,71263.0,0.0,,,
forecast,2025-09,C4,SH-EVEN-01,TAPE PU-F,domestic,71263.0,69400.0,-1863.0,cr,Localization / Local Sourcing,Operational-driven
forecast,2025-10,C4,SH-EVEN-01,TAPE PU-F,domestic,69379.0,73502.0,4123.0,cu,Logistics/Freight Cost Increase,Market-driven
forecast,2024-11,C4,SH-EVEN-02,RESIN COMPOUND,usd,19042.0,19042.0,0.0,,,
forecast,2024-12,C4,SH-EVEN-02,RESIN COMPOUND,usd,19042.0,18941.0,-101.0,cr,Supplier Negotiation,Operational-driven
forecast,2025-01,C4,SH-EVEN-02,RESIN COMPOUND,usd,18947.0,18128.0,-819.0,cr,Alternative Material Substitution,Engineering-driven
forecast,2025-02,C4,SH-EVEN-02,RESIN COMPOUND,usd,17907.0,18005.0,98.0,cu,Supplier Change (Higher Cost Source),Market-driven
forecast,2025-03,C4,SH-EVEN-02,RESIN COMPOUND,usd,18018.0,17367.0,-651.0,cr,Supplier Negotiation,Operational-driven
forecast,2025-04,C4,SH-EVEN-02,RESIN COMPOUND,usd,17275.0,16548.0,-727.0,cr,Alternative Material Substitution,Engineering-driven
forecast,2025-05,C4,SH-EVEN-02,RESIN COMPOUND,usd,16381.0,16788.0,407.0,cu,Supplier Change (Higher Cost Source),Market-driven
forecast,2025-06,C4,SH-EVEN-02,RESIN COMPOUND,usd,16909.0,16909.0,0.0,,,
forecast,2025-07,C4,SH-EVEN-02,RESIN COMPOUND,usd,16909.0,17610.0,701.0,cu,Raw Material Price Increase,Market-driven
forecast,2025-08,C4,SH-EVEN-02,RESIN COMPOUND,usd,17621.0,17621.0,0.0,,,
forecast,2025-09,C4,SH-EVEN-02,RESIN COMPOUND,usd,17621.0,17123.0,-498.0,cr,Process Improvement (Yield Up),Operational-driven
forecast,2025-10,C4,SH-EVEN-02,RESIN COMPOUND,usd,17066.0,17668.0,602.0,cu,Yield/Scrap Rate Increase,Operational-driven
forecast,2024-11,C5,SH-CATC-D01,PANEL BOTTOM AS,domestic,113259.0,118799.0,5540.0,cu,Raw Material Price Increase,Market-driven
forecast,2024-12,C5,SH-CATC-D01,PANEL BOTTOM AS,domestic,117575.0,124617.0,7042.0,cu,Engineering Change / Spec Upgrade,Engineering-driven
forecast,2025-01,C5,SH-CATC-D01,PANEL BOTTOM AS,domestic,123830.0,130056.0,6226.0,cu,Raw Material Price Increase,Market-driven
forecast,2025-02,C5,SH-CATC-D01,PANEL BOTTOM AS,domestic,131027.0,135395.0,4368.0,cu,Supplier Change (Higher Cost Source),Market-driven
forecast,2025-03,C5,SH-CATC-D01,PANEL BOTTOM AS,domestic,135944.0,142155.0,6211.0,cu,Supplier Change (Higher Cost Source),Market-driven
forecast,2025-04,C5,SH-CATC-D01,PANEL BOTTOM AS,domestic,140792.0,147425.0,6633.0,cu,Supplier Change (Higher Cost Source),Market-driven
forecast,2025-05,C5,SH-CATC-D01,PANEL BOTTOM AS,domestic,146719.0,150078.0,3359.0,cu,Engineering Change / Spec Upgrade,Engineering-driven
forecast,2025-06,C5,SH-CATC-D01,PANEL BOTTOM AS,domestic,149425.0,149425.0,0.0,,,
forecast,2025-07,C5,SH-CATC-D01,PANEL BOTTOM AS,domestic,149425.0,157387.0,7962.0,cu,Supplier Change (Higher Cost Source),Market-driven
forecast,2025-08,C5,SH-CATC-D01,PANEL BOTTOM AS,domestic,158391.0,158391.0,0.0,,,
forecast,2025-09,C5,SH-CATC-D01,PANEL BOTTOM AS,domestic,158391.0,163372.0,4981.0,cu,Engineering Change / Spec Upgrade,Engineering-driven
forecast,2025-10,C5,SH-CATC-D01,PANEL BOTTOM AS,domestic,162463.0,171577.0,9114.0,cu,Yield/Scrap Rate Increase,Operational-driven
forecast,2024-11,C5,SH-CATC-U01,CONNECTOR HOUSING,usd,54607.0,51966.0,-2641.0,cr,Localization / Local Sourcing,Operational-driven
forecast,2024-12,C5,SH-CATC-U01,CONNECTOR HOUSING,usd,49301.0,49301.0,0.0,,,
forecast,2025-01,C5,SH-CATC-U01,CONNECTOR HOUSING,usd,49301.0,50140.0,839.0,cu,Logistics/Freight Cost Increase,Market-driven
forecast,2025-02,C5,SH-CATC-U01,CONNECTOR HOUSING,usd,51111.0,48661.0,-2450.0,cr,VA/VE Improvement,Engineering-driven
forecast,2025-03,C5,SH-CATC-U01,CONNECTOR HOUSING,usd,46616.0,49100.0,2484.0,cu,Supplier Change (Higher Cost Source),Market-driven
forecast,2025-04,C5,SH-CATC-U01,CONNECTOR HOUSING,usd,53397.0,52806.0,-591.0,cr,Localization / Local Sourcing,Operational-driven
forecast,2025-05,C5,SH-CATC-U01,CONNECTOR HOUSING,usd,52302.0,52764.0,462.0,cu,Yield/Scrap Rate Increase,Operational-driven
forecast,2025-06,C5,SH-CATC-U01,CONNECTOR HOUSING,usd,53561.0,51029.0,-2532.0,cr,Process Improvement (Yield Up),Operational-driven
forecast,2025-07,C5,SH-CATC-U01,CONNECTOR HOUSING,usd,48529.0,49467.0,938.0,cu,Logistics/Freight Cost Increase,Market-driven
forecast,2025-08,C5,SH-CATC-U01,CONNECTOR HOUSING,usd,50779.0,52978.0,2199.0,cu,Engineering Change / Spec Upgrade,Engineering-driven
forecast,2025-09,C5,SH-CATC-U01,CONNECTOR HOUSING,usd,56157.0,55863.0,-294.0,cr,Process Improvement (Yield Up),Operational-driven
forecast,2025-10,C5,SH-CATC-U01,CONNECTOR HOUSING,usd,55454.0,54017.0,-1437.0,cr,Supplier Negotiation,Operational-driven
forecast,2024-11,C5,SH-IDX05,PRECISION GEAR,jpy,152329.0,144304.0,-8025.0,cr,Alternative Material Substitution,Engineering-driven
forecast,2024-12,C5,SH-IDX05,PRECISION GEAR,jpy,143614.0,138605.0,-5009.0,cr,Alternative Material Substitution,Engineering-driven
forecast,2025-01,C5,SH-IDX05,PRECISION GEAR,jpy,137648.0,135685.0,-1963.0,cr,Process Improvement (Yield Up),Operational-driven
forecast,2025-02,C5,SH-IDX05,PRECISION GEAR,jpy,135933.0,143794.0,7861.0,cu,Yield/Scrap Rate Increase,Operational-driven
forecast,2025-03,C5,SH-IDX05,PRECISION GEAR,jpy,143085.0,138093.0,-4992.0,cr,Alternative Material Substitution,Engineering-driven
forecast,2025-04,C5,SH-IDX05,PRECISION GEAR,jpy,137632.0,131980.0,-5652.0,cr,Localization / Local Sourcing,Operational-driven
forecast,2025-05,C5,SH-IDX05,PRECISION GEAR,jpy,132088.0,129128.0,-2960.0,cr,Process Improvement (Yield Up),Operational-driven
forecast,2025-06,C5,SH-IDX05,PRECISION GEAR,jpy,128385.0,128385.0,0.0,,,
forecast,2025-07,C5,SH-IDX05,PRECISION GEAR,jpy,128385.0,123101.0,-5284.0,cr,Localization / Local Sourcing,Operational-driven
forecast,2025-08,C5,SH-IDX05,PRECISION GEAR,jpy,124087.0,129548.0,5461.0,cu,Yield/Scrap Rate Increase,Operational-driven
forecast,2025-09,C5,SH-IDX05,PRECISION GEAR,jpy,129958.0,126817.0,-3141.0,cr,Process Improvement (Yield Up),Operational-driven
forecast,2025-10,C5,SH-IDX05,PRECISION GEAR,jpy,126447.0,129404.0,2957.0,cu,Raw Material Price Increase,Market-driven
forecast,2024-11,C5,UQ-C5-01,PANEL FRONT AS,domestic,365206.0,357867.0,-7339.0,cr,VA/VE Improvement,Engineering-driven
forecast,2024-12,C5,UQ-C5-01,PANEL FRONT AS,domestic,357720.0,364480.0,6760.0,cu,Engineering Change / Spec Upgrade,Engineering-driven
forecast,2025-01,C5,UQ-C5-01,PANEL FRONT AS,domestic,365652.0,345860.0,-19792.0,cr,Alternative Material Substitution,Engineering-driven
forecast,2025-02,C5,UQ-C5-01,PANEL FRONT AS,domestic,340606.0,340606.0,0.0,,,
forecast,2025-03,C5,UQ-C5-01,PANEL FRONT AS,domestic,340606.0,327719.0,-12887.0,cr,VA/VE Improvement,Engineering-driven
forecast,2025-04,C5,UQ-C5-01,PANEL FRONT AS,domestic,328696.0,330911.0,2215.0,cu,Engineering Change / Spec Upgrade,Engineering-driven
forecast,2025-05,C5,UQ-C5-01,PANEL FRONT AS,domestic,331412.0,319358.0,-12054.0,cr,Alternative Material Substitution,Engineering-driven
forecast,2025-06,C5,UQ-C5-01,PANEL FRONT AS,domestic,319620.0,306790.0,-12830.0,cr,Localization / Local Sourcing,Operational-driven
forecast,2025-07,C5,UQ-C5-01,PANEL FRONT AS,domestic,306521.0,306521.0,0.0,,,
forecast,2025-08,C5,UQ-C5-01,PANEL FRONT AS,domestic,306521.0,306521.0,0.0,,,
forecast,2025-09,C5,UQ-C5-01,PANEL FRONT AS,domestic,306521.0,296680.0,-9841.0,cr,Alternative Material Substitution,Engineering-driven
forecast,2025-10,C5,UQ-C5-01,PANEL FRONT AS,domestic,295635.0,288596.0,-7039.0,cr,Supplier Negotiation,Operational-driven
forecast,2024-11,C5,UQ-C5-02,BRACKET SUPPORT,domestic,404942.0,399161.0,-5781.0,cr,Supplier Negotiation,Operational-driven
forecast,2024-12,C5,UQ-C5-02,BRACKET SUPPORT,domestic,393349.0,393349.0,0.0,,,
forecast,2025-01,C5,UQ-C5-02,BRACKET SUPPORT,domestic,393349.0,393349.0,0.0,,,
forecast,2025-02,C5,UQ-C5-02,BRACKET SUPPORT,domestic,393349.0,383132.0,-10217.0,cr,Localization / Local Sourcing,Operational-driven
forecast,2025-03,C5,UQ-C5-02,BRACKET SUPPORT,domestic,370227.0,383492.0,13265.0,cu,Logistics/Freight Cost Increase,Market-driven
forecast,2025-04,C5,UQ-C5-02,BRACKET SUPPORT,domestic,405484.0,426010.0,20526.0,cu,Yield/Scrap Rate Increase,Operational-driven
forecast,2025-05,C5,UQ-C5-02,BRACKET SUPPORT,domestic,449877.0,449877.0,0.0,,,
forecast,2025-06,C5,UQ-C5-02,BRACKET SUPPORT,domestic,449877.0,463073.0,13196.0,cu,Engineering Change / Spec Upgrade,Engineering-driven
forecast,2025-07,C5,UQ-C5-02,BRACKET SUPPORT,domestic,488317.0,480707.0,-7610.0,cr,VA/VE Improvement,Engineering-driven
forecast,2025-08,C5,UQ-C5-02,BRACKET SUPPORT,domestic,467700.0,487529.0,19829.0,cu,Raw Material Price Increase,Market-driven
forecast,2025-09,C5,UQ-C5-02,BRACKET SUPPORT,domestic,522355.0,528886.0,6531.0,cu,Yield/Scrap Rate Increase,Operational-driven
forecast,2025-10,C5,UQ-C5-02,BRACKET SUPPORT,domestic,539580.0,522589.0,-16991.0,cr,Supplier Negotiation,Operational-driven
forecast,2024-11,C5,UQ-C5-03,IC CHIP CONTROL,usd,1098385.0,1158368.0,59983.0,cu,Yield/Scrap Rate Increase,Operational-driven
forecast,2024-12,C5,UQ-C5-03,IC CHIP CONTROL,usd,1141856.0,1177662.0,35806.0,cu,Yield/Scrap Rate Increase,Operational-driven
forecast,2025-01,C5,UQ-C5-03,IC CHIP CONTROL,usd,1186760.0,1202948.0,16188.0,cu,Logistics/Freight Cost Increase,Market-driven
forecast,2025-02,C5,UQ-C5-03,IC CHIP CONTROL,usd,1207556.0,1182734.0,-24822.0,cr,Process Improvement (Yield Up),Operational-driven
forecast,2025-03,C5,UQ-C5-03,IC CHIP CONTROL,usd,1182521.0,1242313.0,59792.0,cu,Raw Material Price Increase,Market-driven
forecast,2025-04,C5,UQ-C5-03,IC CHIP CONTROL,usd,1239523.0,1239523.0,0.0,,,
forecast,2025-05,C5,UQ-C5-03,IC CHIP CONTROL,usd,1239523.0,1220717.0,-18806.0,cr,Alternative Material Substitution,Engineering-driven
forecast,2025-06,C5,UQ-C5-03,IC CHIP CONTROL,usd,1218416.0,1192161.0,-26255.0,cr,Supplier Negotiation,Operational-driven
forecast,2025-07,C5,UQ-C5-03,IC CHIP CONTROL,usd,1195352.0,1155073.0,-40279.0,cr,VA/VE Improvement,Engineering-driven
forecast,2025-08,C5,UQ-C5-03,IC CHIP CONTROL,usd,1145482.0,1161786.0,16304.0,cu,Engineering Change / Spec Upgrade,Engineering-driven
forecast,2025-09,C5,UQ-C5-03,IC CHIP CONTROL,usd,1161908.0,1116715.0,-45193.0,cr,Localization / Local Sourcing,Operational-driven
forecast,2025-10,C5,UQ-C5-03,IC CHIP CONTROL,usd,1110908.0,1049594.0,-61314.0,cr,Localization / Local Sourcing,Operational-driven
forecast,2024-11,C5,UQ-C5-04,MOTOR UNIT,jpy,391977.0,388266.0,-3711.0,cr,VA/VE Improvement,Engineering-driven
forecast,2024-12,C5,UQ-C5-04,MOTOR UNIT,jpy,388790.0,399679.0,10889.0,cu,Supplier Change (Higher Cost Source),Market-driven
forecast,2025-01,C5,UQ-C5-04,MOTOR UNIT,jpy,400996.0,386770.0,-14226.0,cr,VA/VE Improvement,Engineering-driven
forecast,2025-02,C5,UQ-C5-04,MOTOR UNIT,jpy,388774.0,401127.0,12353.0,cu,Logistics/Freight Cost Increase,Market-driven
forecast,2025-03,C5,UQ-C5-04,MOTOR UNIT,jpy,399795.0,380985.0,-18810.0,cr,Process Improvement (Yield Up),Operational-driven
forecast,2025-04,C5,UQ-C5-04,MOTOR UNIT,jpy,383415.0,365096.0,-18319.0,cr,Alternative Material Substitution,Engineering-driven
forecast,2025-05,C5,UQ-C5-04,MOTOR UNIT,jpy,365030.0,365030.0,0.0,,,
forecast,2025-06,C5,UQ-C5-04,MOTOR UNIT,jpy,365030.0,370072.0,5042.0,cu,Supplier Change (Higher Cost Source),Market-driven
forecast,2025-07,C5,UQ-C5-04,MOTOR UNIT,jpy,371220.0,371220.0,0.0,,,
forecast,2025-08,C5,UQ-C5-04,MOTOR UNIT,jpy,371220.0,362776.0,-8444.0,cr,VA/VE Improvement,Engineering-driven
forecast,2025-09,C5,UQ-C5-04,MOTOR UNIT,jpy,364260.0,381100.0,16840.0,cu,Yield/Scrap Rate Increase,Operational-driven
forecast,2025-10,C5,UQ-C5-04,MOTOR UNIT,jpy,382960.0,376863.0,-6097.0,cr,VA/VE Improvement,Engineering-driven
forecast,2024-11,C5,UQ-C5-05,SENSOR MODULE,jpy,272530.0,262591.0,-9939.0,cr,Localization / Local Sourcing,Operational-driven
forecast,2024-12,C5,UQ-C5-05,SENSOR MODULE,jpy,262603.0,252713.0,-9890.0,cr,Localization / Local Sourcing,Operational-driven
forecast,2025-01,C5,UQ-C5-05,SENSOR MODULE,jpy,251117.0,255653.0,4536.0,cu,Yield/Scrap Rate Increase,Operational-driven
forecast,2025-02,C5,UQ-C5-05,SENSOR MODULE,jpy,255788.0,255788.0,0.0,,,
forecast,2025-03,C5,UQ-C5-05,SENSOR MODULE,jpy,255788.0,268446.0,12658.0,cu,Raw Material Price Increase,Market-driven
forecast,2025-04,C5,UQ-C5-05,SENSOR MODULE,jpy,266034.0,280605.0,14571.0,cu,Supplier Change (Higher Cost Source),Market-driven
forecast,2025-05,C5,UQ-C5-05,SENSOR MODULE,jpy,284309.0,276869.0,-7440.0,cr,VA/VE Improvement,Engineering-driven
forecast,2025-06,C5,UQ-C5-05,SENSOR MODULE,jpy,278955.0,286583.0,7628.0,cu,Raw Material Price Increase,Market-driven
forecast,2025-07,C5,UQ-C5-05,SENSOR MODULE,jpy,288062.0,292350.0,4288.0,cu,Logistics/Freight Cost Increase,Market-driven
forecast,2025-08,C5,UQ-C5-05,SENSOR MODULE,jpy,291695.0,308217.0,16522.0,cu,Logistics/Freight Cost Increase,Market-driven
forecast,2025-09,C5,UQ-C5-05,SENSOR MODULE,jpy,304310.0,304310.0,0.0,,,
forecast,2025-10,C5,UQ-C5-05,SENSOR MODULE,jpy,304310.0,286280.0,-18030.0,cr,Process Improvement (Yield Up),Operational-driven
forecast,2024-11,C6,SH-CATC-D01,PANEL BOTTOM AS,domestic,113259.0,118799.0,5540.0,cu,Raw Material Price Increase,Market-driven
forecast,2024-12,C6,SH-CATC-D01,PANEL BOTTOM AS,domestic,117575.0,124617.0,7042.0,cu,Engineering Change / Spec Upgrade,Engineering-driven
forecast,2025-01,C6,SH-CATC-D01,PANEL BOTTOM AS,domestic,123830.0,130056.0,6226.0,cu,Raw Material Price Increase,Market-driven
forecast,2025-02,C6,SH-CATC-D01,PANEL BOTTOM AS,domestic,131027.0,135395.0,4368.0,cu,Supplier Change (Higher Cost Source),Market-driven
forecast,2025-03,C6,SH-CATC-D01,PANEL BOTTOM AS,domestic,135944.0,142155.0,6211.0,cu,Supplier Change (Higher Cost Source),Market-driven
forecast,2025-04,C6,SH-CATC-D01,PANEL BOTTOM AS,domestic,140792.0,147425.0,6633.0,cu,Supplier Change (Higher Cost Source),Market-driven
forecast,2025-05,C6,SH-CATC-D01,PANEL BOTTOM AS,domestic,146719.0,150078.0,3359.0,cu,Engineering Change / Spec Upgrade,Engineering-driven
forecast,2025-06,C6,SH-CATC-D01,PANEL BOTTOM AS,domestic,149425.0,149425.0,0.0,,,
forecast,2025-07,C6,SH-CATC-D01,PANEL BOTTOM AS,domestic,149425.0,157387.0,7962.0,cu,Supplier Change (Higher Cost Source),Market-driven
forecast,2025-08,C6,SH-CATC-D01,PANEL BOTTOM AS,domestic,158391.0,158391.0,0.0,,,
forecast,2025-09,C6,SH-CATC-D01,PANEL BOTTOM AS,domestic,158391.0,163372.0,4981.0,cu,Engineering Change / Spec Upgrade,Engineering-driven
forecast,2025-10,C6,SH-CATC-D01,PANEL BOTTOM AS,domestic,162463.0,171577.0,9114.0,cu,Yield/Scrap Rate Increase,Operational-driven
forecast,2024-11,C6,SH-CATC-U01,CONNECTOR HOUSING,usd,54607.0,51966.0,-2641.0,cr,Localization / Local Sourcing,Operational-driven
forecast,2024-12,C6,SH-CATC-U01,CONNECTOR HOUSING,usd,49301.0,49301.0,0.0,,,
forecast,2025-01,C6,SH-CATC-U01,CONNECTOR HOUSING,usd,49301.0,50140.0,839.0,cu,Logistics/Freight Cost Increase,Market-driven
forecast,2025-02,C6,SH-CATC-U01,CONNECTOR HOUSING,usd,51111.0,48661.0,-2450.0,cr,VA/VE Improvement,Engineering-driven
forecast,2025-03,C6,SH-CATC-U01,CONNECTOR HOUSING,usd,46616.0,49100.0,2484.0,cu,Supplier Change (Higher Cost Source),Market-driven
forecast,2025-04,C6,SH-CATC-U01,CONNECTOR HOUSING,usd,53397.0,52806.0,-591.0,cr,Localization / Local Sourcing,Operational-driven
forecast,2025-05,C6,SH-CATC-U01,CONNECTOR HOUSING,usd,52302.0,52764.0,462.0,cu,Yield/Scrap Rate Increase,Operational-driven
forecast,2025-06,C6,SH-CATC-U01,CONNECTOR HOUSING,usd,53561.0,51029.0,-2532.0,cr,Process Improvement (Yield Up),Operational-driven
forecast,2025-07,C6,SH-CATC-U01,CONNECTOR HOUSING,usd,48529.0,49467.0,938.0,cu,Logistics/Freight Cost Increase,Market-driven
forecast,2025-08,C6,SH-CATC-U01,CONNECTOR HOUSING,usd,50779.0,52978.0,2199.0,cu,Engineering Change / Spec Upgrade,Engineering-driven
forecast,2025-09,C6,SH-CATC-U01,CONNECTOR HOUSING,usd,56157.0,55863.0,-294.0,cr,Process Improvement (Yield Up),Operational-driven
forecast,2025-10,C6,SH-CATC-U01,CONNECTOR HOUSING,usd,55454.0,54017.0,-1437.0,cr,Supplier Negotiation,Operational-driven
forecast,2024-11,C6,SH-IDX06,PRECISION GEAR,jpy,48576.0,48576.0,0.0,,,
forecast,2024-12,C6,SH-IDX06,PRECISION GEAR,jpy,48576.0,50969.0,2393.0,cu,Supplier Change (Higher Cost Source),Market-driven
forecast,2025-01,C6,SH-IDX06,PRECISION GEAR,jpy,51623.0,48929.0,-2694.0,cr,Localization / Local Sourcing,Operational-driven
forecast,2025-02,C6,SH-IDX06,PRECISION GEAR,jpy,49518.0,49518.0,0.0,,,
forecast,2025-03,C6,SH-IDX06,PRECISION GEAR,jpy,49518.0,49518.0,0.0,,,
forecast,2025-04,C6,SH-IDX06,PRECISION GEAR,jpy,49518.0,48287.0,-1231.0,cr,Alternative Material Substitution,Engineering-driven
forecast,2025-05,C6,SH-IDX06,PRECISION GEAR,jpy,48049.0,45912.0,-2137.0,cr,Localization / Local Sourcing,Operational-driven
forecast,2025-06,C6,SH-IDX06,PRECISION GEAR,jpy,45806.0,46590.0,784.0,cu,Supplier Change (Higher Cost Source),Market-driven
forecast,2025-07,C6,SH-IDX06,PRECISION GEAR,jpy,46381.0,46381.0,0.0,,,
forecast,2025-08,C6,SH-IDX06,PRECISION GEAR,jpy,46381.0,45585.0,-796.0,cr,Process Improvement (Yield Up),Operational-driven
forecast,2025-09,C6,SH-IDX06,PRECISION GEAR,jpy,45806.0,43243.0,-2563.0,cr,Supplier Negotiation,Operational-driven
forecast,2025-10,C6,SH-IDX06,PRECISION GEAR,jpy,43277.0,43804.0,527.0,cu,Supplier Change (Higher Cost Source),Market-driven
forecast,2024-11,C6,UQ-C6-01,PANEL FRONT AS,domestic,666129.0,652186.0,-13943.0,cr,Alternative Material Substitution,Engineering-driven
forecast,2024-12,C6,UQ-C6-01,PANEL FRONT AS,domestic,654320.0,638272.0,-16048.0,cr,Localization / Local Sourcing,Operational-driven
forecast,2025-01,C6,UQ-C6-01,PANEL FRONT AS,domestic,637663.0,642763.0,5100.0,cu,Raw Material Price Increase,Market-driven
forecast,2025-02,C6,UQ-C6-01,PANEL FRONT AS,domestic,642134.0,642134.0,0.0,,,
forecast,2025-03,C6,UQ-C6-01,PANEL FRONT AS,domestic,642134.0,616430.0,-25704.0,cr,Process Improvement (Yield Up),Operational-driven
forecast,2025-04,C6,UQ-C6-01,PANEL FRONT AS,domestic,613338.0,592607.0,-20731.0,cr,Supplier Negotiation,Operational-driven
forecast,2025-05,C6,UQ-C6-01,PANEL FRONT AS,domestic,589255.0,577565.0,-11690.0,cr,VA/VE Improvement,Engineering-driven
forecast,2025-06,C6,UQ-C6-01,PANEL FRONT AS,domestic,577037.0,594873.0,17836.0,cu,Supplier Change (Higher Cost Source),Market-driven
forecast,2025-07,C6,UQ-C6-01,PANEL FRONT AS,domestic,597199.0,629341.0,32142.0,cu,Yield/Scrap Rate Increase,Operational-driven
forecast,2025-08,C6,UQ-C6-01,PANEL FRONT AS,domestic,631402.0,627724.0,-3678.0,cr,Localization / Local Sourcing,Operational-driven
forecast,2025-09,C6,UQ-C6-01,PANEL FRONT AS,domestic,627969.0,619008.0,-8961.0,cr,VA/VE Improvement,Engineering-driven
forecast,2025-10,C6,UQ-C6-01,PANEL FRONT AS,domestic,616837.0,651602.0,34765.0,cu,Supplier Change (Higher Cost Source),Market-driven
forecast,2024-11,C6,UQ-C6-02,BRACKET SUPPORT,domestic,569051.0,584606.0,15555.0,cu,Raw Material Price Increase,Market-driven
forecast,2024-12,C6,UQ-C6-02,BRACKET SUPPORT,domestic,581415.0,557826.0,-23589.0,cr,Process Improvement (Yield Up),Operational-driven
forecast,2025-01,C6,UQ-C6-02,BRACKET SUPPORT,domestic,551235.0,572188.0,20953.0,cu,Raw Material Price Increase,Market-driven
forecast,2025-02,C6,UQ-C6-02,BRACKET SUPPORT,domestic,568504.0,541482.0,-27022.0,cr,Localization / Local Sourcing,Operational-driven
forecast,2025-03,C6,UQ-C6-02,BRACKET SUPPORT,domestic,546171.0,558534.0,12363.0,cu,Yield/Scrap Rate Increase,Operational-driven
forecast,2025-04,C6,UQ-C6-02,BRACKET SUPPORT,domestic,554989.0,554989.0,0.0,,,
forecast,2025-05,C6,UQ-C6-02,BRACKET SUPPORT,domestic,554989.0,531315.0,-23674.0,cr,Process Improvement (Yield Up),Operational-driven
forecast,2025-06,C6,UQ-C6-02,BRACKET SUPPORT,domestic,527966.0,501508.0,-26458.0,cr,Process Improvement (Yield Up),Operational-driven
forecast,2025-07,C6,UQ-C6-02,BRACKET SUPPORT,domestic,501407.0,497659.0,-3748.0,cr,Localization / Local Sourcing,Operational-driven
forecast,2025-08,C6,UQ-C6-02,BRACKET SUPPORT,domestic,498019.0,493721.0,-4298.0,cr,VA/VE Improvement,Engineering-driven
forecast,2025-09,C6,UQ-C6-02,BRACKET SUPPORT,domestic,494059.0,494059.0,0.0,,,
forecast,2025-10,C6,UQ-C6-02,BRACKET SUPPORT,domestic,494059.0,480546.0,-13513.0,cr,Localization / Local Sourcing,Operational-driven
forecast,2024-11,C6,UQ-C6-03,IC CHIP CONTROL,usd,740599.0,763220.0,22621.0,cu,Logistics/Freight Cost Increase,Market-driven
forecast,2024-12,C6,UQ-C6-03,IC CHIP CONTROL,usd,760676.0,764921.0,4245.0,cu,Yield/Scrap Rate Increase,Operational-driven
forecast,2025-01,C6,UQ-C6-03,IC CHIP CONTROL,usd,765550.0,810517.0,44967.0,cu,Raw Material Price Increase,Market-driven
forecast,2025-02,C6,UQ-C6-03,IC CHIP CONTROL,usd,805346.0,791877.0,-13469.0,cr,Localization / Local Sourcing,Operational-driven
forecast,2025-03,C6,UQ-C6-03,IC CHIP CONTROL,usd,794256.0,810551.0,16295.0,cu,Engineering Change / Spec Upgrade,Engineering-driven
forecast,2025-04,C6,UQ-C6-03,IC CHIP CONTROL,usd,812771.0,785634.0,-27137.0,cr,Supplier Negotiation,Operational-driven
forecast,2025-05,C6,UQ-C6-03,IC CHIP CONTROL,usd,781977.0,781977.0,0.0,,,
forecast,2025-06,C6,UQ-C6-03,IC CHIP CONTROL,usd,781977.0,752171.0,-29806.0,cr,Process Improvement (Yield Up),Operational-driven
forecast,2025-07,C6,UQ-C6-03,IC CHIP CONTROL,usd,753007.0,748246.0,-4761.0,cr,Alternative Material Substitution,Engineering-driven
forecast,2025-08,C6,UQ-C6-03,IC CHIP CONTROL,usd,748940.0,748940.0,0.0,,,
forecast,2025-09,C6,UQ-C6-03,IC CHIP CONTROL,usd,748940.0,758176.0,9236.0,cu,Raw Material Price Increase,Market-driven
forecast,2025-10,C6,UQ-C6-03,IC CHIP CONTROL,usd,757748.0,718232.0,-39516.0,cr,VA/VE Improvement,Engineering-driven
forecast,2024-11,C6,UQ-C6-04,MOTOR UNIT,jpy,126591.0,120846.0,-5745.0,cr,Alternative Material Substitution,Engineering-driven
forecast,2024-12,C6,UQ-C6-04,MOTOR UNIT,jpy,122119.0,127348.0,5229.0,cu,Supplier Change (Higher Cost Source),Market-driven
forecast,2025-01,C6,UQ-C6-04,MOTOR UNIT,jpy,127006.0,122954.0,-4052.0,cr,Localization / Local Sourcing,Operational-driven
forecast,2025-02,C6,UQ-C6-04,MOTOR UNIT,jpy,122609.0,116071.0,-6538.0,cr,Alternative Material Substitution,Engineering-driven
forecast,2025-03,C6,UQ-C6-04,MOTOR UNIT,jpy,115496.0,117031.0,1535.0,cu,Supplier Change (Higher Cost Source),Market-driven
forecast,2025-04,C6,UQ-C6-04,MOTOR UNIT,jpy,116958.0,111782.0,-5176.0,cr,Localization / Local Sourcing,Operational-driven
forecast,2025-05,C6,UQ-C6-04,MOTOR UNIT,jpy,112369.0,107638.0,-4731.0,cr,Localization / Local Sourcing,Operational-driven
forecast,2025-06,C6,UQ-C6-04,MOTOR UNIT,jpy,107970.0,107970.0,0.0,,,
forecast,2025-07,C6,UQ-C6-04,MOTOR UNIT,jpy,107970.0,107970.0,0.0,,,
forecast,2025-08,C6,UQ-C6-04,MOTOR UNIT,jpy,107970.0,105640.0,-2330.0,cr,Localization / Local Sourcing,Operational-driven
forecast,2025-09,C6,UQ-C6-04,MOTOR UNIT,jpy,105343.0,108032.0,2689.0,cu,Logistics/Freight Cost Increase,Market-driven
forecast,2025-10,C6,UQ-C6-04,MOTOR UNIT,jpy,108567.0,114956.0,6389.0,cu,Yield/Scrap Rate Increase,Operational-driven
forecast,2024-11,C6,UQ-C6-05,SENSOR MODULE,jpy,122585.0,126985.0,4400.0,cu,Engineering Change / Spec Upgrade,Engineering-driven
forecast,2024-12,C6,UQ-C6-05,SENSOR MODULE,jpy,125988.0,121280.0,-4708.0,cr,Process Improvement (Yield Up),Operational-driven
forecast,2025-01,C6,UQ-C6-05,SENSOR MODULE,jpy,119874.0,122920.0,3046.0,cu,Logistics/Freight Cost Increase,Market-driven
forecast,2025-02,C6,UQ-C6-05,SENSOR MODULE,jpy,122821.0,128480.0,5659.0,cu,Engineering Change / Spec Upgrade,Engineering-driven
forecast,2025-03,C6,UQ-C6-05,SENSOR MODULE,jpy,129216.0,133404.0,4188.0,cu,Raw Material Price Increase,Market-driven
forecast,2025-04,C6,UQ-C6-05,SENSOR MODULE,jpy,132977.0,132977.0,0.0,,,
forecast,2025-05,C6,UQ-C6-05,SENSOR MODULE,jpy,132977.0,133941.0,964.0,cu,Yield/Scrap Rate Increase,Operational-driven
forecast,2025-06,C6,UQ-C6-05,SENSOR MODULE,jpy,134059.0,134059.0,0.0,,,
forecast,2025-07,C6,UQ-C6-05,SENSOR MODULE,jpy,134059.0,134059.0,0.0,,,
forecast,2025-08,C6,UQ-C6-05,SENSOR MODULE,jpy,134059.0,126589.0,-7470.0,cr,Process Improvement (Yield Up),Operational-driven
forecast,2025-09,C6,UQ-C6-05,SENSOR MODULE,jpy,124532.0,131030.0,6498.0,cu,Engineering Change / Spec Upgrade,Engineering-driven
forecast,2025-10,C6,UQ-C6-05,SENSOR MODULE,jpy,130225.0,132424.0,2199.0,cu,Logistics/Freight Cost Increase,Market-driven
forecast,2024-11,C6,SH-EVEN-01,TAPE PU-F,domestic,70295.0,68189.0,-2106.0,cr,Localization / Local Sourcing,Operational-driven
forecast,2024-12,C6,SH-EVEN-01,TAPE PU-F,domestic,67819.0,68532.0,713.0,cu,Engineering Change / Spec Upgrade,Engineering-driven
forecast,2025-01,C6,SH-EVEN-01,TAPE PU-F,domestic,68361.0,67735.0,-626.0,cr,Localization / Local Sourcing,Operational-driven
forecast,2025-02,C6,SH-EVEN-01,TAPE PU-F,domestic,67771.0,70653.0,2882.0,cu,Logistics/Freight Cost Increase,Market-driven
forecast,2025-03,C6,SH-EVEN-01,TAPE PU-F,domestic,70908.0,70908.0,0.0,,,
forecast,2025-04,C6,SH-EVEN-01,TAPE PU-F,domestic,70908.0,68376.0,-2532.0,cr,Localization / Local Sourcing,Operational-driven
forecast,2025-05,C6,SH-EVEN-01,TAPE PU-F,domestic,67971.0,70788.0,2817.0,cu,Logistics/Freight Cost Increase,Market-driven
forecast,2025-06,C6,SH-EVEN-01,TAPE PU-F,domestic,70882.0,69951.0,-931.0,cr,Process Improvement (Yield Up),Operational-driven
forecast,2025-07,C6,SH-EVEN-01,TAPE PU-F,domestic,70015.0,71061.0,1046.0,cu,Yield/Scrap Rate Increase,Operational-driven
forecast,2025-08,C6,SH-EVEN-01,TAPE PU-F,domestic,71263.0,71263.0,0.0,,,
forecast,2025-09,C6,SH-EVEN-01,TAPE PU-F,domestic,71263.0,69400.0,-1863.0,cr,Localization / Local Sourcing,Operational-driven
forecast,2025-10,C6,SH-EVEN-01,TAPE PU-F,domestic,69379.0,73502.0,4123.0,cu,Logistics/Freight Cost Increase,Market-driven
forecast,2024-11,C6,SH-EVEN-02,RESIN COMPOUND,usd,19042.0,19042.0,0.0,,,
forecast,2024-12,C6,SH-EVEN-02,RESIN COMPOUND,usd,19042.0,18941.0,-101.0,cr,Supplier Negotiation,Operational-driven
forecast,2025-01,C6,SH-EVEN-02,RESIN COMPOUND,usd,18947.0,18128.0,-819.0,cr,Alternative Material Substitution,Engineering-driven
forecast,2025-02,C6,SH-EVEN-02,RESIN COMPOUND,usd,17907.0,18005.0,98.0,cu,Supplier Change (Higher Cost Source),Market-driven
forecast,2025-03,C6,SH-EVEN-02,RESIN COMPOUND,usd,18018.0,17367.0,-651.0,cr,Supplier Negotiation,Operational-driven
forecast,2025-04,C6,SH-EVEN-02,RESIN COMPOUND,usd,17275.0,16548.0,-727.0,cr,Alternative Material Substitution,Engineering-driven
forecast,2025-05,C6,SH-EVEN-02,RESIN COMPOUND,usd,16381.0,16788.0,407.0,cu,Supplier Change (Higher Cost Source),Market-driven
forecast,2025-06,C6,SH-EVEN-02,RESIN COMPOUND,usd,16909.0,16909.0,0.0,,,
forecast,2025-07,C6,SH-EVEN-02,RESIN COMPOUND,usd,16909.0,17610.0,701.0,cu,Raw Material Price Increase,Market-driven
forecast,2025-08,C6,SH-EVEN-02,RESIN COMPOUND,usd,17621.0,17621.0,0.0,,,
forecast,2025-09,C6,SH-EVEN-02,RESIN COMPOUND,usd,17621.0,17123.0,-498.0,cr,Process Improvement (Yield Up),Operational-driven
forecast,2025-10,C6,SH-EVEN-02,RESIN COMPOUND,usd,17066.0,17668.0,602.0,cu,Yield/Scrap Rate Increase,Operational-driven
forecast,2024-11,C7,SH-CATC-D01,PANEL BOTTOM AS,domestic,113259.0,118799.0,5540.0,cu,Raw Material Price Increase,Market-driven
forecast,2024-12,C7,SH-CATC-D01,PANEL BOTTOM AS,domestic,117575.0,124617.0,7042.0,cu,Engineering Change / Spec Upgrade,Engineering-driven
forecast,2025-01,C7,SH-CATC-D01,PANEL BOTTOM AS,domestic,123830.0,130056.0,6226.0,cu,Raw Material Price Increase,Market-driven
forecast,2025-02,C7,SH-CATC-D01,PANEL BOTTOM AS,domestic,131027.0,135395.0,4368.0,cu,Supplier Change (Higher Cost Source),Market-driven
forecast,2025-03,C7,SH-CATC-D01,PANEL BOTTOM AS,domestic,135944.0,142155.0,6211.0,cu,Supplier Change (Higher Cost Source),Market-driven
forecast,2025-04,C7,SH-CATC-D01,PANEL BOTTOM AS,domestic,140792.0,147425.0,6633.0,cu,Supplier Change (Higher Cost Source),Market-driven
forecast,2025-05,C7,SH-CATC-D01,PANEL BOTTOM AS,domestic,146719.0,150078.0,3359.0,cu,Engineering Change / Spec Upgrade,Engineering-driven
forecast,2025-06,C7,SH-CATC-D01,PANEL BOTTOM AS,domestic,149425.0,149425.0,0.0,,,
forecast,2025-07,C7,SH-CATC-D01,PANEL BOTTOM AS,domestic,149425.0,157387.0,7962.0,cu,Supplier Change (Higher Cost Source),Market-driven
forecast,2025-08,C7,SH-CATC-D01,PANEL BOTTOM AS,domestic,158391.0,158391.0,0.0,,,
forecast,2025-09,C7,SH-CATC-D01,PANEL BOTTOM AS,domestic,158391.0,163372.0,4981.0,cu,Engineering Change / Spec Upgrade,Engineering-driven
forecast,2025-10,C7,SH-CATC-D01,PANEL BOTTOM AS,domestic,162463.0,171577.0,9114.0,cu,Yield/Scrap Rate Increase,Operational-driven
forecast,2024-11,C7,SH-CATC-U01,CONNECTOR HOUSING,usd,54607.0,51966.0,-2641.0,cr,Localization / Local Sourcing,Operational-driven
forecast,2024-12,C7,SH-CATC-U01,CONNECTOR HOUSING,usd,49301.0,49301.0,0.0,,,
forecast,2025-01,C7,SH-CATC-U01,CONNECTOR HOUSING,usd,49301.0,50140.0,839.0,cu,Logistics/Freight Cost Increase,Market-driven
forecast,2025-02,C7,SH-CATC-U01,CONNECTOR HOUSING,usd,51111.0,48661.0,-2450.0,cr,VA/VE Improvement,Engineering-driven
forecast,2025-03,C7,SH-CATC-U01,CONNECTOR HOUSING,usd,46616.0,49100.0,2484.0,cu,Supplier Change (Higher Cost Source),Market-driven
forecast,2025-04,C7,SH-CATC-U01,CONNECTOR HOUSING,usd,53397.0,52806.0,-591.0,cr,Localization / Local Sourcing,Operational-driven
forecast,2025-05,C7,SH-CATC-U01,CONNECTOR HOUSING,usd,52302.0,52764.0,462.0,cu,Yield/Scrap Rate Increase,Operational-driven
forecast,2025-06,C7,SH-CATC-U01,CONNECTOR HOUSING,usd,53561.0,51029.0,-2532.0,cr,Process Improvement (Yield Up),Operational-driven
forecast,2025-07,C7,SH-CATC-U01,CONNECTOR HOUSING,usd,48529.0,49467.0,938.0,cu,Logistics/Freight Cost Increase,Market-driven
forecast,2025-08,C7,SH-CATC-U01,CONNECTOR HOUSING,usd,50779.0,52978.0,2199.0,cu,Engineering Change / Spec Upgrade,Engineering-driven
forecast,2025-09,C7,SH-CATC-U01,CONNECTOR HOUSING,usd,56157.0,55863.0,-294.0,cr,Process Improvement (Yield Up),Operational-driven
forecast,2025-10,C7,SH-CATC-U01,CONNECTOR HOUSING,usd,55454.0,54017.0,-1437.0,cr,Supplier Negotiation,Operational-driven
forecast,2024-11,C7,SH-IDX07,PRECISION GEAR,jpy,203264.0,213753.0,10489.0,cu,Raw Material Price Increase,Market-driven
forecast,2024-12,C7,SH-IDX07,PRECISION GEAR,jpy,228315.0,228315.0,0.0,,,
forecast,2025-01,C7,SH-IDX07,PRECISION GEAR,jpy,228315.0,234625.0,6310.0,cu,Supplier Change (Higher Cost Source),Market-driven
forecast,2025-02,C7,SH-IDX07,PRECISION GEAR,jpy,246238.0,234864.0,-11374.0,cr,Process Improvement (Yield Up),Operational-driven
forecast,2025-03,C7,SH-IDX07,PRECISION GEAR,jpy,225390.0,213212.0,-12178.0,cr,Process Improvement (Yield Up),Operational-driven
forecast,2025-04,C7,SH-IDX07,PRECISION GEAR,jpy,201513.0,199859.0,-1654.0,cr,VA/VE Improvement,Engineering-driven
forecast,2025-05,C7,SH-IDX07,PRECISION GEAR,jpy,198455.0,191891.0,-6564.0,cr,Process Improvement (Yield Up),Operational-driven
forecast,2025-06,C7,SH-IDX07,PRECISION GEAR,jpy,186148.0,193052.0,6904.0,cu,Supplier Change (Higher Cost Source),Market-driven
forecast,2025-07,C7,SH-IDX07,PRECISION GEAR,jpy,200197.0,206376.0,6179.0,cu,Engineering Change / Spec Upgrade,Engineering-driven
forecast,2025-08,C7,SH-IDX07,PRECISION GEAR,jpy,214555.0,205174.0,-9381.0,cr,Localization / Local Sourcing,Operational-driven
forecast,2025-09,C7,SH-IDX07,PRECISION GEAR,jpy,195462.0,190599.0,-4863.0,cr,Localization / Local Sourcing,Operational-driven
forecast,2025-10,C7,SH-IDX07,PRECISION GEAR,jpy,182638.0,189626.0,6988.0,cu,Supplier Change (Higher Cost Source),Market-driven
forecast,2024-11,C7,UQ-C7-01,PANEL FRONT AS,domestic,452311.0,458077.0,5766.0,cu,Engineering Change / Spec Upgrade,Engineering-driven
forecast,2024-12,C7,UQ-C7-01,PANEL FRONT AS,domestic,459337.0,449577.0,-9760.0,cr,Localization / Local Sourcing,Operational-driven
forecast,2025-01,C7,UQ-C7-01,PANEL FRONT AS,domestic,451825.0,465641.0,13816.0,cu,Supplier Change (Higher Cost Source),Market-driven
forecast,2025-02,C7,UQ-C7-01,PANEL FRONT AS,domestic,466174.0,466174.0,0.0,,,
forecast,2025-03,C7,UQ-C7-01,PANEL FRONT AS,domestic,466174.0,492905.0,26731.0,cu,Engineering Change / Spec Upgrade,Engineering-driven
forecast,2025-04,C7,UQ-C7-01,PANEL FRONT AS,domestic,486031.0,511768.0,25737.0,cu,Raw Material Price Increase,Market-driven
forecast,2025-05,C7,UQ-C7-01,PANEL FRONT AS,domestic,505639.0,529680.0,24041.0,cu,Supplier Change (Higher Cost Source),Market-driven
forecast,2025-06,C7,UQ-C7-01,PANEL FRONT AS,domestic,525910.0,505053.0,-20857.0,cr,Supplier Negotiation,Operational-driven
forecast,2025-07,C7,UQ-C7-01,PANEL FRONT AS,domestic,511272.0,511272.0,0.0,,,
forecast,2025-08,C7,UQ-C7-01,PANEL FRONT AS,domestic,511272.0,481118.0,-30154.0,cr,Supplier Negotiation,Operational-driven
forecast,2025-09,C7,UQ-C7-01,PANEL FRONT AS,domestic,484157.0,462084.0,-22073.0,cr,Supplier Negotiation,Operational-driven
forecast,2025-10,C7,UQ-C7-01,PANEL FRONT AS,domestic,456481.0,453838.0,-2643.0,cr,Localization / Local Sourcing,Operational-driven
forecast,2024-11,C7,UQ-C7-02,BRACKET SUPPORT,domestic,421773.0,397332.0,-24441.0,cr,Process Improvement (Yield Up),Operational-driven
forecast,2024-12,C7,UQ-C7-02,BRACKET SUPPORT,domestic,390971.0,395972.0,5001.0,cu,Engineering Change / Spec Upgrade,Engineering-driven
forecast,2025-01,C7,UQ-C7-02,BRACKET SUPPORT,domestic,396825.0,396825.0,0.0,,,
forecast,2025-02,C7,UQ-C7-02,BRACKET SUPPORT,domestic,396825.0,396825.0,0.0,,,
forecast,2025-03,C7,UQ-C7-02,BRACKET SUPPORT,domestic,396825.0,390646.0,-6179.0,cr,Alternative Material Substitution,Engineering-driven
forecast,2025-04,C7,UQ-C7-02,BRACKET SUPPORT,domestic,389429.0,407345.0,17916.0,cu,Supplier Change (Higher Cost Source),Market-driven
forecast,2025-05,C7,UQ-C7-02,BRACKET SUPPORT,domestic,408838.0,408838.0,0.0,,,
forecast,2025-06,C7,UQ-C7-02,BRACKET SUPPORT,domestic,408838.0,399923.0,-8915.0,cr,Localization / Local Sourcing,Operational-driven
forecast,2025-07,C7,UQ-C7-02,BRACKET SUPPORT,domestic,401753.0,401753.0,0.0,,,
forecast,2025-08,C7,UQ-C7-02,BRACKET SUPPORT,domestic,401753.0,423294.0,21541.0,cu,Engineering Change / Spec Upgrade,Engineering-driven
forecast,2025-09,C7,UQ-C7-02,BRACKET SUPPORT,domestic,417704.0,393581.0,-24123.0,cr,Localization / Local Sourcing,Operational-driven
forecast,2025-10,C7,UQ-C7-02,BRACKET SUPPORT,domestic,387279.0,406661.0,19382.0,cu,Engineering Change / Spec Upgrade,Engineering-driven
forecast,2024-11,C7,UQ-C7-03,IC CHIP CONTROL,usd,453509.0,460512.0,7003.0,cu,Yield/Scrap Rate Increase,Operational-driven
forecast,2024-12,C7,UQ-C7-03,IC CHIP CONTROL,usd,460373.0,471494.0,11121.0,cu,Engineering Change / Spec Upgrade,Engineering-driven
forecast,2025-01,C7,UQ-C7-03,IC CHIP CONTROL,usd,470286.0,465433.0,-4853.0,cr,VA/VE Improvement,Engineering-driven
forecast,2025-02,C7,UQ-C7-03,IC CHIP CONTROL,usd,465683.0,465683.0,0.0,,,
forecast,2025-03,C7,UQ-C7-03,IC CHIP CONTROL,usd,465683.0,465683.0,0.0,,,
forecast,2025-04,C7,UQ-C7-03,IC CHIP CONTROL,usd,465683.0,473148.0,7465.0,cu,Yield/Scrap Rate Increase,Operational-driven
forecast,2025-05,C7,UQ-C7-03,IC CHIP CONTROL,usd,472338.0,445579.0,-26759.0,cr,Supplier Negotiation,Operational-driven
forecast,2025-06,C7,UQ-C7-03,IC CHIP CONTROL,usd,441514.0,415760.0,-25754.0,cr,Supplier Negotiation,Operational-driven
forecast,2025-07,C7,UQ-C7-03,IC CHIP CONTROL,usd,410399.0,414474.0,4075.0,cu,Engineering Change / Spec Upgrade,Engineering-driven
forecast,2025-08,C7,UQ-C7-03,IC CHIP CONTROL,usd,414911.0,414911.0,0.0,,,
forecast,2025-09,C7,UQ-C7-03,IC CHIP CONTROL,usd,414911.0,436345.0,21434.0,cu,Raw Material Price Increase,Market-driven
forecast,2025-10,C7,UQ-C7-03,IC CHIP CONTROL,usd,437831.0,449903.0,12072.0,cu,Yield/Scrap Rate Increase,Operational-driven
forecast,2024-11,C7,UQ-C7-04,MOTOR UNIT,jpy,353134.0,364560.0,11426.0,cu,Engineering Change / Spec Upgrade,Engineering-driven
forecast,2024-12,C7,UQ-C7-04,MOTOR UNIT,jpy,364597.0,382667.0,18070.0,cu,Supplier Change (Higher Cost Source),Market-driven
forecast,2025-01,C7,UQ-C7-04,MOTOR UNIT,jpy,384271.0,391001.0,6730.0,cu,Engineering Change / Spec Upgrade,Engineering-driven
forecast,2025-02,C7,UQ-C7-04,MOTOR UNIT,jpy,392287.0,388806.0,-3481.0,cr,Process Improvement (Yield Up),Operational-driven
forecast,2025-03,C7,UQ-C7-04,MOTOR UNIT,jpy,388999.0,381727.0,-7272.0,cr,Alternative Material Substitution,Engineering-driven
forecast,2025-04,C7,UQ-C7-04,MOTOR UNIT,jpy,382830.0,387221.0,4391.0,cu,Supplier Change (Higher Cost Source),Market-driven
forecast,2025-05,C7,UQ-C7-04,MOTOR UNIT,jpy,386205.0,377467.0,-8738.0,cr,VA/VE Improvement,Engineering-driven
forecast,2025-06,C7,UQ-C7-04,MOTOR UNIT,jpy,376522.0,394819.0,18297.0,cu,Engineering Change / Spec Upgrade,Engineering-driven
forecast,2025-07,C7,UQ-C7-04,MOTOR UNIT,jpy,398919.0,398919.0,0.0,,,
forecast,2025-08,C7,UQ-C7-04,MOTOR UNIT,jpy,398919.0,387075.0,-11844.0,cr,Supplier Negotiation,Operational-driven
forecast,2025-09,C7,UQ-C7-04,MOTOR UNIT,jpy,387051.0,396520.0,9469.0,cu,Logistics/Freight Cost Increase,Market-driven
forecast,2025-10,C7,UQ-C7-04,MOTOR UNIT,jpy,395964.0,386671.0,-9293.0,cr,Alternative Material Substitution,Engineering-driven
forecast,2024-11,C7,UQ-C7-05,SENSOR MODULE,jpy,294439.0,299395.0,4956.0,cu,Raw Material Price Increase,Market-driven
forecast,2024-12,C7,UQ-C7-05,SENSOR MODULE,jpy,298745.0,294551.0,-4194.0,cr,Supplier Negotiation,Operational-driven
forecast,2025-01,C7,UQ-C7-05,SENSOR MODULE,jpy,294511.0,284364.0,-10147.0,cr,Alternative Material Substitution,Engineering-driven
forecast,2025-02,C7,UQ-C7-05,SENSOR MODULE,jpy,283921.0,291656.0,7735.0,cu,Engineering Change / Spec Upgrade,Engineering-driven
forecast,2025-03,C7,UQ-C7-05,SENSOR MODULE,jpy,292460.0,287794.0,-4666.0,cr,Localization / Local Sourcing,Operational-driven
forecast,2025-04,C7,UQ-C7-05,SENSOR MODULE,jpy,287735.0,298030.0,10295.0,cu,Yield/Scrap Rate Increase,Operational-driven
forecast,2025-05,C7,UQ-C7-05,SENSOR MODULE,jpy,297105.0,299626.0,2521.0,cu,Engineering Change / Spec Upgrade,Engineering-driven
forecast,2025-06,C7,UQ-C7-05,SENSOR MODULE,jpy,299628.0,299628.0,0.0,,,
forecast,2025-07,C7,UQ-C7-05,SENSOR MODULE,jpy,299628.0,295140.0,-4488.0,cr,Process Improvement (Yield Up),Operational-driven
forecast,2025-08,C7,UQ-C7-05,SENSOR MODULE,jpy,295436.0,297129.0,1693.0,cu,Raw Material Price Increase,Market-driven
forecast,2025-09,C7,UQ-C7-05,SENSOR MODULE,jpy,296935.0,296935.0,0.0,,,
forecast,2025-10,C7,UQ-C7-05,SENSOR MODULE,jpy,296935.0,296935.0,0.0,,,
forecast,2024-11,C8,SH-CATC-D01,PANEL BOTTOM AS,domestic,113259.0,118799.0,5540.0,cu,Raw Material Price Increase,Market-driven
forecast,2024-12,C8,SH-CATC-D01,PANEL BOTTOM AS,domestic,117575.0,124617.0,7042.0,cu,Engineering Change / Spec Upgrade,Engineering-driven
forecast,2025-01,C8,SH-CATC-D01,PANEL BOTTOM AS,domestic,123830.0,130056.0,6226.0,cu,Raw Material Price Increase,Market-driven
forecast,2025-02,C8,SH-CATC-D01,PANEL BOTTOM AS,domestic,131027.0,135395.0,4368.0,cu,Supplier Change (Higher Cost Source),Market-driven
forecast,2025-03,C8,SH-CATC-D01,PANEL BOTTOM AS,domestic,135944.0,142155.0,6211.0,cu,Supplier Change (Higher Cost Source),Market-driven
forecast,2025-04,C8,SH-CATC-D01,PANEL BOTTOM AS,domestic,140792.0,147425.0,6633.0,cu,Supplier Change (Higher Cost Source),Market-driven
forecast,2025-05,C8,SH-CATC-D01,PANEL BOTTOM AS,domestic,146719.0,150078.0,3359.0,cu,Engineering Change / Spec Upgrade,Engineering-driven
forecast,2025-06,C8,SH-CATC-D01,PANEL BOTTOM AS,domestic,149425.0,149425.0,0.0,,,
forecast,2025-07,C8,SH-CATC-D01,PANEL BOTTOM AS,domestic,149425.0,157387.0,7962.0,cu,Supplier Change (Higher Cost Source),Market-driven
forecast,2025-08,C8,SH-CATC-D01,PANEL BOTTOM AS,domestic,158391.0,158391.0,0.0,,,
forecast,2025-09,C8,SH-CATC-D01,PANEL BOTTOM AS,domestic,158391.0,163372.0,4981.0,cu,Engineering Change / Spec Upgrade,Engineering-driven
forecast,2025-10,C8,SH-CATC-D01,PANEL BOTTOM AS,domestic,162463.0,171577.0,9114.0,cu,Yield/Scrap Rate Increase,Operational-driven
forecast,2024-11,C8,SH-CATC-U01,CONNECTOR HOUSING,usd,54607.0,51966.0,-2641.0,cr,Localization / Local Sourcing,Operational-driven
forecast,2024-12,C8,SH-CATC-U01,CONNECTOR HOUSING,usd,49301.0,49301.0,0.0,,,
forecast,2025-01,C8,SH-CATC-U01,CONNECTOR HOUSING,usd,49301.0,50140.0,839.0,cu,Logistics/Freight Cost Increase,Market-driven
forecast,2025-02,C8,SH-CATC-U01,CONNECTOR HOUSING,usd,51111.0,48661.0,-2450.0,cr,VA/VE Improvement,Engineering-driven
forecast,2025-03,C8,SH-CATC-U01,CONNECTOR HOUSING,usd,46616.0,49100.0,2484.0,cu,Supplier Change (Higher Cost Source),Market-driven
forecast,2025-04,C8,SH-CATC-U01,CONNECTOR HOUSING,usd,53397.0,52806.0,-591.0,cr,Localization / Local Sourcing,Operational-driven
forecast,2025-05,C8,SH-CATC-U01,CONNECTOR HOUSING,usd,52302.0,52764.0,462.0,cu,Yield/Scrap Rate Increase,Operational-driven
forecast,2025-06,C8,SH-CATC-U01,CONNECTOR HOUSING,usd,53561.0,51029.0,-2532.0,cr,Process Improvement (Yield Up),Operational-driven
forecast,2025-07,C8,SH-CATC-U01,CONNECTOR HOUSING,usd,48529.0,49467.0,938.0,cu,Logistics/Freight Cost Increase,Market-driven
forecast,2025-08,C8,SH-CATC-U01,CONNECTOR HOUSING,usd,50779.0,52978.0,2199.0,cu,Engineering Change / Spec Upgrade,Engineering-driven
forecast,2025-09,C8,SH-CATC-U01,CONNECTOR HOUSING,usd,56157.0,55863.0,-294.0,cr,Process Improvement (Yield Up),Operational-driven
forecast,2025-10,C8,SH-CATC-U01,CONNECTOR HOUSING,usd,55454.0,54017.0,-1437.0,cr,Supplier Negotiation,Operational-driven
forecast,2024-11,C8,SH-IDX08,PRECISION GEAR,jpy,78230.0,78937.0,707.0,cu,Yield/Scrap Rate Increase,Operational-driven
forecast,2024-12,C8,SH-IDX08,PRECISION GEAR,jpy,78788.0,75552.0,-3236.0,cr,Supplier Negotiation,Operational-driven
forecast,2025-01,C8,SH-IDX08,PRECISION GEAR,jpy,76130.0,76130.0,0.0,,,
forecast,2025-02,C8,SH-IDX08,PRECISION GEAR,jpy,76130.0,76130.0,0.0,,,
forecast,2025-03,C8,SH-IDX08,PRECISION GEAR,jpy,76130.0,76890.0,760.0,cu,Raw Material Price Increase,Market-driven
forecast,2025-04,C8,SH-IDX08,PRECISION GEAR,jpy,76964.0,76964.0,0.0,,,
forecast,2025-05,C8,SH-IDX08,PRECISION GEAR,jpy,76964.0,81446.0,4482.0,cu,Yield/Scrap Rate Increase,Operational-driven
forecast,2025-06,C8,SH-IDX08,PRECISION GEAR,jpy,82309.0,82309.0,0.0,,,
forecast,2025-07,C8,SH-IDX08,PRECISION GEAR,jpy,82309.0,86918.0,4609.0,cu,Supplier Change (Higher Cost Source),Market-driven
forecast,2025-08,C8,SH-IDX08,PRECISION GEAR,jpy,88270.0,85906.0,-2364.0,cr,VA/VE Improvement,Engineering-driven
forecast,2025-09,C8,SH-IDX08,PRECISION GEAR,jpy,85906.0,87570.0,1664.0,cu,Logistics/Freight Cost Increase,Market-driven
forecast,2025-10,C8,SH-IDX08,PRECISION GEAR,jpy,87325.0,92023.0,4698.0,cu,Yield/Scrap Rate Increase,Operational-driven
forecast,2024-11,C8,UQ-C8-01,PANEL FRONT AS,domestic,863128.0,818801.0,-44327.0,cr,Process Improvement (Yield Up),Operational-driven
forecast,2024-12,C8,UQ-C8-01,PANEL FRONT AS,domestic,817825.0,836802.0,18977.0,cu,Engineering Change / Spec Upgrade,Engineering-driven
forecast,2025-01,C8,UQ-C8-01,PANEL FRONT AS,domestic,833749.0,851622.0,17873.0,cu,Raw Material Price Increase,Market-driven
forecast,2025-02,C8,UQ-C8-01,PANEL FRONT AS,domestic,851645.0,817342.0,-34303.0,cr,VA/VE Improvement,Engineering-driven
forecast,2025-03,C8,UQ-C8-01,PANEL FRONT AS,domestic,826696.0,801064.0,-25632.0,cr,Process Improvement (Yield Up),Operational-driven
forecast,2025-04,C8,UQ-C8-01,PANEL FRONT AS,domestic,794355.0,784199.0,-10156.0,cr,Process Improvement (Yield Up),Operational-driven
forecast,2025-05,C8,UQ-C8-01,PANEL FRONT AS,domestic,783748.0,759562.0,-24186.0,cr,VA/VE Improvement,Engineering-driven
forecast,2025-06,C8,UQ-C8-01,PANEL FRONT AS,domestic,753765.0,753765.0,0.0,,,
forecast,2025-07,C8,UQ-C8-01,PANEL FRONT AS,domestic,753765.0,774648.0,20883.0,cu,Engineering Change / Spec Upgrade,Engineering-driven
forecast,2025-08,C8,UQ-C8-01,PANEL FRONT AS,domestic,780181.0,743787.0,-36394.0,cr,Localization / Local Sourcing,Operational-driven
forecast,2025-09,C8,UQ-C8-01,PANEL FRONT AS,domestic,751701.0,739775.0,-11926.0,cr,Supplier Negotiation,Operational-driven
forecast,2025-10,C8,UQ-C8-01,PANEL FRONT AS,domestic,740414.0,766219.0,25805.0,cu,Engineering Change / Spec Upgrade,Engineering-driven
forecast,2024-11,C8,UQ-C8-02,BRACKET SUPPORT,domestic,632546.0,614391.0,-18155.0,cr,Process Improvement (Yield Up),Operational-driven
forecast,2024-12,C8,UQ-C8-02,BRACKET SUPPORT,domestic,611517.0,602256.0,-9261.0,cr,Alternative Material Substitution,Engineering-driven
forecast,2025-01,C8,UQ-C8-02,BRACKET SUPPORT,domestic,602836.0,573282.0,-29554.0,cr,VA/VE Improvement,Engineering-driven
forecast,2025-02,C8,UQ-C8-02,BRACKET SUPPORT,domestic,579534.0,565235.0,-14299.0,cr,Process Improvement (Yield Up),Operational-driven
forecast,2025-03,C8,UQ-C8-02,BRACKET SUPPORT,domestic,562774.0,562774.0,0.0,,,
forecast,2025-04,C8,UQ-C8-02,BRACKET SUPPORT,domestic,562774.0,562774.0,0.0,,,
forecast,2025-05,C8,UQ-C8-02,BRACKET SUPPORT,domestic,562774.0,548565.0,-14209.0,cr,Localization / Local Sourcing,Operational-driven
forecast,2025-06,C8,UQ-C8-02,BRACKET SUPPORT,domestic,551222.0,563909.0,12687.0,cu,Raw Material Price Increase,Market-driven
forecast,2025-07,C8,UQ-C8-02,BRACKET SUPPORT,domestic,563258.0,567681.0,4423.0,cu,Yield/Scrap Rate Increase,Operational-driven
forecast,2025-08,C8,UQ-C8-02,BRACKET SUPPORT,domestic,567909.0,577058.0,9149.0,cu,Raw Material Price Increase,Market-driven
forecast,2025-09,C8,UQ-C8-02,BRACKET SUPPORT,domestic,575620.0,572523.0,-3097.0,cr,Process Improvement (Yield Up),Operational-driven
forecast,2025-10,C8,UQ-C8-02,BRACKET SUPPORT,domestic,573032.0,540607.0,-32425.0,cr,Localization / Local Sourcing,Operational-driven
forecast,2024-11,C8,UQ-C8-03,IC CHIP CONTROL,usd,1345762.0,1309383.0,-36379.0,cr,Supplier Negotiation,Operational-driven
forecast,2024-12,C8,UQ-C8-03,IC CHIP CONTROL,usd,1312384.0,1382689.0,70305.0,cu,Engineering Change / Spec Upgrade,Engineering-driven
forecast,2025-01,C8,UQ-C8-03,IC CHIP CONTROL,usd,1378000.0,1337077.0,-40923.0,cr,Supplier Negotiation,Operational-driven
forecast,2025-02,C8,UQ-C8-03,IC CHIP CONTROL,usd,1325484.0,1312550.0,-12934.0,cr,Alternative Material Substitution,Engineering-driven
forecast,2025-03,C8,UQ-C8-03,IC CHIP CONTROL,usd,1313470.0,1253103.0,-60367.0,cr,Localization / Local Sourcing,Operational-driven
forecast,2025-04,C8,UQ-C8-03,IC CHIP CONTROL,usd,1262038.0,1193795.0,-68243.0,cr,Localization / Local Sourcing,Operational-driven
forecast,2025-05,C8,UQ-C8-03,IC CHIP CONTROL,usd,1208942.0,1220792.0,11850.0,cu,Logistics/Freight Cost Increase,Market-driven
forecast,2025-06,C8,UQ-C8-03,IC CHIP CONTROL,usd,1219287.0,1154419.0,-64868.0,cr,VA/VE Improvement,Engineering-driven
forecast,2025-07,C8,UQ-C8-03,IC CHIP CONTROL,usd,1165142.0,1219183.0,54041.0,cu,Raw Material Price Increase,Market-driven
forecast,2025-08,C8,UQ-C8-03,IC CHIP CONTROL,usd,1211702.0,1283641.0,71939.0,cu,Supplier Change (Higher Cost Source),Market-driven
forecast,2025-09,C8,UQ-C8-03,IC CHIP CONTROL,usd,1267855.0,1295064.0,27209.0,cu,Logistics/Freight Cost Increase,Market-driven
forecast,2025-10,C8,UQ-C8-03,IC CHIP CONTROL,usd,1295659.0,1281783.0,-13876.0,cr,VA/VE Improvement,Engineering-driven
forecast,2024-11,C8,UQ-C8-04,MOTOR UNIT,jpy,387890.0,398072.0,10182.0,cu,Yield/Scrap Rate Increase,Operational-driven
forecast,2024-12,C8,UQ-C8-04,MOTOR UNIT,jpy,396726.0,390252.0,-6474.0,cr,Localization / Local Sourcing,Operational-driven
forecast,2025-01,C8,UQ-C8-04,MOTOR UNIT,jpy,389952.0,394608.0,4656.0,cu,Engineering Change / Spec Upgrade,Engineering-driven
forecast,2025-02,C8,UQ-C8-04,MOTOR UNIT,jpy,393775.0,396411.0,2636.0,cu,Logistics/Freight Cost Increase,Market-driven
forecast,2025-03,C8,UQ-C8-04,MOTOR UNIT,jpy,395836.0,389530.0,-6306.0,cr,Supplier Negotiation,Operational-driven
forecast,2025-04,C8,UQ-C8-04,MOTOR UNIT,jpy,387739.0,404083.0,16344.0,cu,Raw Material Price Increase,Market-driven
forecast,2025-05,C8,UQ-C8-04,MOTOR UNIT,jpy,400024.0,404430.0,4406.0,cu,Logistics/Freight Cost Increase,Market-driven
forecast,2025-06,C8,UQ-C8-04,MOTOR UNIT,jpy,404420.0,381865.0,-22555.0,cr,Supplier Negotiation,Operational-driven
forecast,2025-07,C8,UQ-C8-04,MOTOR UNIT,jpy,376359.0,389690.0,13331.0,cu,Raw Material Price Increase,Market-driven
forecast,2025-08,C8,UQ-C8-04,MOTOR UNIT,jpy,388950.0,407730.0,18780.0,cu,Engineering Change / Spec Upgrade,Engineering-driven
forecast,2025-09,C8,UQ-C8-04,MOTOR UNIT,jpy,409398.0,385073.0,-24325.0,cr,Alternative Material Substitution,Engineering-driven
forecast,2025-10,C8,UQ-C8-04,MOTOR UNIT,jpy,390009.0,390009.0,0.0,,,
forecast,2024-11,C8,UQ-C8-05,SENSOR MODULE,jpy,342621.0,357156.0,14535.0,cu,Raw Material Price Increase,Market-driven
forecast,2024-12,C8,UQ-C8-05,SENSOR MODULE,jpy,356231.0,368531.0,12300.0,cu,Logistics/Freight Cost Increase,Market-driven
forecast,2025-01,C8,UQ-C8-05,SENSOR MODULE,jpy,368218.0,363382.0,-4836.0,cr,Process Improvement (Yield Up),Operational-driven
forecast,2025-02,C8,UQ-C8-05,SENSOR MODULE,jpy,362190.0,344493.0,-17697.0,cr,Supplier Negotiation,Operational-driven
forecast,2025-03,C8,UQ-C8-05,SENSOR MODULE,jpy,346637.0,356647.0,10010.0,cu,Supplier Change (Higher Cost Source),Market-driven
forecast,2025-04,C8,UQ-C8-05,SENSOR MODULE,jpy,357156.0,341528.0,-15628.0,cr,Alternative Material Substitution,Engineering-driven
forecast,2025-05,C8,UQ-C8-05,SENSOR MODULE,jpy,340437.0,328985.0,-11452.0,cr,Process Improvement (Yield Up),Operational-driven
forecast,2025-06,C8,UQ-C8-05,SENSOR MODULE,jpy,329558.0,324316.0,-5242.0,cr,Supplier Negotiation,Operational-driven
forecast,2025-07,C8,UQ-C8-05,SENSOR MODULE,jpy,325732.0,343236.0,17504.0,cu,Yield/Scrap Rate Increase,Operational-driven
forecast,2025-08,C8,UQ-C8-05,SENSOR MODULE,jpy,345075.0,342900.0,-2175.0,cr,Process Improvement (Yield Up),Operational-driven
forecast,2025-09,C8,UQ-C8-05,SENSOR MODULE,jpy,343105.0,353010.0,9905.0,cu,Logistics/Freight Cost Increase,Market-driven
forecast,2025-10,C8,UQ-C8-05,SENSOR MODULE,jpy,350696.0,336910.0,-13786.0,cr,Alternative Material Substitution,Engineering-driven
forecast,2024-11,C8,SH-EVEN-01,TAPE PU-F,domestic,70295.0,68189.0,-2106.0,cr,Localization / Local Sourcing,Operational-driven
forecast,2024-12,C8,SH-EVEN-01,TAPE PU-F,domestic,67819.0,68532.0,713.0,cu,Engineering Change / Spec Upgrade,Engineering-driven
forecast,2025-01,C8,SH-EVEN-01,TAPE PU-F,domestic,68361.0,67735.0,-626.0,cr,Localization / Local Sourcing,Operational-driven
forecast,2025-02,C8,SH-EVEN-01,TAPE PU-F,domestic,67771.0,70653.0,2882.0,cu,Logistics/Freight Cost Increase,Market-driven
forecast,2025-03,C8,SH-EVEN-01,TAPE PU-F,domestic,70908.0,70908.0,0.0,,,
forecast,2025-04,C8,SH-EVEN-01,TAPE PU-F,domestic,70908.0,68376.0,-2532.0,cr,Localization / Local Sourcing,Operational-driven
forecast,2025-05,C8,SH-EVEN-01,TAPE PU-F,domestic,67971.0,70788.0,2817.0,cu,Logistics/Freight Cost Increase,Market-driven
forecast,2025-06,C8,SH-EVEN-01,TAPE PU-F,domestic,70882.0,69951.0,-931.0,cr,Process Improvement (Yield Up),Operational-driven
forecast,2025-07,C8,SH-EVEN-01,TAPE PU-F,domestic,70015.0,71061.0,1046.0,cu,Yield/Scrap Rate Increase,Operational-driven
forecast,2025-08,C8,SH-EVEN-01,TAPE PU-F,domestic,71263.0,71263.0,0.0,,,
forecast,2025-09,C8,SH-EVEN-01,TAPE PU-F,domestic,71263.0,69400.0,-1863.0,cr,Localization / Local Sourcing,Operational-driven
forecast,2025-10,C8,SH-EVEN-01,TAPE PU-F,domestic,69379.0,73502.0,4123.0,cu,Logistics/Freight Cost Increase,Market-driven
forecast,2024-11,C8,SH-EVEN-02,RESIN COMPOUND,usd,19042.0,19042.0,0.0,,,
forecast,2024-12,C8,SH-EVEN-02,RESIN COMPOUND,usd,19042.0,18941.0,-101.0,cr,Supplier Negotiation,Operational-driven
forecast,2025-01,C8,SH-EVEN-02,RESIN COMPOUND,usd,18947.0,18128.0,-819.0,cr,Alternative Material Substitution,Engineering-driven
forecast,2025-02,C8,SH-EVEN-02,RESIN COMPOUND,usd,17907.0,18005.0,98.0,cu,Supplier Change (Higher Cost Source),Market-driven
forecast,2025-03,C8,SH-EVEN-02,RESIN COMPOUND,usd,18018.0,17367.0,-651.0,cr,Supplier Negotiation,Operational-driven
forecast,2025-04,C8,SH-EVEN-02,RESIN COMPOUND,usd,17275.0,16548.0,-727.0,cr,Alternative Material Substitution,Engineering-driven
forecast,2025-05,C8,SH-EVEN-02,RESIN COMPOUND,usd,16381.0,16788.0,407.0,cu,Supplier Change (Higher Cost Source),Market-driven
forecast,2025-06,C8,SH-EVEN-02,RESIN COMPOUND,usd,16909.0,16909.0,0.0,,,
forecast,2025-07,C8,SH-EVEN-02,RESIN COMPOUND,usd,16909.0,17610.0,701.0,cu,Raw Material Price Increase,Market-driven
forecast,2025-08,C8,SH-EVEN-02,RESIN COMPOUND,usd,17621.0,17621.0,0.0,,,
forecast,2025-09,C8,SH-EVEN-02,RESIN COMPOUND,usd,17621.0,17123.0,-498.0,cr,Process Improvement (Yield Up),Operational-driven
forecast,2025-10,C8,SH-EVEN-02,RESIN COMPOUND,usd,17066.0,17668.0,602.0,cu,Yield/Scrap Rate Increase,Operational-driven
forecast,2024-11,C9,SH-CATC-D01,PANEL BOTTOM AS,domestic,113259.0,118799.0,5540.0,cu,Raw Material Price Increase,Market-driven
forecast,2024-12,C9,SH-CATC-D01,PANEL BOTTOM AS,domestic,117575.0,124617.0,7042.0,cu,Engineering Change / Spec Upgrade,Engineering-driven
forecast,2025-01,C9,SH-CATC-D01,PANEL BOTTOM AS,domestic,123830.0,130056.0,6226.0,cu,Raw Material Price Increase,Market-driven
forecast,2025-02,C9,SH-CATC-D01,PANEL BOTTOM AS,domestic,131027.0,135395.0,4368.0,cu,Supplier Change (Higher Cost Source),Market-driven
forecast,2025-03,C9,SH-CATC-D01,PANEL BOTTOM AS,domestic,135944.0,142155.0,6211.0,cu,Supplier Change (Higher Cost Source),Market-driven
forecast,2025-04,C9,SH-CATC-D01,PANEL BOTTOM AS,domestic,140792.0,147425.0,6633.0,cu,Supplier Change (Higher Cost Source),Market-driven
forecast,2025-05,C9,SH-CATC-D01,PANEL BOTTOM AS,domestic,146719.0,150078.0,3359.0,cu,Engineering Change / Spec Upgrade,Engineering-driven
forecast,2025-06,C9,SH-CATC-D01,PANEL BOTTOM AS,domestic,149425.0,149425.0,0.0,,,
forecast,2025-07,C9,SH-CATC-D01,PANEL BOTTOM AS,domestic,149425.0,157387.0,7962.0,cu,Supplier Change (Higher Cost Source),Market-driven
forecast,2025-08,C9,SH-CATC-D01,PANEL BOTTOM AS,domestic,158391.0,158391.0,0.0,,,
forecast,2025-09,C9,SH-CATC-D01,PANEL BOTTOM AS,domestic,158391.0,163372.0,4981.0,cu,Engineering Change / Spec Upgrade,Engineering-driven
forecast,2025-10,C9,SH-CATC-D01,PANEL BOTTOM AS,domestic,162463.0,171577.0,9114.0,cu,Yield/Scrap Rate Increase,Operational-driven
forecast,2024-11,C9,SH-CATC-U01,CONNECTOR HOUSING,usd,54607.0,51966.0,-2641.0,cr,Localization / Local Sourcing,Operational-driven
forecast,2024-12,C9,SH-CATC-U01,CONNECTOR HOUSING,usd,49301.0,49301.0,0.0,,,
forecast,2025-01,C9,SH-CATC-U01,CONNECTOR HOUSING,usd,49301.0,50140.0,839.0,cu,Logistics/Freight Cost Increase,Market-driven
forecast,2025-02,C9,SH-CATC-U01,CONNECTOR HOUSING,usd,51111.0,48661.0,-2450.0,cr,VA/VE Improvement,Engineering-driven
forecast,2025-03,C9,SH-CATC-U01,CONNECTOR HOUSING,usd,46616.0,49100.0,2484.0,cu,Supplier Change (Higher Cost Source),Market-driven
forecast,2025-04,C9,SH-CATC-U01,CONNECTOR HOUSING,usd,53397.0,52806.0,-591.0,cr,Localization / Local Sourcing,Operational-driven
forecast,2025-05,C9,SH-CATC-U01,CONNECTOR HOUSING,usd,52302.0,52764.0,462.0,cu,Yield/Scrap Rate Increase,Operational-driven
forecast,2025-06,C9,SH-CATC-U01,CONNECTOR HOUSING,usd,53561.0,51029.0,-2532.0,cr,Process Improvement (Yield Up),Operational-driven
forecast,2025-07,C9,SH-CATC-U01,CONNECTOR HOUSING,usd,48529.0,49467.0,938.0,cu,Logistics/Freight Cost Increase,Market-driven
forecast,2025-08,C9,SH-CATC-U01,CONNECTOR HOUSING,usd,50779.0,52978.0,2199.0,cu,Engineering Change / Spec Upgrade,Engineering-driven
forecast,2025-09,C9,SH-CATC-U01,CONNECTOR HOUSING,usd,56157.0,55863.0,-294.0,cr,Process Improvement (Yield Up),Operational-driven
forecast,2025-10,C9,SH-CATC-U01,CONNECTOR HOUSING,usd,55454.0,54017.0,-1437.0,cr,Supplier Negotiation,Operational-driven
forecast,2024-11,C9,SH-IDX09,PRECISION GEAR,jpy,56507.0,56507.0,0.0,,,
forecast,2024-12,C9,SH-IDX09,PRECISION GEAR,jpy,56507.0,53325.0,-3182.0,cr,Supplier Negotiation,Operational-driven
forecast,2025-01,C9,SH-IDX09,PRECISION GEAR,jpy,54071.0,53058.0,-1013.0,cr,Supplier Negotiation,Operational-driven
forecast,2025-02,C9,SH-IDX09,PRECISION GEAR,jpy,52899.0,55432.0,2533.0,cu,Logistics/Freight Cost Increase,Market-driven
forecast,2025-03,C9,SH-IDX09,PRECISION GEAR,jpy,55656.0,52909.0,-2747.0,cr,Supplier Negotiation,Operational-driven
forecast,2025-04,C9,SH-IDX09,PRECISION GEAR,jpy,52485.0,49496.0,-2989.0,cr,Localization / Local Sourcing,Operational-driven
forecast,2025-05,C9,SH-IDX09,PRECISION GEAR,jpy,50211.0,47582.0,-2629.0,cr,Supplier Negotiation,Operational-driven
forecast,2025-06,C9,SH-IDX09,PRECISION GEAR,jpy,47690.0,45676.0,-2014.0,cr,VA/VE Improvement,Engineering-driven
forecast,2025-07,C9,SH-IDX09,PRECISION GEAR,jpy,45804.0,47186.0,1382.0,cu,Logistics/Freight Cost Increase,Market-driven
forecast,2025-08,C9,SH-IDX09,PRECISION GEAR,jpy,46874.0,46874.0,0.0,,,
forecast,2025-09,C9,SH-IDX09,PRECISION GEAR,jpy,46874.0,44186.0,-2688.0,cr,Localization / Local Sourcing,Operational-driven
forecast,2025-10,C9,SH-IDX09,PRECISION GEAR,jpy,44804.0,42332.0,-2472.0,cr,Supplier Negotiation,Operational-driven
forecast,2024-11,C9,UQ-C9-01,PANEL FRONT AS,domestic,976467.0,953374.0,-23093.0,cr,Supplier Negotiation,Operational-driven
forecast,2024-12,C9,UQ-C9-01,PANEL FRONT AS,domestic,957544.0,907326.0,-50218.0,cr,Process Improvement (Yield Up),Operational-driven
forecast,2025-01,C9,UQ-C9-01,PANEL FRONT AS,domestic,904404.0,912259.0,7855.0,cu,Engineering Change / Spec Upgrade,Engineering-driven
forecast,2025-02,C9,UQ-C9-01,PANEL FRONT AS,domestic,912504.0,859492.0,-53012.0,cr,Process Improvement (Yield Up),Operational-driven
forecast,2025-03,C9,UQ-C9-01,PANEL FRONT AS,domestic,844944.0,829422.0,-15522.0,cr,VA/VE Improvement,Engineering-driven
forecast,2025-04,C9,UQ-C9-01,PANEL FRONT AS,domestic,826782.0,785477.0,-41305.0,cr,VA/VE Improvement,Engineering-driven
forecast,2025-05,C9,UQ-C9-01,PANEL FRONT AS,domestic,795922.0,840688.0,44766.0,cu,Engineering Change / Spec Upgrade,Engineering-driven
forecast,2025-06,C9,UQ-C9-01,PANEL FRONT AS,domestic,839180.0,871087.0,31907.0,cu,Supplier Change (Higher Cost Source),Market-driven
forecast,2025-07,C9,UQ-C9-01,PANEL FRONT AS,domestic,864772.0,834065.0,-30707.0,cr,Process Improvement (Yield Up),Operational-driven
forecast,2025-08,C9,UQ-C9-01,PANEL FRONT AS,domestic,832808.0,826167.0,-6641.0,cr,Supplier Negotiation,Operational-driven
forecast,2025-09,C9,UQ-C9-01,PANEL FRONT AS,domestic,824966.0,835156.0,10190.0,cu,Supplier Change (Higher Cost Source),Market-driven
forecast,2025-10,C9,UQ-C9-01,PANEL FRONT AS,domestic,837608.0,802660.0,-34948.0,cr,Supplier Negotiation,Operational-driven
forecast,2024-11,C9,UQ-C9-02,BRACKET SUPPORT,domestic,746492.0,770756.0,24264.0,cu,Logistics/Freight Cost Increase,Market-driven
forecast,2024-12,C9,UQ-C9-02,BRACKET SUPPORT,domestic,773866.0,802720.0,28854.0,cu,Engineering Change / Spec Upgrade,Engineering-driven
forecast,2025-01,C9,UQ-C9-02,BRACKET SUPPORT,domestic,804752.0,777726.0,-27026.0,cr,Localization / Local Sourcing,Operational-driven
forecast,2025-02,C9,UQ-C9-02,BRACKET SUPPORT,domestic,773079.0,773079.0,0.0,,,
forecast,2025-03,C9,UQ-C9-02,BRACKET SUPPORT,domestic,773079.0,802295.0,29216.0,cu,Raw Material Price Increase,Market-driven
forecast,2025-04,C9,UQ-C9-02,BRACKET SUPPORT,domestic,797890.0,760354.0,-37536.0,cr,Localization / Local Sourcing,Operational-driven
forecast,2025-05,C9,UQ-C9-02,BRACKET SUPPORT,domestic,753308.0,769153.0,15845.0,cu,Logistics/Freight Cost Increase,Market-driven
forecast,2025-06,C9,UQ-C9-02,BRACKET SUPPORT,domestic,772337.0,767876.0,-4461.0,cr,Alternative Material Substitution,Engineering-driven
forecast,2025-07,C9,UQ-C9-02,BRACKET SUPPORT,domestic,767000.0,727465.0,-39535.0,cr,Supplier Negotiation,Operational-driven
forecast,2025-08,C9,UQ-C9-02,BRACKET SUPPORT,domestic,730470.0,717881.0,-12589.0,cr,VA/VE Improvement,Engineering-driven
forecast,2025-09,C9,UQ-C9-02,BRACKET SUPPORT,domestic,719228.0,719228.0,0.0,,,
forecast,2025-10,C9,UQ-C9-02,BRACKET SUPPORT,domestic,719228.0,737899.0,18671.0,cu,Engineering Change / Spec Upgrade,Engineering-driven
forecast,2024-11,C9,UQ-C9-03,IC CHIP CONTROL,usd,359881.0,371960.0,12079.0,cu,Yield/Scrap Rate Increase,Operational-driven
forecast,2024-12,C9,UQ-C9-03,IC CHIP CONTROL,usd,369349.0,385537.0,16188.0,cu,Yield/Scrap Rate Increase,Operational-driven
forecast,2025-01,C9,UQ-C9-03,IC CHIP CONTROL,usd,386413.0,399451.0,13038.0,cu,Engineering Change / Spec Upgrade,Engineering-driven
forecast,2025-02,C9,UQ-C9-03,IC CHIP CONTROL,usd,396710.0,401778.0,5068.0,cu,Yield/Scrap Rate Increase,Operational-driven
forecast,2025-03,C9,UQ-C9-03,IC CHIP CONTROL,usd,402072.0,419251.0,17179.0,cu,Raw Material Price Increase,Market-driven
forecast,2025-04,C9,UQ-C9-03,IC CHIP CONTROL,usd,414713.0,427468.0,12755.0,cu,Engineering Change / Spec Upgrade,Engineering-driven
forecast,2025-05,C9,UQ-C9-03,IC CHIP CONTROL,usd,427243.0,417214.0,-10029.0,cr,Process Improvement (Yield Up),Operational-driven
forecast,2025-06,C9,UQ-C9-03,IC CHIP CONTROL,usd,417297.0,424536.0,7239.0,cu,Supplier Change (Higher Cost Source),Market-driven
forecast,2025-07,C9,UQ-C9-03,IC CHIP CONTROL,usd,423615.0,403277.0,-20338.0,cr,Alternative Material Substitution,Engineering-driven
forecast,2025-08,C9,UQ-C9-03,IC CHIP CONTROL,usd,397647.0,395527.0,-2120.0,cr,Localization / Local Sourcing,Operational-driven
forecast,2025-09,C9,UQ-C9-03,IC CHIP CONTROL,usd,394950.0,382564.0,-12386.0,cr,Process Improvement (Yield Up),Operational-driven
forecast,2025-10,C9,UQ-C9-03,IC CHIP CONTROL,usd,385397.0,404149.0,18752.0,cu,Engineering Change / Spec Upgrade,Engineering-driven
forecast,2024-11,C9,UQ-C9-04,MOTOR UNIT,jpy,390382.0,399173.0,8791.0,cu,Yield/Scrap Rate Increase,Operational-driven
forecast,2024-12,C9,UQ-C9-04,MOTOR UNIT,jpy,400435.0,409335.0,8900.0,cu,Raw Material Price Increase,Market-driven
forecast,2025-01,C9,UQ-C9-04,MOTOR UNIT,jpy,407642.0,392540.0,-15102.0,cr,Localization / Local Sourcing,Operational-driven
forecast,2025-02,C9,UQ-C9-04,MOTOR UNIT,jpy,388690.0,410878.0,22188.0,cu,Supplier Change (Higher Cost Source),Market-driven
forecast,2025-03,C9,UQ-C9-04,MOTOR UNIT,jpy,407040.0,389304.0,-17736.0,cr,Supplier Negotiation,Operational-driven
forecast,2025-04,C9,UQ-C9-04,MOTOR UNIT,jpy,389433.0,384407.0,-5026.0,cr,Process Improvement (Yield Up),Operational-driven
forecast,2025-05,C9,UQ-C9-04,MOTOR UNIT,jpy,383162.0,370074.0,-13088.0,cr,Alternative Material Substitution,Engineering-driven
forecast,2025-06,C9,UQ-C9-04,MOTOR UNIT,jpy,371613.0,367094.0,-4519.0,cr,VA/VE Improvement,Engineering-driven
forecast,2025-07,C9,UQ-C9-04,MOTOR UNIT,jpy,367865.0,365180.0,-2685.0,cr,VA/VE Improvement,Engineering-driven
forecast,2025-08,C9,UQ-C9-04,MOTOR UNIT,jpy,365520.0,365520.0,0.0,,,
forecast,2025-09,C9,UQ-C9-04,MOTOR UNIT,jpy,365520.0,353730.0,-11790.0,cr,Supplier Negotiation,Operational-driven
forecast,2025-10,C9,UQ-C9-04,MOTOR UNIT,jpy,354969.0,361116.0,6147.0,cu,Supplier Change (Higher Cost Source),Market-driven
forecast,2024-11,C9,UQ-C9-05,SENSOR MODULE,jpy,355860.0,347497.0,-8363.0,cr,VA/VE Improvement,Engineering-driven
forecast,2024-12,C9,UQ-C9-05,SENSOR MODULE,jpy,347548.0,359050.0,11502.0,cu,Logistics/Freight Cost Increase,Market-driven
forecast,2025-01,C9,UQ-C9-05,SENSOR MODULE,jpy,359566.0,363361.0,3795.0,cu,Yield/Scrap Rate Increase,Operational-driven
forecast,2025-02,C9,UQ-C9-05,SENSOR MODULE,jpy,364227.0,383105.0,18878.0,cu,Logistics/Freight Cost Increase,Market-driven
forecast,2025-03,C9,UQ-C9-05,SENSOR MODULE,jpy,379942.0,366375.0,-13567.0,cr,Process Improvement (Yield Up),Operational-driven
forecast,2025-04,C9,UQ-C9-05,SENSOR MODULE,jpy,363888.0,348067.0,-15821.0,cr,Process Improvement (Yield Up),Operational-driven
forecast,2025-05,C9,UQ-C9-05,SENSOR MODULE,jpy,348510.0,348510.0,0.0,,,
forecast,2025-06,C9,UQ-C9-05,SENSOR MODULE,jpy,348510.0,364182.0,15672.0,cu,Logistics/Freight Cost Increase,Market-driven
forecast,2025-07,C9,UQ-C9-05,SENSOR MODULE,jpy,363322.0,361495.0,-1827.0,cr,Alternative Material Substitution,Engineering-driven
forecast,2025-08,C9,UQ-C9-05,SENSOR MODULE,jpy,361744.0,382221.0,20477.0,cu,Logistics/Freight Cost Increase,Market-driven
forecast,2025-09,C9,UQ-C9-05,SENSOR MODULE,jpy,383359.0,362850.0,-20509.0,cr,Alternative Material Substitution,Engineering-driven
forecast,2025-10,C9,UQ-C9-05,SENSOR MODULE,jpy,367386.0,347175.0,-20211.0,cr,Localization / Local Sourcing,Operational-driven
forecast,2024-11,C10,SH-CATC-D01,PANEL BOTTOM AS,domestic,113259.0,118799.0,5540.0,cu,Raw Material Price Increase,Market-driven
forecast,2024-12,C10,SH-CATC-D01,PANEL BOTTOM AS,domestic,117575.0,124617.0,7042.0,cu,Engineering Change / Spec Upgrade,Engineering-driven
forecast,2025-01,C10,SH-CATC-D01,PANEL BOTTOM AS,domestic,123830.0,130056.0,6226.0,cu,Raw Material Price Increase,Market-driven
forecast,2025-02,C10,SH-CATC-D01,PANEL BOTTOM AS,domestic,131027.0,135395.0,4368.0,cu,Supplier Change (Higher Cost Source),Market-driven
forecast,2025-03,C10,SH-CATC-D01,PANEL BOTTOM AS,domestic,135944.0,142155.0,6211.0,cu,Supplier Change (Higher Cost Source),Market-driven
forecast,2025-04,C10,SH-CATC-D01,PANEL BOTTOM AS,domestic,140792.0,147425.0,6633.0,cu,Supplier Change (Higher Cost Source),Market-driven
forecast,2025-05,C10,SH-CATC-D01,PANEL BOTTOM AS,domestic,146719.0,150078.0,3359.0,cu,Engineering Change / Spec Upgrade,Engineering-driven
forecast,2025-06,C10,SH-CATC-D01,PANEL BOTTOM AS,domestic,149425.0,149425.0,0.0,,,
forecast,2025-07,C10,SH-CATC-D01,PANEL BOTTOM AS,domestic,149425.0,157387.0,7962.0,cu,Supplier Change (Higher Cost Source),Market-driven
forecast,2025-08,C10,SH-CATC-D01,PANEL BOTTOM AS,domestic,158391.0,158391.0,0.0,,,
forecast,2025-09,C10,SH-CATC-D01,PANEL BOTTOM AS,domestic,158391.0,163372.0,4981.0,cu,Engineering Change / Spec Upgrade,Engineering-driven
forecast,2025-10,C10,SH-CATC-D01,PANEL BOTTOM AS,domestic,162463.0,171577.0,9114.0,cu,Yield/Scrap Rate Increase,Operational-driven
forecast,2024-11,C10,SH-CATC-U01,CONNECTOR HOUSING,usd,54607.0,51966.0,-2641.0,cr,Localization / Local Sourcing,Operational-driven
forecast,2024-12,C10,SH-CATC-U01,CONNECTOR HOUSING,usd,49301.0,49301.0,0.0,,,
forecast,2025-01,C10,SH-CATC-U01,CONNECTOR HOUSING,usd,49301.0,50140.0,839.0,cu,Logistics/Freight Cost Increase,Market-driven
forecast,2025-02,C10,SH-CATC-U01,CONNECTOR HOUSING,usd,51111.0,48661.0,-2450.0,cr,VA/VE Improvement,Engineering-driven
forecast,2025-03,C10,SH-CATC-U01,CONNECTOR HOUSING,usd,46616.0,49100.0,2484.0,cu,Supplier Change (Higher Cost Source),Market-driven
forecast,2025-04,C10,SH-CATC-U01,CONNECTOR HOUSING,usd,53397.0,52806.0,-591.0,cr,Localization / Local Sourcing,Operational-driven
forecast,2025-05,C10,SH-CATC-U01,CONNECTOR HOUSING,usd,52302.0,52764.0,462.0,cu,Yield/Scrap Rate Increase,Operational-driven
forecast,2025-06,C10,SH-CATC-U01,CONNECTOR HOUSING,usd,53561.0,51029.0,-2532.0,cr,Process Improvement (Yield Up),Operational-driven
forecast,2025-07,C10,SH-CATC-U01,CONNECTOR HOUSING,usd,48529.0,49467.0,938.0,cu,Logistics/Freight Cost Increase,Market-driven
forecast,2025-08,C10,SH-CATC-U01,CONNECTOR HOUSING,usd,50779.0,52978.0,2199.0,cu,Engineering Change / Spec Upgrade,Engineering-driven
forecast,2025-09,C10,SH-CATC-U01,CONNECTOR HOUSING,usd,56157.0,55863.0,-294.0,cr,Process Improvement (Yield Up),Operational-driven
forecast,2025-10,C10,SH-CATC-U01,CONNECTOR HOUSING,usd,55454.0,54017.0,-1437.0,cr,Supplier Negotiation,Operational-driven
forecast,2024-11,C10,SH-IDX10,PRECISION GEAR,jpy,121193.0,116685.0,-4508.0,cr,Alternative Material Substitution,Engineering-driven
forecast,2024-12,C10,SH-IDX10,PRECISION GEAR,jpy,107698.0,109654.0,1956.0,cu,Yield/Scrap Rate Increase,Operational-driven
forecast,2025-01,C10,SH-IDX10,PRECISION GEAR,jpy,111748.0,108181.0,-3567.0,cr,Process Improvement (Yield Up),Operational-driven
forecast,2025-02,C10,SH-IDX10,PRECISION GEAR,jpy,102640.0,104672.0,2032.0,cu,Raw Material Price Increase,Market-driven
forecast,2025-03,C10,SH-IDX10,PRECISION GEAR,jpy,108406.0,108406.0,0.0,,,
forecast,2025-04,C10,SH-IDX10,PRECISION GEAR,jpy,108406.0,111246.0,2840.0,cu,Logistics/Freight Cost Increase,Market-driven
forecast,2025-05,C10,SH-IDX10,PRECISION GEAR,jpy,115461.0,110913.0,-4548.0,cr,Alternative Material Substitution,Engineering-driven
forecast,2025-06,C10,SH-IDX10,PRECISION GEAR,jpy,105192.0,101176.0,-4016.0,cr,Localization / Local Sourcing,Operational-driven
forecast,2025-07,C10,SH-IDX10,PRECISION GEAR,jpy,93585.0,93585.0,0.0,,,
forecast,2025-08,C10,SH-IDX10,PRECISION GEAR,jpy,93585.0,89314.0,-4271.0,cr,VA/VE Improvement,Engineering-driven
forecast,2025-09,C10,SH-IDX10,PRECISION GEAR,jpy,83001.0,83001.0,0.0,,,
forecast,2025-10,C10,SH-IDX10,PRECISION GEAR,jpy,83001.0,82136.0,-865.0,cr,VA/VE Improvement,Engineering-driven
forecast,2024-11,C10,UQ-C10-01,PANEL FRONT AS,domestic,958803.0,988640.0,29837.0,cu,Supplier Change (Higher Cost Source),Market-driven
forecast,2024-12,C10,UQ-C10-01,PANEL FRONT AS,domestic,991752.0,960247.0,-31505.0,cr,Supplier Negotiation,Operational-driven
forecast,2025-01,C10,UQ-C10-01,PANEL FRONT AS,domestic,959209.0,940478.0,-18731.0,cr,VA/VE Improvement,Engineering-driven
forecast,2025-02,C10,UQ-C10-01,PANEL FRONT AS,domestic,939253.0,953988.0,14735.0,cu,Yield/Scrap Rate Increase,Operational-driven
forecast,2025-03,C10,UQ-C10-01,PANEL FRONT AS,domestic,957102.0,942159.0,-14943.0,cr,Process Improvement (Yield Up),Operational-driven
forecast,2025-04,C10,UQ-C10-01,PANEL FRONT AS,domestic,940147.0,940147.0,0.0,,,
forecast,2025-05,C10,UQ-C10-01,PANEL FRONT AS,domestic,940147.0,953728.0,13581.0,cu,Engineering Change / Spec Upgrade,Engineering-driven
forecast,2025-06,C10,UQ-C10-01,PANEL FRONT AS,domestic,952684.0,952684.0,0.0,,,
forecast,2025-07,C10,UQ-C10-01,PANEL FRONT AS,domestic,952684.0,912290.0,-40394.0,cr,Supplier Negotiation,Operational-driven
forecast,2025-08,C10,UQ-C10-01,PANEL FRONT AS,domestic,910226.0,961426.0,51200.0,cu,Raw Material Price Increase,Market-driven
forecast,2025-09,C10,UQ-C10-01,PANEL FRONT AS,domestic,959160.0,1005774.0,46614.0,cu,Supplier Change (Higher Cost Source),Market-driven
forecast,2025-10,C10,UQ-C10-01,PANEL FRONT AS,domestic,1005774.0,1011662.0,5888.0,cu,Supplier Change (Higher Cost Source),Market-driven
forecast,2024-11,C10,UQ-C10-02,BRACKET SUPPORT,domestic,672339.0,647393.0,-24946.0,cr,Localization / Local Sourcing,Operational-driven
forecast,2024-12,C10,UQ-C10-02,BRACKET SUPPORT,domestic,645942.0,654156.0,8214.0,cu,Engineering Change / Spec Upgrade,Engineering-driven
forecast,2025-01,C10,UQ-C10-02,BRACKET SUPPORT,domestic,654745.0,654745.0,0.0,,,
forecast,2025-02,C10,UQ-C10-02,BRACKET SUPPORT,domestic,654745.0,617896.0,-36849.0,cr,Alternative Material Substitution,Engineering-driven
forecast,2025-03,C10,UQ-C10-02,BRACKET SUPPORT,domestic,614697.0,610288.0,-4409.0,cr,VA/VE Improvement,Engineering-driven
forecast,2025-04,C10,UQ-C10-02,BRACKET SUPPORT,domestic,610831.0,625692.0,14861.0,cu,Logistics/Freight Cost Increase,Market-driven
forecast,2025-05,C10,UQ-C10-02,BRACKET SUPPORT,domestic,623750.0,655875.0,32125.0,cu,Supplier Change (Higher Cost Source),Market-driven
forecast,2025-06,C10,UQ-C10-02,BRACKET SUPPORT,domestic,655025.0,642318.0,-12707.0,cr,Supplier Negotiation,Operational-driven
forecast,2025-07,C10,UQ-C10-02,BRACKET SUPPORT,domestic,643312.0,638486.0,-4826.0,cr,VA/VE Improvement,Engineering-driven
forecast,2025-08,C10,UQ-C10-02,BRACKET SUPPORT,domestic,639731.0,648706.0,8975.0,cu,Engineering Change / Spec Upgrade,Engineering-driven
forecast,2025-09,C10,UQ-C10-02,BRACKET SUPPORT,domestic,646964.0,635314.0,-11650.0,cr,Process Improvement (Yield Up),Operational-driven
forecast,2025-10,C10,UQ-C10-02,BRACKET SUPPORT,domestic,635806.0,664906.0,29100.0,cu,Logistics/Freight Cost Increase,Market-driven
forecast,2024-11,C10,UQ-C10-03,IC CHIP CONTROL,usd,1070401.0,1026453.0,-43948.0,cr,VA/VE Improvement,Engineering-driven
forecast,2024-12,C10,UQ-C10-03,IC CHIP CONTROL,usd,960832.0,1015937.0,55105.0,cu,Logistics/Freight Cost Increase,Market-driven
forecast,2025-01,C10,UQ-C10-03,IC CHIP CONTROL,usd,1113928.0,1099545.0,-14383.0,cr,Alternative Material Substitution,Engineering-driven
forecast,2025-02,C10,UQ-C10-03,IC CHIP CONTROL,usd,1087369.0,1087369.0,0.0,,,
forecast,2025-03,C10,UQ-C10-03,IC CHIP CONTROL,usd,1087369.0,1104155.0,16786.0,cu,Supplier Change (Higher Cost Source),Market-driven
forecast,2025-04,C10,UQ-C10-03,IC CHIP CONTROL,usd,1124104.0,1082954.0,-41150.0,cr,Alternative Material Substitution,Engineering-driven
forecast,2025-05,C10,UQ-C10-03,IC CHIP CONTROL,usd,1009663.0,1009663.0,0.0,,,
forecast,2025-06,C10,UQ-C10-03,IC CHIP CONTROL,usd,1009663.0,1040154.0,30491.0,cu,Logistics/Freight Cost Increase,Market-driven
forecast,2025-07,C10,UQ-C10-03,IC CHIP CONTROL,usd,1096432.0,1096432.0,0.0,,,
forecast,2025-08,C10,UQ-C10-03,IC CHIP CONTROL,usd,1096432.0,1119122.0,22690.0,cu,Logistics/Freight Cost Increase,Market-driven
forecast,2025-09,C10,UQ-C10-03,IC CHIP CONTROL,usd,1144676.0,1150905.0,6229.0,cu,Supplier Change (Higher Cost Source),Market-driven
forecast,2025-10,C10,UQ-C10-03,IC CHIP CONTROL,usd,1159520.0,1138300.0,-21220.0,cr,Supplier Negotiation,Operational-driven
forecast,2024-11,C10,UQ-C10-04,MOTOR UNIT,jpy,400523.0,415380.0,14857.0,cu,Yield/Scrap Rate Increase,Operational-driven
forecast,2024-12,C10,UQ-C10-04,MOTOR UNIT,jpy,417828.0,431532.0,13704.0,cu,Engineering Change / Spec Upgrade,Engineering-driven
forecast,2025-01,C10,UQ-C10-04,MOTOR UNIT,jpy,430838.0,440847.0,10009.0,cu,Engineering Change / Spec Upgrade,Engineering-driven
forecast,2025-02,C10,UQ-C10-04,MOTOR UNIT,jpy,443374.0,451704.0,8330.0,cu,Yield/Scrap Rate Increase,Operational-driven
forecast,2025-03,C10,UQ-C10-04,MOTOR UNIT,jpy,451640.0,427829.0,-23811.0,cr,VA/VE Improvement,Engineering-driven
forecast,2025-04,C10,UQ-C10-04,MOTOR UNIT,jpy,432682.0,422764.0,-9918.0,cr,Process Improvement (Yield Up),Operational-driven
forecast,2025-05,C10,UQ-C10-04,MOTOR UNIT,jpy,422569.0,441225.0,18656.0,cu,Logistics/Freight Cost Increase,Market-driven
forecast,2025-06,C10,UQ-C10-04,MOTOR UNIT,jpy,445023.0,456979.0,11956.0,cu,Engineering Change / Spec Upgrade,Engineering-driven
forecast,2025-07,C10,UQ-C10-04,MOTOR UNIT,jpy,458474.0,435240.0,-23234.0,cr,Process Improvement (Yield Up),Operational-driven
forecast,2025-08,C10,UQ-C10-04,MOTOR UNIT,jpy,429967.0,425925.0,-4042.0,cr,Alternative Material Substitution,Engineering-driven
forecast,2025-09,C10,UQ-C10-04,MOTOR UNIT,jpy,426222.0,434161.0,7939.0,cu,Yield/Scrap Rate Increase,Operational-driven
forecast,2025-10,C10,UQ-C10-04,MOTOR UNIT,jpy,432669.0,429278.0,-3391.0,cr,Alternative Material Substitution,Engineering-driven
forecast,2024-11,C10,UQ-C10-05,SENSOR MODULE,jpy,477917.0,501904.0,23987.0,cu,Yield/Scrap Rate Increase,Operational-driven
forecast,2024-12,C10,UQ-C10-05,SENSOR MODULE,jpy,548387.0,565869.0,17482.0,cu,Raw Material Price Increase,Market-driven
forecast,2025-01,C10,UQ-C10-05,SENSOR MODULE,jpy,596551.0,592904.0,-3647.0,cr,Process Improvement (Yield Up),Operational-driven
forecast,2025-02,C10,UQ-C10-05,SENSOR MODULE,jpy,588626.0,581532.0,-7094.0,cr,Localization / Local Sourcing,Operational-driven
forecast,2025-03,C10,UQ-C10-05,SENSOR MODULE,jpy,573429.0,556389.0,-17040.0,cr,VA/VE Improvement,Engineering-driven
forecast,2025-04,C10,UQ-C10-05,SENSOR MODULE,jpy,535250.0,520403.0,-14847.0,cr,VA/VE Improvement,Engineering-driven
forecast,2025-05,C10,UQ-C10-05,SENSOR MODULE,jpy,505692.0,526754.0,21062.0,cu,Logistics/Freight Cost Increase,Market-driven
forecast,2025-06,C10,UQ-C10-05,SENSOR MODULE,jpy,546559.0,556994.0,10435.0,cu,Raw Material Price Increase,Market-driven
forecast,2025-07,C10,UQ-C10-05,SENSOR MODULE,jpy,565995.0,547450.0,-18545.0,cr,Process Improvement (Yield Up),Operational-driven
forecast,2025-08,C10,UQ-C10-05,SENSOR MODULE,jpy,518479.0,503833.0,-14646.0,cr,Alternative Material Substitution,Engineering-driven
forecast,2025-09,C10,UQ-C10-05,SENSOR MODULE,jpy,478753.0,484175.0,5422.0,cu,Logistics/Freight Cost Increase,Market-driven
forecast,2025-10,C10,UQ-C10-05,SENSOR MODULE,jpy,492848.0,521805.0,28957.0,cu,Supplier Change (Higher Cost Source),Market-driven
forecast,2024-11,C10,SH-EVEN-01,TAPE PU-F,domestic,70295.0,68189.0,-2106.0,cr,Localization / Local Sourcing,Operational-driven
forecast,2024-12,C10,SH-EVEN-01,TAPE PU-F,domestic,67819.0,68532.0,713.0,cu,Engineering Change / Spec Upgrade,Engineering-driven
forecast,2025-01,C10,SH-EVEN-01,TAPE PU-F,domestic,68361.0,67735.0,-626.0,cr,Localization / Local Sourcing,Operational-driven
forecast,2025-02,C10,SH-EVEN-01,TAPE PU-F,domestic,67771.0,70653.0,2882.0,cu,Logistics/Freight Cost Increase,Market-driven
forecast,2025-03,C10,SH-EVEN-01,TAPE PU-F,domestic,70908.0,70908.0,0.0,,,
forecast,2025-04,C10,SH-EVEN-01,TAPE PU-F,domestic,70908.0,68376.0,-2532.0,cr,Localization / Local Sourcing,Operational-driven
forecast,2025-05,C10,SH-EVEN-01,TAPE PU-F,domestic,67971.0,70788.0,2817.0,cu,Logistics/Freight Cost Increase,Market-driven
forecast,2025-06,C10,SH-EVEN-01,TAPE PU-F,domestic,70882.0,69951.0,-931.0,cr,Process Improvement (Yield Up),Operational-driven
forecast,2025-07,C10,SH-EVEN-01,TAPE PU-F,domestic,70015.0,71061.0,1046.0,cu,Yield/Scrap Rate Increase,Operational-driven
forecast,2025-08,C10,SH-EVEN-01,TAPE PU-F,domestic,71263.0,71263.0,0.0,,,
forecast,2025-09,C10,SH-EVEN-01,TAPE PU-F,domestic,71263.0,69400.0,-1863.0,cr,Localization / Local Sourcing,Operational-driven
forecast,2025-10,C10,SH-EVEN-01,TAPE PU-F,domestic,69379.0,73502.0,4123.0,cu,Logistics/Freight Cost Increase,Market-driven
forecast,2024-11,C10,SH-EVEN-02,RESIN COMPOUND,usd,19042.0,19042.0,0.0,,,
forecast,2024-12,C10,SH-EVEN-02,RESIN COMPOUND,usd,19042.0,18941.0,-101.0,cr,Supplier Negotiation,Operational-driven
forecast,2025-01,C10,SH-EVEN-02,RESIN COMPOUND,usd,18947.0,18128.0,-819.0,cr,Alternative Material Substitution,Engineering-driven
forecast,2025-02,C10,SH-EVEN-02,RESIN COMPOUND,usd,17907.0,18005.0,98.0,cu,Supplier Change (Higher Cost Source),Market-driven
forecast,2025-03,C10,SH-EVEN-02,RESIN COMPOUND,usd,18018.0,17367.0,-651.0,cr,Supplier Negotiation,Operational-driven
forecast,2025-04,C10,SH-EVEN-02,RESIN COMPOUND,usd,17275.0,16548.0,-727.0,cr,Alternative Material Substitution,Engineering-driven
forecast,2025-05,C10,SH-EVEN-02,RESIN COMPOUND,usd,16381.0,16788.0,407.0,cu,Supplier Change (Higher Cost Source),Market-driven
forecast,2025-06,C10,SH-EVEN-02,RESIN COMPOUND,usd,16909.0,16909.0,0.0,,,
forecast,2025-07,C10,SH-EVEN-02,RESIN COMPOUND,usd,16909.0,17610.0,701.0,cu,Raw Material Price Increase,Market-driven
forecast,2025-08,C10,SH-EVEN-02,RESIN COMPOUND,usd,17621.0,17621.0,0.0,,,
forecast,2025-09,C10,SH-EVEN-02,RESIN COMPOUND,usd,17621.0,17123.0,-498.0,cr,Process Improvement (Yield Up),Operational-driven
forecast,2025-10,C10,SH-EVEN-02,RESIN COMPOUND,usd,17066.0,17668.0,602.0,cu,Yield/Scrap Rate Increase,Operational-driven
actual,2024-11,A1,SH-CATA-D01,PANEL BOTTOM AS,domestic,98579.0,102503.0,3924.0,cu,Yield/Scrap Rate Increase,Operational-driven
actual,2024-12,A1,SH-CATA-D01,PANEL BOTTOM AS,domestic,102503.0,102503.0,0.0,,,
actual,2025-01,A1,SH-CATA-D01,PANEL BOTTOM AS,domestic,102503.0,103061.0,558.0,cu,Supplier Change (Higher Cost Source),Market-driven
actual,2025-02,A1,SH-CATA-D01,PANEL BOTTOM AS,domestic,103061.0,98861.0,-4200.0,cr,Supplier Negotiation,Operational-driven
actual,2025-03,A1,SH-CATA-D01,PANEL BOTTOM AS,domestic,98861.0,98861.0,0.0,,,
actual,2025-04,A1,SH-CATA-D01,PANEL BOTTOM AS,domestic,98861.0,98861.0,0.0,,,
actual,2025-05,A1,SH-CATA-D01,PANEL BOTTOM AS,domestic,98861.0,99679.0,818.0,cu,Yield/Scrap Rate Increase,Operational-driven
actual,2025-06,A1,SH-CATA-D01,PANEL BOTTOM AS,domestic,99679.0,102636.0,2957.0,cu,Supplier Change (Higher Cost Source),Market-driven
actual,2025-07,A1,SH-CATA-D01,PANEL BOTTOM AS,domestic,102636.0,106644.0,4008.0,cu,Yield/Scrap Rate Increase,Operational-driven
actual,2025-08,A1,SH-CATA-D01,PANEL BOTTOM AS,domestic,106644.0,110883.0,4239.0,cu,Supplier Change (Higher Cost Source),Market-driven
actual,2025-09,A1,SH-CATA-D01,PANEL BOTTOM AS,domestic,110883.0,116042.0,5159.0,cu,Engineering Change / Spec Upgrade,Engineering-driven
actual,2025-10,A1,SH-CATA-D01,PANEL BOTTOM AS,domestic,116042.0,112002.0,-4040.0,cr,Localization / Local Sourcing,Operational-driven
actual,2024-11,A1,SH-CATA-U01,CONNECTOR HOUSING,usd,56296.0,59103.0,2807.0,cu,Raw Material Price Increase,Market-driven
actual,2024-12,A1,SH-CATA-U01,CONNECTOR HOUSING,usd,59103.0,62210.0,3107.0,cu,Supplier Change (Higher Cost Source),Market-driven
actual,2025-01,A1,SH-CATA-U01,CONNECTOR HOUSING,usd,62210.0,65724.0,3514.0,cu,Supplier Change (Higher Cost Source),Market-driven
actual,2025-02,A1,SH-CATA-U01,CONNECTOR HOUSING,usd,65724.0,69879.0,4155.0,cu,Supplier Change (Higher Cost Source),Market-driven
actual,2025-03,A1,SH-CATA-U01,CONNECTOR HOUSING,usd,69879.0,73619.0,3740.0,cu,Supplier Change (Higher Cost Source),Market-driven
actual,2025-04,A1,SH-CATA-U01,CONNECTOR HOUSING,usd,73619.0,78184.0,4565.0,cu,Supplier Change (Higher Cost Source),Market-driven
actual,2025-05,A1,SH-CATA-U01,CONNECTOR HOUSING,usd,78184.0,82589.0,4405.0,cu,Supplier Change (Higher Cost Source),Market-driven
actual,2025-06,A1,SH-CATA-U01,CONNECTOR HOUSING,usd,82589.0,87542.0,4953.0,cu,Raw Material Price Increase,Market-driven
actual,2025-07,A1,SH-CATA-U01,CONNECTOR HOUSING,usd,87542.0,91058.0,3516.0,cu,Raw Material Price Increase,Market-driven
actual,2025-08,A1,SH-CATA-U01,CONNECTOR HOUSING,usd,91058.0,94744.0,3686.0,cu,Supplier Change (Higher Cost Source),Market-driven
actual,2025-09,A1,SH-CATA-U01,CONNECTOR HOUSING,usd,94744.0,100225.0,5481.0,cu,Supplier Change (Higher Cost Source),Market-driven
actual,2025-10,A1,SH-CATA-U01,CONNECTOR HOUSING,usd,100225.0,104801.0,4576.0,cu,Raw Material Price Increase,Market-driven
actual,2024-11,A1,SH-IDX01,PRECISION GEAR,jpy,37408.0,37408.0,0.0,,,
actual,2024-12,A1,SH-IDX01,PRECISION GEAR,jpy,37408.0,38358.0,950.0,cu,Supplier Change (Higher Cost Source),Market-driven
actual,2025-01,A1,SH-IDX01,PRECISION GEAR,jpy,38358.0,39457.0,1099.0,cu,Raw Material Price Increase,Market-driven
actual,2025-02,A1,SH-IDX01,PRECISION GEAR,jpy,39457.0,38014.0,-1443.0,cr,Supplier Negotiation,Operational-driven
actual,2025-03,A1,SH-IDX01,PRECISION GEAR,jpy,38014.0,37510.0,-504.0,cr,Localization / Local Sourcing,Operational-driven
actual,2025-04,A1,SH-IDX01,PRECISION GEAR,jpy,37510.0,38061.0,551.0,cu,Raw Material Price Increase,Market-driven
actual,2025-05,A1,SH-IDX01,PRECISION GEAR,jpy,38061.0,37044.0,-1017.0,cr,Localization / Local Sourcing,Operational-driven
actual,2025-06,A1,SH-IDX01,PRECISION GEAR,jpy,37044.0,35766.0,-1278.0,cr,Process Improvement (Yield Up),Operational-driven
actual,2025-07,A1,SH-IDX01,PRECISION GEAR,jpy,35766.0,36403.0,637.0,cu,Engineering Change / Spec Upgrade,Engineering-driven
actual,2025-08,A1,SH-IDX01,PRECISION GEAR,jpy,36403.0,38234.0,1831.0,cu,Raw Material Price Increase,Market-driven
actual,2025-09,A1,SH-IDX01,PRECISION GEAR,jpy,38234.0,36217.0,-2017.0,cr,Process Improvement (Yield Up),Operational-driven
actual,2025-10,A1,SH-IDX01,PRECISION GEAR,jpy,36217.0,36484.0,267.0,cu,Raw Material Price Increase,Market-driven
actual,2024-11,A1,UQ-A1-01,PANEL FRONT AS,domestic,298777.0,283528.0,-15249.0,cr,Supplier Negotiation,Operational-driven
actual,2024-12,A1,UQ-A1-01,PANEL FRONT AS,domestic,283528.0,300964.0,17436.0,cu,Logistics/Freight Cost Increase,Market-driven
actual,2025-01,A1,UQ-A1-01,PANEL FRONT AS,domestic,300964.0,299204.0,-1760.0,cr,Localization / Local Sourcing,Operational-driven
actual,2025-02,A1,UQ-A1-01,PANEL FRONT AS,domestic,299204.0,293324.0,-5880.0,cr,Process Improvement (Yield Up),Operational-driven
actual,2025-03,A1,UQ-A1-01,PANEL FRONT AS,domestic,293324.0,299411.0,6087.0,cu,Engineering Change / Spec Upgrade,Engineering-driven
actual,2025-04,A1,UQ-A1-01,PANEL FRONT AS,domestic,299411.0,299411.0,0.0,,,
actual,2025-05,A1,UQ-A1-01,PANEL FRONT AS,domestic,299411.0,302327.0,2916.0,cu,Raw Material Price Increase,Market-driven
actual,2025-06,A1,UQ-A1-01,PANEL FRONT AS,domestic,302327.0,307319.0,4992.0,cu,Yield/Scrap Rate Increase,Operational-driven
actual,2025-07,A1,UQ-A1-01,PANEL FRONT AS,domestic,307319.0,316804.0,9485.0,cu,Engineering Change / Spec Upgrade,Engineering-driven
actual,2025-08,A1,UQ-A1-01,PANEL FRONT AS,domestic,316804.0,316804.0,0.0,,,
actual,2025-09,A1,UQ-A1-01,PANEL FRONT AS,domestic,316804.0,307182.0,-9622.0,cr,VA/VE Improvement,Engineering-driven
actual,2025-10,A1,UQ-A1-01,PANEL FRONT AS,domestic,307182.0,300433.0,-6749.0,cr,Alternative Material Substitution,Engineering-driven
actual,2024-11,A1,UQ-A1-02,BRACKET SUPPORT,domestic,332657.0,323888.0,-8769.0,cr,Alternative Material Substitution,Engineering-driven
actual,2024-12,A1,UQ-A1-02,BRACKET SUPPORT,domestic,323888.0,331205.0,7317.0,cu,Raw Material Price Increase,Market-driven
actual,2025-01,A1,UQ-A1-02,BRACKET SUPPORT,domestic,331205.0,347399.0,16194.0,cu,Raw Material Price Increase,Market-driven
actual,2025-02,A1,UQ-A1-02,BRACKET SUPPORT,domestic,347399.0,340352.0,-7047.0,cr,VA/VE Improvement,Engineering-driven
actual,2025-03,A1,UQ-A1-02,BRACKET SUPPORT,domestic,340352.0,332782.0,-7570.0,cr,VA/VE Improvement,Engineering-driven
actual,2025-04,A1,UQ-A1-02,BRACKET SUPPORT,domestic,332782.0,341979.0,9197.0,cu,Logistics/Freight Cost Increase,Market-driven
actual,2025-05,A1,UQ-A1-02,BRACKET SUPPORT,domestic,341979.0,331404.0,-10575.0,cr,Supplier Negotiation,Operational-driven
actual,2025-06,A1,UQ-A1-02,BRACKET SUPPORT,domestic,331404.0,322887.0,-8517.0,cr,Alternative Material Substitution,Engineering-driven
actual,2025-07,A1,UQ-A1-02,BRACKET SUPPORT,domestic,322887.0,320944.0,-1943.0,cr,Localization / Local Sourcing,Operational-driven
actual,2025-08,A1,UQ-A1-02,BRACKET SUPPORT,domestic,320944.0,334211.0,13267.0,cu,Yield/Scrap Rate Increase,Operational-driven
actual,2025-09,A1,UQ-A1-02,BRACKET SUPPORT,domestic,334211.0,320598.0,-13613.0,cr,Localization / Local Sourcing,Operational-driven
actual,2025-10,A1,UQ-A1-02,BRACKET SUPPORT,domestic,320598.0,306175.0,-14423.0,cr,Localization / Local Sourcing,Operational-driven
actual,2024-11,A1,UQ-A1-03,IC CHIP CONTROL,usd,494163.0,494163.0,0.0,,,
actual,2024-12,A1,UQ-A1-03,IC CHIP CONTROL,usd,494163.0,466024.0,-28139.0,cr,Localization / Local Sourcing,Operational-driven
actual,2025-01,A1,UQ-A1-03,IC CHIP CONTROL,usd,466024.0,442649.0,-23375.0,cr,Alternative Material Substitution,Engineering-driven
actual,2025-02,A1,UQ-A1-03,IC CHIP CONTROL,usd,442649.0,442649.0,0.0,,,
actual,2025-03,A1,UQ-A1-03,IC CHIP CONTROL,usd,442649.0,452529.0,9880.0,cu,Raw Material Price Increase,Market-driven
actual,2025-04,A1,UQ-A1-03,IC CHIP CONTROL,usd,452529.0,419514.0,-33015.0,cr,VA/VE Improvement,Engineering-driven
actual,2025-05,A1,UQ-A1-03,IC CHIP CONTROL,usd,419514.0,434226.0,14712.0,cu,Yield/Scrap Rate Increase,Operational-driven
actual,2025-06,A1,UQ-A1-03,IC CHIP CONTROL,usd,434226.0,454091.0,19865.0,cu,Engineering Change / Spec Upgrade,Engineering-driven
actual,2025-07,A1,UQ-A1-03,IC CHIP CONTROL,usd,454091.0,435421.0,-18670.0,cr,Supplier Negotiation,Operational-driven
actual,2025-08,A1,UQ-A1-03,IC CHIP CONTROL,usd,435421.0,459442.0,24021.0,cu,Yield/Scrap Rate Increase,Operational-driven
actual,2025-09,A1,UQ-A1-03,IC CHIP CONTROL,usd,459442.0,433642.0,-25800.0,cr,Process Improvement (Yield Up),Operational-driven
actual,2025-10,A1,UQ-A1-03,IC CHIP CONTROL,usd,433642.0,452233.0,18591.0,cu,Yield/Scrap Rate Increase,Operational-driven
actual,2024-11,A1,UQ-A1-04,MOTOR UNIT,jpy,197912.0,207063.0,9151.0,cu,Logistics/Freight Cost Increase,Market-driven
actual,2024-12,A1,UQ-A1-04,MOTOR UNIT,jpy,207063.0,207063.0,0.0,,,
actual,2025-01,A1,UQ-A1-04,MOTOR UNIT,jpy,207063.0,201149.0,-5914.0,cr,VA/VE Improvement,Engineering-driven
actual,2025-02,A1,UQ-A1-04,MOTOR UNIT,jpy,201149.0,192508.0,-8641.0,cr,Process Improvement (Yield Up),Operational-driven
actual,2025-03,A1,UQ-A1-04,MOTOR UNIT,jpy,192508.0,190040.0,-2468.0,cr,Process Improvement (Yield Up),Operational-driven
actual,2025-04,A1,UQ-A1-04,MOTOR UNIT,jpy,190040.0,184259.0,-5781.0,cr,Alternative Material Substitution,Engineering-driven
actual,2025-05,A1,UQ-A1-04,MOTOR UNIT,jpy,184259.0,189403.0,5144.0,cu,Engineering Change / Spec Upgrade,Engineering-driven
actual,2025-06,A1,UQ-A1-04,MOTOR UNIT,jpy,189403.0,191787.0,2384.0,cu,Engineering Change / Spec Upgrade,Engineering-driven
actual,2025-07,A1,UQ-A1-04,MOTOR UNIT,jpy,191787.0,200687.0,8900.0,cu,Supplier Change (Higher Cost Source),Market-driven
actual,2025-08,A1,UQ-A1-04,MOTOR UNIT,jpy,200687.0,212347.0,11660.0,cu,Engineering Change / Spec Upgrade,Engineering-driven
actual,2025-09,A1,UQ-A1-04,MOTOR UNIT,jpy,212347.0,219141.0,6794.0,cu,Logistics/Freight Cost Increase,Market-driven
actual,2025-10,A1,UQ-A1-04,MOTOR UNIT,jpy,219141.0,215378.0,-3763.0,cr,Alternative Material Substitution,Engineering-driven
actual,2024-11,A1,UQ-A1-05,SENSOR MODULE,jpy,197628.0,199129.0,1501.0,cu,Engineering Change / Spec Upgrade,Engineering-driven
actual,2024-12,A1,UQ-A1-05,SENSOR MODULE,jpy,199129.0,195703.0,-3426.0,cr,Alternative Material Substitution,Engineering-driven
actual,2025-01,A1,UQ-A1-05,SENSOR MODULE,jpy,195703.0,187647.0,-8056.0,cr,Localization / Local Sourcing,Operational-driven
actual,2025-02,A1,UQ-A1-05,SENSOR MODULE,jpy,187647.0,184800.0,-2847.0,cr,Alternative Material Substitution,Engineering-driven
actual,2025-03,A1,UQ-A1-05,SENSOR MODULE,jpy,184800.0,190735.0,5935.0,cu,Engineering Change / Spec Upgrade,Engineering-driven
actual,2025-04,A1,UQ-A1-05,SENSOR MODULE,jpy,190735.0,186701.0,-4034.0,cr,Alternative Material Substitution,Engineering-driven
actual,2025-05,A1,UQ-A1-05,SENSOR MODULE,jpy,186701.0,193098.0,6397.0,cu,Engineering Change / Spec Upgrade,Engineering-driven
actual,2025-06,A1,UQ-A1-05,SENSOR MODULE,jpy,193098.0,187874.0,-5224.0,cr,VA/VE Improvement,Engineering-driven
actual,2025-07,A1,UQ-A1-05,SENSOR MODULE,jpy,187874.0,187874.0,0.0,,,
actual,2025-08,A1,UQ-A1-05,SENSOR MODULE,jpy,187874.0,186094.0,-1780.0,cr,Alternative Material Substitution,Engineering-driven
actual,2025-09,A1,UQ-A1-05,SENSOR MODULE,jpy,186094.0,186094.0,0.0,,,
actual,2025-10,A1,UQ-A1-05,SENSOR MODULE,jpy,186094.0,196212.0,10118.0,cu,Yield/Scrap Rate Increase,Operational-driven
actual,2024-11,A2,SH-CATA-D01,PANEL BOTTOM AS,domestic,98579.0,102503.0,3924.0,cu,Yield/Scrap Rate Increase,Operational-driven
actual,2024-12,A2,SH-CATA-D01,PANEL BOTTOM AS,domestic,102503.0,102503.0,0.0,,,
actual,2025-01,A2,SH-CATA-D01,PANEL BOTTOM AS,domestic,102503.0,103061.0,558.0,cu,Supplier Change (Higher Cost Source),Market-driven
actual,2025-02,A2,SH-CATA-D01,PANEL BOTTOM AS,domestic,103061.0,98861.0,-4200.0,cr,Supplier Negotiation,Operational-driven
actual,2025-03,A2,SH-CATA-D01,PANEL BOTTOM AS,domestic,98861.0,98861.0,0.0,,,
actual,2025-04,A2,SH-CATA-D01,PANEL BOTTOM AS,domestic,98861.0,98861.0,0.0,,,
actual,2025-05,A2,SH-CATA-D01,PANEL BOTTOM AS,domestic,98861.0,99679.0,818.0,cu,Yield/Scrap Rate Increase,Operational-driven
actual,2025-06,A2,SH-CATA-D01,PANEL BOTTOM AS,domestic,99679.0,102636.0,2957.0,cu,Supplier Change (Higher Cost Source),Market-driven
actual,2025-07,A2,SH-CATA-D01,PANEL BOTTOM AS,domestic,102636.0,106644.0,4008.0,cu,Yield/Scrap Rate Increase,Operational-driven
actual,2025-08,A2,SH-CATA-D01,PANEL BOTTOM AS,domestic,106644.0,110883.0,4239.0,cu,Supplier Change (Higher Cost Source),Market-driven
actual,2025-09,A2,SH-CATA-D01,PANEL BOTTOM AS,domestic,110883.0,116042.0,5159.0,cu,Engineering Change / Spec Upgrade,Engineering-driven
actual,2025-10,A2,SH-CATA-D01,PANEL BOTTOM AS,domestic,116042.0,112002.0,-4040.0,cr,Localization / Local Sourcing,Operational-driven
actual,2024-11,A2,SH-CATA-U01,CONNECTOR HOUSING,usd,56296.0,59103.0,2807.0,cu,Raw Material Price Increase,Market-driven
actual,2024-12,A2,SH-CATA-U01,CONNECTOR HOUSING,usd,59103.0,62210.0,3107.0,cu,Supplier Change (Higher Cost Source),Market-driven
actual,2025-01,A2,SH-CATA-U01,CONNECTOR HOUSING,usd,62210.0,65724.0,3514.0,cu,Supplier Change (Higher Cost Source),Market-driven
actual,2025-02,A2,SH-CATA-U01,CONNECTOR HOUSING,usd,65724.0,69879.0,4155.0,cu,Supplier Change (Higher Cost Source),Market-driven
actual,2025-03,A2,SH-CATA-U01,CONNECTOR HOUSING,usd,69879.0,73619.0,3740.0,cu,Supplier Change (Higher Cost Source),Market-driven
actual,2025-04,A2,SH-CATA-U01,CONNECTOR HOUSING,usd,73619.0,78184.0,4565.0,cu,Supplier Change (Higher Cost Source),Market-driven
actual,2025-05,A2,SH-CATA-U01,CONNECTOR HOUSING,usd,78184.0,82589.0,4405.0,cu,Supplier Change (Higher Cost Source),Market-driven
actual,2025-06,A2,SH-CATA-U01,CONNECTOR HOUSING,usd,82589.0,87542.0,4953.0,cu,Raw Material Price Increase,Market-driven
actual,2025-07,A2,SH-CATA-U01,CONNECTOR HOUSING,usd,87542.0,91058.0,3516.0,cu,Raw Material Price Increase,Market-driven
actual,2025-08,A2,SH-CATA-U01,CONNECTOR HOUSING,usd,91058.0,94744.0,3686.0,cu,Supplier Change (Higher Cost Source),Market-driven
actual,2025-09,A2,SH-CATA-U01,CONNECTOR HOUSING,usd,94744.0,100225.0,5481.0,cu,Supplier Change (Higher Cost Source),Market-driven
actual,2025-10,A2,SH-CATA-U01,CONNECTOR HOUSING,usd,100225.0,104801.0,4576.0,cu,Raw Material Price Increase,Market-driven
actual,2024-11,A2,SH-IDX02,PRECISION GEAR,jpy,42447.0,41052.0,-1395.0,cr,Alternative Material Substitution,Engineering-driven
actual,2024-12,A2,SH-IDX02,PRECISION GEAR,jpy,41052.0,40088.0,-964.0,cr,Supplier Negotiation,Operational-driven
actual,2025-01,A2,SH-IDX02,PRECISION GEAR,jpy,40088.0,42216.0,2128.0,cu,Yield/Scrap Rate Increase,Operational-driven
actual,2025-02,A2,SH-IDX02,PRECISION GEAR,jpy,42216.0,42216.0,0.0,,,
actual,2025-03,A2,SH-IDX02,PRECISION GEAR,jpy,42216.0,41605.0,-611.0,cr,Process Improvement (Yield Up),Operational-driven
actual,2025-04,A2,SH-IDX02,PRECISION GEAR,jpy,41605.0,41605.0,0.0,,,
actual,2025-05,A2,SH-IDX02,PRECISION GEAR,jpy,41605.0,41605.0,0.0,,,
actual,2025-06,A2,SH-IDX02,PRECISION GEAR,jpy,41605.0,39000.0,-2605.0,cr,VA/VE Improvement,Engineering-driven
actual,2025-07,A2,SH-IDX02,PRECISION GEAR,jpy,39000.0,37475.0,-1525.0,cr,Process Improvement (Yield Up),Operational-driven
actual,2025-08,A2,SH-IDX02,PRECISION GEAR,jpy,37475.0,38797.0,1322.0,cu,Engineering Change / Spec Upgrade,Engineering-driven
actual,2025-09,A2,SH-IDX02,PRECISION GEAR,jpy,38797.0,41778.0,2981.0,cu,Raw Material Price Increase,Market-driven
actual,2025-10,A2,SH-IDX02,PRECISION GEAR,jpy,41778.0,42502.0,724.0,cu,Engineering Change / Spec Upgrade,Engineering-driven
actual,2024-11,A2,UQ-A2-01,PANEL FRONT AS,domestic,563458.0,480992.0,-82466.0,cr,VA/VE Improvement,Engineering-driven
actual,2024-12,A2,UQ-A2-01,PANEL FRONT AS,domestic,480992.0,417619.0,-63373.0,cr,Process Improvement (Yield Up),Operational-driven
actual,2025-01,A2,UQ-A2-01,PANEL FRONT AS,domestic,417619.0,447074.0,29455.0,cu,Logistics/Freight Cost Increase,Market-driven
actual,2025-02,A2,UQ-A2-01,PANEL FRONT AS,domestic,447074.0,400535.0,-46539.0,cr,Process Improvement (Yield Up),Operational-driven
actual,2025-03,A2,UQ-A2-01,PANEL FRONT AS,domestic,400535.0,339980.0,-60555.0,cr,Alternative Material Substitution,Engineering-driven
actual,2025-04,A2,UQ-A2-01,PANEL FRONT AS,domestic,339980.0,320938.0,-19042.0,cr,Alternative Material Substitution,Engineering-driven
actual,2025-05,A2,UQ-A2-01,PANEL FRONT AS,domestic,320938.0,347003.0,26065.0,cu,Yield/Scrap Rate Increase,Operational-driven
actual,2025-06,A2,UQ-A2-01,PANEL FRONT AS,domestic,347003.0,347003.0,0.0,,,
actual,2025-07,A2,UQ-A2-01,PANEL FRONT AS,domestic,347003.0,305129.0,-41874.0,cr,Process Improvement (Yield Up),Operational-driven
actual,2025-08,A2,UQ-A2-01,PANEL FRONT AS,domestic,305129.0,297159.0,-7970.0,cr,Alternative Material Substitution,Engineering-driven
actual,2025-09,A2,UQ-A2-01,PANEL FRONT AS,domestic,297159.0,297159.0,0.0,,,
actual,2025-10,A2,UQ-A2-01,PANEL FRONT AS,domestic,297159.0,311660.0,14501.0,cu,Logistics/Freight Cost Increase,Market-driven
actual,2024-11,A2,UQ-A2-02,BRACKET SUPPORT,domestic,676259.0,710812.0,34553.0,cu,Engineering Change / Spec Upgrade,Engineering-driven
actual,2024-12,A2,UQ-A2-02,BRACKET SUPPORT,domestic,710812.0,710812.0,0.0,,,
actual,2025-01,A2,UQ-A2-02,BRACKET SUPPORT,domestic,710812.0,710812.0,0.0,,,
actual,2025-02,A2,UQ-A2-02,BRACKET SUPPORT,domestic,710812.0,744458.0,33646.0,cu,Yield/Scrap Rate Increase,Operational-driven
actual,2025-03,A2,UQ-A2-02,BRACKET SUPPORT,domestic,744458.0,724278.0,-20180.0,cr,Process Improvement (Yield Up),Operational-driven
actual,2025-04,A2,UQ-A2-02,BRACKET SUPPORT,domestic,724278.0,724278.0,0.0,,,
actual,2025-05,A2,UQ-A2-02,BRACKET SUPPORT,domestic,724278.0,724278.0,0.0,,,
actual,2025-06,A2,UQ-A2-02,BRACKET SUPPORT,domestic,724278.0,763415.0,39137.0,cu,Yield/Scrap Rate Increase,Operational-driven
actual,2025-07,A2,UQ-A2-02,BRACKET SUPPORT,domestic,763415.0,728775.0,-34640.0,cr,Supplier Negotiation,Operational-driven
actual,2025-08,A2,UQ-A2-02,BRACKET SUPPORT,domestic,728775.0,777652.0,48877.0,cu,Supplier Change (Higher Cost Source),Market-driven
actual,2025-09,A2,UQ-A2-02,BRACKET SUPPORT,domestic,777652.0,756516.0,-21136.0,cr,Alternative Material Substitution,Engineering-driven
actual,2025-10,A2,UQ-A2-02,BRACKET SUPPORT,domestic,756516.0,784175.0,27659.0,cu,Yield/Scrap Rate Increase,Operational-driven
actual,2024-11,A2,UQ-A2-03,IC CHIP CONTROL,usd,174249.0,154713.0,-19536.0,cr,Process Improvement (Yield Up),Operational-driven
actual,2024-12,A2,UQ-A2-03,IC CHIP CONTROL,usd,154713.0,150757.0,-3956.0,cr,Process Improvement (Yield Up),Operational-driven
actual,2025-01,A2,UQ-A2-03,IC CHIP CONTROL,usd,150757.0,143808.0,-6949.0,cr,Supplier Negotiation,Operational-driven
actual,2025-02,A2,UQ-A2-03,IC CHIP CONTROL,usd,143808.0,127608.0,-16200.0,cr,VA/VE Improvement,Engineering-driven
actual,2025-03,A2,UQ-A2-03,IC CHIP CONTROL,usd,127608.0,116250.0,-11358.0,cr,Supplier Negotiation,Operational-driven
actual,2025-04,A2,UQ-A2-03,IC CHIP CONTROL,usd,116250.0,116250.0,0.0,,,
actual,2025-05,A2,UQ-A2-03,IC CHIP CONTROL,usd,116250.0,116250.0,0.0,,,
actual,2025-06,A2,UQ-A2-03,IC CHIP CONTROL,usd,116250.0,130060.0,13810.0,cu,Engineering Change / Spec Upgrade,Engineering-driven
actual,2025-07,A2,UQ-A2-03,IC CHIP CONTROL,usd,130060.0,130060.0,0.0,,,
actual,2025-08,A2,UQ-A2-03,IC CHIP CONTROL,usd,130060.0,135587.0,5527.0,cu,Supplier Change (Higher Cost Source),Market-driven
actual,2025-09,A2,UQ-A2-03,IC CHIP CONTROL,usd,135587.0,149833.0,14246.0,cu,Logistics/Freight Cost Increase,Market-driven
actual,2025-10,A2,UQ-A2-03,IC CHIP CONTROL,usd,149833.0,160775.0,10942.0,cu,Logistics/Freight Cost Increase,Market-driven
actual,2024-11,A2,UQ-A2-04,MOTOR UNIT,jpy,100991.0,102232.0,1241.0,cu,Raw Material Price Increase,Market-driven
actual,2024-12,A2,UQ-A2-04,MOTOR UNIT,jpy,102232.0,98044.0,-4188.0,cr,Supplier Negotiation,Operational-driven
actual,2025-01,A2,UQ-A2-04,MOTOR UNIT,jpy,98044.0,92356.0,-5688.0,cr,Localization / Local Sourcing,Operational-driven
actual,2025-02,A2,UQ-A2-04,MOTOR UNIT,jpy,92356.0,93879.0,1523.0,cu,Engineering Change / Spec Upgrade,Engineering-driven
actual,2025-03,A2,UQ-A2-04,MOTOR UNIT,jpy,93879.0,96418.0,2539.0,cu,Logistics/Freight Cost Increase,Market-driven
actual,2025-04,A2,UQ-A2-04,MOTOR UNIT,jpy,96418.0,96819.0,401.0,cu,Supplier Change (Higher Cost Source),Market-driven
actual,2025-05,A2,UQ-A2-04,MOTOR UNIT,jpy,96819.0,94897.0,-1922.0,cr,Localization / Local Sourcing,Operational-driven
actual,2025-06,A2,UQ-A2-04,MOTOR UNIT,jpy,94897.0,99105.0,4208.0,cu,Yield/Scrap Rate Increase,Operational-driven
actual,2025-07,A2,UQ-A2-04,MOTOR UNIT,jpy,99105.0,101426.0,2321.0,cu,Raw Material Price Increase,Market-driven
actual,2025-08,A2,UQ-A2-04,MOTOR UNIT,jpy,101426.0,100599.0,-827.0,cr,Alternative Material Substitution,Engineering-driven
actual,2025-09,A2,UQ-A2-04,MOTOR UNIT,jpy,100599.0,100599.0,0.0,,,
actual,2025-10,A2,UQ-A2-04,MOTOR UNIT,jpy,100599.0,101578.0,979.0,cu,Yield/Scrap Rate Increase,Operational-driven
actual,2024-11,A2,UQ-A2-05,SENSOR MODULE,jpy,132294.0,134067.0,1773.0,cu,Logistics/Freight Cost Increase,Market-driven
actual,2024-12,A2,UQ-A2-05,SENSOR MODULE,jpy,134067.0,136449.0,2382.0,cu,Logistics/Freight Cost Increase,Market-driven
actual,2025-01,A2,UQ-A2-05,SENSOR MODULE,jpy,136449.0,133910.0,-2539.0,cr,Supplier Negotiation,Operational-driven
actual,2025-02,A2,UQ-A2-05,SENSOR MODULE,jpy,133910.0,137849.0,3939.0,cu,Raw Material Price Increase,Market-driven
actual,2025-03,A2,UQ-A2-05,SENSOR MODULE,jpy,137849.0,143663.0,5814.0,cu,Logistics/Freight Cost Increase,Market-driven
actual,2025-04,A2,UQ-A2-05,SENSOR MODULE,jpy,143663.0,146687.0,3024.0,cu,Supplier Change (Higher Cost Source),Market-driven
actual,2025-05,A2,UQ-A2-05,SENSOR MODULE,jpy,146687.0,138200.0,-8487.0,cr,Process Improvement (Yield Up),Operational-driven
actual,2025-06,A2,UQ-A2-05,SENSOR MODULE,jpy,138200.0,141539.0,3339.0,cu,Raw Material Price Increase,Market-driven
actual,2025-07,A2,UQ-A2-05,SENSOR MODULE,jpy,141539.0,143365.0,1826.0,cu,Logistics/Freight Cost Increase,Market-driven
actual,2025-08,A2,UQ-A2-05,SENSOR MODULE,jpy,143365.0,145806.0,2441.0,cu,Raw Material Price Increase,Market-driven
actual,2025-09,A2,UQ-A2-05,SENSOR MODULE,jpy,145806.0,148692.0,2886.0,cu,Logistics/Freight Cost Increase,Market-driven
actual,2025-10,A2,UQ-A2-05,SENSOR MODULE,jpy,148692.0,148692.0,0.0,,,
actual,2024-11,A2,SH-EVEN-01,TAPE PU-F,domestic,70295.0,67819.0,-2476.0,cr,Localization / Local Sourcing,Operational-driven
actual,2024-12,A2,SH-EVEN-01,TAPE PU-F,domestic,67819.0,68361.0,542.0,cu,Engineering Change / Spec Upgrade,Engineering-driven
actual,2025-01,A2,SH-EVEN-01,TAPE PU-F,domestic,68361.0,67771.0,-590.0,cr,Localization / Local Sourcing,Operational-driven
actual,2025-02,A2,SH-EVEN-01,TAPE PU-F,domestic,67771.0,70908.0,3137.0,cu,Logistics/Freight Cost Increase,Market-driven
actual,2025-03,A2,SH-EVEN-01,TAPE PU-F,domestic,70908.0,70908.0,0.0,,,
actual,2025-04,A2,SH-EVEN-01,TAPE PU-F,domestic,70908.0,67971.0,-2937.0,cr,Localization / Local Sourcing,Operational-driven
actual,2025-05,A2,SH-EVEN-01,TAPE PU-F,domestic,67971.0,70882.0,2911.0,cu,Logistics/Freight Cost Increase,Market-driven
actual,2025-06,A2,SH-EVEN-01,TAPE PU-F,domestic,70882.0,70015.0,-867.0,cr,Process Improvement (Yield Up),Operational-driven
actual,2025-07,A2,SH-EVEN-01,TAPE PU-F,domestic,70015.0,71263.0,1248.0,cu,Yield/Scrap Rate Increase,Operational-driven
actual,2025-08,A2,SH-EVEN-01,TAPE PU-F,domestic,71263.0,71263.0,0.0,,,
actual,2025-09,A2,SH-EVEN-01,TAPE PU-F,domestic,71263.0,69379.0,-1884.0,cr,Localization / Local Sourcing,Operational-driven
actual,2025-10,A2,SH-EVEN-01,TAPE PU-F,domestic,69379.0,72373.0,2994.0,cu,Logistics/Freight Cost Increase,Market-driven
actual,2024-11,A2,SH-EVEN-02,RESIN COMPOUND,usd,19042.0,19042.0,0.0,,,
actual,2024-12,A2,SH-EVEN-02,RESIN COMPOUND,usd,19042.0,18947.0,-95.0,cr,Supplier Negotiation,Operational-driven
actual,2025-01,A2,SH-EVEN-02,RESIN COMPOUND,usd,18947.0,17907.0,-1040.0,cr,Alternative Material Substitution,Engineering-driven
actual,2025-02,A2,SH-EVEN-02,RESIN COMPOUND,usd,17907.0,18018.0,111.0,cu,Supplier Change (Higher Cost Source),Market-driven
actual,2025-03,A2,SH-EVEN-02,RESIN COMPOUND,usd,18018.0,17275.0,-743.0,cr,Supplier Negotiation,Operational-driven
actual,2025-04,A2,SH-EVEN-02,RESIN COMPOUND,usd,17275.0,16381.0,-894.0,cr,Alternative Material Substitution,Engineering-driven
actual,2025-05,A2,SH-EVEN-02,RESIN COMPOUND,usd,16381.0,16909.0,528.0,cu,Supplier Change (Higher Cost Source),Market-driven
actual,2025-06,A2,SH-EVEN-02,RESIN COMPOUND,usd,16909.0,16909.0,0.0,,,
actual,2025-07,A2,SH-EVEN-02,RESIN COMPOUND,usd,16909.0,17621.0,712.0,cu,Raw Material Price Increase,Market-driven
actual,2025-08,A2,SH-EVEN-02,RESIN COMPOUND,usd,17621.0,17621.0,0.0,,,
actual,2025-09,A2,SH-EVEN-02,RESIN COMPOUND,usd,17621.0,17066.0,-555.0,cr,Process Improvement (Yield Up),Operational-driven
actual,2025-10,A2,SH-EVEN-02,RESIN COMPOUND,usd,17066.0,17840.0,774.0,cu,Yield/Scrap Rate Increase,Operational-driven
actual,2024-11,A3,SH-CATA-D01,PANEL BOTTOM AS,domestic,98579.0,102503.0,3924.0,cu,Yield/Scrap Rate Increase,Operational-driven
actual,2024-12,A3,SH-CATA-D01,PANEL BOTTOM AS,domestic,102503.0,102503.0,0.0,,,
actual,2025-01,A3,SH-CATA-D01,PANEL BOTTOM AS,domestic,102503.0,103061.0,558.0,cu,Supplier Change (Higher Cost Source),Market-driven
actual,2025-02,A3,SH-CATA-D01,PANEL BOTTOM AS,domestic,103061.0,98861.0,-4200.0,cr,Supplier Negotiation,Operational-driven
actual,2025-03,A3,SH-CATA-D01,PANEL BOTTOM AS,domestic,98861.0,98861.0,0.0,,,
actual,2025-04,A3,SH-CATA-D01,PANEL BOTTOM AS,domestic,98861.0,98861.0,0.0,,,
actual,2025-05,A3,SH-CATA-D01,PANEL BOTTOM AS,domestic,98861.0,99679.0,818.0,cu,Yield/Scrap Rate Increase,Operational-driven
actual,2025-06,A3,SH-CATA-D01,PANEL BOTTOM AS,domestic,99679.0,102636.0,2957.0,cu,Supplier Change (Higher Cost Source),Market-driven
actual,2025-07,A3,SH-CATA-D01,PANEL BOTTOM AS,domestic,102636.0,106644.0,4008.0,cu,Yield/Scrap Rate Increase,Operational-driven
actual,2025-08,A3,SH-CATA-D01,PANEL BOTTOM AS,domestic,106644.0,110883.0,4239.0,cu,Supplier Change (Higher Cost Source),Market-driven
actual,2025-09,A3,SH-CATA-D01,PANEL BOTTOM AS,domestic,110883.0,116042.0,5159.0,cu,Engineering Change / Spec Upgrade,Engineering-driven
actual,2025-10,A3,SH-CATA-D01,PANEL BOTTOM AS,domestic,116042.0,112002.0,-4040.0,cr,Localization / Local Sourcing,Operational-driven
actual,2024-11,A3,SH-CATA-U01,CONNECTOR HOUSING,usd,56296.0,59103.0,2807.0,cu,Raw Material Price Increase,Market-driven
actual,2024-12,A3,SH-CATA-U01,CONNECTOR HOUSING,usd,59103.0,62210.0,3107.0,cu,Supplier Change (Higher Cost Source),Market-driven
actual,2025-01,A3,SH-CATA-U01,CONNECTOR HOUSING,usd,62210.0,65724.0,3514.0,cu,Supplier Change (Higher Cost Source),Market-driven
actual,2025-02,A3,SH-CATA-U01,CONNECTOR HOUSING,usd,65724.0,69879.0,4155.0,cu,Supplier Change (Higher Cost Source),Market-driven
actual,2025-03,A3,SH-CATA-U01,CONNECTOR HOUSING,usd,69879.0,73619.0,3740.0,cu,Supplier Change (Higher Cost Source),Market-driven
actual,2025-04,A3,SH-CATA-U01,CONNECTOR HOUSING,usd,73619.0,78184.0,4565.0,cu,Supplier Change (Higher Cost Source),Market-driven
actual,2025-05,A3,SH-CATA-U01,CONNECTOR HOUSING,usd,78184.0,82589.0,4405.0,cu,Supplier Change (Higher Cost Source),Market-driven
actual,2025-06,A3,SH-CATA-U01,CONNECTOR HOUSING,usd,82589.0,87542.0,4953.0,cu,Raw Material Price Increase,Market-driven
actual,2025-07,A3,SH-CATA-U01,CONNECTOR HOUSING,usd,87542.0,91058.0,3516.0,cu,Raw Material Price Increase,Market-driven
actual,2025-08,A3,SH-CATA-U01,CONNECTOR HOUSING,usd,91058.0,94744.0,3686.0,cu,Supplier Change (Higher Cost Source),Market-driven
actual,2025-09,A3,SH-CATA-U01,CONNECTOR HOUSING,usd,94744.0,100225.0,5481.0,cu,Supplier Change (Higher Cost Source),Market-driven
actual,2025-10,A3,SH-CATA-U01,CONNECTOR HOUSING,usd,100225.0,104801.0,4576.0,cu,Raw Material Price Increase,Market-driven
actual,2024-11,A3,SH-IDX03,PRECISION GEAR,jpy,110238.0,115498.0,5260.0,cu,Logistics/Freight Cost Increase,Market-driven
actual,2024-12,A3,SH-IDX03,PRECISION GEAR,jpy,115498.0,110623.0,-4875.0,cr,Alternative Material Substitution,Engineering-driven
actual,2025-01,A3,SH-IDX03,PRECISION GEAR,jpy,110623.0,113966.0,3343.0,cu,Yield/Scrap Rate Increase,Operational-driven
actual,2025-02,A3,SH-IDX03,PRECISION GEAR,jpy,113966.0,115790.0,1824.0,cu,Engineering Change / Spec Upgrade,Engineering-driven
actual,2025-03,A3,SH-IDX03,PRECISION GEAR,jpy,115790.0,110166.0,-5624.0,cr,VA/VE Improvement,Engineering-driven
actual,2025-04,A3,SH-IDX03,PRECISION GEAR,jpy,110166.0,104130.0,-6036.0,cr,VA/VE Improvement,Engineering-driven
actual,2025-05,A3,SH-IDX03,PRECISION GEAR,jpy,104130.0,98817.0,-5313.0,cr,Supplier Negotiation,Operational-driven
actual,2025-06,A3,SH-IDX03,PRECISION GEAR,jpy,98817.0,93858.0,-4959.0,cr,Process Improvement (Yield Up),Operational-driven
actual,2025-07,A3,SH-IDX03,PRECISION GEAR,jpy,93858.0,92328.0,-1530.0,cr,Alternative Material Substitution,Engineering-driven
actual,2025-08,A3,SH-IDX03,PRECISION GEAR,jpy,92328.0,91273.0,-1055.0,cr,Localization / Local Sourcing,Operational-driven
actual,2025-09,A3,SH-IDX03,PRECISION GEAR,jpy,91273.0,91273.0,0.0,,,
actual,2025-10,A3,SH-IDX03,PRECISION GEAR,jpy,91273.0,92405.0,1132.0,cu,Supplier Change (Higher Cost Source),Market-driven
actual,2024-11,A3,UQ-A3-01,PANEL FRONT AS,domestic,743033.0,694920.0,-48113.0,cr,VA/VE Improvement,Engineering-driven
actual,2024-12,A3,UQ-A3-01,PANEL FRONT AS,domestic,694920.0,731258.0,36338.0,cu,Supplier Change (Higher Cost Source),Market-driven
actual,2025-01,A3,UQ-A3-01,PANEL FRONT AS,domestic,731258.0,695338.0,-35920.0,cr,Alternative Material Substitution,Engineering-driven
actual,2025-02,A3,UQ-A3-01,PANEL FRONT AS,domestic,695338.0,733899.0,38561.0,cu,Logistics/Freight Cost Increase,Market-driven
actual,2025-03,A3,UQ-A3-01,PANEL FRONT AS,domestic,733899.0,727086.0,-6813.0,cr,Alternative Material Substitution,Engineering-driven
actual,2025-04,A3,UQ-A3-01,PANEL FRONT AS,domestic,727086.0,707968.0,-19118.0,cr,Localization / Local Sourcing,Operational-driven
actual,2025-05,A3,UQ-A3-01,PANEL FRONT AS,domestic,707968.0,707968.0,0.0,,,
actual,2025-06,A3,UQ-A3-01,PANEL FRONT AS,domestic,707968.0,676857.0,-31111.0,cr,Localization / Local Sourcing,Operational-driven
actual,2025-07,A3,UQ-A3-01,PANEL FRONT AS,domestic,676857.0,670601.0,-6256.0,cr,Supplier Negotiation,Operational-driven
actual,2025-08,A3,UQ-A3-01,PANEL FRONT AS,domestic,670601.0,670601.0,0.0,,,
actual,2025-09,A3,UQ-A3-01,PANEL FRONT AS,domestic,670601.0,627980.0,-42621.0,cr,Alternative Material Substitution,Engineering-driven
actual,2025-10,A3,UQ-A3-01,PANEL FRONT AS,domestic,627980.0,627980.0,0.0,,,
actual,2024-11,A3,UQ-A3-02,BRACKET SUPPORT,domestic,531882.0,517194.0,-14688.0,cr,Process Improvement (Yield Up),Operational-driven
actual,2024-12,A3,UQ-A3-02,BRACKET SUPPORT,domestic,517194.0,546055.0,28861.0,cu,Engineering Change / Spec Upgrade,Engineering-driven
actual,2025-01,A3,UQ-A3-02,BRACKET SUPPORT,domestic,546055.0,548973.0,2918.0,cu,Logistics/Freight Cost Increase,Market-driven
actual,2025-02,A3,UQ-A3-02,BRACKET SUPPORT,domestic,548973.0,531789.0,-17184.0,cr,Process Improvement (Yield Up),Operational-driven
actual,2025-03,A3,UQ-A3-02,BRACKET SUPPORT,domestic,531789.0,531789.0,0.0,,,
actual,2025-04,A3,UQ-A3-02,BRACKET SUPPORT,domestic,531789.0,537489.0,5700.0,cu,Yield/Scrap Rate Increase,Operational-driven
actual,2025-05,A3,UQ-A3-02,BRACKET SUPPORT,domestic,537489.0,543377.0,5888.0,cu,Raw Material Price Increase,Market-driven
actual,2025-06,A3,UQ-A3-02,BRACKET SUPPORT,domestic,543377.0,554265.0,10888.0,cu,Logistics/Freight Cost Increase,Market-driven
actual,2025-07,A3,UQ-A3-02,BRACKET SUPPORT,domestic,554265.0,536887.0,-17378.0,cr,Supplier Negotiation,Operational-driven
actual,2025-08,A3,UQ-A3-02,BRACKET SUPPORT,domestic,536887.0,504919.0,-31968.0,cr,Process Improvement (Yield Up),Operational-driven
actual,2025-09,A3,UQ-A3-02,BRACKET SUPPORT,domestic,504919.0,524936.0,20017.0,cu,Supplier Change (Higher Cost Source),Market-driven
actual,2025-10,A3,UQ-A3-02,BRACKET SUPPORT,domestic,524936.0,556844.0,31908.0,cu,Raw Material Price Increase,Market-driven
actual,2024-11,A3,UQ-A3-03,IC CHIP CONTROL,usd,1039099.0,1004783.0,-34316.0,cr,Process Improvement (Yield Up),Operational-driven
actual,2024-12,A3,UQ-A3-03,IC CHIP CONTROL,usd,1004783.0,992129.0,-12654.0,cr,Supplier Negotiation,Operational-driven
actual,2025-01,A3,UQ-A3-03,IC CHIP CONTROL,usd,992129.0,1026941.0,34812.0,cu,Supplier Change (Higher Cost Source),Market-driven
actual,2025-02,A3,UQ-A3-03,IC CHIP CONTROL,usd,1026941.0,980836.0,-46105.0,cr,Supplier Negotiation,Operational-driven
actual,2025-03,A3,UQ-A3-03,IC CHIP CONTROL,usd,980836.0,987290.0,6454.0,cu,Yield/Scrap Rate Increase,Operational-driven
actual,2025-04,A3,UQ-A3-03,IC CHIP CONTROL,usd,987290.0,960721.0,-26569.0,cr,VA/VE Improvement,Engineering-driven
actual,2025-05,A3,UQ-A3-03,IC CHIP CONTROL,usd,960721.0,924545.0,-36176.0,cr,Process Improvement (Yield Up),Operational-driven
actual,2025-06,A3,UQ-A3-03,IC CHIP CONTROL,usd,924545.0,890476.0,-34069.0,cr,VA/VE Improvement,Engineering-driven
actual,2025-07,A3,UQ-A3-03,IC CHIP CONTROL,usd,890476.0,858640.0,-31836.0,cr,Process Improvement (Yield Up),Operational-driven
actual,2025-08,A3,UQ-A3-03,IC CHIP CONTROL,usd,858640.0,826838.0,-31802.0,cr,Localization / Local Sourcing,Operational-driven
actual,2025-09,A3,UQ-A3-03,IC CHIP CONTROL,usd,826838.0,826838.0,0.0,,,
actual,2025-10,A3,UQ-A3-03,IC CHIP CONTROL,usd,826838.0,781550.0,-45288.0,cr,Localization / Local Sourcing,Operational-driven
actual,2024-11,A3,UQ-A3-04,MOTOR UNIT,jpy,531908.0,583613.0,51705.0,cu,Logistics/Freight Cost Increase,Market-driven
actual,2024-12,A3,UQ-A3-04,MOTOR UNIT,jpy,583613.0,652250.0,68637.0,cu,Engineering Change / Spec Upgrade,Engineering-driven
actual,2025-01,A3,UQ-A3-04,MOTOR UNIT,jpy,652250.0,690448.0,38198.0,cu,Raw Material Price Increase,Market-driven
actual,2025-02,A3,UQ-A3-04,MOTOR UNIT,jpy,690448.0,604671.0,-85777.0,cr,VA/VE Improvement,Engineering-driven
actual,2025-03,A3,UQ-A3-04,MOTOR UNIT,jpy,604671.0,604671.0,0.0,,,
actual,2025-04,A3,UQ-A3-04,MOTOR UNIT,jpy,604671.0,540043.0,-64628.0,cr,Supplier Negotiation,Operational-driven
actual,2025-05,A3,UQ-A3-04,MOTOR UNIT,jpy,540043.0,540043.0,0.0,,,
actual,2025-06,A3,UQ-A3-04,MOTOR UNIT,jpy,540043.0,482148.0,-57895.0,cr,Alternative Material Substitution,Engineering-driven
actual,2025-07,A3,UQ-A3-04,MOTOR UNIT,jpy,482148.0,510966.0,28818.0,cu,Supplier Change (Higher Cost Source),Market-driven
actual,2025-08,A3,UQ-A3-04,MOTOR UNIT,jpy,510966.0,534386.0,23420.0,cu,Yield/Scrap Rate Increase,Operational-driven
actual,2025-09,A3,UQ-A3-04,MOTOR UNIT,jpy,534386.0,534386.0,0.0,,,
actual,2025-10,A3,UQ-A3-04,MOTOR UNIT,jpy,534386.0,600531.0,66145.0,cu,Yield/Scrap Rate Increase,Operational-driven
actual,2024-11,A3,UQ-A3-05,SENSOR MODULE,jpy,371411.0,367859.0,-3552.0,cr,Alternative Material Substitution,Engineering-driven
actual,2024-12,A3,UQ-A3-05,SENSOR MODULE,jpy,367859.0,382803.0,14944.0,cu,Yield/Scrap Rate Increase,Operational-driven
actual,2025-01,A3,UQ-A3-05,SENSOR MODULE,jpy,382803.0,382803.0,0.0,,,
actual,2025-02,A3,UQ-A3-05,SENSOR MODULE,jpy,382803.0,396324.0,13521.0,cu,Raw Material Price Increase,Market-driven
actual,2025-03,A3,UQ-A3-05,SENSOR MODULE,jpy,396324.0,414619.0,18295.0,cu,Logistics/Freight Cost Increase,Market-driven
actual,2025-04,A3,UQ-A3-05,SENSOR MODULE,jpy,414619.0,395484.0,-19135.0,cr,Localization / Local Sourcing,Operational-driven
actual,2025-05,A3,UQ-A3-05,SENSOR MODULE,jpy,395484.0,374826.0,-20658.0,cr,Process Improvement (Yield Up),Operational-driven
actual,2025-06,A3,UQ-A3-05,SENSOR MODULE,jpy,374826.0,363276.0,-11550.0,cr,Localization / Local Sourcing,Operational-driven
actual,2025-07,A3,UQ-A3-05,SENSOR MODULE,jpy,363276.0,383957.0,20681.0,cu,Yield/Scrap Rate Increase,Operational-driven
actual,2025-08,A3,UQ-A3-05,SENSOR MODULE,jpy,383957.0,364524.0,-19433.0,cr,Localization / Local Sourcing,Operational-driven
actual,2025-09,A3,UQ-A3-05,SENSOR MODULE,jpy,364524.0,364524.0,0.0,,,
actual,2025-10,A3,UQ-A3-05,SENSOR MODULE,jpy,364524.0,364524.0,0.0,,,
actual,2024-11,A4,SH-CATA-D01,PANEL BOTTOM AS,domestic,98579.0,102503.0,3924.0,cu,Yield/Scrap Rate Increase,Operational-driven
actual,2024-12,A4,SH-CATA-D01,PANEL BOTTOM AS,domestic,102503.0,102503.0,0.0,,,
actual,2025-01,A4,SH-CATA-D01,PANEL BOTTOM AS,domestic,102503.0,103061.0,558.0,cu,Supplier Change (Higher Cost Source),Market-driven
actual,2025-02,A4,SH-CATA-D01,PANEL BOTTOM AS,domestic,103061.0,98861.0,-4200.0,cr,Supplier Negotiation,Operational-driven
actual,2025-03,A4,SH-CATA-D01,PANEL BOTTOM AS,domestic,98861.0,98861.0,0.0,,,
actual,2025-04,A4,SH-CATA-D01,PANEL BOTTOM AS,domestic,98861.0,98861.0,0.0,,,
actual,2025-05,A4,SH-CATA-D01,PANEL BOTTOM AS,domestic,98861.0,99679.0,818.0,cu,Yield/Scrap Rate Increase,Operational-driven
actual,2025-06,A4,SH-CATA-D01,PANEL BOTTOM AS,domestic,99679.0,102636.0,2957.0,cu,Supplier Change (Higher Cost Source),Market-driven
actual,2025-07,A4,SH-CATA-D01,PANEL BOTTOM AS,domestic,102636.0,106644.0,4008.0,cu,Yield/Scrap Rate Increase,Operational-driven
actual,2025-08,A4,SH-CATA-D01,PANEL BOTTOM AS,domestic,106644.0,110883.0,4239.0,cu,Supplier Change (Higher Cost Source),Market-driven
actual,2025-09,A4,SH-CATA-D01,PANEL BOTTOM AS,domestic,110883.0,116042.0,5159.0,cu,Engineering Change / Spec Upgrade,Engineering-driven
actual,2025-10,A4,SH-CATA-D01,PANEL BOTTOM AS,domestic,116042.0,112002.0,-4040.0,cr,Localization / Local Sourcing,Operational-driven
actual,2024-11,A4,SH-CATA-U01,CONNECTOR HOUSING,usd,56296.0,59103.0,2807.0,cu,Raw Material Price Increase,Market-driven
actual,2024-12,A4,SH-CATA-U01,CONNECTOR HOUSING,usd,59103.0,62210.0,3107.0,cu,Supplier Change (Higher Cost Source),Market-driven
actual,2025-01,A4,SH-CATA-U01,CONNECTOR HOUSING,usd,62210.0,65724.0,3514.0,cu,Supplier Change (Higher Cost Source),Market-driven
actual,2025-02,A4,SH-CATA-U01,CONNECTOR HOUSING,usd,65724.0,69879.0,4155.0,cu,Supplier Change (Higher Cost Source),Market-driven
actual,2025-03,A4,SH-CATA-U01,CONNECTOR HOUSING,usd,69879.0,73619.0,3740.0,cu,Supplier Change (Higher Cost Source),Market-driven
actual,2025-04,A4,SH-CATA-U01,CONNECTOR HOUSING,usd,73619.0,78184.0,4565.0,cu,Supplier Change (Higher Cost Source),Market-driven
actual,2025-05,A4,SH-CATA-U01,CONNECTOR HOUSING,usd,78184.0,82589.0,4405.0,cu,Supplier Change (Higher Cost Source),Market-driven
actual,2025-06,A4,SH-CATA-U01,CONNECTOR HOUSING,usd,82589.0,87542.0,4953.0,cu,Raw Material Price Increase,Market-driven
actual,2025-07,A4,SH-CATA-U01,CONNECTOR HOUSING,usd,87542.0,91058.0,3516.0,cu,Raw Material Price Increase,Market-driven
actual,2025-08,A4,SH-CATA-U01,CONNECTOR HOUSING,usd,91058.0,94744.0,3686.0,cu,Supplier Change (Higher Cost Source),Market-driven
actual,2025-09,A4,SH-CATA-U01,CONNECTOR HOUSING,usd,94744.0,100225.0,5481.0,cu,Supplier Change (Higher Cost Source),Market-driven
actual,2025-10,A4,SH-CATA-U01,CONNECTOR HOUSING,usd,100225.0,104801.0,4576.0,cu,Raw Material Price Increase,Market-driven
actual,2024-11,A4,SH-IDX04,PRECISION GEAR,jpy,26043.0,26043.0,0.0,,,
actual,2024-12,A4,SH-IDX04,PRECISION GEAR,jpy,26043.0,24762.0,-1281.0,cr,Process Improvement (Yield Up),Operational-driven
actual,2025-01,A4,SH-IDX04,PRECISION GEAR,jpy,24762.0,25176.0,414.0,cu,Supplier Change (Higher Cost Source),Market-driven
actual,2025-02,A4,SH-IDX04,PRECISION GEAR,jpy,25176.0,25471.0,295.0,cu,Supplier Change (Higher Cost Source),Market-driven
actual,2025-03,A4,SH-IDX04,PRECISION GEAR,jpy,25471.0,24304.0,-1167.0,cr,Supplier Negotiation,Operational-driven
actual,2025-04,A4,SH-IDX04,PRECISION GEAR,jpy,24304.0,24436.0,132.0,cu,Raw Material Price Increase,Market-driven
actual,2025-05,A4,SH-IDX04,PRECISION GEAR,jpy,24436.0,24016.0,-420.0,cr,Alternative Material Substitution,Engineering-driven
actual,2025-06,A4,SH-IDX04,PRECISION GEAR,jpy,24016.0,25024.0,1008.0,cu,Yield/Scrap Rate Increase,Operational-driven
actual,2025-07,A4,SH-IDX04,PRECISION GEAR,jpy,25024.0,25024.0,0.0,,,
actual,2025-08,A4,SH-IDX04,PRECISION GEAR,jpy,25024.0,25476.0,452.0,cu,Raw Material Price Increase,Market-driven
actual,2025-09,A4,SH-IDX04,PRECISION GEAR,jpy,25476.0,25063.0,-413.0,cr,Process Improvement (Yield Up),Operational-driven
actual,2025-10,A4,SH-IDX04,PRECISION GEAR,jpy,25063.0,26236.0,1173.0,cu,Logistics/Freight Cost Increase,Market-driven
actual,2024-11,A4,UQ-A4-01,PANEL FRONT AS,domestic,734870.0,715163.0,-19707.0,cr,VA/VE Improvement,Engineering-driven
actual,2024-12,A4,UQ-A4-01,PANEL FRONT AS,domestic,715163.0,745348.0,30185.0,cu,Raw Material Price Increase,Market-driven
actual,2025-01,A4,UQ-A4-01,PANEL FRONT AS,domestic,745348.0,751573.0,6225.0,cu,Supplier Change (Higher Cost Source),Market-driven
actual,2025-02,A4,UQ-A4-01,PANEL FRONT AS,domestic,751573.0,788290.0,36717.0,cu,Supplier Change (Higher Cost Source),Market-driven
actual,2025-03,A4,UQ-A4-01,PANEL FRONT AS,domestic,788290.0,739047.0,-49243.0,cr,VA/VE Improvement,Engineering-driven
actual,2025-04,A4,UQ-A4-01,PANEL FRONT AS,domestic,739047.0,700033.0,-39014.0,cr,Localization / Local Sourcing,Operational-driven
actual,2025-05,A4,UQ-A4-01,PANEL FRONT AS,domestic,700033.0,738272.0,38239.0,cu,Raw Material Price Increase,Market-driven
actual,2025-06,A4,UQ-A4-01,PANEL FRONT AS,domestic,738272.0,738272.0,0.0,,,
actual,2025-07,A4,UQ-A4-01,PANEL FRONT AS,domestic,738272.0,738272.0,0.0,,,
actual,2025-08,A4,UQ-A4-01,PANEL FRONT AS,domestic,738272.0,716032.0,-22240.0,cr,Localization / Local Sourcing,Operational-driven
actual,2025-09,A4,UQ-A4-01,PANEL FRONT AS,domestic,716032.0,699319.0,-16713.0,cr,Localization / Local Sourcing,Operational-driven
actual,2025-10,A4,UQ-A4-01,PANEL FRONT AS,domestic,699319.0,681596.0,-17723.0,cr,Localization / Local Sourcing,Operational-driven
actual,2024-11,A4,UQ-A4-02,BRACKET SUPPORT,domestic,503375.0,495839.0,-7536.0,cr,Localization / Local Sourcing,Operational-driven
actual,2024-12,A4,UQ-A4-02,BRACKET SUPPORT,domestic,495839.0,495839.0,0.0,,,
actual,2025-01,A4,UQ-A4-02,BRACKET SUPPORT,domestic,495839.0,512897.0,17058.0,cu,Logistics/Freight Cost Increase,Market-driven
actual,2025-02,A4,UQ-A4-02,BRACKET SUPPORT,domestic,512897.0,531984.0,19087.0,cu,Raw Material Price Increase,Market-driven
actual,2025-03,A4,UQ-A4-02,BRACKET SUPPORT,domestic,531984.0,512098.0,-19886.0,cr,Localization / Local Sourcing,Operational-driven
actual,2025-04,A4,UQ-A4-02,BRACKET SUPPORT,domestic,512098.0,500719.0,-11379.0,cr,Alternative Material Substitution,Engineering-driven
actual,2025-05,A4,UQ-A4-02,BRACKET SUPPORT,domestic,500719.0,492704.0,-8015.0,cr,Process Improvement (Yield Up),Operational-driven
actual,2025-06,A4,UQ-A4-02,BRACKET SUPPORT,domestic,492704.0,492704.0,0.0,,,
actual,2025-07,A4,UQ-A4-02,BRACKET SUPPORT,domestic,492704.0,502107.0,9403.0,cu,Engineering Change / Spec Upgrade,Engineering-driven
actual,2025-08,A4,UQ-A4-02,BRACKET SUPPORT,domestic,502107.0,502107.0,0.0,,,
actual,2025-09,A4,UQ-A4-02,BRACKET SUPPORT,domestic,502107.0,500053.0,-2054.0,cr,Localization / Local Sourcing,Operational-driven
actual,2025-10,A4,UQ-A4-02,BRACKET SUPPORT,domestic,500053.0,529752.0,29699.0,cu,Raw Material Price Increase,Market-driven
actual,2024-11,A4,UQ-A4-03,IC CHIP CONTROL,usd,1135514.0,1180111.0,44597.0,cu,Engineering Change / Spec Upgrade,Engineering-driven
actual,2024-12,A4,UQ-A4-03,IC CHIP CONTROL,usd,1180111.0,1106781.0,-73330.0,cr,Process Improvement (Yield Up),Operational-driven
actual,2025-01,A4,UQ-A4-03,IC CHIP CONTROL,usd,1106781.0,1155164.0,48383.0,cu,Supplier Change (Higher Cost Source),Market-driven
actual,2025-02,A4,UQ-A4-03,IC CHIP CONTROL,usd,1155164.0,1220954.0,65790.0,cu,Logistics/Freight Cost Increase,Market-driven
actual,2025-03,A4,UQ-A4-03,IC CHIP CONTROL,usd,1220954.0,1266200.0,45246.0,cu,Logistics/Freight Cost Increase,Market-driven
actual,2025-04,A4,UQ-A4-03,IC CHIP CONTROL,usd,1266200.0,1350311.0,84111.0,cu,Yield/Scrap Rate Increase,Operational-driven
actual,2025-05,A4,UQ-A4-03,IC CHIP CONTROL,usd,1350311.0,1373199.0,22888.0,cu,Supplier Change (Higher Cost Source),Market-driven
actual,2025-06,A4,UQ-A4-03,IC CHIP CONTROL,usd,1373199.0,1426763.0,53564.0,cu,Logistics/Freight Cost Increase,Market-driven
actual,2025-07,A4,UQ-A4-03,IC CHIP CONTROL,usd,1426763.0,1321676.0,-105087.0,cr,Supplier Negotiation,Operational-driven
actual,2025-08,A4,UQ-A4-03,IC CHIP CONTROL,usd,1321676.0,1313844.0,-7832.0,cr,Alternative Material Substitution,Engineering-driven
actual,2025-09,A4,UQ-A4-03,IC CHIP CONTROL,usd,1313844.0,1304911.0,-8933.0,cr,Process Improvement (Yield Up),Operational-driven
actual,2025-10,A4,UQ-A4-03,IC CHIP CONTROL,usd,1304911.0,1234205.0,-70706.0,cr,Localization / Local Sourcing,Operational-driven
actual,2024-11,A4,UQ-A4-04,MOTOR UNIT,jpy,66009.0,67914.0,1905.0,cu,Raw Material Price Increase,Market-driven
actual,2024-12,A4,UQ-A4-04,MOTOR UNIT,jpy,67914.0,71118.0,3204.0,cu,Logistics/Freight Cost Increase,Market-driven
actual,2025-01,A4,UQ-A4-04,MOTOR UNIT,jpy,71118.0,72271.0,1153.0,cu,Engineering Change / Spec Upgrade,Engineering-driven
actual,2025-02,A4,UQ-A4-04,MOTOR UNIT,jpy,72271.0,74567.0,2296.0,cu,Raw Material Price Increase,Market-driven
actual,2025-03,A4,UQ-A4-04,MOTOR UNIT,jpy,74567.0,70666.0,-3901.0,cr,Supplier Negotiation,Operational-driven
actual,2025-04,A4,UQ-A4-04,MOTOR UNIT,jpy,70666.0,72702.0,2036.0,cu,Yield/Scrap Rate Increase,Operational-driven
actual,2025-05,A4,UQ-A4-04,MOTOR UNIT,jpy,72702.0,73829.0,1127.0,cu,Yield/Scrap Rate Increase,Operational-driven
actual,2025-06,A4,UQ-A4-04,MOTOR UNIT,jpy,73829.0,71248.0,-2581.0,cr,Localization / Local Sourcing,Operational-driven
actual,2025-07,A4,UQ-A4-04,MOTOR UNIT,jpy,71248.0,74031.0,2783.0,cu,Engineering Change / Spec Upgrade,Engineering-driven
actual,2025-08,A4,UQ-A4-04,MOTOR UNIT,jpy,74031.0,76522.0,2491.0,cu,Engineering Change / Spec Upgrade,Engineering-driven
actual,2025-09,A4,UQ-A4-04,MOTOR UNIT,jpy,76522.0,78520.0,1998.0,cu,Supplier Change (Higher Cost Source),Market-driven
actual,2025-10,A4,UQ-A4-04,MOTOR UNIT,jpy,78520.0,83134.0,4614.0,cu,Yield/Scrap Rate Increase,Operational-driven
actual,2024-11,A4,UQ-A4-05,SENSOR MODULE,jpy,77792.0,75735.0,-2057.0,cr,Localization / Local Sourcing,Operational-driven
actual,2024-12,A4,UQ-A4-05,SENSOR MODULE,jpy,75735.0,75735.0,0.0,,,
actual,2025-01,A4,UQ-A4-05,SENSOR MODULE,jpy,75735.0,75735.0,0.0,,,
actual,2025-02,A4,UQ-A4-05,SENSOR MODULE,jpy,75735.0,75735.0,0.0,,,
actual,2025-03,A4,UQ-A4-05,SENSOR MODULE,jpy,75735.0,74596.0,-1139.0,cr,Alternative Material Substitution,Engineering-driven
actual,2025-04,A4,UQ-A4-05,SENSOR MODULE,jpy,74596.0,73814.0,-782.0,cr,Supplier Negotiation,Operational-driven
actual,2025-05,A4,UQ-A4-05,SENSOR MODULE,jpy,73814.0,72123.0,-1691.0,cr,Process Improvement (Yield Up),Operational-driven
actual,2025-06,A4,UQ-A4-05,SENSOR MODULE,jpy,72123.0,67401.0,-4722.0,cr,Supplier Negotiation,Operational-driven
actual,2025-07,A4,UQ-A4-05,SENSOR MODULE,jpy,67401.0,69742.0,2341.0,cu,Logistics/Freight Cost Increase,Market-driven
actual,2025-08,A4,UQ-A4-05,SENSOR MODULE,jpy,69742.0,68382.0,-1360.0,cr,VA/VE Improvement,Engineering-driven
actual,2025-09,A4,UQ-A4-05,SENSOR MODULE,jpy,68382.0,70060.0,1678.0,cu,Supplier Change (Higher Cost Source),Market-driven
actual,2025-10,A4,UQ-A4-05,SENSOR MODULE,jpy,70060.0,71353.0,1293.0,cu,Yield/Scrap Rate Increase,Operational-driven
actual,2024-11,A4,SH-EVEN-01,TAPE PU-F,domestic,70295.0,67819.0,-2476.0,cr,Localization / Local Sourcing,Operational-driven
actual,2024-12,A4,SH-EVEN-01,TAPE PU-F,domestic,67819.0,68361.0,542.0,cu,Engineering Change / Spec Upgrade,Engineering-driven
actual,2025-01,A4,SH-EVEN-01,TAPE PU-F,domestic,68361.0,67771.0,-590.0,cr,Localization / Local Sourcing,Operational-driven
actual,2025-02,A4,SH-EVEN-01,TAPE PU-F,domestic,67771.0,70908.0,3137.0,cu,Logistics/Freight Cost Increase,Market-driven
actual,2025-03,A4,SH-EVEN-01,TAPE PU-F,domestic,70908.0,70908.0,0.0,,,
actual,2025-04,A4,SH-EVEN-01,TAPE PU-F,domestic,70908.0,67971.0,-2937.0,cr,Localization / Local Sourcing,Operational-driven
actual,2025-05,A4,SH-EVEN-01,TAPE PU-F,domestic,67971.0,70882.0,2911.0,cu,Logistics/Freight Cost Increase,Market-driven
actual,2025-06,A4,SH-EVEN-01,TAPE PU-F,domestic,70882.0,70015.0,-867.0,cr,Process Improvement (Yield Up),Operational-driven
actual,2025-07,A4,SH-EVEN-01,TAPE PU-F,domestic,70015.0,71263.0,1248.0,cu,Yield/Scrap Rate Increase,Operational-driven
actual,2025-08,A4,SH-EVEN-01,TAPE PU-F,domestic,71263.0,71263.0,0.0,,,
actual,2025-09,A4,SH-EVEN-01,TAPE PU-F,domestic,71263.0,69379.0,-1884.0,cr,Localization / Local Sourcing,Operational-driven
actual,2025-10,A4,SH-EVEN-01,TAPE PU-F,domestic,69379.0,72373.0,2994.0,cu,Logistics/Freight Cost Increase,Market-driven
actual,2024-11,A4,SH-EVEN-02,RESIN COMPOUND,usd,19042.0,19042.0,0.0,,,
actual,2024-12,A4,SH-EVEN-02,RESIN COMPOUND,usd,19042.0,18947.0,-95.0,cr,Supplier Negotiation,Operational-driven
actual,2025-01,A4,SH-EVEN-02,RESIN COMPOUND,usd,18947.0,17907.0,-1040.0,cr,Alternative Material Substitution,Engineering-driven
actual,2025-02,A4,SH-EVEN-02,RESIN COMPOUND,usd,17907.0,18018.0,111.0,cu,Supplier Change (Higher Cost Source),Market-driven
actual,2025-03,A4,SH-EVEN-02,RESIN COMPOUND,usd,18018.0,17275.0,-743.0,cr,Supplier Negotiation,Operational-driven
actual,2025-04,A4,SH-EVEN-02,RESIN COMPOUND,usd,17275.0,16381.0,-894.0,cr,Alternative Material Substitution,Engineering-driven
actual,2025-05,A4,SH-EVEN-02,RESIN COMPOUND,usd,16381.0,16909.0,528.0,cu,Supplier Change (Higher Cost Source),Market-driven
actual,2025-06,A4,SH-EVEN-02,RESIN COMPOUND,usd,16909.0,16909.0,0.0,,,
actual,2025-07,A4,SH-EVEN-02,RESIN COMPOUND,usd,16909.0,17621.0,712.0,cu,Raw Material Price Increase,Market-driven
actual,2025-08,A4,SH-EVEN-02,RESIN COMPOUND,usd,17621.0,17621.0,0.0,,,
actual,2025-09,A4,SH-EVEN-02,RESIN COMPOUND,usd,17621.0,17066.0,-555.0,cr,Process Improvement (Yield Up),Operational-driven
actual,2025-10,A4,SH-EVEN-02,RESIN COMPOUND,usd,17066.0,17840.0,774.0,cu,Yield/Scrap Rate Increase,Operational-driven
actual,2024-11,A5,SH-CATA-D01,PANEL BOTTOM AS,domestic,98579.0,102503.0,3924.0,cu,Yield/Scrap Rate Increase,Operational-driven
actual,2024-12,A5,SH-CATA-D01,PANEL BOTTOM AS,domestic,102503.0,102503.0,0.0,,,
actual,2025-01,A5,SH-CATA-D01,PANEL BOTTOM AS,domestic,102503.0,103061.0,558.0,cu,Supplier Change (Higher Cost Source),Market-driven
actual,2025-02,A5,SH-CATA-D01,PANEL BOTTOM AS,domestic,103061.0,98861.0,-4200.0,cr,Supplier Negotiation,Operational-driven
actual,2025-03,A5,SH-CATA-D01,PANEL BOTTOM AS,domestic,98861.0,98861.0,0.0,,,
actual,2025-04,A5,SH-CATA-D01,PANEL BOTTOM AS,domestic,98861.0,98861.0,0.0,,,
actual,2025-05,A5,SH-CATA-D01,PANEL BOTTOM AS,domestic,98861.0,99679.0,818.0,cu,Yield/Scrap Rate Increase,Operational-driven
actual,2025-06,A5,SH-CATA-D01,PANEL BOTTOM AS,domestic,99679.0,102636.0,2957.0,cu,Supplier Change (Higher Cost Source),Market-driven
actual,2025-07,A5,SH-CATA-D01,PANEL BOTTOM AS,domestic,102636.0,106644.0,4008.0,cu,Yield/Scrap Rate Increase,Operational-driven
actual,2025-08,A5,SH-CATA-D01,PANEL BOTTOM AS,domestic,106644.0,110883.0,4239.0,cu,Supplier Change (Higher Cost Source),Market-driven
actual,2025-09,A5,SH-CATA-D01,PANEL BOTTOM AS,domestic,110883.0,116042.0,5159.0,cu,Engineering Change / Spec Upgrade,Engineering-driven
actual,2025-10,A5,SH-CATA-D01,PANEL BOTTOM AS,domestic,116042.0,112002.0,-4040.0,cr,Localization / Local Sourcing,Operational-driven
actual,2024-11,A5,SH-CATA-U01,CONNECTOR HOUSING,usd,56296.0,59103.0,2807.0,cu,Raw Material Price Increase,Market-driven
actual,2024-12,A5,SH-CATA-U01,CONNECTOR HOUSING,usd,59103.0,62210.0,3107.0,cu,Supplier Change (Higher Cost Source),Market-driven
actual,2025-01,A5,SH-CATA-U01,CONNECTOR HOUSING,usd,62210.0,65724.0,3514.0,cu,Supplier Change (Higher Cost Source),Market-driven
actual,2025-02,A5,SH-CATA-U01,CONNECTOR HOUSING,usd,65724.0,69879.0,4155.0,cu,Supplier Change (Higher Cost Source),Market-driven
actual,2025-03,A5,SH-CATA-U01,CONNECTOR HOUSING,usd,69879.0,73619.0,3740.0,cu,Supplier Change (Higher Cost Source),Market-driven
actual,2025-04,A5,SH-CATA-U01,CONNECTOR HOUSING,usd,73619.0,78184.0,4565.0,cu,Supplier Change (Higher Cost Source),Market-driven
actual,2025-05,A5,SH-CATA-U01,CONNECTOR HOUSING,usd,78184.0,82589.0,4405.0,cu,Supplier Change (Higher Cost Source),Market-driven
actual,2025-06,A5,SH-CATA-U01,CONNECTOR HOUSING,usd,82589.0,87542.0,4953.0,cu,Raw Material Price Increase,Market-driven
actual,2025-07,A5,SH-CATA-U01,CONNECTOR HOUSING,usd,87542.0,91058.0,3516.0,cu,Raw Material Price Increase,Market-driven
actual,2025-08,A5,SH-CATA-U01,CONNECTOR HOUSING,usd,91058.0,94744.0,3686.0,cu,Supplier Change (Higher Cost Source),Market-driven
actual,2025-09,A5,SH-CATA-U01,CONNECTOR HOUSING,usd,94744.0,100225.0,5481.0,cu,Supplier Change (Higher Cost Source),Market-driven
actual,2025-10,A5,SH-CATA-U01,CONNECTOR HOUSING,usd,100225.0,104801.0,4576.0,cu,Raw Material Price Increase,Market-driven
actual,2024-11,A5,SH-IDX05,PRECISION GEAR,jpy,152329.0,143614.0,-8715.0,cr,Alternative Material Substitution,Engineering-driven
actual,2024-12,A5,SH-IDX05,PRECISION GEAR,jpy,143614.0,137648.0,-5966.0,cr,Alternative Material Substitution,Engineering-driven
actual,2025-01,A5,SH-IDX05,PRECISION GEAR,jpy,137648.0,135933.0,-1715.0,cr,Process Improvement (Yield Up),Operational-driven
actual,2025-02,A5,SH-IDX05,PRECISION GEAR,jpy,135933.0,143085.0,7152.0,cu,Yield/Scrap Rate Increase,Operational-driven
actual,2025-03,A5,SH-IDX05,PRECISION GEAR,jpy,143085.0,137632.0,-5453.0,cr,Alternative Material Substitution,Engineering-driven
actual,2025-04,A5,SH-IDX05,PRECISION GEAR,jpy,137632.0,132088.0,-5544.0,cr,Localization / Local Sourcing,Operational-driven
actual,2025-05,A5,SH-IDX05,PRECISION GEAR,jpy,132088.0,128385.0,-3703.0,cr,Process Improvement (Yield Up),Operational-driven
actual,2025-06,A5,SH-IDX05,PRECISION GEAR,jpy,128385.0,128385.0,0.0,,,
actual,2025-07,A5,SH-IDX05,PRECISION GEAR,jpy,128385.0,124087.0,-4298.0,cr,Localization / Local Sourcing,Operational-driven
actual,2025-08,A5,SH-IDX05,PRECISION GEAR,jpy,124087.0,129958.0,5871.0,cu,Yield/Scrap Rate Increase,Operational-driven
actual,2025-09,A5,SH-IDX05,PRECISION GEAR,jpy,129958.0,126447.0,-3511.0,cr,Process Improvement (Yield Up),Operational-driven
actual,2025-10,A5,SH-IDX05,PRECISION GEAR,jpy,126447.0,129729.0,3282.0,cu,Raw Material Price Increase,Market-driven
actual,2024-11,A5,UQ-A5-01,PANEL FRONT AS,domestic,579661.0,585051.0,5390.0,cu,Logistics/Freight Cost Increase,Market-driven
actual,2024-12,A5,UQ-A5-01,PANEL FRONT AS,domestic,585051.0,585051.0,0.0,,,
actual,2025-01,A5,UQ-A5-01,PANEL FRONT AS,domestic,585051.0,585051.0,0.0,,,
actual,2025-02,A5,UQ-A5-01,PANEL FRONT AS,domestic,585051.0,574086.0,-10965.0,cr,Alternative Material Substitution,Engineering-driven
actual,2025-03,A5,UQ-A5-01,PANEL FRONT AS,domestic,574086.0,574086.0,0.0,,,
actual,2025-04,A5,UQ-A5-01,PANEL FRONT AS,domestic,574086.0,538172.0,-35914.0,cr,VA/VE Improvement,Engineering-driven
actual,2025-05,A5,UQ-A5-01,PANEL FRONT AS,domestic,538172.0,538172.0,0.0,,,
actual,2025-06,A5,UQ-A5-01,PANEL FRONT AS,domestic,538172.0,547308.0,9136.0,cu,Supplier Change (Higher Cost Source),Market-driven
actual,2025-07,A5,UQ-A5-01,PANEL FRONT AS,domestic,547308.0,554755.0,7447.0,cu,Yield/Scrap Rate Increase,Operational-driven
actual,2025-08,A5,UQ-A5-01,PANEL FRONT AS,domestic,554755.0,534188.0,-20567.0,cr,VA/VE Improvement,Engineering-driven
actual,2025-09,A5,UQ-A5-01,PANEL FRONT AS,domestic,534188.0,539341.0,5153.0,cu,Supplier Change (Higher Cost Source),Market-driven
actual,2025-10,A5,UQ-A5-01,PANEL FRONT AS,domestic,539341.0,552632.0,13291.0,cu,Engineering Change / Spec Upgrade,Engineering-driven
actual,2024-11,A5,UQ-A5-02,BRACKET SUPPORT,domestic,430061.0,440391.0,10330.0,cu,Engineering Change / Spec Upgrade,Engineering-driven
actual,2024-12,A5,UQ-A5-02,BRACKET SUPPORT,domestic,440391.0,461444.0,21053.0,cu,Yield/Scrap Rate Increase,Operational-driven
actual,2025-01,A5,UQ-A5-02,BRACKET SUPPORT,domestic,461444.0,476792.0,15348.0,cu,Engineering Change / Spec Upgrade,Engineering-driven
actual,2025-02,A5,UQ-A5-02,BRACKET SUPPORT,domestic,476792.0,484465.0,7673.0,cu,Supplier Change (Higher Cost Source),Market-driven
actual,2025-03,A5,UQ-A5-02,BRACKET SUPPORT,domestic,484465.0,491693.0,7228.0,cu,Yield/Scrap Rate Increase,Operational-driven
actual,2025-04,A5,UQ-A5-02,BRACKET SUPPORT,domestic,491693.0,491693.0,0.0,,,
actual,2025-05,A5,UQ-A5-02,BRACKET SUPPORT,domestic,491693.0,491693.0,0.0,,,
actual,2025-06,A5,UQ-A5-02,BRACKET SUPPORT,domestic,491693.0,483663.0,-8030.0,cr,Process Improvement (Yield Up),Operational-driven
actual,2025-07,A5,UQ-A5-02,BRACKET SUPPORT,domestic,483663.0,483663.0,0.0,,,
actual,2025-08,A5,UQ-A5-02,BRACKET SUPPORT,domestic,483663.0,501956.0,18293.0,cu,Yield/Scrap Rate Increase,Operational-driven
actual,2025-09,A5,UQ-A5-02,BRACKET SUPPORT,domestic,501956.0,501956.0,0.0,,,
actual,2025-10,A5,UQ-A5-02,BRACKET SUPPORT,domestic,501956.0,508017.0,6061.0,cu,Logistics/Freight Cost Increase,Market-driven
actual,2024-11,A5,UQ-A5-03,IC CHIP CONTROL,usd,346357.0,346357.0,0.0,,,
actual,2024-12,A5,UQ-A5-03,IC CHIP CONTROL,usd,346357.0,327508.0,-18849.0,cr,Supplier Negotiation,Operational-driven
actual,2025-01,A5,UQ-A5-03,IC CHIP CONTROL,usd,327508.0,327508.0,0.0,,,
actual,2025-02,A5,UQ-A5-03,IC CHIP CONTROL,usd,327508.0,327508.0,0.0,,,
actual,2025-03,A5,UQ-A5-03,IC CHIP CONTROL,usd,327508.0,334927.0,7419.0,cu,Raw Material Price Increase,Market-driven
actual,2025-04,A5,UQ-A5-03,IC CHIP CONTROL,usd,334927.0,347039.0,12112.0,cu,Supplier Change (Higher Cost Source),Market-driven
actual,2025-05,A5,UQ-A5-03,IC CHIP CONTROL,usd,347039.0,347039.0,0.0,,,
actual,2025-06,A5,UQ-A5-03,IC CHIP CONTROL,usd,347039.0,362200.0,15161.0,cu,Yield/Scrap Rate Increase,Operational-driven
actual,2025-07,A5,UQ-A5-03,IC CHIP CONTROL,usd,362200.0,362200.0,0.0,,,
actual,2025-08,A5,UQ-A5-03,IC CHIP CONTROL,usd,362200.0,358128.0,-4072.0,cr,Localization / Local Sourcing,Operational-driven
actual,2025-09,A5,UQ-A5-03,IC CHIP CONTROL,usd,358128.0,351185.0,-6943.0,cr,Supplier Negotiation,Operational-driven
actual,2025-10,A5,UQ-A5-03,IC CHIP CONTROL,usd,351185.0,351185.0,0.0,,,
actual,2024-11,A5,UQ-A5-04,MOTOR UNIT,jpy,657274.0,635925.0,-21349.0,cr,Process Improvement (Yield Up),Operational-driven
actual,2024-12,A5,UQ-A5-04,MOTOR UNIT,jpy,635925.0,601450.0,-34475.0,cr,VA/VE Improvement,Engineering-driven
actual,2025-01,A5,UQ-A5-04,MOTOR UNIT,jpy,601450.0,594887.0,-6563.0,cr,VA/VE Improvement,Engineering-driven
actual,2025-02,A5,UQ-A5-04,MOTOR UNIT,jpy,594887.0,598159.0,3272.0,cu,Logistics/Freight Cost Increase,Market-driven
actual,2025-03,A5,UQ-A5-04,MOTOR UNIT,jpy,598159.0,575390.0,-22769.0,cr,VA/VE Improvement,Engineering-driven
actual,2025-04,A5,UQ-A5-04,MOTOR UNIT,jpy,575390.0,579557.0,4167.0,cu,Raw Material Price Increase,Market-driven
actual,2025-05,A5,UQ-A5-04,MOTOR UNIT,jpy,579557.0,586167.0,6610.0,cu,Logistics/Freight Cost Increase,Market-driven
actual,2025-06,A5,UQ-A5-04,MOTOR UNIT,jpy,586167.0,573822.0,-12345.0,cr,Supplier Negotiation,Operational-driven
actual,2025-07,A5,UQ-A5-04,MOTOR UNIT,jpy,573822.0,573822.0,0.0,,,
actual,2025-08,A5,UQ-A5-04,MOTOR UNIT,jpy,573822.0,600640.0,26818.0,cu,Yield/Scrap Rate Increase,Operational-driven
actual,2025-09,A5,UQ-A5-04,MOTOR UNIT,jpy,600640.0,600640.0,0.0,,,
actual,2025-10,A5,UQ-A5-04,MOTOR UNIT,jpy,600640.0,624988.0,24348.0,cu,Supplier Change (Higher Cost Source),Market-driven
actual,2024-11,A5,UQ-A5-05,SENSOR MODULE,jpy,514658.0,519248.0,4590.0,cu,Raw Material Price Increase,Market-driven
actual,2024-12,A5,UQ-A5-05,SENSOR MODULE,jpy,519248.0,519248.0,0.0,,,
actual,2025-01,A5,UQ-A5-05,SENSOR MODULE,jpy,519248.0,543516.0,24268.0,cu,Supplier Change (Higher Cost Source),Market-driven
actual,2025-02,A5,UQ-A5-05,SENSOR MODULE,jpy,543516.0,543516.0,0.0,,,
actual,2025-03,A5,UQ-A5-05,SENSOR MODULE,jpy,543516.0,543516.0,0.0,,,
actual,2025-04,A5,UQ-A5-05,SENSOR MODULE,jpy,543516.0,519098.0,-24418.0,cr,Alternative Material Substitution,Engineering-driven
actual,2025-05,A5,UQ-A5-05,SENSOR MODULE,jpy,519098.0,504208.0,-14890.0,cr,Localization / Local Sourcing,Operational-driven
actual,2025-06,A5,UQ-A5-05,SENSOR MODULE,jpy,504208.0,504208.0,0.0,,,
actual,2025-07,A5,UQ-A5-05,SENSOR MODULE,jpy,504208.0,498102.0,-6106.0,cr,VA/VE Improvement,Engineering-driven
actual,2025-08,A5,UQ-A5-05,SENSOR MODULE,jpy,498102.0,515587.0,17485.0,cu,Logistics/Freight Cost Increase,Market-driven
actual,2025-09,A5,UQ-A5-05,SENSOR MODULE,jpy,515587.0,488373.0,-27214.0,cr,Supplier Negotiation,Operational-driven
actual,2025-10,A5,UQ-A5-05,SENSOR MODULE,jpy,488373.0,488373.0,0.0,,,
actual,2024-11,A6,SH-CATA-D01,PANEL BOTTOM AS,domestic,98579.0,102503.0,3924.0,cu,Yield/Scrap Rate Increase,Operational-driven
actual,2024-12,A6,SH-CATA-D01,PANEL BOTTOM AS,domestic,102503.0,102503.0,0.0,,,
actual,2025-01,A6,SH-CATA-D01,PANEL BOTTOM AS,domestic,102503.0,103061.0,558.0,cu,Supplier Change (Higher Cost Source),Market-driven
actual,2025-02,A6,SH-CATA-D01,PANEL BOTTOM AS,domestic,103061.0,98861.0,-4200.0,cr,Supplier Negotiation,Operational-driven
actual,2025-03,A6,SH-CATA-D01,PANEL BOTTOM AS,domestic,98861.0,98861.0,0.0,,,
actual,2025-04,A6,SH-CATA-D01,PANEL BOTTOM AS,domestic,98861.0,98861.0,0.0,,,
actual,2025-05,A6,SH-CATA-D01,PANEL BOTTOM AS,domestic,98861.0,99679.0,818.0,cu,Yield/Scrap Rate Increase,Operational-driven
actual,2025-06,A6,SH-CATA-D01,PANEL BOTTOM AS,domestic,99679.0,102636.0,2957.0,cu,Supplier Change (Higher Cost Source),Market-driven
actual,2025-07,A6,SH-CATA-D01,PANEL BOTTOM AS,domestic,102636.0,106644.0,4008.0,cu,Yield/Scrap Rate Increase,Operational-driven
actual,2025-08,A6,SH-CATA-D01,PANEL BOTTOM AS,domestic,106644.0,110883.0,4239.0,cu,Supplier Change (Higher Cost Source),Market-driven
actual,2025-09,A6,SH-CATA-D01,PANEL BOTTOM AS,domestic,110883.0,116042.0,5159.0,cu,Engineering Change / Spec Upgrade,Engineering-driven
actual,2025-10,A6,SH-CATA-D01,PANEL BOTTOM AS,domestic,116042.0,112002.0,-4040.0,cr,Localization / Local Sourcing,Operational-driven
actual,2024-11,A6,SH-CATA-U01,CONNECTOR HOUSING,usd,56296.0,59103.0,2807.0,cu,Raw Material Price Increase,Market-driven
actual,2024-12,A6,SH-CATA-U01,CONNECTOR HOUSING,usd,59103.0,62210.0,3107.0,cu,Supplier Change (Higher Cost Source),Market-driven
actual,2025-01,A6,SH-CATA-U01,CONNECTOR HOUSING,usd,62210.0,65724.0,3514.0,cu,Supplier Change (Higher Cost Source),Market-driven
actual,2025-02,A6,SH-CATA-U01,CONNECTOR HOUSING,usd,65724.0,69879.0,4155.0,cu,Supplier Change (Higher Cost Source),Market-driven
actual,2025-03,A6,SH-CATA-U01,CONNECTOR HOUSING,usd,69879.0,73619.0,3740.0,cu,Supplier Change (Higher Cost Source),Market-driven
actual,2025-04,A6,SH-CATA-U01,CONNECTOR HOUSING,usd,73619.0,78184.0,4565.0,cu,Supplier Change (Higher Cost Source),Market-driven
actual,2025-05,A6,SH-CATA-U01,CONNECTOR HOUSING,usd,78184.0,82589.0,4405.0,cu,Supplier Change (Higher Cost Source),Market-driven
actual,2025-06,A6,SH-CATA-U01,CONNECTOR HOUSING,usd,82589.0,87542.0,4953.0,cu,Raw Material Price Increase,Market-driven
actual,2025-07,A6,SH-CATA-U01,CONNECTOR HOUSING,usd,87542.0,91058.0,3516.0,cu,Raw Material Price Increase,Market-driven
actual,2025-08,A6,SH-CATA-U01,CONNECTOR HOUSING,usd,91058.0,94744.0,3686.0,cu,Supplier Change (Higher Cost Source),Market-driven
actual,2025-09,A6,SH-CATA-U01,CONNECTOR HOUSING,usd,94744.0,100225.0,5481.0,cu,Supplier Change (Higher Cost Source),Market-driven
actual,2025-10,A6,SH-CATA-U01,CONNECTOR HOUSING,usd,100225.0,104801.0,4576.0,cu,Raw Material Price Increase,Market-driven
actual,2024-11,A6,SH-IDX06,PRECISION GEAR,jpy,48576.0,48576.0,0.0,,,
actual,2024-12,A6,SH-IDX06,PRECISION GEAR,jpy,48576.0,51623.0,3047.0,cu,Supplier Change (Higher Cost Source),Market-driven
actual,2025-01,A6,SH-IDX06,PRECISION GEAR,jpy,51623.0,49518.0,-2105.0,cr,Localization / Local Sourcing,Operational-driven
actual,2025-02,A6,SH-IDX06,PRECISION GEAR,jpy,49518.0,49518.0,0.0,,,
actual,2025-03,A6,SH-IDX06,PRECISION GEAR,jpy,49518.0,49518.0,0.0,,,
actual,2025-04,A6,SH-IDX06,PRECISION GEAR,jpy,49518.0,48049.0,-1469.0,cr,Alternative Material Substitution,Engineering-driven
actual,2025-05,A6,SH-IDX06,PRECISION GEAR,jpy,48049.0,45806.0,-2243.0,cr,Localization / Local Sourcing,Operational-driven
actual,2025-06,A6,SH-IDX06,PRECISION GEAR,jpy,45806.0,46381.0,575.0,cu,Supplier Change (Higher Cost Source),Market-driven
actual,2025-07,A6,SH-IDX06,PRECISION GEAR,jpy,46381.0,46381.0,0.0,,,
actual,2025-08,A6,SH-IDX06,PRECISION GEAR,jpy,46381.0,45806.0,-575.0,cr,Process Improvement (Yield Up),Operational-driven
actual,2025-09,A6,SH-IDX06,PRECISION GEAR,jpy,45806.0,43277.0,-2529.0,cr,Supplier Negotiation,Operational-driven
actual,2025-10,A6,SH-IDX06,PRECISION GEAR,jpy,43277.0,43881.0,604.0,cu,Supplier Change (Higher Cost Source),Market-driven
actual,2024-11,A6,UQ-A6-01,PANEL FRONT AS,domestic,487268.0,471713.0,-15555.0,cr,Alternative Material Substitution,Engineering-driven
actual,2024-12,A6,UQ-A6-01,PANEL FRONT AS,domestic,471713.0,468460.0,-3253.0,cr,VA/VE Improvement,Engineering-driven
actual,2025-01,A6,UQ-A6-01,PANEL FRONT AS,domestic,468460.0,476890.0,8430.0,cu,Raw Material Price Increase,Market-driven
actual,2025-02,A6,UQ-A6-01,PANEL FRONT AS,domestic,476890.0,501556.0,24666.0,cu,Engineering Change / Spec Upgrade,Engineering-driven
actual,2025-03,A6,UQ-A6-01,PANEL FRONT AS,domestic,501556.0,493999.0,-7557.0,cr,Localization / Local Sourcing,Operational-driven
actual,2025-04,A6,UQ-A6-01,PANEL FRONT AS,domestic,493999.0,520213.0,26214.0,cu,Yield/Scrap Rate Increase,Operational-driven
actual,2025-05,A6,UQ-A6-01,PANEL FRONT AS,domestic,520213.0,520213.0,0.0,,,
actual,2025-06,A6,UQ-A6-01,PANEL FRONT AS,domestic,520213.0,511312.0,-8901.0,cr,VA/VE Improvement,Engineering-driven
actual,2025-07,A6,UQ-A6-01,PANEL FRONT AS,domestic,511312.0,496695.0,-14617.0,cr,Localization / Local Sourcing,Operational-driven
actual,2025-08,A6,UQ-A6-01,PANEL FRONT AS,domestic,496695.0,496695.0,0.0,,,
actual,2025-09,A6,UQ-A6-01,PANEL FRONT AS,domestic,496695.0,519147.0,22452.0,cu,Engineering Change / Spec Upgrade,Engineering-driven
actual,2025-10,A6,UQ-A6-01,PANEL FRONT AS,domestic,519147.0,519147.0,0.0,,,
actual,2024-11,A6,UQ-A6-02,BRACKET SUPPORT,domestic,499771.0,528132.0,28361.0,cu,Yield/Scrap Rate Increase,Operational-driven
actual,2024-12,A6,UQ-A6-02,BRACKET SUPPORT,domestic,528132.0,522420.0,-5712.0,cr,Alternative Material Substitution,Engineering-driven
actual,2025-01,A6,UQ-A6-02,BRACKET SUPPORT,domestic,522420.0,531907.0,9487.0,cu,Logistics/Freight Cost Increase,Market-driven
actual,2025-02,A6,UQ-A6-02,BRACKET SUPPORT,domestic,531907.0,563433.0,31526.0,cu,Raw Material Price Increase,Market-driven
actual,2025-03,A6,UQ-A6-02,BRACKET SUPPORT,domestic,563433.0,535339.0,-28094.0,cr,Process Improvement (Yield Up),Operational-driven
actual,2025-04,A6,UQ-A6-02,BRACKET SUPPORT,domestic,535339.0,544110.0,8771.0,cu,Engineering Change / Spec Upgrade,Engineering-driven
actual,2025-05,A6,UQ-A6-02,BRACKET SUPPORT,domestic,544110.0,544110.0,0.0,,,
actual,2025-06,A6,UQ-A6-02,BRACKET SUPPORT,domestic,544110.0,517461.0,-26649.0,cr,Localization / Local Sourcing,Operational-driven
actual,2025-07,A6,UQ-A6-02,BRACKET SUPPORT,domestic,517461.0,523058.0,5597.0,cu,Engineering Change / Spec Upgrade,Engineering-driven
actual,2025-08,A6,UQ-A6-02,BRACKET SUPPORT,domestic,523058.0,523058.0,0.0,,,
actual,2025-09,A6,UQ-A6-02,BRACKET SUPPORT,domestic,523058.0,523058.0,0.0,,,
actual,2025-10,A6,UQ-A6-02,BRACKET SUPPORT,domestic,523058.0,542271.0,19213.0,cu,Raw Material Price Increase,Market-driven
actual,2024-11,A6,UQ-A6-03,IC CHIP CONTROL,usd,578743.0,590935.0,12192.0,cu,Raw Material Price Increase,Market-driven
actual,2024-12,A6,UQ-A6-03,IC CHIP CONTROL,usd,590935.0,612126.0,21191.0,cu,Yield/Scrap Rate Increase,Operational-driven
actual,2025-01,A6,UQ-A6-03,IC CHIP CONTROL,usd,612126.0,585853.0,-26273.0,cr,Process Improvement (Yield Up),Operational-driven
actual,2025-02,A6,UQ-A6-03,IC CHIP CONTROL,usd,585853.0,558538.0,-27315.0,cr,VA/VE Improvement,Engineering-driven
actual,2025-03,A6,UQ-A6-03,IC CHIP CONTROL,usd,558538.0,539793.0,-18745.0,cr,Alternative Material Substitution,Engineering-driven
actual,2025-04,A6,UQ-A6-03,IC CHIP CONTROL,usd,539793.0,534867.0,-4926.0,cr,Alternative Material Substitution,Engineering-driven
actual,2025-05,A6,UQ-A6-03,IC CHIP CONTROL,usd,534867.0,543245.0,8378.0,cu,Engineering Change / Spec Upgrade,Engineering-driven
actual,2025-06,A6,UQ-A6-03,IC CHIP CONTROL,usd,543245.0,549368.0,6123.0,cu,Raw Material Price Increase,Market-driven
actual,2025-07,A6,UQ-A6-03,IC CHIP CONTROL,usd,549368.0,577109.0,27741.0,cu,Engineering Change / Spec Upgrade,Engineering-driven
actual,2025-08,A6,UQ-A6-03,IC CHIP CONTROL,usd,577109.0,560108.0,-17001.0,cr,Process Improvement (Yield Up),Operational-driven
actual,2025-09,A6,UQ-A6-03,IC CHIP CONTROL,usd,560108.0,599055.0,38947.0,cu,Supplier Change (Higher Cost Source),Market-driven
actual,2025-10,A6,UQ-A6-03,IC CHIP CONTROL,usd,599055.0,618028.0,18973.0,cu,Yield/Scrap Rate Increase,Operational-driven
actual,2024-11,A6,UQ-A6-04,MOTOR UNIT,jpy,220422.0,228975.0,8553.0,cu,Supplier Change (Higher Cost Source),Market-driven
actual,2024-12,A6,UQ-A6-04,MOTOR UNIT,jpy,228975.0,228975.0,0.0,,,
actual,2025-01,A6,UQ-A6-04,MOTOR UNIT,jpy,228975.0,228975.0,0.0,,,
actual,2025-02,A6,UQ-A6-04,MOTOR UNIT,jpy,228975.0,236993.0,8018.0,cu,Supplier Change (Higher Cost Source),Market-driven
actual,2025-03,A6,UQ-A6-04,MOTOR UNIT,jpy,236993.0,230269.0,-6724.0,cr,VA/VE Improvement,Engineering-driven
actual,2025-04,A6,UQ-A6-04,MOTOR UNIT,jpy,230269.0,225848.0,-4421.0,cr,Process Improvement (Yield Up),Operational-driven
actual,2025-05,A6,UQ-A6-04,MOTOR UNIT,jpy,225848.0,218943.0,-6905.0,cr,Supplier Negotiation,Operational-driven
actual,2025-06,A6,UQ-A6-04,MOTOR UNIT,jpy,218943.0,213406.0,-5537.0,cr,VA/VE Improvement,Engineering-driven
actual,2025-07,A6,UQ-A6-04,MOTOR UNIT,jpy,213406.0,222126.0,8720.0,cu,Logistics/Freight Cost Increase,Market-driven
actual,2025-08,A6,UQ-A6-04,MOTOR UNIT,jpy,222126.0,233367.0,11241.0,cu,Supplier Change (Higher Cost Source),Market-driven
actual,2025-09,A6,UQ-A6-04,MOTOR UNIT,jpy,233367.0,222076.0,-11291.0,cr,Supplier Negotiation,Operational-driven
actual,2025-10,A6,UQ-A6-04,MOTOR UNIT,jpy,222076.0,222969.0,893.0,cu,Engineering Change / Spec Upgrade,Engineering-driven
actual,2024-11,A6,UQ-A6-05,SENSOR MODULE,jpy,310639.0,325777.0,15138.0,cu,Raw Material Price Increase,Market-driven
actual,2024-12,A6,UQ-A6-05,SENSOR MODULE,jpy,325777.0,325777.0,0.0,,,
actual,2025-01,A6,UQ-A6-05,SENSOR MODULE,jpy,325777.0,339452.0,13675.0,cu,Logistics/Freight Cost Increase,Market-driven
actual,2025-02,A6,UQ-A6-05,SENSOR MODULE,jpy,339452.0,339452.0,0.0,,,
actual,2025-03,A6,UQ-A6-05,SENSOR MODULE,jpy,339452.0,339452.0,0.0,,,
actual,2025-04,A6,UQ-A6-05,SENSOR MODULE,jpy,339452.0,326036.0,-13416.0,cr,VA/VE Improvement,Engineering-driven
actual,2025-05,A6,UQ-A6-05,SENSOR MODULE,jpy,326036.0,327941.0,1905.0,cu,Raw Material Price Increase,Market-driven
actual,2025-06,A6,UQ-A6-05,SENSOR MODULE,jpy,327941.0,331896.0,3955.0,cu,Raw Material Price Increase,Market-driven
actual,2025-07,A6,UQ-A6-05,SENSOR MODULE,jpy,331896.0,331896.0,0.0,,,
actual,2025-08,A6,UQ-A6-05,SENSOR MODULE,jpy,331896.0,317670.0,-14226.0,cr,Supplier Negotiation,Operational-driven
actual,2025-09,A6,UQ-A6-05,SENSOR MODULE,jpy,317670.0,333199.0,15529.0,cu,Engineering Change / Spec Upgrade,Engineering-driven
actual,2025-10,A6,UQ-A6-05,SENSOR MODULE,jpy,333199.0,320997.0,-12202.0,cr,Localization / Local Sourcing,Operational-driven
actual,2024-11,A6,SH-EVEN-01,TAPE PU-F,domestic,70295.0,67819.0,-2476.0,cr,Localization / Local Sourcing,Operational-driven
actual,2024-12,A6,SH-EVEN-01,TAPE PU-F,domestic,67819.0,68361.0,542.0,cu,Engineering Change / Spec Upgrade,Engineering-driven
actual,2025-01,A6,SH-EVEN-01,TAPE PU-F,domestic,68361.0,67771.0,-590.0,cr,Localization / Local Sourcing,Operational-driven
actual,2025-02,A6,SH-EVEN-01,TAPE PU-F,domestic,67771.0,70908.0,3137.0,cu,Logistics/Freight Cost Increase,Market-driven
actual,2025-03,A6,SH-EVEN-01,TAPE PU-F,domestic,70908.0,70908.0,0.0,,,
actual,2025-04,A6,SH-EVEN-01,TAPE PU-F,domestic,70908.0,67971.0,-2937.0,cr,Localization / Local Sourcing,Operational-driven
actual,2025-05,A6,SH-EVEN-01,TAPE PU-F,domestic,67971.0,70882.0,2911.0,cu,Logistics/Freight Cost Increase,Market-driven
actual,2025-06,A6,SH-EVEN-01,TAPE PU-F,domestic,70882.0,70015.0,-867.0,cr,Process Improvement (Yield Up),Operational-driven
actual,2025-07,A6,SH-EVEN-01,TAPE PU-F,domestic,70015.0,71263.0,1248.0,cu,Yield/Scrap Rate Increase,Operational-driven
actual,2025-08,A6,SH-EVEN-01,TAPE PU-F,domestic,71263.0,71263.0,0.0,,,
actual,2025-09,A6,SH-EVEN-01,TAPE PU-F,domestic,71263.0,69379.0,-1884.0,cr,Localization / Local Sourcing,Operational-driven
actual,2025-10,A6,SH-EVEN-01,TAPE PU-F,domestic,69379.0,72373.0,2994.0,cu,Logistics/Freight Cost Increase,Market-driven
actual,2024-11,A6,SH-EVEN-02,RESIN COMPOUND,usd,19042.0,19042.0,0.0,,,
actual,2024-12,A6,SH-EVEN-02,RESIN COMPOUND,usd,19042.0,18947.0,-95.0,cr,Supplier Negotiation,Operational-driven
actual,2025-01,A6,SH-EVEN-02,RESIN COMPOUND,usd,18947.0,17907.0,-1040.0,cr,Alternative Material Substitution,Engineering-driven
actual,2025-02,A6,SH-EVEN-02,RESIN COMPOUND,usd,17907.0,18018.0,111.0,cu,Supplier Change (Higher Cost Source),Market-driven
actual,2025-03,A6,SH-EVEN-02,RESIN COMPOUND,usd,18018.0,17275.0,-743.0,cr,Supplier Negotiation,Operational-driven
actual,2025-04,A6,SH-EVEN-02,RESIN COMPOUND,usd,17275.0,16381.0,-894.0,cr,Alternative Material Substitution,Engineering-driven
actual,2025-05,A6,SH-EVEN-02,RESIN COMPOUND,usd,16381.0,16909.0,528.0,cu,Supplier Change (Higher Cost Source),Market-driven
actual,2025-06,A6,SH-EVEN-02,RESIN COMPOUND,usd,16909.0,16909.0,0.0,,,
actual,2025-07,A6,SH-EVEN-02,RESIN COMPOUND,usd,16909.0,17621.0,712.0,cu,Raw Material Price Increase,Market-driven
actual,2025-08,A6,SH-EVEN-02,RESIN COMPOUND,usd,17621.0,17621.0,0.0,,,
actual,2025-09,A6,SH-EVEN-02,RESIN COMPOUND,usd,17621.0,17066.0,-555.0,cr,Process Improvement (Yield Up),Operational-driven
actual,2025-10,A6,SH-EVEN-02,RESIN COMPOUND,usd,17066.0,17840.0,774.0,cu,Yield/Scrap Rate Increase,Operational-driven
actual,2024-11,A7,SH-CATA-D01,PANEL BOTTOM AS,domestic,98579.0,102503.0,3924.0,cu,Yield/Scrap Rate Increase,Operational-driven
actual,2024-12,A7,SH-CATA-D01,PANEL BOTTOM AS,domestic,102503.0,102503.0,0.0,,,
actual,2025-01,A7,SH-CATA-D01,PANEL BOTTOM AS,domestic,102503.0,103061.0,558.0,cu,Supplier Change (Higher Cost Source),Market-driven
actual,2025-02,A7,SH-CATA-D01,PANEL BOTTOM AS,domestic,103061.0,98861.0,-4200.0,cr,Supplier Negotiation,Operational-driven
actual,2025-03,A7,SH-CATA-D01,PANEL BOTTOM AS,domestic,98861.0,98861.0,0.0,,,
actual,2025-04,A7,SH-CATA-D01,PANEL BOTTOM AS,domestic,98861.0,98861.0,0.0,,,
actual,2025-05,A7,SH-CATA-D01,PANEL BOTTOM AS,domestic,98861.0,99679.0,818.0,cu,Yield/Scrap Rate Increase,Operational-driven
actual,2025-06,A7,SH-CATA-D01,PANEL BOTTOM AS,domestic,99679.0,102636.0,2957.0,cu,Supplier Change (Higher Cost Source),Market-driven
actual,2025-07,A7,SH-CATA-D01,PANEL BOTTOM AS,domestic,102636.0,106644.0,4008.0,cu,Yield/Scrap Rate Increase,Operational-driven
actual,2025-08,A7,SH-CATA-D01,PANEL BOTTOM AS,domestic,106644.0,110883.0,4239.0,cu,Supplier Change (Higher Cost Source),Market-driven
actual,2025-09,A7,SH-CATA-D01,PANEL BOTTOM AS,domestic,110883.0,116042.0,5159.0,cu,Engineering Change / Spec Upgrade,Engineering-driven
actual,2025-10,A7,SH-CATA-D01,PANEL BOTTOM AS,domestic,116042.0,112002.0,-4040.0,cr,Localization / Local Sourcing,Operational-driven
actual,2024-11,A7,SH-CATA-U01,CONNECTOR HOUSING,usd,56296.0,59103.0,2807.0,cu,Raw Material Price Increase,Market-driven
actual,2024-12,A7,SH-CATA-U01,CONNECTOR HOUSING,usd,59103.0,62210.0,3107.0,cu,Supplier Change (Higher Cost Source),Market-driven
actual,2025-01,A7,SH-CATA-U01,CONNECTOR HOUSING,usd,62210.0,65724.0,3514.0,cu,Supplier Change (Higher Cost Source),Market-driven
actual,2025-02,A7,SH-CATA-U01,CONNECTOR HOUSING,usd,65724.0,69879.0,4155.0,cu,Supplier Change (Higher Cost Source),Market-driven
actual,2025-03,A7,SH-CATA-U01,CONNECTOR HOUSING,usd,69879.0,73619.0,3740.0,cu,Supplier Change (Higher Cost Source),Market-driven
actual,2025-04,A7,SH-CATA-U01,CONNECTOR HOUSING,usd,73619.0,78184.0,4565.0,cu,Supplier Change (Higher Cost Source),Market-driven
actual,2025-05,A7,SH-CATA-U01,CONNECTOR HOUSING,usd,78184.0,82589.0,4405.0,cu,Supplier Change (Higher Cost Source),Market-driven
actual,2025-06,A7,SH-CATA-U01,CONNECTOR HOUSING,usd,82589.0,87542.0,4953.0,cu,Raw Material Price Increase,Market-driven
actual,2025-07,A7,SH-CATA-U01,CONNECTOR HOUSING,usd,87542.0,91058.0,3516.0,cu,Raw Material Price Increase,Market-driven
actual,2025-08,A7,SH-CATA-U01,CONNECTOR HOUSING,usd,91058.0,94744.0,3686.0,cu,Supplier Change (Higher Cost Source),Market-driven
actual,2025-09,A7,SH-CATA-U01,CONNECTOR HOUSING,usd,94744.0,100225.0,5481.0,cu,Supplier Change (Higher Cost Source),Market-driven
actual,2025-10,A7,SH-CATA-U01,CONNECTOR HOUSING,usd,100225.0,104801.0,4576.0,cu,Raw Material Price Increase,Market-driven
actual,2024-11,A7,SH-IDX07,PRECISION GEAR,jpy,203264.0,228315.0,25051.0,cu,Raw Material Price Increase,Market-driven
actual,2024-12,A7,SH-IDX07,PRECISION GEAR,jpy,228315.0,228315.0,0.0,,,
actual,2025-01,A7,SH-IDX07,PRECISION GEAR,jpy,228315.0,246238.0,17923.0,cu,Supplier Change (Higher Cost Source),Market-driven
actual,2025-02,A7,SH-IDX07,PRECISION GEAR,jpy,246238.0,225390.0,-20848.0,cr,Process Improvement (Yield Up),Operational-driven
actual,2025-03,A7,SH-IDX07,PRECISION GEAR,jpy,225390.0,201513.0,-23877.0,cr,Process Improvement (Yield Up),Operational-driven
actual,2025-04,A7,SH-IDX07,PRECISION GEAR,jpy,201513.0,198455.0,-3058.0,cr,VA/VE Improvement,Engineering-driven
actual,2025-05,A7,SH-IDX07,PRECISION GEAR,jpy,198455.0,186148.0,-12307.0,cr,Process Improvement (Yield Up),Operational-driven
actual,2025-06,A7,SH-IDX07,PRECISION GEAR,jpy,186148.0,200197.0,14049.0,cu,Supplier Change (Higher Cost Source),Market-driven
actual,2025-07,A7,SH-IDX07,PRECISION GEAR,jpy,200197.0,214555.0,14358.0,cu,Engineering Change / Spec Upgrade,Engineering-driven
actual,2025-08,A7,SH-IDX07,PRECISION GEAR,jpy,214555.0,195462.0,-19093.0,cr,Localization / Local Sourcing,Operational-driven
actual,2025-09,A7,SH-IDX07,PRECISION GEAR,jpy,195462.0,182638.0,-12824.0,cr,Localization / Local Sourcing,Operational-driven
actual,2025-10,A7,SH-IDX07,PRECISION GEAR,jpy,182638.0,196978.0,14340.0,cu,Supplier Change (Higher Cost Source),Market-driven
actual,2024-11,A7,UQ-A7-01,PANEL FRONT AS,domestic,813631.0,894480.0,80849.0,cu,Logistics/Freight Cost Increase,Market-driven
actual,2024-12,A7,UQ-A7-01,PANEL FRONT AS,domestic,894480.0,808532.0,-85948.0,cr,Process Improvement (Yield Up),Operational-driven
actual,2025-01,A7,UQ-A7-01,PANEL FRONT AS,domestic,808532.0,878106.0,69574.0,cu,Raw Material Price Increase,Market-driven
actual,2025-02,A7,UQ-A7-01,PANEL FRONT AS,domestic,878106.0,919483.0,41377.0,cu,Raw Material Price Increase,Market-driven
actual,2025-03,A7,UQ-A7-01,PANEL FRONT AS,domestic,919483.0,878299.0,-41184.0,cr,Process Improvement (Yield Up),Operational-driven
actual,2025-04,A7,UQ-A7-01,PANEL FRONT AS,domestic,878299.0,878299.0,0.0,,,
actual,2025-05,A7,UQ-A7-01,PANEL FRONT AS,domestic,878299.0,935296.0,56997.0,cu,Yield/Scrap Rate Increase,Operational-driven
actual,2025-06,A7,UQ-A7-01,PANEL FRONT AS,domestic,935296.0,959918.0,24622.0,cu,Logistics/Freight Cost Increase,Market-driven
actual,2025-07,A7,UQ-A7-01,PANEL FRONT AS,domestic,959918.0,914779.0,-45139.0,cr,Alternative Material Substitution,Engineering-driven
actual,2025-08,A7,UQ-A7-01,PANEL FRONT AS,domestic,914779.0,811686.0,-103093.0,cr,Alternative Material Substitution,Engineering-driven
actual,2025-09,A7,UQ-A7-01,PANEL FRONT AS,domestic,811686.0,743816.0,-67870.0,cr,Localization / Local Sourcing,Operational-driven
actual,2025-10,A7,UQ-A7-01,PANEL FRONT AS,domestic,743816.0,717174.0,-26642.0,cr,VA/VE Improvement,Engineering-driven
actual,2024-11,A7,UQ-A7-02,BRACKET SUPPORT,domestic,663468.0,663468.0,0.0,,,
actual,2024-12,A7,UQ-A7-02,BRACKET SUPPORT,domestic,663468.0,638840.0,-24628.0,cr,VA/VE Improvement,Engineering-driven
actual,2025-01,A7,UQ-A7-02,BRACKET SUPPORT,domestic,638840.0,603089.0,-35751.0,cr,Alternative Material Substitution,Engineering-driven
actual,2025-02,A7,UQ-A7-02,BRACKET SUPPORT,domestic,603089.0,577012.0,-26077.0,cr,Process Improvement (Yield Up),Operational-driven
actual,2025-03,A7,UQ-A7-02,BRACKET SUPPORT,domestic,577012.0,588597.0,11585.0,cu,Raw Material Price Increase,Market-driven
actual,2025-04,A7,UQ-A7-02,BRACKET SUPPORT,domestic,588597.0,595816.0,7219.0,cu,Raw Material Price Increase,Market-driven
actual,2025-05,A7,UQ-A7-02,BRACKET SUPPORT,domestic,595816.0,615080.0,19264.0,cu,Yield/Scrap Rate Increase,Operational-driven
actual,2025-06,A7,UQ-A7-02,BRACKET SUPPORT,domestic,615080.0,602054.0,-13026.0,cr,Localization / Local Sourcing,Operational-driven
actual,2025-07,A7,UQ-A7-02,BRACKET SUPPORT,domestic,602054.0,602054.0,0.0,,,
actual,2025-08,A7,UQ-A7-02,BRACKET SUPPORT,domestic,602054.0,623972.0,21918.0,cu,Raw Material Price Increase,Market-driven
actual,2025-09,A7,UQ-A7-02,BRACKET SUPPORT,domestic,623972.0,636003.0,12031.0,cu,Yield/Scrap Rate Increase,Operational-driven
actual,2025-10,A7,UQ-A7-02,BRACKET SUPPORT,domestic,636003.0,680443.0,44440.0,cu,Supplier Change (Higher Cost Source),Market-driven
actual,2024-11,A7,UQ-A7-03,IC CHIP CONTROL,usd,816864.0,791749.0,-25115.0,cr,Localization / Local Sourcing,Operational-driven
actual,2024-12,A7,UQ-A7-03,IC CHIP CONTROL,usd,791749.0,748306.0,-43443.0,cr,Localization / Local Sourcing,Operational-driven
actual,2025-01,A7,UQ-A7-03,IC CHIP CONTROL,usd,748306.0,766565.0,18259.0,cu,Engineering Change / Spec Upgrade,Engineering-driven
actual,2025-02,A7,UQ-A7-03,IC CHIP CONTROL,usd,766565.0,757891.0,-8674.0,cr,Alternative Material Substitution,Engineering-driven
actual,2025-03,A7,UQ-A7-03,IC CHIP CONTROL,usd,757891.0,757891.0,0.0,,,
actual,2025-04,A7,UQ-A7-03,IC CHIP CONTROL,usd,757891.0,757891.0,0.0,,,
actual,2025-05,A7,UQ-A7-03,IC CHIP CONTROL,usd,757891.0,757891.0,0.0,,,
actual,2025-06,A7,UQ-A7-03,IC CHIP CONTROL,usd,757891.0,783337.0,25446.0,cu,Raw Material Price Increase,Market-driven
actual,2025-07,A7,UQ-A7-03,IC CHIP CONTROL,usd,783337.0,783337.0,0.0,,,
actual,2025-08,A7,UQ-A7-03,IC CHIP CONTROL,usd,783337.0,745579.0,-37758.0,cr,VA/VE Improvement,Engineering-driven
actual,2025-09,A7,UQ-A7-03,IC CHIP CONTROL,usd,745579.0,784593.0,39014.0,cu,Engineering Change / Spec Upgrade,Engineering-driven
actual,2025-10,A7,UQ-A7-03,IC CHIP CONTROL,usd,784593.0,784593.0,0.0,,,
actual,2024-11,A7,UQ-A7-04,MOTOR UNIT,jpy,507558.0,491728.0,-15830.0,cr,VA/VE Improvement,Engineering-driven
actual,2024-12,A7,UQ-A7-04,MOTOR UNIT,jpy,491728.0,491728.0,0.0,,,
actual,2025-01,A7,UQ-A7-04,MOTOR UNIT,jpy,491728.0,506019.0,14291.0,cu,Supplier Change (Higher Cost Source),Market-driven
actual,2025-02,A7,UQ-A7-04,MOTOR UNIT,jpy,506019.0,485446.0,-20573.0,cr,Alternative Material Substitution,Engineering-driven
actual,2025-03,A7,UQ-A7-04,MOTOR UNIT,jpy,485446.0,485446.0,0.0,,,
actual,2025-04,A7,UQ-A7-04,MOTOR UNIT,jpy,485446.0,466203.0,-19243.0,cr,Process Improvement (Yield Up),Operational-driven
actual,2025-05,A7,UQ-A7-04,MOTOR UNIT,jpy,466203.0,450846.0,-15357.0,cr,VA/VE Improvement,Engineering-driven
actual,2025-06,A7,UQ-A7-04,MOTOR UNIT,jpy,450846.0,463161.0,12315.0,cu,Supplier Change (Higher Cost Source),Market-driven
actual,2025-07,A7,UQ-A7-04,MOTOR UNIT,jpy,463161.0,463161.0,0.0,,,
actual,2025-08,A7,UQ-A7-04,MOTOR UNIT,jpy,463161.0,479081.0,15920.0,cu,Supplier Change (Higher Cost Source),Market-driven
actual,2025-09,A7,UQ-A7-04,MOTOR UNIT,jpy,479081.0,462960.0,-16121.0,cr,Alternative Material Substitution,Engineering-driven
actual,2025-10,A7,UQ-A7-04,MOTOR UNIT,jpy,462960.0,462960.0,0.0,,,
actual,2024-11,A7,UQ-A7-05,SENSOR MODULE,jpy,632707.0,612319.0,-20388.0,cr,VA/VE Improvement,Engineering-driven
actual,2024-12,A7,UQ-A7-05,SENSOR MODULE,jpy,612319.0,617108.0,4789.0,cu,Logistics/Freight Cost Increase,Market-driven
actual,2025-01,A7,UQ-A7-05,SENSOR MODULE,jpy,617108.0,650893.0,33785.0,cu,Supplier Change (Higher Cost Source),Market-driven
actual,2025-02,A7,UQ-A7-05,SENSOR MODULE,jpy,650893.0,691478.0,40585.0,cu,Raw Material Price Increase,Market-driven
actual,2025-03,A7,UQ-A7-05,SENSOR MODULE,jpy,691478.0,714102.0,22624.0,cu,Supplier Change (Higher Cost Source),Market-driven
actual,2025-04,A7,UQ-A7-05,SENSOR MODULE,jpy,714102.0,721242.0,7140.0,cu,Raw Material Price Increase,Market-driven
actual,2025-05,A7,UQ-A7-05,SENSOR MODULE,jpy,721242.0,721242.0,0.0,,,
actual,2025-06,A7,UQ-A7-05,SENSOR MODULE,jpy,721242.0,726268.0,5026.0,cu,Raw Material Price Increase,Market-driven
actual,2025-07,A7,UQ-A7-05,SENSOR MODULE,jpy,726268.0,690765.0,-35503.0,cr,VA/VE Improvement,Engineering-driven
actual,2025-08,A7,UQ-A7-05,SENSOR MODULE,jpy,690765.0,690765.0,0.0,,,
actual,2025-09,A7,UQ-A7-05,SENSOR MODULE,jpy,690765.0,684125.0,-6640.0,cr,Supplier Negotiation,Operational-driven
actual,2025-10,A7,UQ-A7-05,SENSOR MODULE,jpy,684125.0,650862.0,-33263.0,cr,Process Improvement (Yield Up),Operational-driven
actual,2024-11,A8,SH-CATA-D01,PANEL BOTTOM AS,domestic,98579.0,102503.0,3924.0,cu,Yield/Scrap Rate Increase,Operational-driven
actual,2024-12,A8,SH-CATA-D01,PANEL BOTTOM AS,domestic,102503.0,102503.0,0.0,,,
actual,2025-01,A8,SH-CATA-D01,PANEL BOTTOM AS,domestic,102503.0,103061.0,558.0,cu,Supplier Change (Higher Cost Source),Market-driven
actual,2025-02,A8,SH-CATA-D01,PANEL BOTTOM AS,domestic,103061.0,98861.0,-4200.0,cr,Supplier Negotiation,Operational-driven
actual,2025-03,A8,SH-CATA-D01,PANEL BOTTOM AS,domestic,98861.0,98861.0,0.0,,,
actual,2025-04,A8,SH-CATA-D01,PANEL BOTTOM AS,domestic,98861.0,98861.0,0.0,,,
actual,2025-05,A8,SH-CATA-D01,PANEL BOTTOM AS,domestic,98861.0,99679.0,818.0,cu,Yield/Scrap Rate Increase,Operational-driven
actual,2025-06,A8,SH-CATA-D01,PANEL BOTTOM AS,domestic,99679.0,102636.0,2957.0,cu,Supplier Change (Higher Cost Source),Market-driven
actual,2025-07,A8,SH-CATA-D01,PANEL BOTTOM AS,domestic,102636.0,106644.0,4008.0,cu,Yield/Scrap Rate Increase,Operational-driven
actual,2025-08,A8,SH-CATA-D01,PANEL BOTTOM AS,domestic,106644.0,110883.0,4239.0,cu,Supplier Change (Higher Cost Source),Market-driven
actual,2025-09,A8,SH-CATA-D01,PANEL BOTTOM AS,domestic,110883.0,116042.0,5159.0,cu,Engineering Change / Spec Upgrade,Engineering-driven
actual,2025-10,A8,SH-CATA-D01,PANEL BOTTOM AS,domestic,116042.0,112002.0,-4040.0,cr,Localization / Local Sourcing,Operational-driven
actual,2024-11,A8,SH-CATA-U01,CONNECTOR HOUSING,usd,56296.0,59103.0,2807.0,cu,Raw Material Price Increase,Market-driven
actual,2024-12,A8,SH-CATA-U01,CONNECTOR HOUSING,usd,59103.0,62210.0,3107.0,cu,Supplier Change (Higher Cost Source),Market-driven
actual,2025-01,A8,SH-CATA-U01,CONNECTOR HOUSING,usd,62210.0,65724.0,3514.0,cu,Supplier Change (Higher Cost Source),Market-driven
actual,2025-02,A8,SH-CATA-U01,CONNECTOR HOUSING,usd,65724.0,69879.0,4155.0,cu,Supplier Change (Higher Cost Source),Market-driven
actual,2025-03,A8,SH-CATA-U01,CONNECTOR HOUSING,usd,69879.0,73619.0,3740.0,cu,Supplier Change (Higher Cost Source),Market-driven
actual,2025-04,A8,SH-CATA-U01,CONNECTOR HOUSING,usd,73619.0,78184.0,4565.0,cu,Supplier Change (Higher Cost Source),Market-driven
actual,2025-05,A8,SH-CATA-U01,CONNECTOR HOUSING,usd,78184.0,82589.0,4405.0,cu,Supplier Change (Higher Cost Source),Market-driven
actual,2025-06,A8,SH-CATA-U01,CONNECTOR HOUSING,usd,82589.0,87542.0,4953.0,cu,Raw Material Price Increase,Market-driven
actual,2025-07,A8,SH-CATA-U01,CONNECTOR HOUSING,usd,87542.0,91058.0,3516.0,cu,Raw Material Price Increase,Market-driven
actual,2025-08,A8,SH-CATA-U01,CONNECTOR HOUSING,usd,91058.0,94744.0,3686.0,cu,Supplier Change (Higher Cost Source),Market-driven
actual,2025-09,A8,SH-CATA-U01,CONNECTOR HOUSING,usd,94744.0,100225.0,5481.0,cu,Supplier Change (Higher Cost Source),Market-driven
actual,2025-10,A8,SH-CATA-U01,CONNECTOR HOUSING,usd,100225.0,104801.0,4576.0,cu,Raw Material Price Increase,Market-driven
actual,2024-11,A8,SH-IDX08,PRECISION GEAR,jpy,78230.0,78788.0,558.0,cu,Yield/Scrap Rate Increase,Operational-driven
actual,2024-12,A8,SH-IDX08,PRECISION GEAR,jpy,78788.0,76130.0,-2658.0,cr,Supplier Negotiation,Operational-driven
actual,2025-01,A8,SH-IDX08,PRECISION GEAR,jpy,76130.0,76130.0,0.0,,,
actual,2025-02,A8,SH-IDX08,PRECISION GEAR,jpy,76130.0,76130.0,0.0,,,
actual,2025-03,A8,SH-IDX08,PRECISION GEAR,jpy,76130.0,76964.0,834.0,cu,Raw Material Price Increase,Market-driven
actual,2025-04,A8,SH-IDX08,PRECISION GEAR,jpy,76964.0,76964.0,0.0,,,
actual,2025-05,A8,SH-IDX08,PRECISION GEAR,jpy,76964.0,82309.0,5345.0,cu,Yield/Scrap Rate Increase,Operational-driven
actual,2025-06,A8,SH-IDX08,PRECISION GEAR,jpy,82309.0,82309.0,0.0,,,
actual,2025-07,A8,SH-IDX08,PRECISION GEAR,jpy,82309.0,88270.0,5961.0,cu,Supplier Change (Higher Cost Source),Market-driven
actual,2025-08,A8,SH-IDX08,PRECISION GEAR,jpy,88270.0,85906.0,-2364.0,cr,VA/VE Improvement,Engineering-driven
actual,2025-09,A8,SH-IDX08,PRECISION GEAR,jpy,85906.0,87325.0,1419.0,cu,Logistics/Freight Cost Increase,Market-driven
actual,2025-10,A8,SH-IDX08,PRECISION GEAR,jpy,87325.0,90953.0,3628.0,cu,Yield/Scrap Rate Increase,Operational-driven
actual,2024-11,A8,UQ-A8-01,PANEL FRONT AS,domestic,817035.0,834692.0,17657.0,cu,Engineering Change / Spec Upgrade,Engineering-driven
actual,2024-12,A8,UQ-A8-01,PANEL FRONT AS,domestic,834692.0,867473.0,32781.0,cu,Engineering Change / Spec Upgrade,Engineering-driven
actual,2025-01,A8,UQ-A8-01,PANEL FRONT AS,domestic,867473.0,828349.0,-39124.0,cr,Localization / Local Sourcing,Operational-driven
actual,2025-02,A8,UQ-A8-01,PANEL FRONT AS,domestic,828349.0,828349.0,0.0,,,
actual,2025-03,A8,UQ-A8-01,PANEL FRONT AS,domestic,828349.0,857747.0,29398.0,cu,Yield/Scrap Rate Increase,Operational-driven
actual,2025-04,A8,UQ-A8-01,PANEL FRONT AS,domestic,857747.0,843045.0,-14702.0,cr,Process Improvement (Yield Up),Operational-driven
actual,2025-05,A8,UQ-A8-01,PANEL FRONT AS,domestic,843045.0,807035.0,-36010.0,cr,Alternative Material Substitution,Engineering-driven
actual,2025-06,A8,UQ-A8-01,PANEL FRONT AS,domestic,807035.0,838633.0,31598.0,cu,Supplier Change (Higher Cost Source),Market-driven
actual,2025-07,A8,UQ-A8-01,PANEL FRONT AS,domestic,838633.0,789312.0,-49321.0,cr,Alternative Material Substitution,Engineering-driven
actual,2025-08,A8,UQ-A8-01,PANEL FRONT AS,domestic,789312.0,837146.0,47834.0,cu,Logistics/Freight Cost Increase,Market-driven
actual,2025-09,A8,UQ-A8-01,PANEL FRONT AS,domestic,837146.0,837146.0,0.0,,,
actual,2025-10,A8,UQ-A8-01,PANEL FRONT AS,domestic,837146.0,837146.0,0.0,,,
actual,2024-11,A8,UQ-A8-02,BRACKET SUPPORT,domestic,709377.0,736320.0,26943.0,cu,Yield/Scrap Rate Increase,Operational-driven
actual,2024-12,A8,UQ-A8-02,BRACKET SUPPORT,domestic,736320.0,773491.0,37171.0,cu,Yield/Scrap Rate Increase,Operational-driven
actual,2025-01,A8,UQ-A8-02,BRACKET SUPPORT,domestic,773491.0,858058.0,84567.0,cu,Logistics/Freight Cost Increase,Market-driven
actual,2025-02,A8,UQ-A8-02,BRACKET SUPPORT,domestic,858058.0,953426.0,95368.0,cu,Supplier Change (Higher Cost Source),Market-driven
actual,2025-03,A8,UQ-A8-02,BRACKET SUPPORT,domestic,953426.0,909306.0,-44120.0,cr,Supplier Negotiation,Operational-driven
actual,2025-04,A8,UQ-A8-02,BRACKET SUPPORT,domestic,909306.0,787312.0,-121994.0,cr,Localization / Local Sourcing,Operational-driven
actual,2025-05,A8,UQ-A8-02,BRACKET SUPPORT,domestic,787312.0,820467.0,33155.0,cu,Raw Material Price Increase,Market-driven
actual,2025-06,A8,UQ-A8-02,BRACKET SUPPORT,domestic,820467.0,820467.0,0.0,,,
actual,2025-07,A8,UQ-A8-02,BRACKET SUPPORT,domestic,820467.0,820467.0,0.0,,,
actual,2025-08,A8,UQ-A8-02,BRACKET SUPPORT,domestic,820467.0,894307.0,73840.0,cu,Logistics/Freight Cost Increase,Market-driven
actual,2025-09,A8,UQ-A8-02,BRACKET SUPPORT,domestic,894307.0,971803.0,77496.0,cu,Raw Material Price Increase,Market-driven
actual,2025-10,A8,UQ-A8-02,BRACKET SUPPORT,domestic,971803.0,971803.0,0.0,,,
actual,2024-11,A8,UQ-A8-03,IC CHIP CONTROL,usd,899603.0,911635.0,12032.0,cu,Supplier Change (Higher Cost Source),Market-driven
actual,2024-12,A8,UQ-A8-03,IC CHIP CONTROL,usd,911635.0,886057.0,-25578.0,cr,Alternative Material Substitution,Engineering-driven
actual,2025-01,A8,UQ-A8-03,IC CHIP CONTROL,usd,886057.0,817111.0,-68946.0,cr,Process Improvement (Yield Up),Operational-driven
actual,2025-02,A8,UQ-A8-03,IC CHIP CONTROL,usd,817111.0,896647.0,79536.0,cu,Raw Material Price Increase,Market-driven
actual,2025-03,A8,UQ-A8-03,IC CHIP CONTROL,usd,896647.0,963958.0,67311.0,cu,Yield/Scrap Rate Increase,Operational-driven
actual,2025-04,A8,UQ-A8-03,IC CHIP CONTROL,usd,963958.0,1034068.0,70110.0,cu,Raw Material Price Increase,Market-driven
actual,2025-05,A8,UQ-A8-03,IC CHIP CONTROL,usd,1034068.0,949892.0,-84176.0,cr,Supplier Negotiation,Operational-driven
actual,2025-06,A8,UQ-A8-03,IC CHIP CONTROL,usd,949892.0,911551.0,-38341.0,cr,Process Improvement (Yield Up),Operational-driven
actual,2025-07,A8,UQ-A8-03,IC CHIP CONTROL,usd,911551.0,911551.0,0.0,,,
actual,2025-08,A8,UQ-A8-03,IC CHIP CONTROL,usd,911551.0,1018609.0,107058.0,cu,Engineering Change / Spec Upgrade,Engineering-driven
actual,2025-09,A8,UQ-A8-03,IC CHIP CONTROL,usd,1018609.0,870378.0,-148231.0,cr,Supplier Negotiation,Operational-driven
actual,2025-10,A8,UQ-A8-03,IC CHIP CONTROL,usd,870378.0,936523.0,66145.0,cu,Raw Material Price Increase,Market-driven
actual,2024-11,A8,UQ-A8-04,MOTOR UNIT,jpy,604472.0,575195.0,-29277.0,cr,VA/VE Improvement,Engineering-driven
actual,2024-12,A8,UQ-A8-04,MOTOR UNIT,jpy,575195.0,587964.0,12769.0,cu,Raw Material Price Increase,Market-driven
actual,2025-01,A8,UQ-A8-04,MOTOR UNIT,jpy,587964.0,597626.0,9662.0,cu,Logistics/Freight Cost Increase,Market-driven
actual,2025-02,A8,UQ-A8-04,MOTOR UNIT,jpy,597626.0,597626.0,0.0,,,
actual,2025-03,A8,UQ-A8-04,MOTOR UNIT,jpy,597626.0,572542.0,-25084.0,cr,Alternative Material Substitution,Engineering-driven
actual,2025-04,A8,UQ-A8-04,MOTOR UNIT,jpy,572542.0,589059.0,16517.0,cu,Raw Material Price Increase,Market-driven
actual,2025-05,A8,UQ-A8-04,MOTOR UNIT,jpy,589059.0,597282.0,8223.0,cu,Logistics/Freight Cost Increase,Market-driven
actual,2025-06,A8,UQ-A8-04,MOTOR UNIT,jpy,597282.0,617230.0,19948.0,cu,Yield/Scrap Rate Increase,Operational-driven
actual,2025-07,A8,UQ-A8-04,MOTOR UNIT,jpy,617230.0,579812.0,-37418.0,cr,Supplier Negotiation,Operational-driven
actual,2025-08,A8,UQ-A8-04,MOTOR UNIT,jpy,579812.0,611339.0,31527.0,cu,Raw Material Price Increase,Market-driven
actual,2025-09,A8,UQ-A8-04,MOTOR UNIT,jpy,611339.0,567399.0,-43940.0,cr,Supplier Negotiation,Operational-driven
actual,2025-10,A8,UQ-A8-04,MOTOR UNIT,jpy,567399.0,554225.0,-13174.0,cr,Supplier Negotiation,Operational-driven
actual,2024-11,A8,UQ-A8-05,SENSOR MODULE,jpy,525633.0,496329.0,-29304.0,cr,Localization / Local Sourcing,Operational-driven
actual,2024-12,A8,UQ-A8-05,SENSOR MODULE,jpy,496329.0,522731.0,26402.0,cu,Engineering Change / Spec Upgrade,Engineering-driven
actual,2025-01,A8,UQ-A8-05,SENSOR MODULE,jpy,522731.0,522731.0,0.0,,,
actual,2025-02,A8,UQ-A8-05,SENSOR MODULE,jpy,522731.0,535162.0,12431.0,cu,Yield/Scrap Rate Increase,Operational-driven
actual,2025-03,A8,UQ-A8-05,SENSOR MODULE,jpy,535162.0,509330.0,-25832.0,cr,Alternative Material Substitution,Engineering-driven
actual,2025-04,A8,UQ-A8-05,SENSOR MODULE,jpy,509330.0,483595.0,-25735.0,cr,Process Improvement (Yield Up),Operational-driven
actual,2025-05,A8,UQ-A8-05,SENSOR MODULE,jpy,483595.0,483595.0,0.0,,,
actual,2025-06,A8,UQ-A8-05,SENSOR MODULE,jpy,483595.0,454547.0,-29048.0,cr,Supplier Negotiation,Operational-driven
actual,2025-07,A8,UQ-A8-05,SENSOR MODULE,jpy,454547.0,432264.0,-22283.0,cr,Alternative Material Substitution,Engineering-driven
actual,2025-08,A8,UQ-A8-05,SENSOR MODULE,jpy,432264.0,439185.0,6921.0,cu,Yield/Scrap Rate Increase,Operational-driven
actual,2025-09,A8,UQ-A8-05,SENSOR MODULE,jpy,439185.0,421964.0,-17221.0,cr,Process Improvement (Yield Up),Operational-driven
actual,2025-10,A8,UQ-A8-05,SENSOR MODULE,jpy,421964.0,430022.0,8058.0,cu,Supplier Change (Higher Cost Source),Market-driven
actual,2024-11,A8,SH-EVEN-01,TAPE PU-F,domestic,70295.0,67819.0,-2476.0,cr,Localization / Local Sourcing,Operational-driven
actual,2024-12,A8,SH-EVEN-01,TAPE PU-F,domestic,67819.0,68361.0,542.0,cu,Engineering Change / Spec Upgrade,Engineering-driven
actual,2025-01,A8,SH-EVEN-01,TAPE PU-F,domestic,68361.0,67771.0,-590.0,cr,Localization / Local Sourcing,Operational-driven
actual,2025-02,A8,SH-EVEN-01,TAPE PU-F,domestic,67771.0,70908.0,3137.0,cu,Logistics/Freight Cost Increase,Market-driven
actual,2025-03,A8,SH-EVEN-01,TAPE PU-F,domestic,70908.0,70908.0,0.0,,,
actual,2025-04,A8,SH-EVEN-01,TAPE PU-F,domestic,70908.0,67971.0,-2937.0,cr,Localization / Local Sourcing,Operational-driven
actual,2025-05,A8,SH-EVEN-01,TAPE PU-F,domestic,67971.0,70882.0,2911.0,cu,Logistics/Freight Cost Increase,Market-driven
actual,2025-06,A8,SH-EVEN-01,TAPE PU-F,domestic,70882.0,70015.0,-867.0,cr,Process Improvement (Yield Up),Operational-driven
actual,2025-07,A8,SH-EVEN-01,TAPE PU-F,domestic,70015.0,71263.0,1248.0,cu,Yield/Scrap Rate Increase,Operational-driven
actual,2025-08,A8,SH-EVEN-01,TAPE PU-F,domestic,71263.0,71263.0,0.0,,,
actual,2025-09,A8,SH-EVEN-01,TAPE PU-F,domestic,71263.0,69379.0,-1884.0,cr,Localization / Local Sourcing,Operational-driven
actual,2025-10,A8,SH-EVEN-01,TAPE PU-F,domestic,69379.0,72373.0,2994.0,cu,Logistics/Freight Cost Increase,Market-driven
actual,2024-11,A8,SH-EVEN-02,RESIN COMPOUND,usd,19042.0,19042.0,0.0,,,
actual,2024-12,A8,SH-EVEN-02,RESIN COMPOUND,usd,19042.0,18947.0,-95.0,cr,Supplier Negotiation,Operational-driven
actual,2025-01,A8,SH-EVEN-02,RESIN COMPOUND,usd,18947.0,17907.0,-1040.0,cr,Alternative Material Substitution,Engineering-driven
actual,2025-02,A8,SH-EVEN-02,RESIN COMPOUND,usd,17907.0,18018.0,111.0,cu,Supplier Change (Higher Cost Source),Market-driven
actual,2025-03,A8,SH-EVEN-02,RESIN COMPOUND,usd,18018.0,17275.0,-743.0,cr,Supplier Negotiation,Operational-driven
actual,2025-04,A8,SH-EVEN-02,RESIN COMPOUND,usd,17275.0,16381.0,-894.0,cr,Alternative Material Substitution,Engineering-driven
actual,2025-05,A8,SH-EVEN-02,RESIN COMPOUND,usd,16381.0,16909.0,528.0,cu,Supplier Change (Higher Cost Source),Market-driven
actual,2025-06,A8,SH-EVEN-02,RESIN COMPOUND,usd,16909.0,16909.0,0.0,,,
actual,2025-07,A8,SH-EVEN-02,RESIN COMPOUND,usd,16909.0,17621.0,712.0,cu,Raw Material Price Increase,Market-driven
actual,2025-08,A8,SH-EVEN-02,RESIN COMPOUND,usd,17621.0,17621.0,0.0,,,
actual,2025-09,A8,SH-EVEN-02,RESIN COMPOUND,usd,17621.0,17066.0,-555.0,cr,Process Improvement (Yield Up),Operational-driven
actual,2025-10,A8,SH-EVEN-02,RESIN COMPOUND,usd,17066.0,17840.0,774.0,cu,Yield/Scrap Rate Increase,Operational-driven
actual,2024-11,A9,SH-CATA-D01,PANEL BOTTOM AS,domestic,98579.0,102503.0,3924.0,cu,Yield/Scrap Rate Increase,Operational-driven
actual,2024-12,A9,SH-CATA-D01,PANEL BOTTOM AS,domestic,102503.0,102503.0,0.0,,,
actual,2025-01,A9,SH-CATA-D01,PANEL BOTTOM AS,domestic,102503.0,103061.0,558.0,cu,Supplier Change (Higher Cost Source),Market-driven
actual,2025-02,A9,SH-CATA-D01,PANEL BOTTOM AS,domestic,103061.0,98861.0,-4200.0,cr,Supplier Negotiation,Operational-driven
actual,2025-03,A9,SH-CATA-D01,PANEL BOTTOM AS,domestic,98861.0,98861.0,0.0,,,
actual,2025-04,A9,SH-CATA-D01,PANEL BOTTOM AS,domestic,98861.0,98861.0,0.0,,,
actual,2025-05,A9,SH-CATA-D01,PANEL BOTTOM AS,domestic,98861.0,99679.0,818.0,cu,Yield/Scrap Rate Increase,Operational-driven
actual,2025-06,A9,SH-CATA-D01,PANEL BOTTOM AS,domestic,99679.0,102636.0,2957.0,cu,Supplier Change (Higher Cost Source),Market-driven
actual,2025-07,A9,SH-CATA-D01,PANEL BOTTOM AS,domestic,102636.0,106644.0,4008.0,cu,Yield/Scrap Rate Increase,Operational-driven
actual,2025-08,A9,SH-CATA-D01,PANEL BOTTOM AS,domestic,106644.0,110883.0,4239.0,cu,Supplier Change (Higher Cost Source),Market-driven
actual,2025-09,A9,SH-CATA-D01,PANEL BOTTOM AS,domestic,110883.0,116042.0,5159.0,cu,Engineering Change / Spec Upgrade,Engineering-driven
actual,2025-10,A9,SH-CATA-D01,PANEL BOTTOM AS,domestic,116042.0,112002.0,-4040.0,cr,Localization / Local Sourcing,Operational-driven
actual,2024-11,A9,SH-CATA-U01,CONNECTOR HOUSING,usd,56296.0,59103.0,2807.0,cu,Raw Material Price Increase,Market-driven
actual,2024-12,A9,SH-CATA-U01,CONNECTOR HOUSING,usd,59103.0,62210.0,3107.0,cu,Supplier Change (Higher Cost Source),Market-driven
actual,2025-01,A9,SH-CATA-U01,CONNECTOR HOUSING,usd,62210.0,65724.0,3514.0,cu,Supplier Change (Higher Cost Source),Market-driven
actual,2025-02,A9,SH-CATA-U01,CONNECTOR HOUSING,usd,65724.0,69879.0,4155.0,cu,Supplier Change (Higher Cost Source),Market-driven
actual,2025-03,A9,SH-CATA-U01,CONNECTOR HOUSING,usd,69879.0,73619.0,3740.0,cu,Supplier Change (Higher Cost Source),Market-driven
actual,2025-04,A9,SH-CATA-U01,CONNECTOR HOUSING,usd,73619.0,78184.0,4565.0,cu,Supplier Change (Higher Cost Source),Market-driven
actual,2025-05,A9,SH-CATA-U01,CONNECTOR HOUSING,usd,78184.0,82589.0,4405.0,cu,Supplier Change (Higher Cost Source),Market-driven
actual,2025-06,A9,SH-CATA-U01,CONNECTOR HOUSING,usd,82589.0,87542.0,4953.0,cu,Raw Material Price Increase,Market-driven
actual,2025-07,A9,SH-CATA-U01,CONNECTOR HOUSING,usd,87542.0,91058.0,3516.0,cu,Raw Material Price Increase,Market-driven
actual,2025-08,A9,SH-CATA-U01,CONNECTOR HOUSING,usd,91058.0,94744.0,3686.0,cu,Supplier Change (Higher Cost Source),Market-driven
actual,2025-09,A9,SH-CATA-U01,CONNECTOR HOUSING,usd,94744.0,100225.0,5481.0,cu,Supplier Change (Higher Cost Source),Market-driven
actual,2025-10,A9,SH-CATA-U01,CONNECTOR HOUSING,usd,100225.0,104801.0,4576.0,cu,Raw Material Price Increase,Market-driven
actual,2024-11,A9,SH-IDX09,PRECISION GEAR,jpy,56507.0,56507.0,0.0,,,
actual,2024-12,A9,SH-IDX09,PRECISION GEAR,jpy,56507.0,54071.0,-2436.0,cr,Supplier Negotiation,Operational-driven
actual,2025-01,A9,SH-IDX09,PRECISION GEAR,jpy,54071.0,52899.0,-1172.0,cr,Supplier Negotiation,Operational-driven
actual,2025-02,A9,SH-IDX09,PRECISION GEAR,jpy,52899.0,55656.0,2757.0,cu,Logistics/Freight Cost Increase,Market-driven
actual,2025-03,A9,SH-IDX09,PRECISION GEAR,jpy,55656.0,52485.0,-3171.0,cr,Supplier Negotiation,Operational-driven
actual,2025-04,A9,SH-IDX09,PRECISION GEAR,jpy,52485.0,50211.0,-2274.0,cr,Localization / Local Sourcing,Operational-driven
actual,2025-05,A9,SH-IDX09,PRECISION GEAR,jpy,50211.0,47690.0,-2521.0,cr,Supplier Negotiation,Operational-driven
actual,2025-06,A9,SH-IDX09,PRECISION GEAR,jpy,47690.0,45804.0,-1886.0,cr,VA/VE Improvement,Engineering-driven
actual,2025-07,A9,SH-IDX09,PRECISION GEAR,jpy,45804.0,46874.0,1070.0,cu,Logistics/Freight Cost Increase,Market-driven
actual,2025-08,A9,SH-IDX09,PRECISION GEAR,jpy,46874.0,46874.0,0.0,,,
actual,2025-09,A9,SH-IDX09,PRECISION GEAR,jpy,46874.0,44804.0,-2070.0,cr,Localization / Local Sourcing,Operational-driven
actual,2025-10,A9,SH-IDX09,PRECISION GEAR,jpy,44804.0,42787.0,-2017.0,cr,Supplier Negotiation,Operational-driven
actual,2024-11,A9,UQ-A9-01,PANEL FRONT AS,domestic,314737.0,327605.0,12868.0,cu,Engineering Change / Spec Upgrade,Engineering-driven
actual,2024-12,A9,UQ-A9-01,PANEL FRONT AS,domestic,327605.0,333270.0,5665.0,cu,Raw Material Price Increase,Market-driven
actual,2025-01,A9,UQ-A9-01,PANEL FRONT AS,domestic,333270.0,324266.0,-9004.0,cr,Process Improvement (Yield Up),Operational-driven
actual,2025-02,A9,UQ-A9-01,PANEL FRONT AS,domestic,324266.0,319611.0,-4655.0,cr,Localization / Local Sourcing,Operational-driven
actual,2025-03,A9,UQ-A9-01,PANEL FRONT AS,domestic,319611.0,315643.0,-3968.0,cr,Process Improvement (Yield Up),Operational-driven
actual,2025-04,A9,UQ-A9-01,PANEL FRONT AS,domestic,315643.0,315643.0,0.0,,,
actual,2025-05,A9,UQ-A9-01,PANEL FRONT AS,domestic,315643.0,315643.0,0.0,,,
actual,2025-06,A9,UQ-A9-01,PANEL FRONT AS,domestic,315643.0,315643.0,0.0,,,
actual,2025-07,A9,UQ-A9-01,PANEL FRONT AS,domestic,315643.0,324264.0,8621.0,cu,Engineering Change / Spec Upgrade,Engineering-driven
actual,2025-08,A9,UQ-A9-01,PANEL FRONT AS,domestic,324264.0,339561.0,15297.0,cu,Supplier Change (Higher Cost Source),Market-driven
actual,2025-09,A9,UQ-A9-01,PANEL FRONT AS,domestic,339561.0,324732.0,-14829.0,cr,Process Improvement (Yield Up),Operational-driven
actual,2025-10,A9,UQ-A9-01,PANEL FRONT AS,domestic,324732.0,341970.0,17238.0,cu,Raw Material Price Increase,Market-driven
actual,2024-11,A9,UQ-A9-02,BRACKET SUPPORT,domestic,341673.0,328553.0,-13120.0,cr,Process Improvement (Yield Up),Operational-driven
actual,2024-12,A9,UQ-A9-02,BRACKET SUPPORT,domestic,328553.0,317783.0,-10770.0,cr,Localization / Local Sourcing,Operational-driven
actual,2025-01,A9,UQ-A9-02,BRACKET SUPPORT,domestic,317783.0,317783.0,0.0,,,
actual,2025-02,A9,UQ-A9-02,BRACKET SUPPORT,domestic,317783.0,332537.0,14754.0,cu,Yield/Scrap Rate Increase,Operational-driven
actual,2025-03,A9,UQ-A9-02,BRACKET SUPPORT,domestic,332537.0,350673.0,18136.0,cu,Engineering Change / Spec Upgrade,Engineering-driven
actual,2025-04,A9,UQ-A9-02,BRACKET SUPPORT,domestic,350673.0,365025.0,14352.0,cu,Engineering Change / Spec Upgrade,Engineering-driven
actual,2025-05,A9,UQ-A9-02,BRACKET SUPPORT,domestic,365025.0,365025.0,0.0,,,
actual,2025-06,A9,UQ-A9-02,BRACKET SUPPORT,domestic,365025.0,362631.0,-2394.0,cr,Supplier Negotiation,Operational-driven
actual,2025-07,A9,UQ-A9-02,BRACKET SUPPORT,domestic,362631.0,357344.0,-5287.0,cr,Alternative Material Substitution,Engineering-driven
actual,2025-08,A9,UQ-A9-02,BRACKET SUPPORT,domestic,357344.0,370833.0,13489.0,cu,Yield/Scrap Rate Increase,Operational-driven
actual,2025-09,A9,UQ-A9-02,BRACKET SUPPORT,domestic,370833.0,392417.0,21584.0,cu,Yield/Scrap Rate Increase,Operational-driven
actual,2025-10,A9,UQ-A9-02,BRACKET SUPPORT,domestic,392417.0,386192.0,-6225.0,cr,Process Improvement (Yield Up),Operational-driven
actual,2024-11,A9,UQ-A9-03,IC CHIP CONTROL,usd,435777.0,435777.0,0.0,,,
actual,2024-12,A9,UQ-A9-03,IC CHIP CONTROL,usd,435777.0,435777.0,0.0,,,
actual,2025-01,A9,UQ-A9-03,IC CHIP CONTROL,usd,435777.0,416793.0,-18984.0,cr,Localization / Local Sourcing,Operational-driven
actual,2025-02,A9,UQ-A9-03,IC CHIP CONTROL,usd,416793.0,372757.0,-44036.0,cr,VA/VE Improvement,Engineering-driven
actual,2025-03,A9,UQ-A9-03,IC CHIP CONTROL,usd,372757.0,372757.0,0.0,,,
actual,2025-04,A9,UQ-A9-03,IC CHIP CONTROL,usd,372757.0,422477.0,49720.0,cu,Yield/Scrap Rate Increase,Operational-driven
actual,2025-05,A9,UQ-A9-03,IC CHIP CONTROL,usd,422477.0,392935.0,-29542.0,cr,Process Improvement (Yield Up),Operational-driven
actual,2025-06,A9,UQ-A9-03,IC CHIP CONTROL,usd,392935.0,364482.0,-28453.0,cr,Supplier Negotiation,Operational-driven
actual,2025-07,A9,UQ-A9-03,IC CHIP CONTROL,usd,364482.0,323435.0,-41047.0,cr,Supplier Negotiation,Operational-driven
actual,2025-08,A9,UQ-A9-03,IC CHIP CONTROL,usd,323435.0,332103.0,8668.0,cu,Raw Material Price Increase,Market-driven
actual,2025-09,A9,UQ-A9-03,IC CHIP CONTROL,usd,332103.0,343388.0,11285.0,cu,Supplier Change (Higher Cost Source),Market-driven
actual,2025-10,A9,UQ-A9-03,IC CHIP CONTROL,usd,343388.0,332027.0,-11361.0,cr,Localization / Local Sourcing,Operational-driven
actual,2024-11,A9,UQ-A9-04,MOTOR UNIT,jpy,259957.0,258071.0,-1886.0,cr,Alternative Material Substitution,Engineering-driven
actual,2024-12,A9,UQ-A9-04,MOTOR UNIT,jpy,258071.0,251612.0,-6459.0,cr,Localization / Local Sourcing,Operational-driven
actual,2025-01,A9,UQ-A9-04,MOTOR UNIT,jpy,251612.0,260771.0,9159.0,cu,Yield/Scrap Rate Increase,Operational-driven
actual,2025-02,A9,UQ-A9-04,MOTOR UNIT,jpy,260771.0,260771.0,0.0,,,
actual,2025-03,A9,UQ-A9-04,MOTOR UNIT,jpy,260771.0,260771.0,0.0,,,
actual,2025-04,A9,UQ-A9-04,MOTOR UNIT,jpy,260771.0,266912.0,6141.0,cu,Raw Material Price Increase,Market-driven
actual,2025-05,A9,UQ-A9-04,MOTOR UNIT,jpy,266912.0,269973.0,3061.0,cu,Raw Material Price Increase,Market-driven
actual,2025-06,A9,UQ-A9-04,MOTOR UNIT,jpy,269973.0,273824.0,3851.0,cu,Engineering Change / Spec Upgrade,Engineering-driven
actual,2025-07,A9,UQ-A9-04,MOTOR UNIT,jpy,273824.0,281662.0,7838.0,cu,Raw Material Price Increase,Market-driven
actual,2025-08,A9,UQ-A9-04,MOTOR UNIT,jpy,281662.0,275090.0,-6572.0,cr,Localization / Local Sourcing,Operational-driven
actual,2025-09,A9,UQ-A9-04,MOTOR UNIT,jpy,275090.0,275090.0,0.0,,,
actual,2025-10,A9,UQ-A9-04,MOTOR UNIT,jpy,275090.0,271798.0,-3292.0,cr,VA/VE Improvement,Engineering-driven
actual,2024-11,A9,UQ-A9-05,SENSOR MODULE,jpy,196790.0,185514.0,-11276.0,cr,Alternative Material Substitution,Engineering-driven
actual,2024-12,A9,UQ-A9-05,SENSOR MODULE,jpy,185514.0,185514.0,0.0,,,
actual,2025-01,A9,UQ-A9-05,SENSOR MODULE,jpy,185514.0,197794.0,12280.0,cu,Yield/Scrap Rate Increase,Operational-driven
actual,2025-02,A9,UQ-A9-05,SENSOR MODULE,jpy,197794.0,197794.0,0.0,,,
actual,2025-03,A9,UQ-A9-05,SENSOR MODULE,jpy,197794.0,197794.0,0.0,,,
actual,2025-04,A9,UQ-A9-05,SENSOR MODULE,jpy,197794.0,205640.0,7846.0,cu,Logistics/Freight Cost Increase,Market-driven
actual,2025-05,A9,UQ-A9-05,SENSOR MODULE,jpy,205640.0,234219.0,28579.0,cu,Yield/Scrap Rate Increase,Operational-driven
actual,2025-06,A9,UQ-A9-05,SENSOR MODULE,jpy,234219.0,221707.0,-12512.0,cr,Process Improvement (Yield Up),Operational-driven
actual,2025-07,A9,UQ-A9-05,SENSOR MODULE,jpy,221707.0,188881.0,-32826.0,cr,VA/VE Improvement,Engineering-driven
actual,2025-08,A9,UQ-A9-05,SENSOR MODULE,jpy,188881.0,203620.0,14739.0,cu,Supplier Change (Higher Cost Source),Market-driven
actual,2025-09,A9,UQ-A9-05,SENSOR MODULE,jpy,203620.0,174980.0,-28640.0,cr,Localization / Local Sourcing,Operational-driven
actual,2025-10,A9,UQ-A9-05,SENSOR MODULE,jpy,174980.0,148643.0,-26337.0,cr,VA/VE Improvement,Engineering-driven
actual,2024-11,A10,SH-CATA-D01,PANEL BOTTOM AS,domestic,98579.0,102503.0,3924.0,cu,Yield/Scrap Rate Increase,Operational-driven
actual,2024-12,A10,SH-CATA-D01,PANEL BOTTOM AS,domestic,102503.0,102503.0,0.0,,,
actual,2025-01,A10,SH-CATA-D01,PANEL BOTTOM AS,domestic,102503.0,103061.0,558.0,cu,Supplier Change (Higher Cost Source),Market-driven
actual,2025-02,A10,SH-CATA-D01,PANEL BOTTOM AS,domestic,103061.0,98861.0,-4200.0,cr,Supplier Negotiation,Operational-driven
actual,2025-03,A10,SH-CATA-D01,PANEL BOTTOM AS,domestic,98861.0,98861.0,0.0,,,
actual,2025-04,A10,SH-CATA-D01,PANEL BOTTOM AS,domestic,98861.0,98861.0,0.0,,,
actual,2025-05,A10,SH-CATA-D01,PANEL BOTTOM AS,domestic,98861.0,99679.0,818.0,cu,Yield/Scrap Rate Increase,Operational-driven
actual,2025-06,A10,SH-CATA-D01,PANEL BOTTOM AS,domestic,99679.0,102636.0,2957.0,cu,Supplier Change (Higher Cost Source),Market-driven
actual,2025-07,A10,SH-CATA-D01,PANEL BOTTOM AS,domestic,102636.0,106644.0,4008.0,cu,Yield/Scrap Rate Increase,Operational-driven
actual,2025-08,A10,SH-CATA-D01,PANEL BOTTOM AS,domestic,106644.0,110883.0,4239.0,cu,Supplier Change (Higher Cost Source),Market-driven
actual,2025-09,A10,SH-CATA-D01,PANEL BOTTOM AS,domestic,110883.0,116042.0,5159.0,cu,Engineering Change / Spec Upgrade,Engineering-driven
actual,2025-10,A10,SH-CATA-D01,PANEL BOTTOM AS,domestic,116042.0,112002.0,-4040.0,cr,Localization / Local Sourcing,Operational-driven
actual,2024-11,A10,SH-CATA-U01,CONNECTOR HOUSING,usd,56296.0,59103.0,2807.0,cu,Raw Material Price Increase,Market-driven
actual,2024-12,A10,SH-CATA-U01,CONNECTOR HOUSING,usd,59103.0,62210.0,3107.0,cu,Supplier Change (Higher Cost Source),Market-driven
actual,2025-01,A10,SH-CATA-U01,CONNECTOR HOUSING,usd,62210.0,65724.0,3514.0,cu,Supplier Change (Higher Cost Source),Market-driven
actual,2025-02,A10,SH-CATA-U01,CONNECTOR HOUSING,usd,65724.0,69879.0,4155.0,cu,Supplier Change (Higher Cost Source),Market-driven
actual,2025-03,A10,SH-CATA-U01,CONNECTOR HOUSING,usd,69879.0,73619.0,3740.0,cu,Supplier Change (Higher Cost Source),Market-driven
actual,2025-04,A10,SH-CATA-U01,CONNECTOR HOUSING,usd,73619.0,78184.0,4565.0,cu,Supplier Change (Higher Cost Source),Market-driven
actual,2025-05,A10,SH-CATA-U01,CONNECTOR HOUSING,usd,78184.0,82589.0,4405.0,cu,Supplier Change (Higher Cost Source),Market-driven
actual,2025-06,A10,SH-CATA-U01,CONNECTOR HOUSING,usd,82589.0,87542.0,4953.0,cu,Raw Material Price Increase,Market-driven
actual,2025-07,A10,SH-CATA-U01,CONNECTOR HOUSING,usd,87542.0,91058.0,3516.0,cu,Raw Material Price Increase,Market-driven
actual,2025-08,A10,SH-CATA-U01,CONNECTOR HOUSING,usd,91058.0,94744.0,3686.0,cu,Supplier Change (Higher Cost Source),Market-driven
actual,2025-09,A10,SH-CATA-U01,CONNECTOR HOUSING,usd,94744.0,100225.0,5481.0,cu,Supplier Change (Higher Cost Source),Market-driven
actual,2025-10,A10,SH-CATA-U01,CONNECTOR HOUSING,usd,100225.0,104801.0,4576.0,cu,Raw Material Price Increase,Market-driven
actual,2024-11,A10,SH-IDX10,PRECISION GEAR,jpy,121193.0,107698.0,-13495.0,cr,Alternative Material Substitution,Engineering-driven
actual,2024-12,A10,SH-IDX10,PRECISION GEAR,jpy,107698.0,111748.0,4050.0,cu,Yield/Scrap Rate Increase,Operational-driven
actual,2025-01,A10,SH-IDX10,PRECISION GEAR,jpy,111748.0,102640.0,-9108.0,cr,Process Improvement (Yield Up),Operational-driven
actual,2025-02,A10,SH-IDX10,PRECISION GEAR,jpy,102640.0,108406.0,5766.0,cu,Raw Material Price Increase,Market-driven
actual,2025-03,A10,SH-IDX10,PRECISION GEAR,jpy,108406.0,108406.0,0.0,,,
actual,2025-04,A10,SH-IDX10,PRECISION GEAR,jpy,108406.0,115461.0,7055.0,cu,Logistics/Freight Cost Increase,Market-driven
actual,2025-05,A10,SH-IDX10,PRECISION GEAR,jpy,115461.0,105192.0,-10269.0,cr,Alternative Material Substitution,Engineering-driven
actual,2025-06,A10,SH-IDX10,PRECISION GEAR,jpy,105192.0,93585.0,-11607.0,cr,Localization / Local Sourcing,Operational-driven
actual,2025-07,A10,SH-IDX10,PRECISION GEAR,jpy,93585.0,93585.0,0.0,,,
actual,2025-08,A10,SH-IDX10,PRECISION GEAR,jpy,93585.0,83001.0,-10584.0,cr,VA/VE Improvement,Engineering-driven
actual,2025-09,A10,SH-IDX10,PRECISION GEAR,jpy,83001.0,83001.0,0.0,,,
actual,2025-10,A10,SH-IDX10,PRECISION GEAR,jpy,83001.0,81088.0,-1913.0,cr,VA/VE Improvement,Engineering-driven
actual,2024-11,A10,UQ-A10-01,PANEL FRONT AS,domestic,803460.0,780950.0,-22510.0,cr,Process Improvement (Yield Up),Operational-driven
actual,2024-12,A10,UQ-A10-01,PANEL FRONT AS,domestic,780950.0,759710.0,-21240.0,cr,Localization / Local Sourcing,Operational-driven
actual,2025-01,A10,UQ-A10-01,PANEL FRONT AS,domestic,759710.0,759710.0,0.0,,,
actual,2025-02,A10,UQ-A10-01,PANEL FRONT AS,domestic,759710.0,775303.0,15593.0,cu,Yield/Scrap Rate Increase,Operational-driven
actual,2025-03,A10,UQ-A10-01,PANEL FRONT AS,domestic,775303.0,796006.0,20703.0,cu,Logistics/Freight Cost Increase,Market-driven
actual,2025-04,A10,UQ-A10-01,PANEL FRONT AS,domestic,796006.0,812918.0,16912.0,cu,Yield/Scrap Rate Increase,Operational-driven
actual,2025-05,A10,UQ-A10-01,PANEL FRONT AS,domestic,812918.0,804191.0,-8727.0,cr,Supplier Negotiation,Operational-driven
actual,2025-06,A10,UQ-A10-01,PANEL FRONT AS,domestic,804191.0,804191.0,0.0,,,
actual,2025-07,A10,UQ-A10-01,PANEL FRONT AS,domestic,804191.0,821208.0,17017.0,cu,Engineering Change / Spec Upgrade,Engineering-driven
actual,2025-08,A10,UQ-A10-01,PANEL FRONT AS,domestic,821208.0,762018.0,-59190.0,cr,Alternative Material Substitution,Engineering-driven
actual,2025-09,A10,UQ-A10-01,PANEL FRONT AS,domestic,762018.0,762018.0,0.0,,,
actual,2025-10,A10,UQ-A10-01,PANEL FRONT AS,domestic,762018.0,751731.0,-10287.0,cr,Process Improvement (Yield Up),Operational-driven
actual,2024-11,A10,UQ-A10-02,BRACKET SUPPORT,domestic,767446.0,767446.0,0.0,,,
actual,2024-12,A10,UQ-A10-02,BRACKET SUPPORT,domestic,767446.0,755216.0,-12230.0,cr,VA/VE Improvement,Engineering-driven
actual,2025-01,A10,UQ-A10-02,BRACKET SUPPORT,domestic,755216.0,720963.0,-34253.0,cr,Localization / Local Sourcing,Operational-driven
actual,2025-02,A10,UQ-A10-02,BRACKET SUPPORT,domestic,720963.0,740773.0,19810.0,cu,Yield/Scrap Rate Increase,Operational-driven
actual,2025-03,A10,UQ-A10-02,BRACKET SUPPORT,domestic,740773.0,705279.0,-35494.0,cr,Alternative Material Substitution,Engineering-driven
actual,2025-04,A10,UQ-A10-02,BRACKET SUPPORT,domestic,705279.0,705279.0,0.0,,,
actual,2025-05,A10,UQ-A10-02,BRACKET SUPPORT,domestic,705279.0,669811.0,-35468.0,cr,Supplier Negotiation,Operational-driven
actual,2025-06,A10,UQ-A10-02,BRACKET SUPPORT,domestic,669811.0,669811.0,0.0,,,
actual,2025-07,A10,UQ-A10-02,BRACKET SUPPORT,domestic,669811.0,638088.0,-31723.0,cr,Alternative Material Substitution,Engineering-driven
actual,2025-08,A10,UQ-A10-02,BRACKET SUPPORT,domestic,638088.0,638088.0,0.0,,,
actual,2025-09,A10,UQ-A10-02,BRACKET SUPPORT,domestic,638088.0,625901.0,-12187.0,cr,Process Improvement (Yield Up),Operational-driven
actual,2025-10,A10,UQ-A10-02,BRACKET SUPPORT,domestic,625901.0,659510.0,33609.0,cu,Raw Material Price Increase,Market-driven
actual,2024-11,A10,UQ-A10-03,IC CHIP CONTROL,usd,605043.0,589767.0,-15276.0,cr,VA/VE Improvement,Engineering-driven
actual,2024-12,A10,UQ-A10-03,IC CHIP CONTROL,usd,589767.0,620122.0,30355.0,cu,Supplier Change (Higher Cost Source),Market-driven
actual,2025-01,A10,UQ-A10-03,IC CHIP CONTROL,usd,620122.0,616773.0,-3349.0,cr,Supplier Negotiation,Operational-driven
actual,2025-02,A10,UQ-A10-03,IC CHIP CONTROL,usd,616773.0,641355.0,24582.0,cu,Raw Material Price Increase,Market-driven
actual,2025-03,A10,UQ-A10-03,IC CHIP CONTROL,usd,641355.0,610664.0,-30691.0,cr,Supplier Negotiation,Operational-driven
actual,2025-04,A10,UQ-A10-03,IC CHIP CONTROL,usd,610664.0,590328.0,-20336.0,cr,Localization / Local Sourcing,Operational-driven
actual,2025-05,A10,UQ-A10-03,IC CHIP CONTROL,usd,590328.0,602436.0,12108.0,cu,Raw Material Price Increase,Market-driven
actual,2025-06,A10,UQ-A10-03,IC CHIP CONTROL,usd,602436.0,582681.0,-19755.0,cr,Localization / Local Sourcing,Operational-driven
actual,2025-07,A10,UQ-A10-03,IC CHIP CONTROL,usd,582681.0,582681.0,0.0,,,
actual,2025-08,A10,UQ-A10-03,IC CHIP CONTROL,usd,582681.0,582681.0,0.0,,,
actual,2025-09,A10,UQ-A10-03,IC CHIP CONTROL,usd,582681.0,547727.0,-34954.0,cr,Process Improvement (Yield Up),Operational-driven
actual,2025-10,A10,UQ-A10-03,IC CHIP CONTROL,usd,547727.0,572178.0,24451.0,cu,Logistics/Freight Cost Increase,Market-driven
actual,2024-11,A10,UQ-A10-04,MOTOR UNIT,jpy,247230.0,255347.0,8117.0,cu,Supplier Change (Higher Cost Source),Market-driven
actual,2024-12,A10,UQ-A10-04,MOTOR UNIT,jpy,255347.0,261679.0,6332.0,cu,Supplier Change (Higher Cost Source),Market-driven
actual,2025-01,A10,UQ-A10-04,MOTOR UNIT,jpy,261679.0,276694.0,15015.0,cu,Raw Material Price Increase,Market-driven
actual,2025-02,A10,UQ-A10-04,MOTOR UNIT,jpy,276694.0,276694.0,0.0,,,
actual,2025-03,A10,UQ-A10-04,MOTOR UNIT,jpy,276694.0,272813.0,-3881.0,cr,VA/VE Improvement,Engineering-driven
actual,2025-04,A10,UQ-A10-04,MOTOR UNIT,jpy,272813.0,278009.0,5196.0,cu,Engineering Change / Spec Upgrade,Engineering-driven
actual,2025-05,A10,UQ-A10-04,MOTOR UNIT,jpy,278009.0,282807.0,4798.0,cu,Supplier Change (Higher Cost Source),Market-driven
actual,2025-06,A10,UQ-A10-04,MOTOR UNIT,jpy,282807.0,291036.0,8229.0,cu,Supplier Change (Higher Cost Source),Market-driven
actual,2025-07,A10,UQ-A10-04,MOTOR UNIT,jpy,291036.0,291036.0,0.0,,,
actual,2025-08,A10,UQ-A10-04,MOTOR UNIT,jpy,291036.0,306868.0,15832.0,cu,Engineering Change / Spec Upgrade,Engineering-driven
actual,2025-09,A10,UQ-A10-04,MOTOR UNIT,jpy,306868.0,325107.0,18239.0,cu,Yield/Scrap Rate Increase,Operational-driven
actual,2025-10,A10,UQ-A10-04,MOTOR UNIT,jpy,325107.0,337142.0,12035.0,cu,Raw Material Price Increase,Market-driven
actual,2024-11,A10,UQ-A10-05,SENSOR MODULE,jpy,344143.0,356768.0,12625.0,cu,Raw Material Price Increase,Market-driven
actual,2024-12,A10,UQ-A10-05,SENSOR MODULE,jpy,356768.0,337084.0,-19684.0,cr,Alternative Material Substitution,Engineering-driven
actual,2025-01,A10,UQ-A10-05,SENSOR MODULE,jpy,337084.0,350172.0,13088.0,cu,Supplier Change (Higher Cost Source),Market-driven
actual,2025-02,A10,UQ-A10-05,SENSOR MODULE,jpy,350172.0,350172.0,0.0,,,
actual,2025-03,A10,UQ-A10-05,SENSOR MODULE,jpy,350172.0,350172.0,0.0,,,
actual,2025-04,A10,UQ-A10-05,SENSOR MODULE,jpy,350172.0,350172.0,0.0,,,
actual,2025-05,A10,UQ-A10-05,SENSOR MODULE,jpy,350172.0,356551.0,6379.0,cu,Engineering Change / Spec Upgrade,Engineering-driven
actual,2025-06,A10,UQ-A10-05,SENSOR MODULE,jpy,356551.0,361603.0,5052.0,cu,Engineering Change / Spec Upgrade,Engineering-driven
actual,2025-07,A10,UQ-A10-05,SENSOR MODULE,jpy,361603.0,377405.0,15802.0,cu,Engineering Change / Spec Upgrade,Engineering-driven
actual,2025-08,A10,UQ-A10-05,SENSOR MODULE,jpy,377405.0,364897.0,-12508.0,cr,Localization / Local Sourcing,Operational-driven
actual,2025-09,A10,UQ-A10-05,SENSOR MODULE,jpy,364897.0,364897.0,0.0,,,
actual,2025-10,A10,UQ-A10-05,SENSOR MODULE,jpy,364897.0,386177.0,21280.0,cu,Supplier Change (Higher Cost Source),Market-driven
actual,2024-11,A10,SH-EVEN-01,TAPE PU-F,domestic,70295.0,67819.0,-2476.0,cr,Localization / Local Sourcing,Operational-driven
actual,2024-12,A10,SH-EVEN-01,TAPE PU-F,domestic,67819.0,68361.0,542.0,cu,Engineering Change / Spec Upgrade,Engineering-driven
actual,2025-01,A10,SH-EVEN-01,TAPE PU-F,domestic,68361.0,67771.0,-590.0,cr,Localization / Local Sourcing,Operational-driven
actual,2025-02,A10,SH-EVEN-01,TAPE PU-F,domestic,67771.0,70908.0,3137.0,cu,Logistics/Freight Cost Increase,Market-driven
actual,2025-03,A10,SH-EVEN-01,TAPE PU-F,domestic,70908.0,70908.0,0.0,,,
actual,2025-04,A10,SH-EVEN-01,TAPE PU-F,domestic,70908.0,67971.0,-2937.0,cr,Localization / Local Sourcing,Operational-driven
actual,2025-05,A10,SH-EVEN-01,TAPE PU-F,domestic,67971.0,70882.0,2911.0,cu,Logistics/Freight Cost Increase,Market-driven
actual,2025-06,A10,SH-EVEN-01,TAPE PU-F,domestic,70882.0,70015.0,-867.0,cr,Process Improvement (Yield Up),Operational-driven
actual,2025-07,A10,SH-EVEN-01,TAPE PU-F,domestic,70015.0,71263.0,1248.0,cu,Yield/Scrap Rate Increase,Operational-driven
actual,2025-08,A10,SH-EVEN-01,TAPE PU-F,domestic,71263.0,71263.0,0.0,,,
actual,2025-09,A10,SH-EVEN-01,TAPE PU-F,domestic,71263.0,69379.0,-1884.0,cr,Localization / Local Sourcing,Operational-driven
actual,2025-10,A10,SH-EVEN-01,TAPE PU-F,domestic,69379.0,72373.0,2994.0,cu,Logistics/Freight Cost Increase,Market-driven
actual,2024-11,A10,SH-EVEN-02,RESIN COMPOUND,usd,19042.0,19042.0,0.0,,,
actual,2024-12,A10,SH-EVEN-02,RESIN COMPOUND,usd,19042.0,18947.0,-95.0,cr,Supplier Negotiation,Operational-driven
actual,2025-01,A10,SH-EVEN-02,RESIN COMPOUND,usd,18947.0,17907.0,-1040.0,cr,Alternative Material Substitution,Engineering-driven
actual,2025-02,A10,SH-EVEN-02,RESIN COMPOUND,usd,17907.0,18018.0,111.0,cu,Supplier Change (Higher Cost Source),Market-driven
actual,2025-03,A10,SH-EVEN-02,RESIN COMPOUND,usd,18018.0,17275.0,-743.0,cr,Supplier Negotiation,Operational-driven
actual,2025-04,A10,SH-EVEN-02,RESIN COMPOUND,usd,17275.0,16381.0,-894.0,cr,Alternative Material Substitution,Engineering-driven
actual,2025-05,A10,SH-EVEN-02,RESIN COMPOUND,usd,16381.0,16909.0,528.0,cu,Supplier Change (Higher Cost Source),Market-driven
actual,2025-06,A10,SH-EVEN-02,RESIN COMPOUND,usd,16909.0,16909.0,0.0,,,
actual,2025-07,A10,SH-EVEN-02,RESIN COMPOUND,usd,16909.0,17621.0,712.0,cu,Raw Material Price Increase,Market-driven
actual,2025-08,A10,SH-EVEN-02,RESIN COMPOUND,usd,17621.0,17621.0,0.0,,,
actual,2025-09,A10,SH-EVEN-02,RESIN COMPOUND,usd,17621.0,17066.0,-555.0,cr,Process Improvement (Yield Up),Operational-driven
actual,2025-10,A10,SH-EVEN-02,RESIN COMPOUND,usd,17066.0,17840.0,774.0,cu,Yield/Scrap Rate Increase,Operational-driven
actual,2024-11,B1,SH-CATB-D01,PANEL BOTTOM AS,domestic,134348.0,134348.0,0.0,,,
actual,2024-12,B1,SH-CATB-D01,PANEL BOTTOM AS,domestic,134348.0,131620.0,-2728.0,cr,VA/VE Improvement,Engineering-driven
actual,2025-01,B1,SH-CATB-D01,PANEL BOTTOM AS,domestic,131620.0,131620.0,0.0,,,
actual,2025-02,B1,SH-CATB-D01,PANEL BOTTOM AS,domestic,131620.0,126797.0,-4823.0,cr,Localization / Local Sourcing,Operational-driven
actual,2025-03,B1,SH-CATB-D01,PANEL BOTTOM AS,domestic,126797.0,123920.0,-2877.0,cr,VA/VE Improvement,Engineering-driven
actual,2025-04,B1,SH-CATB-D01,PANEL BOTTOM AS,domestic,123920.0,128004.0,4084.0,cu,Yield/Scrap Rate Increase,Operational-driven
actual,2025-05,B1,SH-CATB-D01,PANEL BOTTOM AS,domestic,128004.0,134381.0,6377.0,cu,Yield/Scrap Rate Increase,Operational-driven
actual,2025-06,B1,SH-CATB-D01,PANEL BOTTOM AS,domestic,134381.0,136182.0,1801.0,cu,Logistics/Freight Cost Increase,Market-driven
actual,2025-07,B1,SH-CATB-D01,PANEL BOTTOM AS,domestic,136182.0,133428.0,-2754.0,cr,Process Improvement (Yield Up),Operational-driven
actual,2025-08,B1,SH-CATB-D01,PANEL BOTTOM AS,domestic,133428.0,137230.0,3802.0,cu,Engineering Change / Spec Upgrade,Engineering-driven
actual,2025-09,B1,SH-CATB-D01,PANEL BOTTOM AS,domestic,137230.0,137230.0,0.0,,,
actual,2025-10,B1,SH-CATB-D01,PANEL BOTTOM AS,domestic,137230.0,141464.0,4234.0,cu,Raw Material Price Increase,Market-driven
actual,2024-11,B1,SH-CATB-U01,CONNECTOR HOUSING,usd,58561.0,58171.0,-390.0,cr,Supplier Negotiation,Operational-driven
actual,2024-12,B1,SH-CATB-U01,CONNECTOR HOUSING,usd,58171.0,60846.0,2675.0,cu,Logistics/Freight Cost Increase,Market-driven
actual,2025-01,B1,SH-CATB-U01,CONNECTOR HOUSING,usd,60846.0,60846.0,0.0,,,
actual,2025-02,B1,SH-CATB-U01,CONNECTOR HOUSING,usd,60846.0,57109.0,-3737.0,cr,VA/VE Improvement,Engineering-driven
actual,2025-03,B1,SH-CATB-U01,CONNECTOR HOUSING,usd,57109.0,59904.0,2795.0,cu,Supplier Change (Higher Cost Source),Market-driven
actual,2025-04,B1,SH-CATB-U01,CONNECTOR HOUSING,usd,59904.0,57895.0,-2009.0,cr,Alternative Material Substitution,Engineering-driven
actual,2025-05,B1,SH-CATB-U01,CONNECTOR HOUSING,usd,57895.0,57895.0,0.0,,,
actual,2025-06,B1,SH-CATB-U01,CONNECTOR HOUSING,usd,57895.0,57895.0,0.0,,,
actual,2025-07,B1,SH-CATB-U01,CONNECTOR HOUSING,usd,57895.0,58316.0,421.0,cu,Logistics/Freight Cost Increase,Market-driven
actual,2025-08,B1,SH-CATB-U01,CONNECTOR HOUSING,usd,58316.0,58316.0,0.0,,,
actual,2025-09,B1,SH-CATB-U01,CONNECTOR HOUSING,usd,58316.0,59288.0,972.0,cu,Engineering Change / Spec Upgrade,Engineering-driven
actual,2025-10,B1,SH-CATB-U01,CONNECTOR HOUSING,usd,59288.0,59288.0,0.0,,,
actual,2024-11,B1,SH-IDX01,PRECISION GEAR,jpy,37408.0,37408.0,0.0,,,
actual,2024-12,B1,SH-IDX01,PRECISION GEAR,jpy,37408.0,38358.0,950.0,cu,Supplier Change (Higher Cost Source),Market-driven
actual,2025-01,B1,SH-IDX01,PRECISION GEAR,jpy,38358.0,39457.0,1099.0,cu,Raw Material Price Increase,Market-driven
actual,2025-02,B1,SH-IDX01,PRECISION GEAR,jpy,39457.0,38014.0,-1443.0,cr,Supplier Negotiation,Operational-driven
actual,2025-03,B1,SH-IDX01,PRECISION GEAR,jpy,38014.0,37510.0,-504.0,cr,Localization / Local Sourcing,Operational-driven
actual,2025-04,B1,SH-IDX01,PRECISION GEAR,jpy,37510.0,38061.0,551.0,cu,Raw Material Price Increase,Market-driven
actual,2025-05,B1,SH-IDX01,PRECISION GEAR,jpy,38061.0,37044.0,-1017.0,cr,Localization / Local Sourcing,Operational-driven
actual,2025-06,B1,SH-IDX01,PRECISION GEAR,jpy,37044.0,35766.0,-1278.0,cr,Process Improvement (Yield Up),Operational-driven
actual,2025-07,B1,SH-IDX01,PRECISION GEAR,jpy,35766.0,36403.0,637.0,cu,Engineering Change / Spec Upgrade,Engineering-driven
actual,2025-08,B1,SH-IDX01,PRECISION GEAR,jpy,36403.0,38234.0,1831.0,cu,Raw Material Price Increase,Market-driven
actual,2025-09,B1,SH-IDX01,PRECISION GEAR,jpy,38234.0,36217.0,-2017.0,cr,Process Improvement (Yield Up),Operational-driven
actual,2025-10,B1,SH-IDX01,PRECISION GEAR,jpy,36217.0,36484.0,267.0,cu,Raw Material Price Increase,Market-driven
actual,2024-11,B1,UQ-B1-01,PANEL FRONT AS,domestic,483641.0,465891.0,-17750.0,cr,VA/VE Improvement,Engineering-driven
actual,2024-12,B1,UQ-B1-01,PANEL FRONT AS,domestic,465891.0,465891.0,0.0,,,
actual,2025-01,B1,UQ-B1-01,PANEL FRONT AS,domestic,465891.0,456167.0,-9724.0,cr,VA/VE Improvement,Engineering-driven
actual,2025-02,B1,UQ-B1-01,PANEL FRONT AS,domestic,456167.0,445231.0,-10936.0,cr,VA/VE Improvement,Engineering-driven
actual,2025-03,B1,UQ-B1-01,PANEL FRONT AS,domestic,445231.0,461639.0,16408.0,cu,Logistics/Freight Cost Increase,Market-driven
actual,2025-04,B1,UQ-B1-01,PANEL FRONT AS,domestic,461639.0,436265.0,-25374.0,cr,Supplier Negotiation,Operational-driven
actual,2025-05,B1,UQ-B1-01,PANEL FRONT AS,domestic,436265.0,436265.0,0.0,,,
actual,2025-06,B1,UQ-B1-01,PANEL FRONT AS,domestic,436265.0,436265.0,0.0,,,
actual,2025-07,B1,UQ-B1-01,PANEL FRONT AS,domestic,436265.0,436265.0,0.0,,,
actual,2025-08,B1,UQ-B1-01,PANEL FRONT AS,domestic,436265.0,456603.0,20338.0,cu,Logistics/Freight Cost Increase,Market-driven
actual,2025-09,B1,UQ-B1-01,PANEL FRONT AS,domestic,456603.0,456603.0,0.0,,,
actual,2025-10,B1,UQ-B1-01,PANEL FRONT AS,domestic,456603.0,468421.0,11818.0,cu,Engineering Change / Spec Upgrade,Engineering-driven
actual,2024-11,B1,UQ-B1-02,BRACKET SUPPORT,domestic,526228.0,540248.0,14020.0,cu,Supplier Change (Higher Cost Source),Market-driven
actual,2024-12,B1,UQ-B1-02,BRACKET SUPPORT,domestic,540248.0,559692.0,19444.0,cu,Yield/Scrap Rate Increase,Operational-driven
actual,2025-01,B1,UQ-B1-02,BRACKET SUPPORT,domestic,559692.0,599083.0,39391.0,cu,Yield/Scrap Rate Increase,Operational-driven
actual,2025-02,B1,UQ-B1-02,BRACKET SUPPORT,domestic,599083.0,556656.0,-42427.0,cr,Alternative Material Substitution,Engineering-driven
actual,2025-03,B1,UQ-B1-02,BRACKET SUPPORT,domestic,556656.0,527012.0,-29644.0,cr,Localization / Local Sourcing,Operational-driven
actual,2025-04,B1,UQ-B1-02,BRACKET SUPPORT,domestic,527012.0,540472.0,13460.0,cu,Yield/Scrap Rate Increase,Operational-driven
actual,2025-05,B1,UQ-B1-02,BRACKET SUPPORT,domestic,540472.0,554082.0,13610.0,cu,Engineering Change / Spec Upgrade,Engineering-driven
actual,2025-06,B1,UQ-B1-02,BRACKET SUPPORT,domestic,554082.0,541863.0,-12219.0,cr,Supplier Negotiation,Operational-driven
actual,2025-07,B1,UQ-B1-02,BRACKET SUPPORT,domestic,541863.0,557514.0,15651.0,cu,Engineering Change / Spec Upgrade,Engineering-driven
actual,2025-08,B1,UQ-B1-02,BRACKET SUPPORT,domestic,557514.0,557514.0,0.0,,,
actual,2025-09,B1,UQ-B1-02,BRACKET SUPPORT,domestic,557514.0,542515.0,-14999.0,cr,Process Improvement (Yield Up),Operational-driven
actual,2025-10,B1,UQ-B1-02,BRACKET SUPPORT,domestic,542515.0,518100.0,-24415.0,cr,Supplier Negotiation,Operational-driven
actual,2024-11,B1,UQ-B1-03,IC CHIP CONTROL,usd,410894.0,481306.0,70412.0,cu,Logistics/Freight Cost Increase,Market-driven
actual,2024-12,B1,UQ-B1-03,IC CHIP CONTROL,usd,481306.0,496361.0,15055.0,cu,Yield/Scrap Rate Increase,Operational-driven
actual,2025-01,B1,UQ-B1-03,IC CHIP CONTROL,usd,496361.0,508264.0,11903.0,cu,Supplier Change (Higher Cost Source),Market-driven
actual,2025-02,B1,UQ-B1-03,IC CHIP CONTROL,usd,508264.0,552480.0,44216.0,cu,Logistics/Freight Cost Increase,Market-driven
actual,2025-03,B1,UQ-B1-03,IC CHIP CONTROL,usd,552480.0,580011.0,27531.0,cu,Yield/Scrap Rate Increase,Operational-driven
actual,2025-04,B1,UQ-B1-03,IC CHIP CONTROL,usd,580011.0,604899.0,24888.0,cu,Yield/Scrap Rate Increase,Operational-driven
actual,2025-05,B1,UQ-B1-03,IC CHIP CONTROL,usd,604899.0,573165.0,-31734.0,cr,Localization / Local Sourcing,Operational-driven
actual,2025-06,B1,UQ-B1-03,IC CHIP CONTROL,usd,573165.0,635468.0,62303.0,cu,Yield/Scrap Rate Increase,Operational-driven
actual,2025-07,B1,UQ-B1-03,IC CHIP CONTROL,usd,635468.0,659307.0,23839.0,cu,Logistics/Freight Cost Increase,Market-driven
actual,2025-08,B1,UQ-B1-03,IC CHIP CONTROL,usd,659307.0,559251.0,-100056.0,cr,VA/VE Improvement,Engineering-driven
actual,2025-09,B1,UQ-B1-03,IC CHIP CONTROL,usd,559251.0,513907.0,-45344.0,cr,Supplier Negotiation,Operational-driven
actual,2025-10,B1,UQ-B1-03,IC CHIP CONTROL,usd,513907.0,537198.0,23291.0,cu,Engineering Change / Spec Upgrade,Engineering-driven
actual,2024-11,B1,UQ-B1-04,MOTOR UNIT,jpy,203188.0,203188.0,0.0,,,
actual,2024-12,B1,UQ-B1-04,MOTOR UNIT,jpy,203188.0,197722.0,-5466.0,cr,Alternative Material Substitution,Engineering-driven
actual,2025-01,B1,UQ-B1-04,MOTOR UNIT,jpy,197722.0,199304.0,1582.0,cu,Supplier Change (Higher Cost Source),Market-driven
actual,2025-02,B1,UQ-B1-04,MOTOR UNIT,jpy,199304.0,193651.0,-5653.0,cr,Alternative Material Substitution,Engineering-driven
actual,2025-03,B1,UQ-B1-04,MOTOR UNIT,jpy,193651.0,193651.0,0.0,,,
actual,2025-04,B1,UQ-B1-04,MOTOR UNIT,jpy,193651.0,190613.0,-3038.0,cr,VA/VE Improvement,Engineering-driven
actual,2025-05,B1,UQ-B1-04,MOTOR UNIT,jpy,190613.0,186951.0,-3662.0,cr,Alternative Material Substitution,Engineering-driven
actual,2025-06,B1,UQ-B1-04,MOTOR UNIT,jpy,186951.0,186951.0,0.0,,,
actual,2025-07,B1,UQ-B1-04,MOTOR UNIT,jpy,186951.0,180739.0,-6212.0,cr,Alternative Material Substitution,Engineering-driven
actual,2025-08,B1,UQ-B1-04,MOTOR UNIT,jpy,180739.0,182005.0,1266.0,cu,Yield/Scrap Rate Increase,Operational-driven
actual,2025-09,B1,UQ-B1-04,MOTOR UNIT,jpy,182005.0,190147.0,8142.0,cu,Supplier Change (Higher Cost Source),Market-driven
actual,2025-10,B1,UQ-B1-04,MOTOR UNIT,jpy,190147.0,197024.0,6877.0,cu,Raw Material Price Increase,Market-driven
actual,2024-11,B1,UQ-B1-05,SENSOR MODULE,jpy,245458.0,231205.0,-14253.0,cr,VA/VE Improvement,Engineering-driven
actual,2024-12,B1,UQ-B1-05,SENSOR MODULE,jpy,231205.0,218643.0,-12562.0,cr,Supplier Negotiation,Operational-driven
actual,2025-01,B1,UQ-B1-05,SENSOR MODULE,jpy,218643.0,214270.0,-4373.0,cr,Alternative Material Substitution,Engineering-driven
actual,2025-02,B1,UQ-B1-05,SENSOR MODULE,jpy,214270.0,214270.0,0.0,,,
actual,2025-03,B1,UQ-B1-05,SENSOR MODULE,jpy,214270.0,199402.0,-14868.0,cr,VA/VE Improvement,Engineering-driven
actual,2025-04,B1,UQ-B1-05,SENSOR MODULE,jpy,199402.0,185692.0,-13710.0,cr,VA/VE Improvement,Engineering-driven
actual,2025-05,B1,UQ-B1-05,SENSOR MODULE,jpy,185692.0,185692.0,0.0,,,
actual,2025-06,B1,UQ-B1-05,SENSOR MODULE,jpy,185692.0,185692.0,0.0,,,
actual,2025-07,B1,UQ-B1-05,SENSOR MODULE,jpy,185692.0,176043.0,-9649.0,cr,Process Improvement (Yield Up),Operational-driven
actual,2025-08,B1,UQ-B1-05,SENSOR MODULE,jpy,176043.0,168503.0,-7540.0,cr,VA/VE Improvement,Engineering-driven
actual,2025-09,B1,UQ-B1-05,SENSOR MODULE,jpy,168503.0,166542.0,-1961.0,cr,VA/VE Improvement,Engineering-driven
actual,2025-10,B1,UQ-B1-05,SENSOR MODULE,jpy,166542.0,159670.0,-6872.0,cr,Supplier Negotiation,Operational-driven
actual,2024-11,B2,SH-CATB-D01,PANEL BOTTOM AS,domestic,134348.0,134348.0,0.0,,,
actual,2024-12,B2,SH-CATB-D01,PANEL BOTTOM AS,domestic,134348.0,131620.0,-2728.0,cr,VA/VE Improvement,Engineering-driven
actual,2025-01,B2,SH-CATB-D01,PANEL BOTTOM AS,domestic,131620.0,131620.0,0.0,,,
actual,2025-02,B2,SH-CATB-D01,PANEL BOTTOM AS,domestic,131620.0,126797.0,-4823.0,cr,Localization / Local Sourcing,Operational-driven
actual,2025-03,B2,SH-CATB-D01,PANEL BOTTOM AS,domestic,126797.0,123920.0,-2877.0,cr,VA/VE Improvement,Engineering-driven
actual,2025-04,B2,SH-CATB-D01,PANEL BOTTOM AS,domestic,123920.0,128004.0,4084.0,cu,Yield/Scrap Rate Increase,Operational-driven
actual,2025-05,B2,SH-CATB-D01,PANEL BOTTOM AS,domestic,128004.0,134381.0,6377.0,cu,Yield/Scrap Rate Increase,Operational-driven
actual,2025-06,B2,SH-CATB-D01,PANEL BOTTOM AS,domestic,134381.0,136182.0,1801.0,cu,Logistics/Freight Cost Increase,Market-driven
actual,2025-07,B2,SH-CATB-D01,PANEL BOTTOM AS,domestic,136182.0,133428.0,-2754.0,cr,Process Improvement (Yield Up),Operational-driven
actual,2025-08,B2,SH-CATB-D01,PANEL BOTTOM AS,domestic,133428.0,137230.0,3802.0,cu,Engineering Change / Spec Upgrade,Engineering-driven
actual,2025-09,B2,SH-CATB-D01,PANEL BOTTOM AS,domestic,137230.0,137230.0,0.0,,,
actual,2025-10,B2,SH-CATB-D01,PANEL BOTTOM AS,domestic,137230.0,141464.0,4234.0,cu,Raw Material Price Increase,Market-driven
actual,2024-11,B2,SH-CATB-U01,CONNECTOR HOUSING,usd,58561.0,58171.0,-390.0,cr,Supplier Negotiation,Operational-driven
actual,2024-12,B2,SH-CATB-U01,CONNECTOR HOUSING,usd,58171.0,60846.0,2675.0,cu,Logistics/Freight Cost Increase,Market-driven
actual,2025-01,B2,SH-CATB-U01,CONNECTOR HOUSING,usd,60846.0,60846.0,0.0,,,
actual,2025-02,B2,SH-CATB-U01,CONNECTOR HOUSING,usd,60846.0,57109.0,-3737.0,cr,VA/VE Improvement,Engineering-driven
actual,2025-03,B2,SH-CATB-U01,CONNECTOR HOUSING,usd,57109.0,59904.0,2795.0,cu,Supplier Change (Higher Cost Source),Market-driven
actual,2025-04,B2,SH-CATB-U01,CONNECTOR HOUSING,usd,59904.0,57895.0,-2009.0,cr,Alternative Material Substitution,Engineering-driven
actual,2025-05,B2,SH-CATB-U01,CONNECTOR HOUSING,usd,57895.0,57895.0,0.0,,,
actual,2025-06,B2,SH-CATB-U01,CONNECTOR HOUSING,usd,57895.0,57895.0,0.0,,,
actual,2025-07,B2,SH-CATB-U01,CONNECTOR HOUSING,usd,57895.0,58316.0,421.0,cu,Logistics/Freight Cost Increase,Market-driven
actual,2025-08,B2,SH-CATB-U01,CONNECTOR HOUSING,usd,58316.0,58316.0,0.0,,,
actual,2025-09,B2,SH-CATB-U01,CONNECTOR HOUSING,usd,58316.0,59288.0,972.0,cu,Engineering Change / Spec Upgrade,Engineering-driven
actual,2025-10,B2,SH-CATB-U01,CONNECTOR HOUSING,usd,59288.0,59288.0,0.0,,,
actual,2024-11,B2,SH-IDX02,PRECISION GEAR,jpy,42447.0,41052.0,-1395.0,cr,Alternative Material Substitution,Engineering-driven
actual,2024-12,B2,SH-IDX02,PRECISION GEAR,jpy,41052.0,40088.0,-964.0,cr,Supplier Negotiation,Operational-driven
actual,2025-01,B2,SH-IDX02,PRECISION GEAR,jpy,40088.0,42216.0,2128.0,cu,Yield/Scrap Rate Increase,Operational-driven
actual,2025-02,B2,SH-IDX02,PRECISION GEAR,jpy,42216.0,42216.0,0.0,,,
actual,2025-03,B2,SH-IDX02,PRECISION GEAR,jpy,42216.0,41605.0,-611.0,cr,Process Improvement (Yield Up),Operational-driven
actual,2025-04,B2,SH-IDX02,PRECISION GEAR,jpy,41605.0,41605.0,0.0,,,
actual,2025-05,B2,SH-IDX02,PRECISION GEAR,jpy,41605.0,41605.0,0.0,,,
actual,2025-06,B2,SH-IDX02,PRECISION GEAR,jpy,41605.0,39000.0,-2605.0,cr,VA/VE Improvement,Engineering-driven
actual,2025-07,B2,SH-IDX02,PRECISION GEAR,jpy,39000.0,37475.0,-1525.0,cr,Process Improvement (Yield Up),Operational-driven
actual,2025-08,B2,SH-IDX02,PRECISION GEAR,jpy,37475.0,38797.0,1322.0,cu,Engineering Change / Spec Upgrade,Engineering-driven
actual,2025-09,B2,SH-IDX02,PRECISION GEAR,jpy,38797.0,41778.0,2981.0,cu,Raw Material Price Increase,Market-driven
actual,2025-10,B2,SH-IDX02,PRECISION GEAR,jpy,41778.0,42502.0,724.0,cu,Engineering Change / Spec Upgrade,Engineering-driven
actual,2024-11,B2,UQ-B2-01,PANEL FRONT AS,domestic,520837.0,523707.0,2870.0,cu,Yield/Scrap Rate Increase,Operational-driven
actual,2024-12,B2,UQ-B2-01,PANEL FRONT AS,domestic,523707.0,538365.0,14658.0,cu,Engineering Change / Spec Upgrade,Engineering-driven
actual,2025-01,B2,UQ-B2-01,PANEL FRONT AS,domestic,538365.0,501091.0,-37274.0,cr,VA/VE Improvement,Engineering-driven
actual,2025-02,B2,UQ-B2-01,PANEL FRONT AS,domestic,501091.0,497709.0,-3382.0,cr,Supplier Negotiation,Operational-driven
actual,2025-03,B2,UQ-B2-01,PANEL FRONT AS,domestic,497709.0,534585.0,36876.0,cu,Yield/Scrap Rate Increase,Operational-driven
actual,2025-04,B2,UQ-B2-01,PANEL FRONT AS,domestic,534585.0,519137.0,-15448.0,cr,Localization / Local Sourcing,Operational-driven
actual,2025-05,B2,UQ-B2-01,PANEL FRONT AS,domestic,519137.0,519137.0,0.0,,,
actual,2025-06,B2,UQ-B2-01,PANEL FRONT AS,domestic,519137.0,533513.0,14376.0,cu,Logistics/Freight Cost Increase,Market-driven
actual,2025-07,B2,UQ-B2-01,PANEL FRONT AS,domestic,533513.0,502923.0,-30590.0,cr,Process Improvement (Yield Up),Operational-driven
actual,2025-08,B2,UQ-B2-01,PANEL FRONT AS,domestic,502923.0,494586.0,-8337.0,cr,VA/VE Improvement,Engineering-driven
actual,2025-09,B2,UQ-B2-01,PANEL FRONT AS,domestic,494586.0,482866.0,-11720.0,cr,Alternative Material Substitution,Engineering-driven
actual,2025-10,B2,UQ-B2-01,PANEL FRONT AS,domestic,482866.0,480582.0,-2284.0,cr,Localization / Local Sourcing,Operational-driven
actual,2024-11,B2,UQ-B2-02,BRACKET SUPPORT,domestic,705477.0,693833.0,-11644.0,cr,VA/VE Improvement,Engineering-driven
actual,2024-12,B2,UQ-B2-02,BRACKET SUPPORT,domestic,693833.0,693833.0,0.0,,,
actual,2025-01,B2,UQ-B2-02,BRACKET SUPPORT,domestic,693833.0,697639.0,3806.0,cu,Logistics/Freight Cost Increase,Market-driven
actual,2025-02,B2,UQ-B2-02,BRACKET SUPPORT,domestic,697639.0,734707.0,37068.0,cu,Raw Material Price Increase,Market-driven
actual,2025-03,B2,UQ-B2-02,BRACKET SUPPORT,domestic,734707.0,753590.0,18883.0,cu,Logistics/Freight Cost Increase,Market-driven
actual,2025-04,B2,UQ-B2-02,BRACKET SUPPORT,domestic,753590.0,765625.0,12035.0,cu,Supplier Change (Higher Cost Source),Market-driven
actual,2025-05,B2,UQ-B2-02,BRACKET SUPPORT,domestic,765625.0,776976.0,11351.0,cu,Engineering Change / Spec Upgrade,Engineering-driven
actual,2025-06,B2,UQ-B2-02,BRACKET SUPPORT,domestic,776976.0,762775.0,-14201.0,cr,Alternative Material Substitution,Engineering-driven
actual,2025-07,B2,UQ-B2-02,BRACKET SUPPORT,domestic,762775.0,762775.0,0.0,,,
actual,2025-08,B2,UQ-B2-02,BRACKET SUPPORT,domestic,762775.0,789383.0,26608.0,cu,Engineering Change / Spec Upgrade,Engineering-driven
actual,2025-09,B2,UQ-B2-02,BRACKET SUPPORT,domestic,789383.0,777534.0,-11849.0,cr,Supplier Negotiation,Operational-driven
actual,2025-10,B2,UQ-B2-02,BRACKET SUPPORT,domestic,777534.0,786333.0,8799.0,cu,Supplier Change (Higher Cost Source),Market-driven
actual,2024-11,B2,UQ-B2-03,IC CHIP CONTROL,usd,344249.0,344249.0,0.0,,,
actual,2024-12,B2,UQ-B2-03,IC CHIP CONTROL,usd,344249.0,349906.0,5657.0,cu,Yield/Scrap Rate Increase,Operational-driven
actual,2025-01,B2,UQ-B2-03,IC CHIP CONTROL,usd,349906.0,360486.0,10580.0,cu,Supplier Change (Higher Cost Source),Market-driven
actual,2025-02,B2,UQ-B2-03,IC CHIP CONTROL,usd,360486.0,363989.0,3503.0,cu,Engineering Change / Spec Upgrade,Engineering-driven
actual,2025-03,B2,UQ-B2-03,IC CHIP CONTROL,usd,363989.0,363989.0,0.0,,,
actual,2025-04,B2,UQ-B2-03,IC CHIP CONTROL,usd,363989.0,371943.0,7954.0,cu,Supplier Change (Higher Cost Source),Market-driven
actual,2025-05,B2,UQ-B2-03,IC CHIP CONTROL,usd,371943.0,355377.0,-16566.0,cr,Process Improvement (Yield Up),Operational-driven
actual,2025-06,B2,UQ-B2-03,IC CHIP CONTROL,usd,355377.0,372224.0,16847.0,cu,Yield/Scrap Rate Increase,Operational-driven
actual,2025-07,B2,UQ-B2-03,IC CHIP CONTROL,usd,372224.0,376338.0,4114.0,cu,Engineering Change / Spec Upgrade,Engineering-driven
actual,2025-08,B2,UQ-B2-03,IC CHIP CONTROL,usd,376338.0,391227.0,14889.0,cu,Logistics/Freight Cost Increase,Market-driven
actual,2025-09,B2,UQ-B2-03,IC CHIP CONTROL,usd,391227.0,391227.0,0.0,,,
actual,2025-10,B2,UQ-B2-03,IC CHIP CONTROL,usd,391227.0,405943.0,14716.0,cu,Engineering Change / Spec Upgrade,Engineering-driven
actual,2024-11,B2,UQ-B2-04,MOTOR UNIT,jpy,475985.0,459148.0,-16837.0,cr,Supplier Negotiation,Operational-driven
actual,2024-12,B2,UQ-B2-04,MOTOR UNIT,jpy,459148.0,453298.0,-5850.0,cr,VA/VE Improvement,Engineering-driven
actual,2025-01,B2,UQ-B2-04,MOTOR UNIT,jpy,453298.0,434010.0,-19288.0,cr,Localization / Local Sourcing,Operational-driven
actual,2025-02,B2,UQ-B2-04,MOTOR UNIT,jpy,434010.0,416752.0,-17258.0,cr,Supplier Negotiation,Operational-driven
actual,2025-03,B2,UQ-B2-04,MOTOR UNIT,jpy,416752.0,416752.0,0.0,,,
actual,2025-04,B2,UQ-B2-04,MOTOR UNIT,jpy,416752.0,422209.0,5457.0,cu,Yield/Scrap Rate Increase,Operational-driven
actual,2025-05,B2,UQ-B2-04,MOTOR UNIT,jpy,422209.0,433260.0,11051.0,cu,Engineering Change / Spec Upgrade,Engineering-driven
actual,2025-06,B2,UQ-B2-04,MOTOR UNIT,jpy,433260.0,412315.0,-20945.0,cr,Process Improvement (Yield Up),Operational-driven
actual,2025-07,B2,UQ-B2-04,MOTOR UNIT,jpy,412315.0,437752.0,25437.0,cu,Logistics/Freight Cost Increase,Market-driven
actual,2025-08,B2,UQ-B2-04,MOTOR UNIT,jpy,437752.0,445523.0,7771.0,cu,Engineering Change / Spec Upgrade,Engineering-driven
actual,2025-09,B2,UQ-B2-04,MOTOR UNIT,jpy,445523.0,451340.0,5817.0,cu,Engineering Change / Spec Upgrade,Engineering-driven
actual,2025-10,B2,UQ-B2-04,MOTOR UNIT,jpy,451340.0,429538.0,-21802.0,cr,Supplier Negotiation,Operational-driven
actual,2024-11,B2,UQ-B2-05,SENSOR MODULE,jpy,528802.0,503774.0,-25028.0,cr,Supplier Negotiation,Operational-driven
actual,2024-12,B2,UQ-B2-05,SENSOR MODULE,jpy,503774.0,526644.0,22870.0,cu,Raw Material Price Increase,Market-driven
actual,2025-01,B2,UQ-B2-05,SENSOR MODULE,jpy,526644.0,509972.0,-16672.0,cr,Supplier Negotiation,Operational-driven
actual,2025-02,B2,UQ-B2-05,SENSOR MODULE,jpy,509972.0,506774.0,-3198.0,cr,Supplier Negotiation,Operational-driven
actual,2025-03,B2,UQ-B2-05,SENSOR MODULE,jpy,506774.0,471315.0,-35459.0,cr,Process Improvement (Yield Up),Operational-driven
actual,2025-04,B2,UQ-B2-05,SENSOR MODULE,jpy,471315.0,451035.0,-20280.0,cr,Supplier Negotiation,Operational-driven
actual,2025-05,B2,UQ-B2-05,SENSOR MODULE,jpy,451035.0,430237.0,-20798.0,cr,Localization / Local Sourcing,Operational-driven
actual,2025-06,B2,UQ-B2-05,SENSOR MODULE,jpy,430237.0,439479.0,9242.0,cu,Supplier Change (Higher Cost Source),Market-driven
actual,2025-07,B2,UQ-B2-05,SENSOR MODULE,jpy,439479.0,448227.0,8748.0,cu,Logistics/Freight Cost Increase,Market-driven
actual,2025-08,B2,UQ-B2-05,SENSOR MODULE,jpy,448227.0,435032.0,-13195.0,cr,Supplier Negotiation,Operational-driven
actual,2025-09,B2,UQ-B2-05,SENSOR MODULE,jpy,435032.0,459728.0,24696.0,cu,Raw Material Price Increase,Market-driven
actual,2025-10,B2,UQ-B2-05,SENSOR MODULE,jpy,459728.0,479356.0,19628.0,cu,Logistics/Freight Cost Increase,Market-driven
actual,2024-11,B2,SH-EVEN-01,TAPE PU-F,domestic,70295.0,67819.0,-2476.0,cr,Localization / Local Sourcing,Operational-driven
actual,2024-12,B2,SH-EVEN-01,TAPE PU-F,domestic,67819.0,68361.0,542.0,cu,Engineering Change / Spec Upgrade,Engineering-driven
actual,2025-01,B2,SH-EVEN-01,TAPE PU-F,domestic,68361.0,67771.0,-590.0,cr,Localization / Local Sourcing,Operational-driven
actual,2025-02,B2,SH-EVEN-01,TAPE PU-F,domestic,67771.0,70908.0,3137.0,cu,Logistics/Freight Cost Increase,Market-driven
actual,2025-03,B2,SH-EVEN-01,TAPE PU-F,domestic,70908.0,70908.0,0.0,,,
actual,2025-04,B2,SH-EVEN-01,TAPE PU-F,domestic,70908.0,67971.0,-2937.0,cr,Localization / Local Sourcing,Operational-driven
actual,2025-05,B2,SH-EVEN-01,TAPE PU-F,domestic,67971.0,70882.0,2911.0,cu,Logistics/Freight Cost Increase,Market-driven
actual,2025-06,B2,SH-EVEN-01,TAPE PU-F,domestic,70882.0,70015.0,-867.0,cr,Process Improvement (Yield Up),Operational-driven
actual,2025-07,B2,SH-EVEN-01,TAPE PU-F,domestic,70015.0,71263.0,1248.0,cu,Yield/Scrap Rate Increase,Operational-driven
actual,2025-08,B2,SH-EVEN-01,TAPE PU-F,domestic,71263.0,71263.0,0.0,,,
actual,2025-09,B2,SH-EVEN-01,TAPE PU-F,domestic,71263.0,69379.0,-1884.0,cr,Localization / Local Sourcing,Operational-driven
actual,2025-10,B2,SH-EVEN-01,TAPE PU-F,domestic,69379.0,72373.0,2994.0,cu,Logistics/Freight Cost Increase,Market-driven
actual,2024-11,B2,SH-EVEN-02,RESIN COMPOUND,usd,19042.0,19042.0,0.0,,,
actual,2024-12,B2,SH-EVEN-02,RESIN COMPOUND,usd,19042.0,18947.0,-95.0,cr,Supplier Negotiation,Operational-driven
actual,2025-01,B2,SH-EVEN-02,RESIN COMPOUND,usd,18947.0,17907.0,-1040.0,cr,Alternative Material Substitution,Engineering-driven
actual,2025-02,B2,SH-EVEN-02,RESIN COMPOUND,usd,17907.0,18018.0,111.0,cu,Supplier Change (Higher Cost Source),Market-driven
actual,2025-03,B2,SH-EVEN-02,RESIN COMPOUND,usd,18018.0,17275.0,-743.0,cr,Supplier Negotiation,Operational-driven
actual,2025-04,B2,SH-EVEN-02,RESIN COMPOUND,usd,17275.0,16381.0,-894.0,cr,Alternative Material Substitution,Engineering-driven
actual,2025-05,B2,SH-EVEN-02,RESIN COMPOUND,usd,16381.0,16909.0,528.0,cu,Supplier Change (Higher Cost Source),Market-driven
actual,2025-06,B2,SH-EVEN-02,RESIN COMPOUND,usd,16909.0,16909.0,0.0,,,
actual,2025-07,B2,SH-EVEN-02,RESIN COMPOUND,usd,16909.0,17621.0,712.0,cu,Raw Material Price Increase,Market-driven
actual,2025-08,B2,SH-EVEN-02,RESIN COMPOUND,usd,17621.0,17621.0,0.0,,,
actual,2025-09,B2,SH-EVEN-02,RESIN COMPOUND,usd,17621.0,17066.0,-555.0,cr,Process Improvement (Yield Up),Operational-driven
actual,2025-10,B2,SH-EVEN-02,RESIN COMPOUND,usd,17066.0,17840.0,774.0,cu,Yield/Scrap Rate Increase,Operational-driven
actual,2024-11,B3,SH-CATB-D01,PANEL BOTTOM AS,domestic,134348.0,134348.0,0.0,,,
actual,2024-12,B3,SH-CATB-D01,PANEL BOTTOM AS,domestic,134348.0,131620.0,-2728.0,cr,VA/VE Improvement,Engineering-driven
actual,2025-01,B3,SH-CATB-D01,PANEL BOTTOM AS,domestic,131620.0,131620.0,0.0,,,
actual,2025-02,B3,SH-CATB-D01,PANEL BOTTOM AS,domestic,131620.0,126797.0,-4823.0,cr,Localization / Local Sourcing,Operational-driven
actual,2025-03,B3,SH-CATB-D01,PANEL BOTTOM AS,domestic,126797.0,123920.0,-2877.0,cr,VA/VE Improvement,Engineering-driven
actual,2025-04,B3,SH-CATB-D01,PANEL BOTTOM AS,domestic,123920.0,128004.0,4084.0,cu,Yield/Scrap Rate Increase,Operational-driven
actual,2025-05,B3,SH-CATB-D01,PANEL BOTTOM AS,domestic,128004.0,134381.0,6377.0,cu,Yield/Scrap Rate Increase,Operational-driven
actual,2025-06,B3,SH-CATB-D01,PANEL BOTTOM AS,domestic,134381.0,136182.0,1801.0,cu,Logistics/Freight Cost Increase,Market-driven
actual,2025-07,B3,SH-CATB-D01,PANEL BOTTOM AS,domestic,136182.0,133428.0,-2754.0,cr,Process Improvement (Yield Up),Operational-driven
actual,2025-08,B3,SH-CATB-D01,PANEL BOTTOM AS,domestic,133428.0,137230.0,3802.0,cu,Engineering Change / Spec Upgrade,Engineering-driven
actual,2025-09,B3,SH-CATB-D01,PANEL BOTTOM AS,domestic,137230.0,137230.0,0.0,,,
actual,2025-10,B3,SH-CATB-D01,PANEL BOTTOM AS,domestic,137230.0,141464.0,4234.0,cu,Raw Material Price Increase,Market-driven
actual,2024-11,B3,SH-CATB-U01,CONNECTOR HOUSING,usd,58561.0,58171.0,-390.0,cr,Supplier Negotiation,Operational-driven
actual,2024-12,B3,SH-CATB-U01,CONNECTOR HOUSING,usd,58171.0,60846.0,2675.0,cu,Logistics/Freight Cost Increase,Market-driven
actual,2025-01,B3,SH-CATB-U01,CONNECTOR HOUSING,usd,60846.0,60846.0,0.0,,,
actual,2025-02,B3,SH-CATB-U01,CONNECTOR HOUSING,usd,60846.0,57109.0,-3737.0,cr,VA/VE Improvement,Engineering-driven
actual,2025-03,B3,SH-CATB-U01,CONNECTOR HOUSING,usd,57109.0,59904.0,2795.0,cu,Supplier Change (Higher Cost Source),Market-driven
actual,2025-04,B3,SH-CATB-U01,CONNECTOR HOUSING,usd,59904.0,57895.0,-2009.0,cr,Alternative Material Substitution,Engineering-driven
actual,2025-05,B3,SH-CATB-U01,CONNECTOR HOUSING,usd,57895.0,57895.0,0.0,,,
actual,2025-06,B3,SH-CATB-U01,CONNECTOR HOUSING,usd,57895.0,57895.0,0.0,,,
actual,2025-07,B3,SH-CATB-U01,CONNECTOR HOUSING,usd,57895.0,58316.0,421.0,cu,Logistics/Freight Cost Increase,Market-driven
actual,2025-08,B3,SH-CATB-U01,CONNECTOR HOUSING,usd,58316.0,58316.0,0.0,,,
actual,2025-09,B3,SH-CATB-U01,CONNECTOR HOUSING,usd,58316.0,59288.0,972.0,cu,Engineering Change / Spec Upgrade,Engineering-driven
actual,2025-10,B3,SH-CATB-U01,CONNECTOR HOUSING,usd,59288.0,59288.0,0.0,,,
actual,2024-11,B3,SH-IDX03,PRECISION GEAR,jpy,110238.0,115498.0,5260.0,cu,Logistics/Freight Cost Increase,Market-driven
actual,2024-12,B3,SH-IDX03,PRECISION GEAR,jpy,115498.0,110623.0,-4875.0,cr,Alternative Material Substitution,Engineering-driven
actual,2025-01,B3,SH-IDX03,PRECISION GEAR,jpy,110623.0,113966.0,3343.0,cu,Yield/Scrap Rate Increase,Operational-driven
actual,2025-02,B3,SH-IDX03,PRECISION GEAR,jpy,113966.0,115790.0,1824.0,cu,Engineering Change / Spec Upgrade,Engineering-driven
actual,2025-03,B3,SH-IDX03,PRECISION GEAR,jpy,115790.0,110166.0,-5624.0,cr,VA/VE Improvement,Engineering-driven
actual,2025-04,B3,SH-IDX03,PRECISION GEAR,jpy,110166.0,104130.0,-6036.0,cr,VA/VE Improvement,Engineering-driven
actual,2025-05,B3,SH-IDX03,PRECISION GEAR,jpy,104130.0,98817.0,-5313.0,cr,Supplier Negotiation,Operational-driven
actual,2025-06,B3,SH-IDX03,PRECISION GEAR,jpy,98817.0,93858.0,-4959.0,cr,Process Improvement (Yield Up),Operational-driven
actual,2025-07,B3,SH-IDX03,PRECISION GEAR,jpy,93858.0,92328.0,-1530.0,cr,Alternative Material Substitution,Engineering-driven
actual,2025-08,B3,SH-IDX03,PRECISION GEAR,jpy,92328.0,91273.0,-1055.0,cr,Localization / Local Sourcing,Operational-driven
actual,2025-09,B3,SH-IDX03,PRECISION GEAR,jpy,91273.0,91273.0,0.0,,,
actual,2025-10,B3,SH-IDX03,PRECISION GEAR,jpy,91273.0,92405.0,1132.0,cu,Supplier Change (Higher Cost Source),Market-driven
actual,2024-11,B3,UQ-B3-01,PANEL FRONT AS,domestic,489098.0,511377.0,22279.0,cu,Logistics/Freight Cost Increase,Market-driven
actual,2024-12,B3,UQ-B3-01,PANEL FRONT AS,domestic,511377.0,482145.0,-29232.0,cr,Alternative Material Substitution,Engineering-driven
actual,2025-01,B3,UQ-B3-01,PANEL FRONT AS,domestic,482145.0,482145.0,0.0,,,
actual,2025-02,B3,UQ-B3-01,PANEL FRONT AS,domestic,482145.0,469844.0,-12301.0,cr,Alternative Material Substitution,Engineering-driven
actual,2025-03,B3,UQ-B3-01,PANEL FRONT AS,domestic,469844.0,451987.0,-17857.0,cr,Alternative Material Substitution,Engineering-driven
actual,2025-04,B3,UQ-B3-01,PANEL FRONT AS,domestic,451987.0,475376.0,23389.0,cu,Yield/Scrap Rate Increase,Operational-driven
actual,2025-05,B3,UQ-B3-01,PANEL FRONT AS,domestic,475376.0,475376.0,0.0,,,
actual,2025-06,B3,UQ-B3-01,PANEL FRONT AS,domestic,475376.0,481377.0,6001.0,cu,Logistics/Freight Cost Increase,Market-driven
actual,2025-07,B3,UQ-B3-01,PANEL FRONT AS,domestic,481377.0,466295.0,-15082.0,cr,Process Improvement (Yield Up),Operational-driven
actual,2025-08,B3,UQ-B3-01,PANEL FRONT AS,domestic,466295.0,481606.0,15311.0,cu,Raw Material Price Increase,Market-driven
actual,2025-09,B3,UQ-B3-01,PANEL FRONT AS,domestic,481606.0,462573.0,-19033.0,cr,Alternative Material Substitution,Engineering-driven
actual,2025-10,B3,UQ-B3-01,PANEL FRONT AS,domestic,462573.0,462573.0,0.0,,,
actual,2024-11,B3,UQ-B3-02,BRACKET SUPPORT,domestic,400491.0,428131.0,27640.0,cu,Supplier Change (Higher Cost Source),Market-driven
actual,2024-12,B3,UQ-B3-02,BRACKET SUPPORT,domestic,428131.0,447428.0,19297.0,cu,Logistics/Freight Cost Increase,Market-driven
actual,2025-01,B3,UQ-B3-02,BRACKET SUPPORT,domestic,447428.0,423716.0,-23712.0,cr,Process Improvement (Yield Up),Operational-driven
actual,2025-02,B3,UQ-B3-02,BRACKET SUPPORT,domestic,423716.0,434086.0,10370.0,cu,Logistics/Freight Cost Increase,Market-driven
actual,2025-03,B3,UQ-B3-02,BRACKET SUPPORT,domestic,434086.0,411624.0,-22462.0,cr,Alternative Material Substitution,Engineering-driven
actual,2025-04,B3,UQ-B3-02,BRACKET SUPPORT,domestic,411624.0,428302.0,16678.0,cu,Engineering Change / Spec Upgrade,Engineering-driven
actual,2025-05,B3,UQ-B3-02,BRACKET SUPPORT,domestic,428302.0,450166.0,21864.0,cu,Yield/Scrap Rate Increase,Operational-driven
actual,2025-06,B3,UQ-B3-02,BRACKET SUPPORT,domestic,450166.0,450166.0,0.0,,,
actual,2025-07,B3,UQ-B3-02,BRACKET SUPPORT,domestic,450166.0,456957.0,6791.0,cu,Supplier Change (Higher Cost Source),Market-driven
actual,2025-08,B3,UQ-B3-02,BRACKET SUPPORT,domestic,456957.0,468918.0,11961.0,cu,Engineering Change / Spec Upgrade,Engineering-driven
actual,2025-09,B3,UQ-B3-02,BRACKET SUPPORT,domestic,468918.0,458110.0,-10808.0,cr,Supplier Negotiation,Operational-driven
actual,2025-10,B3,UQ-B3-02,BRACKET SUPPORT,domestic,458110.0,449435.0,-8675.0,cr,VA/VE Improvement,Engineering-driven
actual,2024-11,B3,UQ-B3-03,IC CHIP CONTROL,usd,1295626.0,1338502.0,42876.0,cu,Logistics/Freight Cost Increase,Market-driven
actual,2024-12,B3,UQ-B3-03,IC CHIP CONTROL,usd,1338502.0,1307776.0,-30726.0,cr,Process Improvement (Yield Up),Operational-driven
actual,2025-01,B3,UQ-B3-03,IC CHIP CONTROL,usd,1307776.0,1271788.0,-35988.0,cr,Alternative Material Substitution,Engineering-driven
actual,2025-02,B3,UQ-B3-03,IC CHIP CONTROL,usd,1271788.0,1330443.0,58655.0,cu,Raw Material Price Increase,Market-driven
actual,2025-03,B3,UQ-B3-03,IC CHIP CONTROL,usd,1330443.0,1382080.0,51637.0,cu,Supplier Change (Higher Cost Source),Market-driven
actual,2025-04,B3,UQ-B3-03,IC CHIP CONTROL,usd,1382080.0,1382080.0,0.0,,,
actual,2025-05,B3,UQ-B3-03,IC CHIP CONTROL,usd,1382080.0,1416897.0,34817.0,cu,Raw Material Price Increase,Market-driven
actual,2025-06,B3,UQ-B3-03,IC CHIP CONTROL,usd,1416897.0,1416897.0,0.0,,,
actual,2025-07,B3,UQ-B3-03,IC CHIP CONTROL,usd,1416897.0,1359209.0,-57688.0,cr,VA/VE Improvement,Engineering-driven
actual,2025-08,B3,UQ-B3-03,IC CHIP CONTROL,usd,1359209.0,1382070.0,22861.0,cu,Engineering Change / Spec Upgrade,Engineering-driven
actual,2025-09,B3,UQ-B3-03,IC CHIP CONTROL,usd,1382070.0,1399519.0,17449.0,cu,Yield/Scrap Rate Increase,Operational-driven
actual,2025-10,B3,UQ-B3-03,IC CHIP CONTROL,usd,1399519.0,1457593.0,58074.0,cu,Supplier Change (Higher Cost Source),Market-driven
actual,2024-11,B3,UQ-B3-04,MOTOR UNIT,jpy,401438.0,401438.0,0.0,,,
actual,2024-12,B3,UQ-B3-04,MOTOR UNIT,jpy,401438.0,426312.0,24874.0,cu,Engineering Change / Spec Upgrade,Engineering-driven
actual,2025-01,B3,UQ-B3-04,MOTOR UNIT,jpy,426312.0,415522.0,-10790.0,cr,Supplier Negotiation,Operational-driven
actual,2025-02,B3,UQ-B3-04,MOTOR UNIT,jpy,415522.0,394901.0,-20621.0,cr,VA/VE Improvement,Engineering-driven
actual,2025-03,B3,UQ-B3-04,MOTOR UNIT,jpy,394901.0,367088.0,-27813.0,cr,Supplier Negotiation,Operational-driven
actual,2025-04,B3,UQ-B3-04,MOTOR UNIT,jpy,367088.0,363967.0,-3121.0,cr,Localization / Local Sourcing,Operational-driven
actual,2025-05,B3,UQ-B3-04,MOTOR UNIT,jpy,363967.0,361247.0,-2720.0,cr,Process Improvement (Yield Up),Operational-driven
actual,2025-06,B3,UQ-B3-04,MOTOR UNIT,jpy,361247.0,361247.0,0.0,,,
actual,2025-07,B3,UQ-B3-04,MOTOR UNIT,jpy,361247.0,361247.0,0.0,,,
actual,2025-08,B3,UQ-B3-04,MOTOR UNIT,jpy,361247.0,370257.0,9010.0,cu,Yield/Scrap Rate Increase,Operational-driven
actual,2025-09,B3,UQ-B3-04,MOTOR UNIT,jpy,370257.0,370257.0,0.0,,,
actual,2025-10,B3,UQ-B3-04,MOTOR UNIT,jpy,370257.0,368594.0,-1663.0,cr,Alternative Material Substitution,Engineering-driven
actual,2024-11,B3,UQ-B3-05,SENSOR MODULE,jpy,485851.0,461190.0,-24661.0,cr,VA/VE Improvement,Engineering-driven
actual,2024-12,B3,UQ-B3-05,SENSOR MODULE,jpy,461190.0,468928.0,7738.0,cu,Raw Material Price Increase,Market-driven
actual,2025-01,B3,UQ-B3-05,SENSOR MODULE,jpy,468928.0,492293.0,23365.0,cu,Supplier Change (Higher Cost Source),Market-driven
actual,2025-02,B3,UQ-B3-05,SENSOR MODULE,jpy,492293.0,463560.0,-28733.0,cr,VA/VE Improvement,Engineering-driven
actual,2025-03,B3,UQ-B3-05,SENSOR MODULE,jpy,463560.0,453950.0,-9610.0,cr,Process Improvement (Yield Up),Operational-driven
actual,2025-04,B3,UQ-B3-05,SENSOR MODULE,jpy,453950.0,444914.0,-9036.0,cr,Supplier Negotiation,Operational-driven
actual,2025-05,B3,UQ-B3-05,SENSOR MODULE,jpy,444914.0,423247.0,-21667.0,cr,Supplier Negotiation,Operational-driven
actual,2025-06,B3,UQ-B3-05,SENSOR MODULE,jpy,423247.0,423247.0,0.0,,,
actual,2025-07,B3,UQ-B3-05,SENSOR MODULE,jpy,423247.0,405520.0,-17727.0,cr,Localization / Local Sourcing,Operational-driven
actual,2025-08,B3,UQ-B3-05,SENSOR MODULE,jpy,405520.0,390440.0,-15080.0,cr,Localization / Local Sourcing,Operational-driven
actual,2025-09,B3,UQ-B3-05,SENSOR MODULE,jpy,390440.0,383803.0,-6637.0,cr,VA/VE Improvement,Engineering-driven
actual,2025-10,B3,UQ-B3-05,SENSOR MODULE,jpy,383803.0,366503.0,-17300.0,cr,Process Improvement (Yield Up),Operational-driven
actual,2024-11,B4,SH-CATB-D01,PANEL BOTTOM AS,domestic,134348.0,134348.0,0.0,,,
actual,2024-12,B4,SH-CATB-D01,PANEL BOTTOM AS,domestic,134348.0,131620.0,-2728.0,cr,VA/VE Improvement,Engineering-driven
actual,2025-01,B4,SH-CATB-D01,PANEL BOTTOM AS,domestic,131620.0,131620.0,0.0,,,
actual,2025-02,B4,SH-CATB-D01,PANEL BOTTOM AS,domestic,131620.0,126797.0,-4823.0,cr,Localization / Local Sourcing,Operational-driven
actual,2025-03,B4,SH-CATB-D01,PANEL BOTTOM AS,domestic,126797.0,123920.0,-2877.0,cr,VA/VE Improvement,Engineering-driven
actual,2025-04,B4,SH-CATB-D01,PANEL BOTTOM AS,domestic,123920.0,128004.0,4084.0,cu,Yield/Scrap Rate Increase,Operational-driven
actual,2025-05,B4,SH-CATB-D01,PANEL BOTTOM AS,domestic,128004.0,134381.0,6377.0,cu,Yield/Scrap Rate Increase,Operational-driven
actual,2025-06,B4,SH-CATB-D01,PANEL BOTTOM AS,domestic,134381.0,136182.0,1801.0,cu,Logistics/Freight Cost Increase,Market-driven
actual,2025-07,B4,SH-CATB-D01,PANEL BOTTOM AS,domestic,136182.0,133428.0,-2754.0,cr,Process Improvement (Yield Up),Operational-driven
actual,2025-08,B4,SH-CATB-D01,PANEL BOTTOM AS,domestic,133428.0,137230.0,3802.0,cu,Engineering Change / Spec Upgrade,Engineering-driven
actual,2025-09,B4,SH-CATB-D01,PANEL BOTTOM AS,domestic,137230.0,137230.0,0.0,,,
actual,2025-10,B4,SH-CATB-D01,PANEL BOTTOM AS,domestic,137230.0,141464.0,4234.0,cu,Raw Material Price Increase,Market-driven
actual,2024-11,B4,SH-CATB-U01,CONNECTOR HOUSING,usd,58561.0,58171.0,-390.0,cr,Supplier Negotiation,Operational-driven
actual,2024-12,B4,SH-CATB-U01,CONNECTOR HOUSING,usd,58171.0,60846.0,2675.0,cu,Logistics/Freight Cost Increase,Market-driven
actual,2025-01,B4,SH-CATB-U01,CONNECTOR HOUSING,usd,60846.0,60846.0,0.0,,,
actual,2025-02,B4,SH-CATB-U01,CONNECTOR HOUSING,usd,60846.0,57109.0,-3737.0,cr,VA/VE Improvement,Engineering-driven
actual,2025-03,B4,SH-CATB-U01,CONNECTOR HOUSING,usd,57109.0,59904.0,2795.0,cu,Supplier Change (Higher Cost Source),Market-driven
actual,2025-04,B4,SH-CATB-U01,CONNECTOR HOUSING,usd,59904.0,57895.0,-2009.0,cr,Alternative Material Substitution,Engineering-driven
actual,2025-05,B4,SH-CATB-U01,CONNECTOR HOUSING,usd,57895.0,57895.0,0.0,,,
actual,2025-06,B4,SH-CATB-U01,CONNECTOR HOUSING,usd,57895.0,57895.0,0.0,,,
actual,2025-07,B4,SH-CATB-U01,CONNECTOR HOUSING,usd,57895.0,58316.0,421.0,cu,Logistics/Freight Cost Increase,Market-driven
actual,2025-08,B4,SH-CATB-U01,CONNECTOR HOUSING,usd,58316.0,58316.0,0.0,,,
actual,2025-09,B4,SH-CATB-U01,CONNECTOR HOUSING,usd,58316.0,59288.0,972.0,cu,Engineering Change / Spec Upgrade,Engineering-driven
actual,2025-10,B4,SH-CATB-U01,CONNECTOR HOUSING,usd,59288.0,59288.0,0.0,,,
actual,2024-11,B4,SH-IDX04,PRECISION GEAR,jpy,26043.0,26043.0,0.0,,,
actual,2024-12,B4,SH-IDX04,PRECISION GEAR,jpy,26043.0,24762.0,-1281.0,cr,Process Improvement (Yield Up),Operational-driven
actual,2025-01,B4,SH-IDX04,PRECISION GEAR,jpy,24762.0,25176.0,414.0,cu,Supplier Change (Higher Cost Source),Market-driven
actual,2025-02,B4,SH-IDX04,PRECISION GEAR,jpy,25176.0,25471.0,295.0,cu,Supplier Change (Higher Cost Source),Market-driven
actual,2025-03,B4,SH-IDX04,PRECISION GEAR,jpy,25471.0,24304.0,-1167.0,cr,Supplier Negotiation,Operational-driven
actual,2025-04,B4,SH-IDX04,PRECISION GEAR,jpy,24304.0,24436.0,132.0,cu,Raw Material Price Increase,Market-driven
actual,2025-05,B4,SH-IDX04,PRECISION GEAR,jpy,24436.0,24016.0,-420.0,cr,Alternative Material Substitution,Engineering-driven
actual,2025-06,B4,SH-IDX04,PRECISION GEAR,jpy,24016.0,25024.0,1008.0,cu,Yield/Scrap Rate Increase,Operational-driven
actual,2025-07,B4,SH-IDX04,PRECISION GEAR,jpy,25024.0,25024.0,0.0,,,
actual,2025-08,B4,SH-IDX04,PRECISION GEAR,jpy,25024.0,25476.0,452.0,cu,Raw Material Price Increase,Market-driven
actual,2025-09,B4,SH-IDX04,PRECISION GEAR,jpy,25476.0,25063.0,-413.0,cr,Process Improvement (Yield Up),Operational-driven
actual,2025-10,B4,SH-IDX04,PRECISION GEAR,jpy,25063.0,26236.0,1173.0,cu,Logistics/Freight Cost Increase,Market-driven
actual,2024-11,B4,UQ-B4-01,PANEL FRONT AS,domestic,717536.0,745265.0,27729.0,cu,Raw Material Price Increase,Market-driven
actual,2024-12,B4,UQ-B4-01,PANEL FRONT AS,domestic,745265.0,755434.0,10169.0,cu,Yield/Scrap Rate Increase,Operational-driven
actual,2025-01,B4,UQ-B4-01,PANEL FRONT AS,domestic,755434.0,760700.0,5266.0,cu,Yield/Scrap Rate Increase,Operational-driven
actual,2025-02,B4,UQ-B4-01,PANEL FRONT AS,domestic,760700.0,752996.0,-7704.0,cr,Supplier Negotiation,Operational-driven
actual,2025-03,B4,UQ-B4-01,PANEL FRONT AS,domestic,752996.0,752996.0,0.0,,,
actual,2025-04,B4,UQ-B4-01,PANEL FRONT AS,domestic,752996.0,752996.0,0.0,,,
actual,2025-05,B4,UQ-B4-01,PANEL FRONT AS,domestic,752996.0,791530.0,38534.0,cu,Engineering Change / Spec Upgrade,Engineering-driven
actual,2025-06,B4,UQ-B4-01,PANEL FRONT AS,domestic,791530.0,828164.0,36634.0,cu,Supplier Change (Higher Cost Source),Market-driven
actual,2025-07,B4,UQ-B4-01,PANEL FRONT AS,domestic,828164.0,796092.0,-32072.0,cr,Localization / Local Sourcing,Operational-driven
actual,2025-08,B4,UQ-B4-01,PANEL FRONT AS,domestic,796092.0,819797.0,23705.0,cu,Supplier Change (Higher Cost Source),Market-driven
actual,2025-09,B4,UQ-B4-01,PANEL FRONT AS,domestic,819797.0,840166.0,20369.0,cu,Logistics/Freight Cost Increase,Market-driven
actual,2025-10,B4,UQ-B4-01,PANEL FRONT AS,domestic,840166.0,818612.0,-21554.0,cr,Localization / Local Sourcing,Operational-driven
actual,2024-11,B4,UQ-B4-02,BRACKET SUPPORT,domestic,789243.0,821893.0,32650.0,cu,Engineering Change / Spec Upgrade,Engineering-driven
actual,2024-12,B4,UQ-B4-02,BRACKET SUPPORT,domestic,821893.0,833353.0,11460.0,cu,Engineering Change / Spec Upgrade,Engineering-driven
actual,2025-01,B4,UQ-B4-02,BRACKET SUPPORT,domestic,833353.0,833353.0,0.0,,,
actual,2025-02,B4,UQ-B4-02,BRACKET SUPPORT,domestic,833353.0,874814.0,41461.0,cu,Yield/Scrap Rate Increase,Operational-driven
actual,2025-03,B4,UQ-B4-02,BRACKET SUPPORT,domestic,874814.0,918077.0,43263.0,cu,Logistics/Freight Cost Increase,Market-driven
actual,2025-04,B4,UQ-B4-02,BRACKET SUPPORT,domestic,918077.0,857591.0,-60486.0,cr,Alternative Material Substitution,Engineering-driven
actual,2025-05,B4,UQ-B4-02,BRACKET SUPPORT,domestic,857591.0,881822.0,24231.0,cu,Engineering Change / Spec Upgrade,Engineering-driven
actual,2025-06,B4,UQ-B4-02,BRACKET SUPPORT,domestic,881822.0,892361.0,10539.0,cu,Yield/Scrap Rate Increase,Operational-driven
actual,2025-07,B4,UQ-B4-02,BRACKET SUPPORT,domestic,892361.0,851301.0,-41060.0,cr,Localization / Local Sourcing,Operational-driven
actual,2025-08,B4,UQ-B4-02,BRACKET SUPPORT,domestic,851301.0,806098.0,-45203.0,cr,Supplier Negotiation,Operational-driven
actual,2025-09,B4,UQ-B4-02,BRACKET SUPPORT,domestic,806098.0,831143.0,25045.0,cu,Yield/Scrap Rate Increase,Operational-driven
actual,2025-10,B4,UQ-B4-02,BRACKET SUPPORT,domestic,831143.0,831143.0,0.0,,,
actual,2024-11,B4,UQ-B4-03,IC CHIP CONTROL,usd,1091958.0,966703.0,-125255.0,cr,Localization / Local Sourcing,Operational-driven
actual,2024-12,B4,UQ-B4-03,IC CHIP CONTROL,usd,966703.0,894772.0,-71931.0,cr,Process Improvement (Yield Up),Operational-driven
actual,2025-01,B4,UQ-B4-03,IC CHIP CONTROL,usd,894772.0,953710.0,58938.0,cu,Supplier Change (Higher Cost Source),Market-driven
actual,2025-02,B4,UQ-B4-03,IC CHIP CONTROL,usd,953710.0,938549.0,-15161.0,cr,VA/VE Improvement,Engineering-driven
actual,2025-03,B4,UQ-B4-03,IC CHIP CONTROL,usd,938549.0,1060547.0,121998.0,cu,Logistics/Freight Cost Increase,Market-driven
actual,2025-04,B4,UQ-B4-03,IC CHIP CONTROL,usd,1060547.0,1204922.0,144375.0,cu,Raw Material Price Increase,Market-driven
actual,2025-05,B4,UQ-B4-03,IC CHIP CONTROL,usd,1204922.0,1204922.0,0.0,,,
actual,2025-06,B4,UQ-B4-03,IC CHIP CONTROL,usd,1204922.0,1158234.0,-46688.0,cr,Alternative Material Substitution,Engineering-driven
actual,2025-07,B4,UQ-B4-03,IC CHIP CONTROL,usd,1158234.0,1158234.0,0.0,,,
actual,2025-08,B4,UQ-B4-03,IC CHIP CONTROL,usd,1158234.0,957354.0,-200880.0,cr,VA/VE Improvement,Engineering-driven
actual,2025-09,B4,UQ-B4-03,IC CHIP CONTROL,usd,957354.0,1088087.0,130733.0,cu,Engineering Change / Spec Upgrade,Engineering-driven
actual,2025-10,B4,UQ-B4-03,IC CHIP CONTROL,usd,1088087.0,1073417.0,-14670.0,cr,VA/VE Improvement,Engineering-driven
actual,2024-11,B4,UQ-B4-04,MOTOR UNIT,jpy,218487.0,223654.0,5167.0,cu,Raw Material Price Increase,Market-driven
actual,2024-12,B4,UQ-B4-04,MOTOR UNIT,jpy,223654.0,210953.0,-12701.0,cr,Alternative Material Substitution,Engineering-driven
actual,2025-01,B4,UQ-B4-04,MOTOR UNIT,jpy,210953.0,214447.0,3494.0,cu,Raw Material Price Increase,Market-driven
actual,2025-02,B4,UQ-B4-04,MOTOR UNIT,jpy,214447.0,224555.0,10108.0,cu,Engineering Change / Spec Upgrade,Engineering-driven
actual,2025-03,B4,UQ-B4-04,MOTOR UNIT,jpy,224555.0,216007.0,-8548.0,cr,Supplier Negotiation,Operational-driven
actual,2025-04,B4,UQ-B4-04,MOTOR UNIT,jpy,216007.0,226185.0,10178.0,cu,Yield/Scrap Rate Increase,Operational-driven
actual,2025-05,B4,UQ-B4-04,MOTOR UNIT,jpy,226185.0,216773.0,-9412.0,cr,Alternative Material Substitution,Engineering-driven
actual,2025-06,B4,UQ-B4-04,MOTOR UNIT,jpy,216773.0,203123.0,-13650.0,cr,Localization / Local Sourcing,Operational-driven
actual,2025-07,B4,UQ-B4-04,MOTOR UNIT,jpy,203123.0,203123.0,0.0,,,
actual,2025-08,B4,UQ-B4-04,MOTOR UNIT,jpy,203123.0,203123.0,0.0,,,
actual,2025-09,B4,UQ-B4-04,MOTOR UNIT,jpy,203123.0,203123.0,0.0,,,
actual,2025-10,B4,UQ-B4-04,MOTOR UNIT,jpy,203123.0,197188.0,-5935.0,cr,Alternative Material Substitution,Engineering-driven
actual,2024-11,B4,UQ-B4-05,SENSOR MODULE,jpy,195542.0,195542.0,0.0,,,
actual,2024-12,B4,UQ-B4-05,SENSOR MODULE,jpy,195542.0,200274.0,4732.0,cu,Yield/Scrap Rate Increase,Operational-driven
actual,2025-01,B4,UQ-B4-05,SENSOR MODULE,jpy,200274.0,197122.0,-3152.0,cr,VA/VE Improvement,Engineering-driven
actual,2025-02,B4,UQ-B4-05,SENSOR MODULE,jpy,197122.0,192777.0,-4345.0,cr,VA/VE Improvement,Engineering-driven
actual,2025-03,B4,UQ-B4-05,SENSOR MODULE,jpy,192777.0,200366.0,7589.0,cu,Raw Material Price Increase,Market-driven
actual,2025-04,B4,UQ-B4-05,SENSOR MODULE,jpy,200366.0,192210.0,-8156.0,cr,VA/VE Improvement,Engineering-driven
actual,2025-05,B4,UQ-B4-05,SENSOR MODULE,jpy,192210.0,202146.0,9936.0,cu,Engineering Change / Spec Upgrade,Engineering-driven
actual,2025-06,B4,UQ-B4-05,SENSOR MODULE,jpy,202146.0,202146.0,0.0,,,
actual,2025-07,B4,UQ-B4-05,SENSOR MODULE,jpy,202146.0,189988.0,-12158.0,cr,Supplier Negotiation,Operational-driven
actual,2025-08,B4,UQ-B4-05,SENSOR MODULE,jpy,189988.0,177892.0,-12096.0,cr,Alternative Material Substitution,Engineering-driven
actual,2025-09,B4,UQ-B4-05,SENSOR MODULE,jpy,177892.0,177892.0,0.0,,,
actual,2025-10,B4,UQ-B4-05,SENSOR MODULE,jpy,177892.0,168463.0,-9429.0,cr,Supplier Negotiation,Operational-driven
actual,2024-11,B4,SH-EVEN-01,TAPE PU-F,domestic,70295.0,67819.0,-2476.0,cr,Localization / Local Sourcing,Operational-driven
actual,2024-12,B4,SH-EVEN-01,TAPE PU-F,domestic,67819.0,68361.0,542.0,cu,Engineering Change / Spec Upgrade,Engineering-driven
actual,2025-01,B4,SH-EVEN-01,TAPE PU-F,domestic,68361.0,67771.0,-590.0,cr,Localization / Local Sourcing,Operational-driven
actual,2025-02,B4,SH-EVEN-01,TAPE PU-F,domestic,67771.0,70908.0,3137.0,cu,Logistics/Freight Cost Increase,Market-driven
actual,2025-03,B4,SH-EVEN-01,TAPE PU-F,domestic,70908.0,70908.0,0.0,,,
actual,2025-04,B4,SH-EVEN-01,TAPE PU-F,domestic,70908.0,67971.0,-2937.0,cr,Localization / Local Sourcing,Operational-driven
actual,2025-05,B4,SH-EVEN-01,TAPE PU-F,domestic,67971.0,70882.0,2911.0,cu,Logistics/Freight Cost Increase,Market-driven
actual,2025-06,B4,SH-EVEN-01,TAPE PU-F,domestic,70882.0,70015.0,-867.0,cr,Process Improvement (Yield Up),Operational-driven
actual,2025-07,B4,SH-EVEN-01,TAPE PU-F,domestic,70015.0,71263.0,1248.0,cu,Yield/Scrap Rate Increase,Operational-driven
actual,2025-08,B4,SH-EVEN-01,TAPE PU-F,domestic,71263.0,71263.0,0.0,,,
actual,2025-09,B4,SH-EVEN-01,TAPE PU-F,domestic,71263.0,69379.0,-1884.0,cr,Localization / Local Sourcing,Operational-driven
actual,2025-10,B4,SH-EVEN-01,TAPE PU-F,domestic,69379.0,72373.0,2994.0,cu,Logistics/Freight Cost Increase,Market-driven
actual,2024-11,B4,SH-EVEN-02,RESIN COMPOUND,usd,19042.0,19042.0,0.0,,,
actual,2024-12,B4,SH-EVEN-02,RESIN COMPOUND,usd,19042.0,18947.0,-95.0,cr,Supplier Negotiation,Operational-driven
actual,2025-01,B4,SH-EVEN-02,RESIN COMPOUND,usd,18947.0,17907.0,-1040.0,cr,Alternative Material Substitution,Engineering-driven
actual,2025-02,B4,SH-EVEN-02,RESIN COMPOUND,usd,17907.0,18018.0,111.0,cu,Supplier Change (Higher Cost Source),Market-driven
actual,2025-03,B4,SH-EVEN-02,RESIN COMPOUND,usd,18018.0,17275.0,-743.0,cr,Supplier Negotiation,Operational-driven
actual,2025-04,B4,SH-EVEN-02,RESIN COMPOUND,usd,17275.0,16381.0,-894.0,cr,Alternative Material Substitution,Engineering-driven
actual,2025-05,B4,SH-EVEN-02,RESIN COMPOUND,usd,16381.0,16909.0,528.0,cu,Supplier Change (Higher Cost Source),Market-driven
actual,2025-06,B4,SH-EVEN-02,RESIN COMPOUND,usd,16909.0,16909.0,0.0,,,
actual,2025-07,B4,SH-EVEN-02,RESIN COMPOUND,usd,16909.0,17621.0,712.0,cu,Raw Material Price Increase,Market-driven
actual,2025-08,B4,SH-EVEN-02,RESIN COMPOUND,usd,17621.0,17621.0,0.0,,,
actual,2025-09,B4,SH-EVEN-02,RESIN COMPOUND,usd,17621.0,17066.0,-555.0,cr,Process Improvement (Yield Up),Operational-driven
actual,2025-10,B4,SH-EVEN-02,RESIN COMPOUND,usd,17066.0,17840.0,774.0,cu,Yield/Scrap Rate Increase,Operational-driven
actual,2024-11,B5,SH-CATB-D01,PANEL BOTTOM AS,domestic,134348.0,134348.0,0.0,,,
actual,2024-12,B5,SH-CATB-D01,PANEL BOTTOM AS,domestic,134348.0,131620.0,-2728.0,cr,VA/VE Improvement,Engineering-driven
actual,2025-01,B5,SH-CATB-D01,PANEL BOTTOM AS,domestic,131620.0,131620.0,0.0,,,
actual,2025-02,B5,SH-CATB-D01,PANEL BOTTOM AS,domestic,131620.0,126797.0,-4823.0,cr,Localization / Local Sourcing,Operational-driven
actual,2025-03,B5,SH-CATB-D01,PANEL BOTTOM AS,domestic,126797.0,123920.0,-2877.0,cr,VA/VE Improvement,Engineering-driven
actual,2025-04,B5,SH-CATB-D01,PANEL BOTTOM AS,domestic,123920.0,128004.0,4084.0,cu,Yield/Scrap Rate Increase,Operational-driven
actual,2025-05,B5,SH-CATB-D01,PANEL BOTTOM AS,domestic,128004.0,134381.0,6377.0,cu,Yield/Scrap Rate Increase,Operational-driven
actual,2025-06,B5,SH-CATB-D01,PANEL BOTTOM AS,domestic,134381.0,136182.0,1801.0,cu,Logistics/Freight Cost Increase,Market-driven
actual,2025-07,B5,SH-CATB-D01,PANEL BOTTOM AS,domestic,136182.0,133428.0,-2754.0,cr,Process Improvement (Yield Up),Operational-driven
actual,2025-08,B5,SH-CATB-D01,PANEL BOTTOM AS,domestic,133428.0,137230.0,3802.0,cu,Engineering Change / Spec Upgrade,Engineering-driven
actual,2025-09,B5,SH-CATB-D01,PANEL BOTTOM AS,domestic,137230.0,137230.0,0.0,,,
actual,2025-10,B5,SH-CATB-D01,PANEL BOTTOM AS,domestic,137230.0,141464.0,4234.0,cu,Raw Material Price Increase,Market-driven
actual,2024-11,B5,SH-CATB-U01,CONNECTOR HOUSING,usd,58561.0,58171.0,-390.0,cr,Supplier Negotiation,Operational-driven
actual,2024-12,B5,SH-CATB-U01,CONNECTOR HOUSING,usd,58171.0,60846.0,2675.0,cu,Logistics/Freight Cost Increase,Market-driven
actual,2025-01,B5,SH-CATB-U01,CONNECTOR HOUSING,usd,60846.0,60846.0,0.0,,,
actual,2025-02,B5,SH-CATB-U01,CONNECTOR HOUSING,usd,60846.0,57109.0,-3737.0,cr,VA/VE Improvement,Engineering-driven
actual,2025-03,B5,SH-CATB-U01,CONNECTOR HOUSING,usd,57109.0,59904.0,2795.0,cu,Supplier Change (Higher Cost Source),Market-driven
actual,2025-04,B5,SH-CATB-U01,CONNECTOR HOUSING,usd,59904.0,57895.0,-2009.0,cr,Alternative Material Substitution,Engineering-driven
actual,2025-05,B5,SH-CATB-U01,CONNECTOR HOUSING,usd,57895.0,57895.0,0.0,,,
actual,2025-06,B5,SH-CATB-U01,CONNECTOR HOUSING,usd,57895.0,57895.0,0.0,,,
actual,2025-07,B5,SH-CATB-U01,CONNECTOR HOUSING,usd,57895.0,58316.0,421.0,cu,Logistics/Freight Cost Increase,Market-driven
actual,2025-08,B5,SH-CATB-U01,CONNECTOR HOUSING,usd,58316.0,58316.0,0.0,,,
actual,2025-09,B5,SH-CATB-U01,CONNECTOR HOUSING,usd,58316.0,59288.0,972.0,cu,Engineering Change / Spec Upgrade,Engineering-driven
actual,2025-10,B5,SH-CATB-U01,CONNECTOR HOUSING,usd,59288.0,59288.0,0.0,,,
actual,2024-11,B5,SH-IDX05,PRECISION GEAR,jpy,152329.0,143614.0,-8715.0,cr,Alternative Material Substitution,Engineering-driven
actual,2024-12,B5,SH-IDX05,PRECISION GEAR,jpy,143614.0,137648.0,-5966.0,cr,Alternative Material Substitution,Engineering-driven
actual,2025-01,B5,SH-IDX05,PRECISION GEAR,jpy,137648.0,135933.0,-1715.0,cr,Process Improvement (Yield Up),Operational-driven
actual,2025-02,B5,SH-IDX05,PRECISION GEAR,jpy,135933.0,143085.0,7152.0,cu,Yield/Scrap Rate Increase,Operational-driven
actual,2025-03,B5,SH-IDX05,PRECISION GEAR,jpy,143085.0,137632.0,-5453.0,cr,Alternative Material Substitution,Engineering-driven
actual,2025-04,B5,SH-IDX05,PRECISION GEAR,jpy,137632.0,132088.0,-5544.0,cr,Localization / Local Sourcing,Operational-driven
actual,2025-05,B5,SH-IDX05,PRECISION GEAR,jpy,132088.0,128385.0,-3703.0,cr,Process Improvement (Yield Up),Operational-driven
actual,2025-06,B5,SH-IDX05,PRECISION GEAR,jpy,128385.0,128385.0,0.0,,,
actual,2025-07,B5,SH-IDX05,PRECISION GEAR,jpy,128385.0,124087.0,-4298.0,cr,Localization / Local Sourcing,Operational-driven
actual,2025-08,B5,SH-IDX05,PRECISION GEAR,jpy,124087.0,129958.0,5871.0,cu,Yield/Scrap Rate Increase,Operational-driven
actual,2025-09,B5,SH-IDX05,PRECISION GEAR,jpy,129958.0,126447.0,-3511.0,cr,Process Improvement (Yield Up),Operational-driven
actual,2025-10,B5,SH-IDX05,PRECISION GEAR,jpy,126447.0,129729.0,3282.0,cu,Raw Material Price Increase,Market-driven
actual,2024-11,B5,UQ-B5-01,PANEL FRONT AS,domestic,496610.0,476730.0,-19880.0,cr,Supplier Negotiation,Operational-driven
actual,2024-12,B5,UQ-B5-01,PANEL FRONT AS,domestic,476730.0,459893.0,-16837.0,cr,Localization / Local Sourcing,Operational-driven
actual,2025-01,B5,UQ-B5-01,PANEL FRONT AS,domestic,459893.0,473460.0,13567.0,cu,Logistics/Freight Cost Increase,Market-driven
actual,2025-02,B5,UQ-B5-01,PANEL FRONT AS,domestic,473460.0,481683.0,8223.0,cu,Yield/Scrap Rate Increase,Operational-driven
actual,2025-03,B5,UQ-B5-01,PANEL FRONT AS,domestic,481683.0,481683.0,0.0,,,
actual,2025-04,B5,UQ-B5-01,PANEL FRONT AS,domestic,481683.0,455732.0,-25951.0,cr,Supplier Negotiation,Operational-driven
actual,2025-05,B5,UQ-B5-01,PANEL FRONT AS,domestic,455732.0,455732.0,0.0,,,
actual,2025-06,B5,UQ-B5-01,PANEL FRONT AS,domestic,455732.0,486282.0,30550.0,cu,Supplier Change (Higher Cost Source),Market-driven
actual,2025-07,B5,UQ-B5-01,PANEL FRONT AS,domestic,486282.0,504361.0,18079.0,cu,Raw Material Price Increase,Market-driven
actual,2025-08,B5,UQ-B5-01,PANEL FRONT AS,domestic,504361.0,534815.0,30454.0,cu,Yield/Scrap Rate Increase,Operational-driven
actual,2025-09,B5,UQ-B5-01,PANEL FRONT AS,domestic,534815.0,513415.0,-21400.0,cr,Localization / Local Sourcing,Operational-driven
actual,2025-10,B5,UQ-B5-01,PANEL FRONT AS,domestic,513415.0,513415.0,0.0,,,
actual,2024-11,B5,UQ-B5-02,BRACKET SUPPORT,domestic,550440.0,518238.0,-32202.0,cr,Supplier Negotiation,Operational-driven
actual,2024-12,B5,UQ-B5-02,BRACKET SUPPORT,domestic,518238.0,512781.0,-5457.0,cr,Localization / Local Sourcing,Operational-driven
actual,2025-01,B5,UQ-B5-02,BRACKET SUPPORT,domestic,512781.0,515615.0,2834.0,cu,Logistics/Freight Cost Increase,Market-driven
actual,2025-02,B5,UQ-B5-02,BRACKET SUPPORT,domestic,515615.0,533116.0,17501.0,cu,Engineering Change / Spec Upgrade,Engineering-driven
actual,2025-03,B5,UQ-B5-02,BRACKET SUPPORT,domestic,533116.0,554929.0,21813.0,cu,Yield/Scrap Rate Increase,Operational-driven
actual,2025-04,B5,UQ-B5-02,BRACKET SUPPORT,domestic,554929.0,525705.0,-29224.0,cr,VA/VE Improvement,Engineering-driven
actual,2025-05,B5,UQ-B5-02,BRACKET SUPPORT,domestic,525705.0,516151.0,-9554.0,cr,Alternative Material Substitution,Engineering-driven
actual,2025-06,B5,UQ-B5-02,BRACKET SUPPORT,domestic,516151.0,520584.0,4433.0,cu,Supplier Change (Higher Cost Source),Market-driven
actual,2025-07,B5,UQ-B5-02,BRACKET SUPPORT,domestic,520584.0,545689.0,25105.0,cu,Logistics/Freight Cost Increase,Market-driven
actual,2025-08,B5,UQ-B5-02,BRACKET SUPPORT,domestic,545689.0,573953.0,28264.0,cu,Logistics/Freight Cost Increase,Market-driven
actual,2025-09,B5,UQ-B5-02,BRACKET SUPPORT,domestic,573953.0,555656.0,-18297.0,cr,Alternative Material Substitution,Engineering-driven
actual,2025-10,B5,UQ-B5-02,BRACKET SUPPORT,domestic,555656.0,534210.0,-21446.0,cr,Supplier Negotiation,Operational-driven
actual,2024-11,B5,UQ-B5-03,IC CHIP CONTROL,usd,233632.0,225886.0,-7746.0,cr,Localization / Local Sourcing,Operational-driven
actual,2024-12,B5,UQ-B5-03,IC CHIP CONTROL,usd,225886.0,234068.0,8182.0,cu,Logistics/Freight Cost Increase,Market-driven
actual,2025-01,B5,UQ-B5-03,IC CHIP CONTROL,usd,234068.0,228776.0,-5292.0,cr,Supplier Negotiation,Operational-driven
actual,2025-02,B5,UQ-B5-03,IC CHIP CONTROL,usd,228776.0,228776.0,0.0,,,
actual,2025-03,B5,UQ-B5-03,IC CHIP CONTROL,usd,228776.0,235878.0,7102.0,cu,Yield/Scrap Rate Increase,Operational-driven
actual,2025-04,B5,UQ-B5-03,IC CHIP CONTROL,usd,235878.0,240118.0,4240.0,cu,Supplier Change (Higher Cost Source),Market-driven
actual,2025-05,B5,UQ-B5-03,IC CHIP CONTROL,usd,240118.0,248022.0,7904.0,cu,Yield/Scrap Rate Increase,Operational-driven
actual,2025-06,B5,UQ-B5-03,IC CHIP CONTROL,usd,248022.0,248022.0,0.0,,,
actual,2025-07,B5,UQ-B5-03,IC CHIP CONTROL,usd,248022.0,258636.0,10614.0,cu,Engineering Change / Spec Upgrade,Engineering-driven
actual,2025-08,B5,UQ-B5-03,IC CHIP CONTROL,usd,258636.0,247355.0,-11281.0,cr,Alternative Material Substitution,Engineering-driven
actual,2025-09,B5,UQ-B5-03,IC CHIP CONTROL,usd,247355.0,247355.0,0.0,,,
actual,2025-10,B5,UQ-B5-03,IC CHIP CONTROL,usd,247355.0,249480.0,2125.0,cu,Yield/Scrap Rate Increase,Operational-driven
actual,2024-11,B5,UQ-B5-04,MOTOR UNIT,jpy,598362.0,549774.0,-48588.0,cr,VA/VE Improvement,Engineering-driven
actual,2024-12,B5,UQ-B5-04,MOTOR UNIT,jpy,549774.0,509141.0,-40633.0,cr,VA/VE Improvement,Engineering-driven
actual,2025-01,B5,UQ-B5-04,MOTOR UNIT,jpy,509141.0,509141.0,0.0,,,
actual,2025-02,B5,UQ-B5-04,MOTOR UNIT,jpy,509141.0,499381.0,-9760.0,cr,Localization / Local Sourcing,Operational-driven
actual,2025-03,B5,UQ-B5-04,MOTOR UNIT,jpy,499381.0,432119.0,-67262.0,cr,Process Improvement (Yield Up),Operational-driven
actual,2025-04,B5,UQ-B5-04,MOTOR UNIT,jpy,432119.0,448194.0,16075.0,cu,Raw Material Price Increase,Market-driven
actual,2025-05,B5,UQ-B5-04,MOTOR UNIT,jpy,448194.0,507952.0,59758.0,cu,Logistics/Freight Cost Increase,Market-driven
actual,2025-06,B5,UQ-B5-04,MOTOR UNIT,jpy,507952.0,535929.0,27977.0,cu,Raw Material Price Increase,Market-driven
actual,2025-07,B5,UQ-B5-04,MOTOR UNIT,jpy,535929.0,547522.0,11593.0,cu,Engineering Change / Spec Upgrade,Engineering-driven
actual,2025-08,B5,UQ-B5-04,MOTOR UNIT,jpy,547522.0,547522.0,0.0,,,
actual,2025-09,B5,UQ-B5-04,MOTOR UNIT,jpy,547522.0,516901.0,-30621.0,cr,Supplier Negotiation,Operational-driven
actual,2025-10,B5,UQ-B5-04,MOTOR UNIT,jpy,516901.0,516901.0,0.0,,,
actual,2024-11,B5,UQ-B5-05,SENSOR MODULE,jpy,520140.0,541793.0,21653.0,cu,Logistics/Freight Cost Increase,Market-driven
actual,2024-12,B5,UQ-B5-05,SENSOR MODULE,jpy,541793.0,536027.0,-5766.0,cr,Alternative Material Substitution,Engineering-driven
actual,2025-01,B5,UQ-B5-05,SENSOR MODULE,jpy,536027.0,548279.0,12252.0,cu,Logistics/Freight Cost Increase,Market-driven
actual,2025-02,B5,UQ-B5-05,SENSOR MODULE,jpy,548279.0,503286.0,-44993.0,cr,VA/VE Improvement,Engineering-driven
actual,2025-03,B5,UQ-B5-05,SENSOR MODULE,jpy,503286.0,488885.0,-14401.0,cr,Alternative Material Substitution,Engineering-driven
actual,2025-04,B5,UQ-B5-05,SENSOR MODULE,jpy,488885.0,449120.0,-39765.0,cr,Localization / Local Sourcing,Operational-driven
actual,2025-05,B5,UQ-B5-05,SENSOR MODULE,jpy,449120.0,449120.0,0.0,,,
actual,2025-06,B5,UQ-B5-05,SENSOR MODULE,jpy,449120.0,411360.0,-37760.0,cr,Alternative Material Substitution,Engineering-driven
actual,2025-07,B5,UQ-B5-05,SENSOR MODULE,jpy,411360.0,396300.0,-15060.0,cr,Alternative Material Substitution,Engineering-driven
actual,2025-08,B5,UQ-B5-05,SENSOR MODULE,jpy,396300.0,373061.0,-23239.0,cr,Alternative Material Substitution,Engineering-driven
actual,2025-09,B5,UQ-B5-05,SENSOR MODULE,jpy,373061.0,329165.0,-43896.0,cr,Localization / Local Sourcing,Operational-driven
actual,2025-10,B5,UQ-B5-05,SENSOR MODULE,jpy,329165.0,300431.0,-28734.0,cr,Alternative Material Substitution,Engineering-driven
actual,2024-11,B6,SH-CATB-D01,PANEL BOTTOM AS,domestic,134348.0,134348.0,0.0,,,
actual,2024-12,B6,SH-CATB-D01,PANEL BOTTOM AS,domestic,134348.0,131620.0,-2728.0,cr,VA/VE Improvement,Engineering-driven
actual,2025-01,B6,SH-CATB-D01,PANEL BOTTOM AS,domestic,131620.0,131620.0,0.0,,,
actual,2025-02,B6,SH-CATB-D01,PANEL BOTTOM AS,domestic,131620.0,126797.0,-4823.0,cr,Localization / Local Sourcing,Operational-driven
actual,2025-03,B6,SH-CATB-D01,PANEL BOTTOM AS,domestic,126797.0,123920.0,-2877.0,cr,VA/VE Improvement,Engineering-driven
actual,2025-04,B6,SH-CATB-D01,PANEL BOTTOM AS,domestic,123920.0,128004.0,4084.0,cu,Yield/Scrap Rate Increase,Operational-driven
actual,2025-05,B6,SH-CATB-D01,PANEL BOTTOM AS,domestic,128004.0,134381.0,6377.0,cu,Yield/Scrap Rate Increase,Operational-driven
actual,2025-06,B6,SH-CATB-D01,PANEL BOTTOM AS,domestic,134381.0,136182.0,1801.0,cu,Logistics/Freight Cost Increase,Market-driven
actual,2025-07,B6,SH-CATB-D01,PANEL BOTTOM AS,domestic,136182.0,133428.0,-2754.0,cr,Process Improvement (Yield Up),Operational-driven
actual,2025-08,B6,SH-CATB-D01,PANEL BOTTOM AS,domestic,133428.0,137230.0,3802.0,cu,Engineering Change / Spec Upgrade,Engineering-driven
actual,2025-09,B6,SH-CATB-D01,PANEL BOTTOM AS,domestic,137230.0,137230.0,0.0,,,
actual,2025-10,B6,SH-CATB-D01,PANEL BOTTOM AS,domestic,137230.0,141464.0,4234.0,cu,Raw Material Price Increase,Market-driven
actual,2024-11,B6,SH-CATB-U01,CONNECTOR HOUSING,usd,58561.0,58171.0,-390.0,cr,Supplier Negotiation,Operational-driven
actual,2024-12,B6,SH-CATB-U01,CONNECTOR HOUSING,usd,58171.0,60846.0,2675.0,cu,Logistics/Freight Cost Increase,Market-driven
actual,2025-01,B6,SH-CATB-U01,CONNECTOR HOUSING,usd,60846.0,60846.0,0.0,,,
actual,2025-02,B6,SH-CATB-U01,CONNECTOR HOUSING,usd,60846.0,57109.0,-3737.0,cr,VA/VE Improvement,Engineering-driven
actual,2025-03,B6,SH-CATB-U01,CONNECTOR HOUSING,usd,57109.0,59904.0,2795.0,cu,Supplier Change (Higher Cost Source),Market-driven
actual,2025-04,B6,SH-CATB-U01,CONNECTOR HOUSING,usd,59904.0,57895.0,-2009.0,cr,Alternative Material Substitution,Engineering-driven
actual,2025-05,B6,SH-CATB-U01,CONNECTOR HOUSING,usd,57895.0,57895.0,0.0,,,
actual,2025-06,B6,SH-CATB-U01,CONNECTOR HOUSING,usd,57895.0,57895.0,0.0,,,
actual,2025-07,B6,SH-CATB-U01,CONNECTOR HOUSING,usd,57895.0,58316.0,421.0,cu,Logistics/Freight Cost Increase,Market-driven
actual,2025-08,B6,SH-CATB-U01,CONNECTOR HOUSING,usd,58316.0,58316.0,0.0,,,
actual,2025-09,B6,SH-CATB-U01,CONNECTOR HOUSING,usd,58316.0,59288.0,972.0,cu,Engineering Change / Spec Upgrade,Engineering-driven
actual,2025-10,B6,SH-CATB-U01,CONNECTOR HOUSING,usd,59288.0,59288.0,0.0,,,
actual,2024-11,B6,SH-IDX06,PRECISION GEAR,jpy,48576.0,48576.0,0.0,,,
actual,2024-12,B6,SH-IDX06,PRECISION GEAR,jpy,48576.0,51623.0,3047.0,cu,Supplier Change (Higher Cost Source),Market-driven
actual,2025-01,B6,SH-IDX06,PRECISION GEAR,jpy,51623.0,49518.0,-2105.0,cr,Localization / Local Sourcing,Operational-driven
actual,2025-02,B6,SH-IDX06,PRECISION GEAR,jpy,49518.0,49518.0,0.0,,,
actual,2025-03,B6,SH-IDX06,PRECISION GEAR,jpy,49518.0,49518.0,0.0,,,
actual,2025-04,B6,SH-IDX06,PRECISION GEAR,jpy,49518.0,48049.0,-1469.0,cr,Alternative Material Substitution,Engineering-driven
actual,2025-05,B6,SH-IDX06,PRECISION GEAR,jpy,48049.0,45806.0,-2243.0,cr,Localization / Local Sourcing,Operational-driven
actual,2025-06,B6,SH-IDX06,PRECISION GEAR,jpy,45806.0,46381.0,575.0,cu,Supplier Change (Higher Cost Source),Market-driven
actual,2025-07,B6,SH-IDX06,PRECISION GEAR,jpy,46381.0,46381.0,0.0,,,
actual,2025-08,B6,SH-IDX06,PRECISION GEAR,jpy,46381.0,45806.0,-575.0,cr,Process Improvement (Yield Up),Operational-driven
actual,2025-09,B6,SH-IDX06,PRECISION GEAR,jpy,45806.0,43277.0,-2529.0,cr,Supplier Negotiation,Operational-driven
actual,2025-10,B6,SH-IDX06,PRECISION GEAR,jpy,43277.0,43881.0,604.0,cu,Supplier Change (Higher Cost Source),Market-driven
actual,2024-11,B6,UQ-B6-01,PANEL FRONT AS,domestic,370973.0,382804.0,11831.0,cu,Engineering Change / Spec Upgrade,Engineering-driven
actual,2024-12,B6,UQ-B6-01,PANEL FRONT AS,domestic,382804.0,375096.0,-7708.0,cr,Localization / Local Sourcing,Operational-driven
actual,2025-01,B6,UQ-B6-01,PANEL FRONT AS,domestic,375096.0,365069.0,-10027.0,cr,Localization / Local Sourcing,Operational-driven
actual,2025-02,B6,UQ-B6-01,PANEL FRONT AS,domestic,365069.0,389947.0,24878.0,cu,Raw Material Price Increase,Market-driven
actual,2025-03,B6,UQ-B6-01,PANEL FRONT AS,domestic,389947.0,402346.0,12399.0,cu,Logistics/Freight Cost Increase,Market-driven
actual,2025-04,B6,UQ-B6-01,PANEL FRONT AS,domestic,402346.0,402346.0,0.0,,,
actual,2025-05,B6,UQ-B6-01,PANEL FRONT AS,domestic,402346.0,413468.0,11122.0,cu,Logistics/Freight Cost Increase,Market-driven
actual,2025-06,B6,UQ-B6-01,PANEL FRONT AS,domestic,413468.0,427800.0,14332.0,cu,Engineering Change / Spec Upgrade,Engineering-driven
actual,2025-07,B6,UQ-B6-01,PANEL FRONT AS,domestic,427800.0,427800.0,0.0,,,
actual,2025-08,B6,UQ-B6-01,PANEL FRONT AS,domestic,427800.0,446505.0,18705.0,cu,Yield/Scrap Rate Increase,Operational-driven
actual,2025-09,B6,UQ-B6-01,PANEL FRONT AS,domestic,446505.0,463259.0,16754.0,cu,Engineering Change / Spec Upgrade,Engineering-driven
actual,2025-10,B6,UQ-B6-01,PANEL FRONT AS,domestic,463259.0,463259.0,0.0,,,
actual,2024-11,B6,UQ-B6-02,BRACKET SUPPORT,domestic,379536.0,379536.0,0.0,,,
actual,2024-12,B6,UQ-B6-02,BRACKET SUPPORT,domestic,379536.0,358543.0,-20993.0,cr,Supplier Negotiation,Operational-driven
actual,2025-01,B6,UQ-B6-02,BRACKET SUPPORT,domestic,358543.0,394848.0,36305.0,cu,Raw Material Price Increase,Market-driven
actual,2025-02,B6,UQ-B6-02,BRACKET SUPPORT,domestic,394848.0,373102.0,-21746.0,cr,VA/VE Improvement,Engineering-driven
actual,2025-03,B6,UQ-B6-02,BRACKET SUPPORT,domestic,373102.0,373102.0,0.0,,,
actual,2025-04,B6,UQ-B6-02,BRACKET SUPPORT,domestic,373102.0,325145.0,-47957.0,cr,Supplier Negotiation,Operational-driven
actual,2025-05,B6,UQ-B6-02,BRACKET SUPPORT,domestic,325145.0,283352.0,-41793.0,cr,Localization / Local Sourcing,Operational-driven
actual,2025-06,B6,UQ-B6-02,BRACKET SUPPORT,domestic,283352.0,257227.0,-26125.0,cr,Process Improvement (Yield Up),Operational-driven
actual,2025-07,B6,UQ-B6-02,BRACKET SUPPORT,domestic,257227.0,217923.0,-39304.0,cr,VA/VE Improvement,Engineering-driven
actual,2025-08,B6,UQ-B6-02,BRACKET SUPPORT,domestic,217923.0,239853.0,21930.0,cu,Supplier Change (Higher Cost Source),Market-driven
actual,2025-09,B6,UQ-B6-02,BRACKET SUPPORT,domestic,239853.0,239853.0,0.0,,,
actual,2025-10,B6,UQ-B6-02,BRACKET SUPPORT,domestic,239853.0,258586.0,18733.0,cu,Raw Material Price Increase,Market-driven
actual,2024-11,B6,UQ-B6-03,IC CHIP CONTROL,usd,749795.0,759416.0,9621.0,cu,Engineering Change / Spec Upgrade,Engineering-driven
actual,2024-12,B6,UQ-B6-03,IC CHIP CONTROL,usd,759416.0,759416.0,0.0,,,
actual,2025-01,B6,UQ-B6-03,IC CHIP CONTROL,usd,759416.0,788500.0,29084.0,cu,Supplier Change (Higher Cost Source),Market-driven
actual,2025-02,B6,UQ-B6-03,IC CHIP CONTROL,usd,788500.0,813039.0,24539.0,cu,Logistics/Freight Cost Increase,Market-driven
actual,2025-03,B6,UQ-B6-03,IC CHIP CONTROL,usd,813039.0,829904.0,16865.0,cu,Logistics/Freight Cost Increase,Market-driven
actual,2025-04,B6,UQ-B6-03,IC CHIP CONTROL,usd,829904.0,836405.0,6501.0,cu,Logistics/Freight Cost Increase,Market-driven
actual,2025-05,B6,UQ-B6-03,IC CHIP CONTROL,usd,836405.0,836405.0,0.0,,,
actual,2025-06,B6,UQ-B6-03,IC CHIP CONTROL,usd,836405.0,836405.0,0.0,,,
actual,2025-07,B6,UQ-B6-03,IC CHIP CONTROL,usd,836405.0,842681.0,6276.0,cu,Raw Material Price Increase,Market-driven
actual,2025-08,B6,UQ-B6-03,IC CHIP CONTROL,usd,842681.0,874351.0,31670.0,cu,Yield/Scrap Rate Increase,Operational-driven
actual,2025-09,B6,UQ-B6-03,IC CHIP CONTROL,usd,874351.0,874351.0,0.0,,,
actual,2025-10,B6,UQ-B6-03,IC CHIP CONTROL,usd,874351.0,910710.0,36359.0,cu,Logistics/Freight Cost Increase,Market-driven
actual,2024-11,B6,UQ-B6-04,MOTOR UNIT,jpy,622198.0,645157.0,22959.0,cu,Raw Material Price Increase,Market-driven
actual,2024-12,B6,UQ-B6-04,MOTOR UNIT,jpy,645157.0,645157.0,0.0,,,
actual,2025-01,B6,UQ-B6-04,MOTOR UNIT,jpy,645157.0,639165.0,-5992.0,cr,Alternative Material Substitution,Engineering-driven
actual,2025-02,B6,UQ-B6-04,MOTOR UNIT,jpy,639165.0,613357.0,-25808.0,cr,VA/VE Improvement,Engineering-driven
actual,2025-03,B6,UQ-B6-04,MOTOR UNIT,jpy,613357.0,613357.0,0.0,,,
actual,2025-04,B6,UQ-B6-04,MOTOR UNIT,jpy,613357.0,613357.0,0.0,,,
actual,2025-05,B6,UQ-B6-04,MOTOR UNIT,jpy,613357.0,645759.0,32402.0,cu,Engineering Change / Spec Upgrade,Engineering-driven
actual,2025-06,B6,UQ-B6-04,MOTOR UNIT,jpy,645759.0,645759.0,0.0,,,
actual,2025-07,B6,UQ-B6-04,MOTOR UNIT,jpy,645759.0,653107.0,7348.0,cu,Engineering Change / Spec Upgrade,Engineering-driven
actual,2025-08,B6,UQ-B6-04,MOTOR UNIT,jpy,653107.0,671845.0,18738.0,cu,Logistics/Freight Cost Increase,Market-driven
actual,2025-09,B6,UQ-B6-04,MOTOR UNIT,jpy,671845.0,642310.0,-29535.0,cr,Localization / Local Sourcing,Operational-driven
actual,2025-10,B6,UQ-B6-04,MOTOR UNIT,jpy,642310.0,637825.0,-4485.0,cr,Process Improvement (Yield Up),Operational-driven
actual,2024-11,B6,UQ-B6-05,SENSOR MODULE,jpy,565408.0,531878.0,-33530.0,cr,VA/VE Improvement,Engineering-driven
actual,2024-12,B6,UQ-B6-05,SENSOR MODULE,jpy,531878.0,510622.0,-21256.0,cr,Process Improvement (Yield Up),Operational-driven
actual,2025-01,B6,UQ-B6-05,SENSOR MODULE,jpy,510622.0,507537.0,-3085.0,cr,Supplier Negotiation,Operational-driven
actual,2025-02,B6,UQ-B6-05,SENSOR MODULE,jpy,507537.0,512090.0,4553.0,cu,Logistics/Freight Cost Increase,Market-driven
actual,2025-03,B6,UQ-B6-05,SENSOR MODULE,jpy,512090.0,534692.0,22602.0,cu,Supplier Change (Higher Cost Source),Market-driven
actual,2025-04,B6,UQ-B6-05,SENSOR MODULE,jpy,534692.0,510096.0,-24596.0,cr,Supplier Negotiation,Operational-driven
actual,2025-05,B6,UQ-B6-05,SENSOR MODULE,jpy,510096.0,515225.0,5129.0,cu,Supplier Change (Higher Cost Source),Market-driven
actual,2025-06,B6,UQ-B6-05,SENSOR MODULE,jpy,515225.0,500780.0,-14445.0,cr,Localization / Local Sourcing,Operational-driven
actual,2025-07,B6,UQ-B6-05,SENSOR MODULE,jpy,500780.0,500780.0,0.0,,,
actual,2025-08,B6,UQ-B6-05,SENSOR MODULE,jpy,500780.0,486300.0,-14480.0,cr,VA/VE Improvement,Engineering-driven
actual,2025-09,B6,UQ-B6-05,SENSOR MODULE,jpy,486300.0,468350.0,-17950.0,cr,Localization / Local Sourcing,Operational-driven
actual,2025-10,B6,UQ-B6-05,SENSOR MODULE,jpy,468350.0,502142.0,33792.0,cu,Raw Material Price Increase,Market-driven
actual,2024-11,B6,SH-EVEN-01,TAPE PU-F,domestic,70295.0,67819.0,-2476.0,cr,Localization / Local Sourcing,Operational-driven
actual,2024-12,B6,SH-EVEN-01,TAPE PU-F,domestic,67819.0,68361.0,542.0,cu,Engineering Change / Spec Upgrade,Engineering-driven
actual,2025-01,B6,SH-EVEN-01,TAPE PU-F,domestic,68361.0,67771.0,-590.0,cr,Localization / Local Sourcing,Operational-driven
actual,2025-02,B6,SH-EVEN-01,TAPE PU-F,domestic,67771.0,70908.0,3137.0,cu,Logistics/Freight Cost Increase,Market-driven
actual,2025-03,B6,SH-EVEN-01,TAPE PU-F,domestic,70908.0,70908.0,0.0,,,
actual,2025-04,B6,SH-EVEN-01,TAPE PU-F,domestic,70908.0,67971.0,-2937.0,cr,Localization / Local Sourcing,Operational-driven
actual,2025-05,B6,SH-EVEN-01,TAPE PU-F,domestic,67971.0,70882.0,2911.0,cu,Logistics/Freight Cost Increase,Market-driven
actual,2025-06,B6,SH-EVEN-01,TAPE PU-F,domestic,70882.0,70015.0,-867.0,cr,Process Improvement (Yield Up),Operational-driven
actual,2025-07,B6,SH-EVEN-01,TAPE PU-F,domestic,70015.0,71263.0,1248.0,cu,Yield/Scrap Rate Increase,Operational-driven
actual,2025-08,B6,SH-EVEN-01,TAPE PU-F,domestic,71263.0,71263.0,0.0,,,
actual,2025-09,B6,SH-EVEN-01,TAPE PU-F,domestic,71263.0,69379.0,-1884.0,cr,Localization / Local Sourcing,Operational-driven
actual,2025-10,B6,SH-EVEN-01,TAPE PU-F,domestic,69379.0,72373.0,2994.0,cu,Logistics/Freight Cost Increase,Market-driven
actual,2024-11,B6,SH-EVEN-02,RESIN COMPOUND,usd,19042.0,19042.0,0.0,,,
actual,2024-12,B6,SH-EVEN-02,RESIN COMPOUND,usd,19042.0,18947.0,-95.0,cr,Supplier Negotiation,Operational-driven
actual,2025-01,B6,SH-EVEN-02,RESIN COMPOUND,usd,18947.0,17907.0,-1040.0,cr,Alternative Material Substitution,Engineering-driven
actual,2025-02,B6,SH-EVEN-02,RESIN COMPOUND,usd,17907.0,18018.0,111.0,cu,Supplier Change (Higher Cost Source),Market-driven
actual,2025-03,B6,SH-EVEN-02,RESIN COMPOUND,usd,18018.0,17275.0,-743.0,cr,Supplier Negotiation,Operational-driven
actual,2025-04,B6,SH-EVEN-02,RESIN COMPOUND,usd,17275.0,16381.0,-894.0,cr,Alternative Material Substitution,Engineering-driven
actual,2025-05,B6,SH-EVEN-02,RESIN COMPOUND,usd,16381.0,16909.0,528.0,cu,Supplier Change (Higher Cost Source),Market-driven
actual,2025-06,B6,SH-EVEN-02,RESIN COMPOUND,usd,16909.0,16909.0,0.0,,,
actual,2025-07,B6,SH-EVEN-02,RESIN COMPOUND,usd,16909.0,17621.0,712.0,cu,Raw Material Price Increase,Market-driven
actual,2025-08,B6,SH-EVEN-02,RESIN COMPOUND,usd,17621.0,17621.0,0.0,,,
actual,2025-09,B6,SH-EVEN-02,RESIN COMPOUND,usd,17621.0,17066.0,-555.0,cr,Process Improvement (Yield Up),Operational-driven
actual,2025-10,B6,SH-EVEN-02,RESIN COMPOUND,usd,17066.0,17840.0,774.0,cu,Yield/Scrap Rate Increase,Operational-driven
actual,2024-11,B7,SH-CATB-D01,PANEL BOTTOM AS,domestic,134348.0,134348.0,0.0,,,
actual,2024-12,B7,SH-CATB-D01,PANEL BOTTOM AS,domestic,134348.0,131620.0,-2728.0,cr,VA/VE Improvement,Engineering-driven
actual,2025-01,B7,SH-CATB-D01,PANEL BOTTOM AS,domestic,131620.0,131620.0,0.0,,,
actual,2025-02,B7,SH-CATB-D01,PANEL BOTTOM AS,domestic,131620.0,126797.0,-4823.0,cr,Localization / Local Sourcing,Operational-driven
actual,2025-03,B7,SH-CATB-D01,PANEL BOTTOM AS,domestic,126797.0,123920.0,-2877.0,cr,VA/VE Improvement,Engineering-driven
actual,2025-04,B7,SH-CATB-D01,PANEL BOTTOM AS,domestic,123920.0,128004.0,4084.0,cu,Yield/Scrap Rate Increase,Operational-driven
actual,2025-05,B7,SH-CATB-D01,PANEL BOTTOM AS,domestic,128004.0,134381.0,6377.0,cu,Yield/Scrap Rate Increase,Operational-driven
actual,2025-06,B7,SH-CATB-D01,PANEL BOTTOM AS,domestic,134381.0,136182.0,1801.0,cu,Logistics/Freight Cost Increase,Market-driven
actual,2025-07,B7,SH-CATB-D01,PANEL BOTTOM AS,domestic,136182.0,133428.0,-2754.0,cr,Process Improvement (Yield Up),Operational-driven
actual,2025-08,B7,SH-CATB-D01,PANEL BOTTOM AS,domestic,133428.0,137230.0,3802.0,cu,Engineering Change / Spec Upgrade,Engineering-driven
actual,2025-09,B7,SH-CATB-D01,PANEL BOTTOM AS,domestic,137230.0,137230.0,0.0,,,
actual,2025-10,B7,SH-CATB-D01,PANEL BOTTOM AS,domestic,137230.0,141464.0,4234.0,cu,Raw Material Price Increase,Market-driven
actual,2024-11,B7,SH-CATB-U01,CONNECTOR HOUSING,usd,58561.0,58171.0,-390.0,cr,Supplier Negotiation,Operational-driven
actual,2024-12,B7,SH-CATB-U01,CONNECTOR HOUSING,usd,58171.0,60846.0,2675.0,cu,Logistics/Freight Cost Increase,Market-driven
actual,2025-01,B7,SH-CATB-U01,CONNECTOR HOUSING,usd,60846.0,60846.0,0.0,,,
actual,2025-02,B7,SH-CATB-U01,CONNECTOR HOUSING,usd,60846.0,57109.0,-3737.0,cr,VA/VE Improvement,Engineering-driven
actual,2025-03,B7,SH-CATB-U01,CONNECTOR HOUSING,usd,57109.0,59904.0,2795.0,cu,Supplier Change (Higher Cost Source),Market-driven
actual,2025-04,B7,SH-CATB-U01,CONNECTOR HOUSING,usd,59904.0,57895.0,-2009.0,cr,Alternative Material Substitution,Engineering-driven
actual,2025-05,B7,SH-CATB-U01,CONNECTOR HOUSING,usd,57895.0,57895.0,0.0,,,
actual,2025-06,B7,SH-CATB-U01,CONNECTOR HOUSING,usd,57895.0,57895.0,0.0,,,
actual,2025-07,B7,SH-CATB-U01,CONNECTOR HOUSING,usd,57895.0,58316.0,421.0,cu,Logistics/Freight Cost Increase,Market-driven
actual,2025-08,B7,SH-CATB-U01,CONNECTOR HOUSING,usd,58316.0,58316.0,0.0,,,
actual,2025-09,B7,SH-CATB-U01,CONNECTOR HOUSING,usd,58316.0,59288.0,972.0,cu,Engineering Change / Spec Upgrade,Engineering-driven
actual,2025-10,B7,SH-CATB-U01,CONNECTOR HOUSING,usd,59288.0,59288.0,0.0,,,
actual,2024-11,B7,SH-IDX07,PRECISION GEAR,jpy,203264.0,228315.0,25051.0,cu,Raw Material Price Increase,Market-driven
actual,2024-12,B7,SH-IDX07,PRECISION GEAR,jpy,228315.0,228315.0,0.0,,,
actual,2025-01,B7,SH-IDX07,PRECISION GEAR,jpy,228315.0,246238.0,17923.0,cu,Supplier Change (Higher Cost Source),Market-driven
actual,2025-02,B7,SH-IDX07,PRECISION GEAR,jpy,246238.0,225390.0,-20848.0,cr,Process Improvement (Yield Up),Operational-driven
actual,2025-03,B7,SH-IDX07,PRECISION GEAR,jpy,225390.0,201513.0,-23877.0,cr,Process Improvement (Yield Up),Operational-driven
actual,2025-04,B7,SH-IDX07,PRECISION GEAR,jpy,201513.0,198455.0,-3058.0,cr,VA/VE Improvement,Engineering-driven
actual,2025-05,B7,SH-IDX07,PRECISION GEAR,jpy,198455.0,186148.0,-12307.0,cr,Process Improvement (Yield Up),Operational-driven
actual,2025-06,B7,SH-IDX07,PRECISION GEAR,jpy,186148.0,200197.0,14049.0,cu,Supplier Change (Higher Cost Source),Market-driven
actual,2025-07,B7,SH-IDX07,PRECISION GEAR,jpy,200197.0,214555.0,14358.0,cu,Engineering Change / Spec Upgrade,Engineering-driven
actual,2025-08,B7,SH-IDX07,PRECISION GEAR,jpy,214555.0,195462.0,-19093.0,cr,Localization / Local Sourcing,Operational-driven
actual,2025-09,B7,SH-IDX07,PRECISION GEAR,jpy,195462.0,182638.0,-12824.0,cr,Localization / Local Sourcing,Operational-driven
actual,2025-10,B7,SH-IDX07,PRECISION GEAR,jpy,182638.0,196978.0,14340.0,cu,Supplier Change (Higher Cost Source),Market-driven
actual,2024-11,B7,UQ-B7-01,PANEL FRONT AS,domestic,520063.0,506387.0,-13676.0,cr,Process Improvement (Yield Up),Operational-driven
actual,2024-12,B7,UQ-B7-01,PANEL FRONT AS,domestic,506387.0,506387.0,0.0,,,
actual,2025-01,B7,UQ-B7-01,PANEL FRONT AS,domestic,506387.0,513733.0,7346.0,cu,Logistics/Freight Cost Increase,Market-driven
actual,2025-02,B7,UQ-B7-01,PANEL FRONT AS,domestic,513733.0,525215.0,11482.0,cu,Logistics/Freight Cost Increase,Market-driven
actual,2025-03,B7,UQ-B7-01,PANEL FRONT AS,domestic,525215.0,544623.0,19408.0,cu,Engineering Change / Spec Upgrade,Engineering-driven
actual,2025-04,B7,UQ-B7-01,PANEL FRONT AS,domestic,544623.0,544623.0,0.0,,,
actual,2025-05,B7,UQ-B7-01,PANEL FRONT AS,domestic,544623.0,568301.0,23678.0,cu,Yield/Scrap Rate Increase,Operational-driven
actual,2025-06,B7,UQ-B7-01,PANEL FRONT AS,domestic,568301.0,582259.0,13958.0,cu,Supplier Change (Higher Cost Source),Market-driven
actual,2025-07,B7,UQ-B7-01,PANEL FRONT AS,domestic,582259.0,582259.0,0.0,,,
actual,2025-08,B7,UQ-B7-01,PANEL FRONT AS,domestic,582259.0,593649.0,11390.0,cu,Engineering Change / Spec Upgrade,Engineering-driven
actual,2025-09,B7,UQ-B7-01,PANEL FRONT AS,domestic,593649.0,577144.0,-16505.0,cr,Alternative Material Substitution,Engineering-driven
actual,2025-10,B7,UQ-B7-01,PANEL FRONT AS,domestic,577144.0,561999.0,-15145.0,cr,Localization / Local Sourcing,Operational-driven
actual,2024-11,B7,UQ-B7-02,BRACKET SUPPORT,domestic,363445.0,363445.0,0.0,,,
actual,2024-12,B7,UQ-B7-02,BRACKET SUPPORT,domestic,363445.0,373118.0,9673.0,cu,Logistics/Freight Cost Increase,Market-driven
actual,2025-01,B7,UQ-B7-02,BRACKET SUPPORT,domestic,373118.0,381614.0,8496.0,cu,Engineering Change / Spec Upgrade,Engineering-driven
actual,2025-02,B7,UQ-B7-02,BRACKET SUPPORT,domestic,381614.0,393089.0,11475.0,cu,Logistics/Freight Cost Increase,Market-driven
actual,2025-03,B7,UQ-B7-02,BRACKET SUPPORT,domestic,393089.0,408907.0,15818.0,cu,Engineering Change / Spec Upgrade,Engineering-driven
actual,2025-04,B7,UQ-B7-02,BRACKET SUPPORT,domestic,408907.0,408907.0,0.0,,,
actual,2025-05,B7,UQ-B7-02,BRACKET SUPPORT,domestic,408907.0,433973.0,25066.0,cu,Raw Material Price Increase,Market-driven
actual,2025-06,B7,UQ-B7-02,BRACKET SUPPORT,domestic,433973.0,433973.0,0.0,,,
actual,2025-07,B7,UQ-B7-02,BRACKET SUPPORT,domestic,433973.0,420802.0,-13171.0,cr,VA/VE Improvement,Engineering-driven
actual,2025-08,B7,UQ-B7-02,BRACKET SUPPORT,domestic,420802.0,434986.0,14184.0,cu,Engineering Change / Spec Upgrade,Engineering-driven
actual,2025-09,B7,UQ-B7-02,BRACKET SUPPORT,domestic,434986.0,434986.0,0.0,,,
actual,2025-10,B7,UQ-B7-02,BRACKET SUPPORT,domestic,434986.0,434986.0,0.0,,,
actual,2024-11,B7,UQ-B7-03,IC CHIP CONTROL,usd,456656.0,443930.0,-12726.0,cr,Localization / Local Sourcing,Operational-driven
actual,2024-12,B7,UQ-B7-03,IC CHIP CONTROL,usd,443930.0,440763.0,-3167.0,cr,Localization / Local Sourcing,Operational-driven
actual,2025-01,B7,UQ-B7-03,IC CHIP CONTROL,usd,440763.0,444312.0,3549.0,cu,Engineering Change / Spec Upgrade,Engineering-driven
actual,2025-02,B7,UQ-B7-03,IC CHIP CONTROL,usd,444312.0,444312.0,0.0,,,
actual,2025-03,B7,UQ-B7-03,IC CHIP CONTROL,usd,444312.0,444312.0,0.0,,,
actual,2025-04,B7,UQ-B7-03,IC CHIP CONTROL,usd,444312.0,431711.0,-12601.0,cr,Alternative Material Substitution,Engineering-driven
actual,2025-05,B7,UQ-B7-03,IC CHIP CONTROL,usd,431711.0,435736.0,4025.0,cu,Engineering Change / Spec Upgrade,Engineering-driven
actual,2025-06,B7,UQ-B7-03,IC CHIP CONTROL,usd,435736.0,445459.0,9723.0,cu,Raw Material Price Increase,Market-driven
actual,2025-07,B7,UQ-B7-03,IC CHIP CONTROL,usd,445459.0,420166.0,-25293.0,cr,VA/VE Improvement,Engineering-driven
actual,2025-08,B7,UQ-B7-03,IC CHIP CONTROL,usd,420166.0,415806.0,-4360.0,cr,Supplier Negotiation,Operational-driven
actual,2025-09,B7,UQ-B7-03,IC CHIP CONTROL,usd,415806.0,400883.0,-14923.0,cr,VA/VE Improvement,Engineering-driven
actual,2025-10,B7,UQ-B7-03,IC CHIP CONTROL,usd,400883.0,377256.0,-23627.0,cr,Alternative Material Substitution,Engineering-driven
actual,2024-11,B7,UQ-B7-04,MOTOR UNIT,jpy,298118.0,313436.0,15318.0,cu,Yield/Scrap Rate Increase,Operational-driven
actual,2024-12,B7,UQ-B7-04,MOTOR UNIT,jpy,313436.0,342765.0,29329.0,cu,Raw Material Price Increase,Market-driven
actual,2025-01,B7,UQ-B7-04,MOTOR UNIT,jpy,342765.0,310746.0,-32019.0,cr,VA/VE Improvement,Engineering-driven
actual,2025-02,B7,UQ-B7-04,MOTOR UNIT,jpy,310746.0,276871.0,-33875.0,cr,VA/VE Improvement,Engineering-driven
actual,2025-03,B7,UQ-B7-04,MOTOR UNIT,jpy,276871.0,276871.0,0.0,,,
actual,2025-04,B7,UQ-B7-04,MOTOR UNIT,jpy,276871.0,301029.0,24158.0,cu,Yield/Scrap Rate Increase,Operational-driven
actual,2025-05,B7,UQ-B7-04,MOTOR UNIT,jpy,301029.0,308863.0,7834.0,cu,Yield/Scrap Rate Increase,Operational-driven
actual,2025-06,B7,UQ-B7-04,MOTOR UNIT,jpy,308863.0,308863.0,0.0,,,
actual,2025-07,B7,UQ-B7-04,MOTOR UNIT,jpy,308863.0,264631.0,-44232.0,cr,Process Improvement (Yield Up),Operational-driven
actual,2025-08,B7,UQ-B7-04,MOTOR UNIT,jpy,264631.0,289039.0,24408.0,cu,Raw Material Price Increase,Market-driven
actual,2025-09,B7,UQ-B7-04,MOTOR UNIT,jpy,289039.0,284219.0,-4820.0,cr,VA/VE Improvement,Engineering-driven
actual,2025-10,B7,UQ-B7-04,MOTOR UNIT,jpy,284219.0,304117.0,19898.0,cu,Logistics/Freight Cost Increase,Market-driven
actual,2024-11,B7,UQ-B7-05,SENSOR MODULE,jpy,342169.0,323461.0,-18708.0,cr,Alternative Material Substitution,Engineering-driven
actual,2024-12,B7,UQ-B7-05,SENSOR MODULE,jpy,323461.0,323461.0,0.0,,,
actual,2025-01,B7,UQ-B7-05,SENSOR MODULE,jpy,323461.0,341611.0,18150.0,cu,Yield/Scrap Rate Increase,Operational-driven
actual,2025-02,B7,UQ-B7-05,SENSOR MODULE,jpy,341611.0,333567.0,-8044.0,cr,VA/VE Improvement,Engineering-driven
actual,2025-03,B7,UQ-B7-05,SENSOR MODULE,jpy,333567.0,340497.0,6930.0,cu,Supplier Change (Higher Cost Source),Market-driven
actual,2025-04,B7,UQ-B7-05,SENSOR MODULE,jpy,340497.0,325519.0,-14978.0,cr,Supplier Negotiation,Operational-driven
actual,2025-05,B7,UQ-B7-05,SENSOR MODULE,jpy,325519.0,325519.0,0.0,,,
actual,2025-06,B7,UQ-B7-05,SENSOR MODULE,jpy,325519.0,331061.0,5542.0,cu,Supplier Change (Higher Cost Source),Market-driven
actual,2025-07,B7,UQ-B7-05,SENSOR MODULE,jpy,331061.0,322614.0,-8447.0,cr,VA/VE Improvement,Engineering-driven
actual,2025-08,B7,UQ-B7-05,SENSOR MODULE,jpy,322614.0,326521.0,3907.0,cu,Yield/Scrap Rate Increase,Operational-driven
actual,2025-09,B7,UQ-B7-05,SENSOR MODULE,jpy,326521.0,323383.0,-3138.0,cr,VA/VE Improvement,Engineering-driven
actual,2025-10,B7,UQ-B7-05,SENSOR MODULE,jpy,323383.0,323383.0,0.0,,,
actual,2024-11,B8,SH-CATB-D01,PANEL BOTTOM AS,domestic,134348.0,134348.0,0.0,,,
actual,2024-12,B8,SH-CATB-D01,PANEL BOTTOM AS,domestic,134348.0,131620.0,-2728.0,cr,VA/VE Improvement,Engineering-driven
actual,2025-01,B8,SH-CATB-D01,PANEL BOTTOM AS,domestic,131620.0,131620.0,0.0,,,
actual,2025-02,B8,SH-CATB-D01,PANEL BOTTOM AS,domestic,131620.0,126797.0,-4823.0,cr,Localization / Local Sourcing,Operational-driven
actual,2025-03,B8,SH-CATB-D01,PANEL BOTTOM AS,domestic,126797.0,123920.0,-2877.0,cr,VA/VE Improvement,Engineering-driven
actual,2025-04,B8,SH-CATB-D01,PANEL BOTTOM AS,domestic,123920.0,128004.0,4084.0,cu,Yield/Scrap Rate Increase,Operational-driven
actual,2025-05,B8,SH-CATB-D01,PANEL BOTTOM AS,domestic,128004.0,134381.0,6377.0,cu,Yield/Scrap Rate Increase,Operational-driven
actual,2025-06,B8,SH-CATB-D01,PANEL BOTTOM AS,domestic,134381.0,136182.0,1801.0,cu,Logistics/Freight Cost Increase,Market-driven
actual,2025-07,B8,SH-CATB-D01,PANEL BOTTOM AS,domestic,136182.0,133428.0,-2754.0,cr,Process Improvement (Yield Up),Operational-driven
actual,2025-08,B8,SH-CATB-D01,PANEL BOTTOM AS,domestic,133428.0,137230.0,3802.0,cu,Engineering Change / Spec Upgrade,Engineering-driven
actual,2025-09,B8,SH-CATB-D01,PANEL BOTTOM AS,domestic,137230.0,137230.0,0.0,,,
actual,2025-10,B8,SH-CATB-D01,PANEL BOTTOM AS,domestic,137230.0,141464.0,4234.0,cu,Raw Material Price Increase,Market-driven
actual,2024-11,B8,SH-CATB-U01,CONNECTOR HOUSING,usd,58561.0,58171.0,-390.0,cr,Supplier Negotiation,Operational-driven
actual,2024-12,B8,SH-CATB-U01,CONNECTOR HOUSING,usd,58171.0,60846.0,2675.0,cu,Logistics/Freight Cost Increase,Market-driven
actual,2025-01,B8,SH-CATB-U01,CONNECTOR HOUSING,usd,60846.0,60846.0,0.0,,,
actual,2025-02,B8,SH-CATB-U01,CONNECTOR HOUSING,usd,60846.0,57109.0,-3737.0,cr,VA/VE Improvement,Engineering-driven
actual,2025-03,B8,SH-CATB-U01,CONNECTOR HOUSING,usd,57109.0,59904.0,2795.0,cu,Supplier Change (Higher Cost Source),Market-driven
actual,2025-04,B8,SH-CATB-U01,CONNECTOR HOUSING,usd,59904.0,57895.0,-2009.0,cr,Alternative Material Substitution,Engineering-driven
actual,2025-05,B8,SH-CATB-U01,CONNECTOR HOUSING,usd,57895.0,57895.0,0.0,,,
actual,2025-06,B8,SH-CATB-U01,CONNECTOR HOUSING,usd,57895.0,57895.0,0.0,,,
actual,2025-07,B8,SH-CATB-U01,CONNECTOR HOUSING,usd,57895.0,58316.0,421.0,cu,Logistics/Freight Cost Increase,Market-driven
actual,2025-08,B8,SH-CATB-U01,CONNECTOR HOUSING,usd,58316.0,58316.0,0.0,,,
actual,2025-09,B8,SH-CATB-U01,CONNECTOR HOUSING,usd,58316.0,59288.0,972.0,cu,Engineering Change / Spec Upgrade,Engineering-driven
actual,2025-10,B8,SH-CATB-U01,CONNECTOR HOUSING,usd,59288.0,59288.0,0.0,,,
actual,2024-11,B8,SH-IDX08,PRECISION GEAR,jpy,78230.0,78788.0,558.0,cu,Yield/Scrap Rate Increase,Operational-driven
actual,2024-12,B8,SH-IDX08,PRECISION GEAR,jpy,78788.0,76130.0,-2658.0,cr,Supplier Negotiation,Operational-driven
actual,2025-01,B8,SH-IDX08,PRECISION GEAR,jpy,76130.0,76130.0,0.0,,,
actual,2025-02,B8,SH-IDX08,PRECISION GEAR,jpy,76130.0,76130.0,0.0,,,
actual,2025-03,B8,SH-IDX08,PRECISION GEAR,jpy,76130.0,76964.0,834.0,cu,Raw Material Price Increase,Market-driven
actual,2025-04,B8,SH-IDX08,PRECISION GEAR,jpy,76964.0,76964.0,0.0,,,
actual,2025-05,B8,SH-IDX08,PRECISION GEAR,jpy,76964.0,82309.0,5345.0,cu,Yield/Scrap Rate Increase,Operational-driven
actual,2025-06,B8,SH-IDX08,PRECISION GEAR,jpy,82309.0,82309.0,0.0,,,
actual,2025-07,B8,SH-IDX08,PRECISION GEAR,jpy,82309.0,88270.0,5961.0,cu,Supplier Change (Higher Cost Source),Market-driven
actual,2025-08,B8,SH-IDX08,PRECISION GEAR,jpy,88270.0,85906.0,-2364.0,cr,VA/VE Improvement,Engineering-driven
actual,2025-09,B8,SH-IDX08,PRECISION GEAR,jpy,85906.0,87325.0,1419.0,cu,Logistics/Freight Cost Increase,Market-driven
actual,2025-10,B8,SH-IDX08,PRECISION GEAR,jpy,87325.0,90953.0,3628.0,cu,Yield/Scrap Rate Increase,Operational-driven
actual,2024-11,B8,UQ-B8-01,PANEL FRONT AS,domestic,820998.0,815976.0,-5022.0,cr,Alternative Material Substitution,Engineering-driven
actual,2024-12,B8,UQ-B8-01,PANEL FRONT AS,domestic,815976.0,856820.0,40844.0,cu,Raw Material Price Increase,Market-driven
actual,2025-01,B8,UQ-B8-01,PANEL FRONT AS,domestic,856820.0,881816.0,24996.0,cu,Supplier Change (Higher Cost Source),Market-driven
actual,2025-02,B8,UQ-B8-01,PANEL FRONT AS,domestic,881816.0,918074.0,36258.0,cu,Engineering Change / Spec Upgrade,Engineering-driven
actual,2025-03,B8,UQ-B8-01,PANEL FRONT AS,domestic,918074.0,965128.0,47054.0,cu,Logistics/Freight Cost Increase,Market-driven
actual,2025-04,B8,UQ-B8-01,PANEL FRONT AS,domestic,965128.0,965128.0,0.0,,,
actual,2025-05,B8,UQ-B8-01,PANEL FRONT AS,domestic,965128.0,919289.0,-45839.0,cr,Localization / Local Sourcing,Operational-driven
actual,2025-06,B8,UQ-B8-01,PANEL FRONT AS,domestic,919289.0,896967.0,-22322.0,cr,Alternative Material Substitution,Engineering-driven
actual,2025-07,B8,UQ-B8-01,PANEL FRONT AS,domestic,896967.0,896967.0,0.0,,,
actual,2025-08,B8,UQ-B8-01,PANEL FRONT AS,domestic,896967.0,896967.0,0.0,,,
actual,2025-09,B8,UQ-B8-01,PANEL FRONT AS,domestic,896967.0,888392.0,-8575.0,cr,Localization / Local Sourcing,Operational-driven
actual,2025-10,B8,UQ-B8-01,PANEL FRONT AS,domestic,888392.0,917439.0,29047.0,cu,Logistics/Freight Cost Increase,Market-driven
actual,2024-11,B8,UQ-B8-02,BRACKET SUPPORT,domestic,751746.0,705795.0,-45951.0,cr,Process Improvement (Yield Up),Operational-driven
actual,2024-12,B8,UQ-B8-02,BRACKET SUPPORT,domestic,705795.0,693530.0,-12265.0,cr,VA/VE Improvement,Engineering-driven
actual,2025-01,B8,UQ-B8-02,BRACKET SUPPORT,domestic,693530.0,684839.0,-8691.0,cr,Process Improvement (Yield Up),Operational-driven
actual,2025-02,B8,UQ-B8-02,BRACKET SUPPORT,domestic,684839.0,659670.0,-25169.0,cr,Supplier Negotiation,Operational-driven
actual,2025-03,B8,UQ-B8-02,BRACKET SUPPORT,domestic,659670.0,659670.0,0.0,,,
actual,2025-04,B8,UQ-B8-02,BRACKET SUPPORT,domestic,659670.0,664176.0,4506.0,cu,Engineering Change / Spec Upgrade,Engineering-driven
actual,2025-05,B8,UQ-B8-02,BRACKET SUPPORT,domestic,664176.0,664176.0,0.0,,,
actual,2025-06,B8,UQ-B8-02,BRACKET SUPPORT,domestic,664176.0,638329.0,-25847.0,cr,Alternative Material Substitution,Engineering-driven
actual,2025-07,B8,UQ-B8-02,BRACKET SUPPORT,domestic,638329.0,608069.0,-30260.0,cr,VA/VE Improvement,Engineering-driven
actual,2025-08,B8,UQ-B8-02,BRACKET SUPPORT,domestic,608069.0,599856.0,-8213.0,cr,Alternative Material Substitution,Engineering-driven
actual,2025-09,B8,UQ-B8-02,BRACKET SUPPORT,domestic,599856.0,592941.0,-6915.0,cr,Process Improvement (Yield Up),Operational-driven
actual,2025-10,B8,UQ-B8-02,BRACKET SUPPORT,domestic,592941.0,576754.0,-16187.0,cr,Localization / Local Sourcing,Operational-driven
actual,2024-11,B8,UQ-B8-03,IC CHIP CONTROL,usd,626448.0,599582.0,-26866.0,cr,Process Improvement (Yield Up),Operational-driven
actual,2024-12,B8,UQ-B8-03,IC CHIP CONTROL,usd,599582.0,599582.0,0.0,,,
actual,2025-01,B8,UQ-B8-03,IC CHIP CONTROL,usd,599582.0,573307.0,-26275.0,cr,Supplier Negotiation,Operational-driven
actual,2025-02,B8,UQ-B8-03,IC CHIP CONTROL,usd,573307.0,573307.0,0.0,,,
actual,2025-03,B8,UQ-B8-03,IC CHIP CONTROL,usd,573307.0,566055.0,-7252.0,cr,VA/VE Improvement,Engineering-driven
actual,2025-04,B8,UQ-B8-03,IC CHIP CONTROL,usd,566055.0,532985.0,-33070.0,cr,Localization / Local Sourcing,Operational-driven
actual,2025-05,B8,UQ-B8-03,IC CHIP CONTROL,usd,532985.0,532985.0,0.0,,,
actual,2025-06,B8,UQ-B8-03,IC CHIP CONTROL,usd,532985.0,537971.0,4986.0,cu,Logistics/Freight Cost Increase,Market-driven
actual,2025-07,B8,UQ-B8-03,IC CHIP CONTROL,usd,537971.0,510789.0,-27182.0,cr,Alternative Material Substitution,Engineering-driven
actual,2025-08,B8,UQ-B8-03,IC CHIP CONTROL,usd,510789.0,516559.0,5770.0,cu,Raw Material Price Increase,Market-driven
actual,2025-09,B8,UQ-B8-03,IC CHIP CONTROL,usd,516559.0,516559.0,0.0,,,
actual,2025-10,B8,UQ-B8-03,IC CHIP CONTROL,usd,516559.0,516559.0,0.0,,,
actual,2024-11,B8,UQ-B8-04,MOTOR UNIT,jpy,185347.0,180661.0,-4686.0,cr,Localization / Local Sourcing,Operational-driven
actual,2024-12,B8,UQ-B8-04,MOTOR UNIT,jpy,180661.0,180661.0,0.0,,,
actual,2025-01,B8,UQ-B8-04,MOTOR UNIT,jpy,180661.0,180661.0,0.0,,,
actual,2025-02,B8,UQ-B8-04,MOTOR UNIT,jpy,180661.0,178285.0,-2376.0,cr,VA/VE Improvement,Engineering-driven
actual,2025-03,B8,UQ-B8-04,MOTOR UNIT,jpy,178285.0,182411.0,4126.0,cu,Yield/Scrap Rate Increase,Operational-driven
actual,2025-04,B8,UQ-B8-04,MOTOR UNIT,jpy,182411.0,175881.0,-6530.0,cr,VA/VE Improvement,Engineering-driven
actual,2025-05,B8,UQ-B8-04,MOTOR UNIT,jpy,175881.0,168553.0,-7328.0,cr,Process Improvement (Yield Up),Operational-driven
actual,2025-06,B8,UQ-B8-04,MOTOR UNIT,jpy,168553.0,175533.0,6980.0,cu,Yield/Scrap Rate Increase,Operational-driven
actual,2025-07,B8,UQ-B8-04,MOTOR UNIT,jpy,175533.0,173614.0,-1919.0,cr,Alternative Material Substitution,Engineering-driven
actual,2025-08,B8,UQ-B8-04,MOTOR UNIT,jpy,173614.0,170890.0,-2724.0,cr,Process Improvement (Yield Up),Operational-driven
actual,2025-09,B8,UQ-B8-04,MOTOR UNIT,jpy,170890.0,169111.0,-1779.0,cr,Localization / Local Sourcing,Operational-driven
actual,2025-10,B8,UQ-B8-04,MOTOR UNIT,jpy,169111.0,180284.0,11173.0,cu,Logistics/Freight Cost Increase,Market-driven
actual,2024-11,B8,UQ-B8-05,SENSOR MODULE,jpy,164675.0,166911.0,2236.0,cu,Engineering Change / Spec Upgrade,Engineering-driven
actual,2024-12,B8,UQ-B8-05,SENSOR MODULE,jpy,166911.0,159570.0,-7341.0,cr,Localization / Local Sourcing,Operational-driven
actual,2025-01,B8,UQ-B8-05,SENSOR MODULE,jpy,159570.0,155936.0,-3634.0,cr,Localization / Local Sourcing,Operational-driven
actual,2025-02,B8,UQ-B8-05,SENSOR MODULE,jpy,155936.0,152411.0,-3525.0,cr,Supplier Negotiation,Operational-driven
actual,2025-03,B8,UQ-B8-05,SENSOR MODULE,jpy,152411.0,152411.0,0.0,,,
actual,2025-04,B8,UQ-B8-05,SENSOR MODULE,jpy,152411.0,157174.0,4763.0,cu,Engineering Change / Spec Upgrade,Engineering-driven
actual,2025-05,B8,UQ-B8-05,SENSOR MODULE,jpy,157174.0,151308.0,-5866.0,cr,Supplier Negotiation,Operational-driven
actual,2025-06,B8,UQ-B8-05,SENSOR MODULE,jpy,151308.0,148374.0,-2934.0,cr,Localization / Local Sourcing,Operational-driven
actual,2025-07,B8,UQ-B8-05,SENSOR MODULE,jpy,148374.0,146908.0,-1466.0,cr,Process Improvement (Yield Up),Operational-driven
actual,2025-08,B8,UQ-B8-05,SENSOR MODULE,jpy,146908.0,142097.0,-4811.0,cr,Process Improvement (Yield Up),Operational-driven
actual,2025-09,B8,UQ-B8-05,SENSOR MODULE,jpy,142097.0,142097.0,0.0,,,
actual,2025-10,B8,UQ-B8-05,SENSOR MODULE,jpy,142097.0,134550.0,-7547.0,cr,Supplier Negotiation,Operational-driven
actual,2024-11,B8,SH-EVEN-01,TAPE PU-F,domestic,70295.0,67819.0,-2476.0,cr,Localization / Local Sourcing,Operational-driven
actual,2024-12,B8,SH-EVEN-01,TAPE PU-F,domestic,67819.0,68361.0,542.0,cu,Engineering Change / Spec Upgrade,Engineering-driven
actual,2025-01,B8,SH-EVEN-01,TAPE PU-F,domestic,68361.0,67771.0,-590.0,cr,Localization / Local Sourcing,Operational-driven
actual,2025-02,B8,SH-EVEN-01,TAPE PU-F,domestic,67771.0,70908.0,3137.0,cu,Logistics/Freight Cost Increase,Market-driven
actual,2025-03,B8,SH-EVEN-01,TAPE PU-F,domestic,70908.0,70908.0,0.0,,,
actual,2025-04,B8,SH-EVEN-01,TAPE PU-F,domestic,70908.0,67971.0,-2937.0,cr,Localization / Local Sourcing,Operational-driven
actual,2025-05,B8,SH-EVEN-01,TAPE PU-F,domestic,67971.0,70882.0,2911.0,cu,Logistics/Freight Cost Increase,Market-driven
actual,2025-06,B8,SH-EVEN-01,TAPE PU-F,domestic,70882.0,70015.0,-867.0,cr,Process Improvement (Yield Up),Operational-driven
actual,2025-07,B8,SH-EVEN-01,TAPE PU-F,domestic,70015.0,71263.0,1248.0,cu,Yield/Scrap Rate Increase,Operational-driven
actual,2025-08,B8,SH-EVEN-01,TAPE PU-F,domestic,71263.0,71263.0,0.0,,,
actual,2025-09,B8,SH-EVEN-01,TAPE PU-F,domestic,71263.0,69379.0,-1884.0,cr,Localization / Local Sourcing,Operational-driven
actual,2025-10,B8,SH-EVEN-01,TAPE PU-F,domestic,69379.0,72373.0,2994.0,cu,Logistics/Freight Cost Increase,Market-driven
actual,2024-11,B8,SH-EVEN-02,RESIN COMPOUND,usd,19042.0,19042.0,0.0,,,
actual,2024-12,B8,SH-EVEN-02,RESIN COMPOUND,usd,19042.0,18947.0,-95.0,cr,Supplier Negotiation,Operational-driven
actual,2025-01,B8,SH-EVEN-02,RESIN COMPOUND,usd,18947.0,17907.0,-1040.0,cr,Alternative Material Substitution,Engineering-driven
actual,2025-02,B8,SH-EVEN-02,RESIN COMPOUND,usd,17907.0,18018.0,111.0,cu,Supplier Change (Higher Cost Source),Market-driven
actual,2025-03,B8,SH-EVEN-02,RESIN COMPOUND,usd,18018.0,17275.0,-743.0,cr,Supplier Negotiation,Operational-driven
actual,2025-04,B8,SH-EVEN-02,RESIN COMPOUND,usd,17275.0,16381.0,-894.0,cr,Alternative Material Substitution,Engineering-driven
actual,2025-05,B8,SH-EVEN-02,RESIN COMPOUND,usd,16381.0,16909.0,528.0,cu,Supplier Change (Higher Cost Source),Market-driven
actual,2025-06,B8,SH-EVEN-02,RESIN COMPOUND,usd,16909.0,16909.0,0.0,,,
actual,2025-07,B8,SH-EVEN-02,RESIN COMPOUND,usd,16909.0,17621.0,712.0,cu,Raw Material Price Increase,Market-driven
actual,2025-08,B8,SH-EVEN-02,RESIN COMPOUND,usd,17621.0,17621.0,0.0,,,
actual,2025-09,B8,SH-EVEN-02,RESIN COMPOUND,usd,17621.0,17066.0,-555.0,cr,Process Improvement (Yield Up),Operational-driven
actual,2025-10,B8,SH-EVEN-02,RESIN COMPOUND,usd,17066.0,17840.0,774.0,cu,Yield/Scrap Rate Increase,Operational-driven
actual,2024-11,B9,SH-CATB-D01,PANEL BOTTOM AS,domestic,134348.0,134348.0,0.0,,,
actual,2024-12,B9,SH-CATB-D01,PANEL BOTTOM AS,domestic,134348.0,131620.0,-2728.0,cr,VA/VE Improvement,Engineering-driven
actual,2025-01,B9,SH-CATB-D01,PANEL BOTTOM AS,domestic,131620.0,131620.0,0.0,,,
actual,2025-02,B9,SH-CATB-D01,PANEL BOTTOM AS,domestic,131620.0,126797.0,-4823.0,cr,Localization / Local Sourcing,Operational-driven
actual,2025-03,B9,SH-CATB-D01,PANEL BOTTOM AS,domestic,126797.0,123920.0,-2877.0,cr,VA/VE Improvement,Engineering-driven
actual,2025-04,B9,SH-CATB-D01,PANEL BOTTOM AS,domestic,123920.0,128004.0,4084.0,cu,Yield/Scrap Rate Increase,Operational-driven
actual,2025-05,B9,SH-CATB-D01,PANEL BOTTOM AS,domestic,128004.0,134381.0,6377.0,cu,Yield/Scrap Rate Increase,Operational-driven
actual,2025-06,B9,SH-CATB-D01,PANEL BOTTOM AS,domestic,134381.0,136182.0,1801.0,cu,Logistics/Freight Cost Increase,Market-driven
actual,2025-07,B9,SH-CATB-D01,PANEL BOTTOM AS,domestic,136182.0,133428.0,-2754.0,cr,Process Improvement (Yield Up),Operational-driven
actual,2025-08,B9,SH-CATB-D01,PANEL BOTTOM AS,domestic,133428.0,137230.0,3802.0,cu,Engineering Change / Spec Upgrade,Engineering-driven
actual,2025-09,B9,SH-CATB-D01,PANEL BOTTOM AS,domestic,137230.0,137230.0,0.0,,,
actual,2025-10,B9,SH-CATB-D01,PANEL BOTTOM AS,domestic,137230.0,141464.0,4234.0,cu,Raw Material Price Increase,Market-driven
actual,2024-11,B9,SH-CATB-U01,CONNECTOR HOUSING,usd,58561.0,58171.0,-390.0,cr,Supplier Negotiation,Operational-driven
actual,2024-12,B9,SH-CATB-U01,CONNECTOR HOUSING,usd,58171.0,60846.0,2675.0,cu,Logistics/Freight Cost Increase,Market-driven
actual,2025-01,B9,SH-CATB-U01,CONNECTOR HOUSING,usd,60846.0,60846.0,0.0,,,
actual,2025-02,B9,SH-CATB-U01,CONNECTOR HOUSING,usd,60846.0,57109.0,-3737.0,cr,VA/VE Improvement,Engineering-driven
actual,2025-03,B9,SH-CATB-U01,CONNECTOR HOUSING,usd,57109.0,59904.0,2795.0,cu,Supplier Change (Higher Cost Source),Market-driven
actual,2025-04,B9,SH-CATB-U01,CONNECTOR HOUSING,usd,59904.0,57895.0,-2009.0,cr,Alternative Material Substitution,Engineering-driven
actual,2025-05,B9,SH-CATB-U01,CONNECTOR HOUSING,usd,57895.0,57895.0,0.0,,,
actual,2025-06,B9,SH-CATB-U01,CONNECTOR HOUSING,usd,57895.0,57895.0,0.0,,,
actual,2025-07,B9,SH-CATB-U01,CONNECTOR HOUSING,usd,57895.0,58316.0,421.0,cu,Logistics/Freight Cost Increase,Market-driven
actual,2025-08,B9,SH-CATB-U01,CONNECTOR HOUSING,usd,58316.0,58316.0,0.0,,,
actual,2025-09,B9,SH-CATB-U01,CONNECTOR HOUSING,usd,58316.0,59288.0,972.0,cu,Engineering Change / Spec Upgrade,Engineering-driven
actual,2025-10,B9,SH-CATB-U01,CONNECTOR HOUSING,usd,59288.0,59288.0,0.0,,,
actual,2024-11,B9,SH-IDX09,PRECISION GEAR,jpy,56507.0,56507.0,0.0,,,
actual,2024-12,B9,SH-IDX09,PRECISION GEAR,jpy,56507.0,54071.0,-2436.0,cr,Supplier Negotiation,Operational-driven
actual,2025-01,B9,SH-IDX09,PRECISION GEAR,jpy,54071.0,52899.0,-1172.0,cr,Supplier Negotiation,Operational-driven
actual,2025-02,B9,SH-IDX09,PRECISION GEAR,jpy,52899.0,55656.0,2757.0,cu,Logistics/Freight Cost Increase,Market-driven
actual,2025-03,B9,SH-IDX09,PRECISION GEAR,jpy,55656.0,52485.0,-3171.0,cr,Supplier Negotiation,Operational-driven
actual,2025-04,B9,SH-IDX09,PRECISION GEAR,jpy,52485.0,50211.0,-2274.0,cr,Localization / Local Sourcing,Operational-driven
actual,2025-05,B9,SH-IDX09,PRECISION GEAR,jpy,50211.0,47690.0,-2521.0,cr,Supplier Negotiation,Operational-driven
actual,2025-06,B9,SH-IDX09,PRECISION GEAR,jpy,47690.0,45804.0,-1886.0,cr,VA/VE Improvement,Engineering-driven
actual,2025-07,B9,SH-IDX09,PRECISION GEAR,jpy,45804.0,46874.0,1070.0,cu,Logistics/Freight Cost Increase,Market-driven
actual,2025-08,B9,SH-IDX09,PRECISION GEAR,jpy,46874.0,46874.0,0.0,,,
actual,2025-09,B9,SH-IDX09,PRECISION GEAR,jpy,46874.0,44804.0,-2070.0,cr,Localization / Local Sourcing,Operational-driven
actual,2025-10,B9,SH-IDX09,PRECISION GEAR,jpy,44804.0,42787.0,-2017.0,cr,Supplier Negotiation,Operational-driven
actual,2024-11,B9,UQ-B9-01,PANEL FRONT AS,domestic,355644.0,345227.0,-10417.0,cr,Alternative Material Substitution,Engineering-driven
actual,2024-12,B9,UQ-B9-01,PANEL FRONT AS,domestic,345227.0,347556.0,2329.0,cu,Logistics/Freight Cost Increase,Market-driven
actual,2025-01,B9,UQ-B9-01,PANEL FRONT AS,domestic,347556.0,335924.0,-11632.0,cr,Alternative Material Substitution,Engineering-driven
actual,2025-02,B9,UQ-B9-01,PANEL FRONT AS,domestic,335924.0,351277.0,15353.0,cu,Logistics/Freight Cost Increase,Market-driven
actual,2025-03,B9,UQ-B9-01,PANEL FRONT AS,domestic,351277.0,351277.0,0.0,,,
actual,2025-04,B9,UQ-B9-01,PANEL FRONT AS,domestic,351277.0,362869.0,11592.0,cu,Yield/Scrap Rate Increase,Operational-driven
actual,2025-05,B9,UQ-B9-01,PANEL FRONT AS,domestic,362869.0,374390.0,11521.0,cu,Logistics/Freight Cost Increase,Market-driven
actual,2025-06,B9,UQ-B9-01,PANEL FRONT AS,domestic,374390.0,381721.0,7331.0,cu,Yield/Scrap Rate Increase,Operational-driven
actual,2025-07,B9,UQ-B9-01,PANEL FRONT AS,domestic,381721.0,387765.0,6044.0,cu,Logistics/Freight Cost Increase,Market-driven
actual,2025-08,B9,UQ-B9-01,PANEL FRONT AS,domestic,387765.0,409184.0,21419.0,cu,Raw Material Price Increase,Market-driven
actual,2025-09,B9,UQ-B9-01,PANEL FRONT AS,domestic,409184.0,429383.0,20199.0,cu,Raw Material Price Increase,Market-driven
actual,2025-10,B9,UQ-B9-01,PANEL FRONT AS,domestic,429383.0,397199.0,-32184.0,cr,VA/VE Improvement,Engineering-driven
actual,2024-11,B9,UQ-B9-02,BRACKET SUPPORT,domestic,319099.0,336811.0,17712.0,cu,Raw Material Price Increase,Market-driven
actual,2024-12,B9,UQ-B9-02,BRACKET SUPPORT,domestic,336811.0,346221.0,9410.0,cu,Logistics/Freight Cost Increase,Market-driven
actual,2025-01,B9,UQ-B9-02,BRACKET SUPPORT,domestic,346221.0,362100.0,15879.0,cu,Yield/Scrap Rate Increase,Operational-driven
actual,2025-02,B9,UQ-B9-02,BRACKET SUPPORT,domestic,362100.0,338424.0,-23676.0,cr,VA/VE Improvement,Engineering-driven
actual,2025-03,B9,UQ-B9-02,BRACKET SUPPORT,domestic,338424.0,332192.0,-6232.0,cr,Localization / Local Sourcing,Operational-driven
actual,2025-04,B9,UQ-B9-02,BRACKET SUPPORT,domestic,332192.0,345324.0,13132.0,cu,Logistics/Freight Cost Increase,Market-driven
actual,2025-05,B9,UQ-B9-02,BRACKET SUPPORT,domestic,345324.0,345324.0,0.0,,,
actual,2025-06,B9,UQ-B9-02,BRACKET SUPPORT,domestic,345324.0,357309.0,11985.0,cu,Yield/Scrap Rate Increase,Operational-driven
actual,2025-07,B9,UQ-B9-02,BRACKET SUPPORT,domestic,357309.0,371391.0,14082.0,cu,Supplier Change (Higher Cost Source),Market-driven
actual,2025-08,B9,UQ-B9-02,BRACKET SUPPORT,domestic,371391.0,352401.0,-18990.0,cr,Supplier Negotiation,Operational-driven
actual,2025-09,B9,UQ-B9-02,BRACKET SUPPORT,domestic,352401.0,352401.0,0.0,,,
actual,2025-10,B9,UQ-B9-02,BRACKET SUPPORT,domestic,352401.0,370643.0,18242.0,cu,Supplier Change (Higher Cost Source),Market-driven
actual,2024-11,B9,UQ-B9-03,IC CHIP CONTROL,usd,209962.0,209962.0,0.0,,,
actual,2024-12,B9,UQ-B9-03,IC CHIP CONTROL,usd,209962.0,200199.0,-9763.0,cr,VA/VE Improvement,Engineering-driven
actual,2025-01,B9,UQ-B9-03,IC CHIP CONTROL,usd,200199.0,193917.0,-6282.0,cr,Process Improvement (Yield Up),Operational-driven
actual,2025-02,B9,UQ-B9-03,IC CHIP CONTROL,usd,193917.0,184877.0,-9040.0,cr,Supplier Negotiation,Operational-driven
actual,2025-03,B9,UQ-B9-03,IC CHIP CONTROL,usd,184877.0,180712.0,-4165.0,cr,Process Improvement (Yield Up),Operational-driven
actual,2025-04,B9,UQ-B9-03,IC CHIP CONTROL,usd,180712.0,179186.0,-1526.0,cr,VA/VE Improvement,Engineering-driven
actual,2025-05,B9,UQ-B9-03,IC CHIP CONTROL,usd,179186.0,173895.0,-5291.0,cr,Process Improvement (Yield Up),Operational-driven
actual,2025-06,B9,UQ-B9-03,IC CHIP CONTROL,usd,173895.0,172448.0,-1447.0,cr,Alternative Material Substitution,Engineering-driven
actual,2025-07,B9,UQ-B9-03,IC CHIP CONTROL,usd,172448.0,174083.0,1635.0,cu,Supplier Change (Higher Cost Source),Market-driven
actual,2025-08,B9,UQ-B9-03,IC CHIP CONTROL,usd,174083.0,180803.0,6720.0,cu,Yield/Scrap Rate Increase,Operational-driven
actual,2025-09,B9,UQ-B9-03,IC CHIP CONTROL,usd,180803.0,190376.0,9573.0,cu,Yield/Scrap Rate Increase,Operational-driven
actual,2025-10,B9,UQ-B9-03,IC CHIP CONTROL,usd,190376.0,189220.0,-1156.0,cr,Alternative Material Substitution,Engineering-driven
actual,2024-11,B9,UQ-B9-04,MOTOR UNIT,jpy,117542.0,113046.0,-4496.0,cr,Process Improvement (Yield Up),Operational-driven
actual,2024-12,B9,UQ-B9-04,MOTOR UNIT,jpy,113046.0,111610.0,-1436.0,cr,Localization / Local Sourcing,Operational-driven
actual,2025-01,B9,UQ-B9-04,MOTOR UNIT,jpy,111610.0,115726.0,4116.0,cu,Engineering Change / Spec Upgrade,Engineering-driven
actual,2025-02,B9,UQ-B9-04,MOTOR UNIT,jpy,115726.0,109348.0,-6378.0,cr,Supplier Negotiation,Operational-driven
actual,2025-03,B9,UQ-B9-04,MOTOR UNIT,jpy,109348.0,107170.0,-2178.0,cr,VA/VE Improvement,Engineering-driven
actual,2025-04,B9,UQ-B9-04,MOTOR UNIT,jpy,107170.0,114897.0,7727.0,cu,Engineering Change / Spec Upgrade,Engineering-driven
actual,2025-05,B9,UQ-B9-04,MOTOR UNIT,jpy,114897.0,114897.0,0.0,,,
actual,2025-06,B9,UQ-B9-04,MOTOR UNIT,jpy,114897.0,113645.0,-1252.0,cr,VA/VE Improvement,Engineering-driven
actual,2025-07,B9,UQ-B9-04,MOTOR UNIT,jpy,113645.0,112344.0,-1301.0,cr,Localization / Local Sourcing,Operational-driven
actual,2025-08,B9,UQ-B9-04,MOTOR UNIT,jpy,112344.0,112344.0,0.0,,,
actual,2025-09,B9,UQ-B9-04,MOTOR UNIT,jpy,112344.0,107178.0,-5166.0,cr,Process Improvement (Yield Up),Operational-driven
actual,2025-10,B9,UQ-B9-04,MOTOR UNIT,jpy,107178.0,102750.0,-4428.0,cr,VA/VE Improvement,Engineering-driven
actual,2024-11,B9,UQ-B9-05,SENSOR MODULE,jpy,120951.0,123008.0,2057.0,cu,Engineering Change / Spec Upgrade,Engineering-driven
actual,2024-12,B9,UQ-B9-05,SENSOR MODULE,jpy,123008.0,123892.0,884.0,cu,Raw Material Price Increase,Market-driven
actual,2025-01,B9,UQ-B9-05,SENSOR MODULE,jpy,123892.0,123892.0,0.0,,,
actual,2025-02,B9,UQ-B9-05,SENSOR MODULE,jpy,123892.0,115840.0,-8052.0,cr,Process Improvement (Yield Up),Operational-driven
actual,2025-03,B9,UQ-B9-05,SENSOR MODULE,jpy,115840.0,120145.0,4305.0,cu,Supplier Change (Higher Cost Source),Market-driven
actual,2025-04,B9,UQ-B9-05,SENSOR MODULE,jpy,120145.0,120145.0,0.0,,,
actual,2025-05,B9,UQ-B9-05,SENSOR MODULE,jpy,120145.0,118670.0,-1475.0,cr,Localization / Local Sourcing,Operational-driven
actual,2025-06,B9,UQ-B9-05,SENSOR MODULE,jpy,118670.0,122173.0,3503.0,cu,Engineering Change / Spec Upgrade,Engineering-driven
actual,2025-07,B9,UQ-B9-05,SENSOR MODULE,jpy,122173.0,122937.0,764.0,cu,Logistics/Freight Cost Increase,Market-driven
actual,2025-08,B9,UQ-B9-05,SENSOR MODULE,jpy,122937.0,129319.0,6382.0,cu,Supplier Change (Higher Cost Source),Market-driven
actual,2025-09,B9,UQ-B9-05,SENSOR MODULE,jpy,129319.0,124653.0,-4666.0,cr,Localization / Local Sourcing,Operational-driven
actual,2025-10,B9,UQ-B9-05,SENSOR MODULE,jpy,124653.0,130967.0,6314.0,cu,Supplier Change (Higher Cost Source),Market-driven
actual,2024-11,B10,SH-CATB-D01,PANEL BOTTOM AS,domestic,134348.0,134348.0,0.0,,,
actual,2024-12,B10,SH-CATB-D01,PANEL BOTTOM AS,domestic,134348.0,131620.0,-2728.0,cr,VA/VE Improvement,Engineering-driven
actual,2025-01,B10,SH-CATB-D01,PANEL BOTTOM AS,domestic,131620.0,131620.0,0.0,,,
actual,2025-02,B10,SH-CATB-D01,PANEL BOTTOM AS,domestic,131620.0,126797.0,-4823.0,cr,Localization / Local Sourcing,Operational-driven
actual,2025-03,B10,SH-CATB-D01,PANEL BOTTOM AS,domestic,126797.0,123920.0,-2877.0,cr,VA/VE Improvement,Engineering-driven
actual,2025-04,B10,SH-CATB-D01,PANEL BOTTOM AS,domestic,123920.0,128004.0,4084.0,cu,Yield/Scrap Rate Increase,Operational-driven
actual,2025-05,B10,SH-CATB-D01,PANEL BOTTOM AS,domestic,128004.0,134381.0,6377.0,cu,Yield/Scrap Rate Increase,Operational-driven
actual,2025-06,B10,SH-CATB-D01,PANEL BOTTOM AS,domestic,134381.0,136182.0,1801.0,cu,Logistics/Freight Cost Increase,Market-driven
actual,2025-07,B10,SH-CATB-D01,PANEL BOTTOM AS,domestic,136182.0,133428.0,-2754.0,cr,Process Improvement (Yield Up),Operational-driven
actual,2025-08,B10,SH-CATB-D01,PANEL BOTTOM AS,domestic,133428.0,137230.0,3802.0,cu,Engineering Change / Spec Upgrade,Engineering-driven
actual,2025-09,B10,SH-CATB-D01,PANEL BOTTOM AS,domestic,137230.0,137230.0,0.0,,,
actual,2025-10,B10,SH-CATB-D01,PANEL BOTTOM AS,domestic,137230.0,141464.0,4234.0,cu,Raw Material Price Increase,Market-driven
actual,2024-11,B10,SH-CATB-U01,CONNECTOR HOUSING,usd,58561.0,58171.0,-390.0,cr,Supplier Negotiation,Operational-driven
actual,2024-12,B10,SH-CATB-U01,CONNECTOR HOUSING,usd,58171.0,60846.0,2675.0,cu,Logistics/Freight Cost Increase,Market-driven
actual,2025-01,B10,SH-CATB-U01,CONNECTOR HOUSING,usd,60846.0,60846.0,0.0,,,
actual,2025-02,B10,SH-CATB-U01,CONNECTOR HOUSING,usd,60846.0,57109.0,-3737.0,cr,VA/VE Improvement,Engineering-driven
actual,2025-03,B10,SH-CATB-U01,CONNECTOR HOUSING,usd,57109.0,59904.0,2795.0,cu,Supplier Change (Higher Cost Source),Market-driven
actual,2025-04,B10,SH-CATB-U01,CONNECTOR HOUSING,usd,59904.0,57895.0,-2009.0,cr,Alternative Material Substitution,Engineering-driven
actual,2025-05,B10,SH-CATB-U01,CONNECTOR HOUSING,usd,57895.0,57895.0,0.0,,,
actual,2025-06,B10,SH-CATB-U01,CONNECTOR HOUSING,usd,57895.0,57895.0,0.0,,,
actual,2025-07,B10,SH-CATB-U01,CONNECTOR HOUSING,usd,57895.0,58316.0,421.0,cu,Logistics/Freight Cost Increase,Market-driven
actual,2025-08,B10,SH-CATB-U01,CONNECTOR HOUSING,usd,58316.0,58316.0,0.0,,,
actual,2025-09,B10,SH-CATB-U01,CONNECTOR HOUSING,usd,58316.0,59288.0,972.0,cu,Engineering Change / Spec Upgrade,Engineering-driven
actual,2025-10,B10,SH-CATB-U01,CONNECTOR HOUSING,usd,59288.0,59288.0,0.0,,,
actual,2024-11,B10,SH-IDX10,PRECISION GEAR,jpy,121193.0,107698.0,-13495.0,cr,Alternative Material Substitution,Engineering-driven
actual,2024-12,B10,SH-IDX10,PRECISION GEAR,jpy,107698.0,111748.0,4050.0,cu,Yield/Scrap Rate Increase,Operational-driven
actual,2025-01,B10,SH-IDX10,PRECISION GEAR,jpy,111748.0,102640.0,-9108.0,cr,Process Improvement (Yield Up),Operational-driven
actual,2025-02,B10,SH-IDX10,PRECISION GEAR,jpy,102640.0,108406.0,5766.0,cu,Raw Material Price Increase,Market-driven
actual,2025-03,B10,SH-IDX10,PRECISION GEAR,jpy,108406.0,108406.0,0.0,,,
actual,2025-04,B10,SH-IDX10,PRECISION GEAR,jpy,108406.0,115461.0,7055.0,cu,Logistics/Freight Cost Increase,Market-driven
actual,2025-05,B10,SH-IDX10,PRECISION GEAR,jpy,115461.0,105192.0,-10269.0,cr,Alternative Material Substitution,Engineering-driven
actual,2025-06,B10,SH-IDX10,PRECISION GEAR,jpy,105192.0,93585.0,-11607.0,cr,Localization / Local Sourcing,Operational-driven
actual,2025-07,B10,SH-IDX10,PRECISION GEAR,jpy,93585.0,93585.0,0.0,,,
actual,2025-08,B10,SH-IDX10,PRECISION GEAR,jpy,93585.0,83001.0,-10584.0,cr,VA/VE Improvement,Engineering-driven
actual,2025-09,B10,SH-IDX10,PRECISION GEAR,jpy,83001.0,83001.0,0.0,,,
actual,2025-10,B10,SH-IDX10,PRECISION GEAR,jpy,83001.0,81088.0,-1913.0,cr,VA/VE Improvement,Engineering-driven
actual,2024-11,B10,UQ-B10-01,PANEL FRONT AS,domestic,654227.0,605095.0,-49132.0,cr,Process Improvement (Yield Up),Operational-driven
actual,2024-12,B10,UQ-B10-01,PANEL FRONT AS,domestic,605095.0,668978.0,63883.0,cu,Supplier Change (Higher Cost Source),Market-driven
actual,2025-01,B10,UQ-B10-01,PANEL FRONT AS,domestic,668978.0,668978.0,0.0,,,
actual,2025-02,B10,UQ-B10-01,PANEL FRONT AS,domestic,668978.0,606274.0,-62704.0,cr,Alternative Material Substitution,Engineering-driven
actual,2025-03,B10,UQ-B10-01,PANEL FRONT AS,domestic,606274.0,562738.0,-43536.0,cr,Localization / Local Sourcing,Operational-driven
actual,2025-04,B10,UQ-B10-01,PANEL FRONT AS,domestic,562738.0,498867.0,-63871.0,cr,VA/VE Improvement,Engineering-driven
actual,2025-05,B10,UQ-B10-01,PANEL FRONT AS,domestic,498867.0,418309.0,-80558.0,cr,Alternative Material Substitution,Engineering-driven
actual,2025-06,B10,UQ-B10-01,PANEL FRONT AS,domestic,418309.0,373517.0,-44792.0,cr,Localization / Local Sourcing,Operational-driven
actual,2025-07,B10,UQ-B10-01,PANEL FRONT AS,domestic,373517.0,335573.0,-37944.0,cr,VA/VE Improvement,Engineering-driven
actual,2025-08,B10,UQ-B10-01,PANEL FRONT AS,domestic,335573.0,385578.0,50005.0,cu,Logistics/Freight Cost Increase,Market-driven
actual,2025-09,B10,UQ-B10-01,PANEL FRONT AS,domestic,385578.0,364681.0,-20897.0,cr,Supplier Negotiation,Operational-driven
actual,2025-10,B10,UQ-B10-01,PANEL FRONT AS,domestic,364681.0,405725.0,41044.0,cu,Raw Material Price Increase,Market-driven
actual,2024-11,B10,UQ-B10-02,BRACKET SUPPORT,domestic,556821.0,540156.0,-16665.0,cr,Localization / Local Sourcing,Operational-driven
actual,2024-12,B10,UQ-B10-02,BRACKET SUPPORT,domestic,540156.0,573369.0,33213.0,cu,Supplier Change (Higher Cost Source),Market-driven
actual,2025-01,B10,UQ-B10-02,BRACKET SUPPORT,domestic,573369.0,573369.0,0.0,,,
actual,2025-02,B10,UQ-B10-02,BRACKET SUPPORT,domestic,573369.0,550020.0,-23349.0,cr,Alternative Material Substitution,Engineering-driven
actual,2025-03,B10,UQ-B10-02,BRACKET SUPPORT,domestic,550020.0,573724.0,23704.0,cu,Logistics/Freight Cost Increase,Market-driven
actual,2025-04,B10,UQ-B10-02,BRACKET SUPPORT,domestic,573724.0,573724.0,0.0,,,
actual,2025-05,B10,UQ-B10-02,BRACKET SUPPORT,domestic,573724.0,586603.0,12879.0,cu,Logistics/Freight Cost Increase,Market-driven
actual,2025-06,B10,UQ-B10-02,BRACKET SUPPORT,domestic,586603.0,594308.0,7705.0,cu,Engineering Change / Spec Upgrade,Engineering-driven
actual,2025-07,B10,UQ-B10-02,BRACKET SUPPORT,domestic,594308.0,580237.0,-14071.0,cr,VA/VE Improvement,Engineering-driven
actual,2025-08,B10,UQ-B10-02,BRACKET SUPPORT,domestic,580237.0,560639.0,-19598.0,cr,Supplier Negotiation,Operational-driven
actual,2025-09,B10,UQ-B10-02,BRACKET SUPPORT,domestic,560639.0,573865.0,13226.0,cu,Yield/Scrap Rate Increase,Operational-driven
actual,2025-10,B10,UQ-B10-02,BRACKET SUPPORT,domestic,573865.0,573865.0,0.0,,,
actual,2024-11,B10,UQ-B10-03,IC CHIP CONTROL,usd,608301.0,588975.0,-19326.0,cr,Supplier Negotiation,Operational-driven
actual,2024-12,B10,UQ-B10-03,IC CHIP CONTROL,usd,588975.0,582241.0,-6734.0,cr,Alternative Material Substitution,Engineering-driven
actual,2025-01,B10,UQ-B10-03,IC CHIP CONTROL,usd,582241.0,586680.0,4439.0,cu,Supplier Change (Higher Cost Source),Market-driven
actual,2025-02,B10,UQ-B10-03,IC CHIP CONTROL,usd,586680.0,589754.0,3074.0,cu,Raw Material Price Increase,Market-driven
actual,2025-03,B10,UQ-B10-03,IC CHIP CONTROL,usd,589754.0,569641.0,-20113.0,cr,Alternative Material Substitution,Engineering-driven
actual,2025-04,B10,UQ-B10-03,IC CHIP CONTROL,usd,569641.0,545273.0,-24368.0,cr,Localization / Local Sourcing,Operational-driven
actual,2025-05,B10,UQ-B10-03,IC CHIP CONTROL,usd,545273.0,557690.0,12417.0,cu,Raw Material Price Increase,Market-driven
actual,2025-06,B10,UQ-B10-03,IC CHIP CONTROL,usd,557690.0,522891.0,-34799.0,cr,Alternative Material Substitution,Engineering-driven
actual,2025-07,B10,UQ-B10-03,IC CHIP CONTROL,usd,522891.0,540624.0,17733.0,cu,Supplier Change (Higher Cost Source),Market-driven
actual,2025-08,B10,UQ-B10-03,IC CHIP CONTROL,usd,540624.0,540624.0,0.0,,,
actual,2025-09,B10,UQ-B10-03,IC CHIP CONTROL,usd,540624.0,530797.0,-9827.0,cr,Supplier Negotiation,Operational-driven
actual,2025-10,B10,UQ-B10-03,IC CHIP CONTROL,usd,530797.0,527298.0,-3499.0,cr,Process Improvement (Yield Up),Operational-driven
actual,2024-11,B10,UQ-B10-04,MOTOR UNIT,jpy,404959.0,404959.0,0.0,,,
actual,2024-12,B10,UQ-B10-04,MOTOR UNIT,jpy,404959.0,362952.0,-42007.0,cr,Localization / Local Sourcing,Operational-driven
actual,2025-01,B10,UQ-B10-04,MOTOR UNIT,jpy,362952.0,354680.0,-8272.0,cr,Process Improvement (Yield Up),Operational-driven
actual,2025-02,B10,UQ-B10-04,MOTOR UNIT,jpy,354680.0,364387.0,9707.0,cu,Supplier Change (Higher Cost Source),Market-driven
actual,2025-03,B10,UQ-B10-04,MOTOR UNIT,jpy,364387.0,364387.0,0.0,,,
actual,2025-04,B10,UQ-B10-04,MOTOR UNIT,jpy,364387.0,308682.0,-55705.0,cr,Alternative Material Substitution,Engineering-driven
actual,2025-05,B10,UQ-B10-04,MOTOR UNIT,jpy,308682.0,322795.0,14113.0,cu,Yield/Scrap Rate Increase,Operational-driven
actual,2025-06,B10,UQ-B10-04,MOTOR UNIT,jpy,322795.0,328088.0,5293.0,cu,Engineering Change / Spec Upgrade,Engineering-driven
actual,2025-07,B10,UQ-B10-04,MOTOR UNIT,jpy,328088.0,369726.0,41638.0,cu,Logistics/Freight Cost Increase,Market-driven
actual,2025-08,B10,UQ-B10-04,MOTOR UNIT,jpy,369726.0,363900.0,-5826.0,cr,Supplier Negotiation,Operational-driven
actual,2025-09,B10,UQ-B10-04,MOTOR UNIT,jpy,363900.0,363900.0,0.0,,,
actual,2025-10,B10,UQ-B10-04,MOTOR UNIT,jpy,363900.0,363900.0,0.0,,,
actual,2024-11,B10,UQ-B10-05,SENSOR MODULE,jpy,359334.0,373841.0,14507.0,cu,Raw Material Price Increase,Market-driven
actual,2024-12,B10,UQ-B10-05,SENSOR MODULE,jpy,373841.0,389850.0,16009.0,cu,Engineering Change / Spec Upgrade,Engineering-driven
actual,2025-01,B10,UQ-B10-05,SENSOR MODULE,jpy,389850.0,389850.0,0.0,,,
actual,2025-02,B10,UQ-B10-05,SENSOR MODULE,jpy,389850.0,389850.0,0.0,,,
actual,2025-03,B10,UQ-B10-05,SENSOR MODULE,jpy,389850.0,389850.0,0.0,,,
actual,2025-04,B10,UQ-B10-05,SENSOR MODULE,jpy,389850.0,389850.0,0.0,,,
actual,2025-05,B10,UQ-B10-05,SENSOR MODULE,jpy,389850.0,387532.0,-2318.0,cr,VA/VE Improvement,Engineering-driven
actual,2025-06,B10,UQ-B10-05,SENSOR MODULE,jpy,387532.0,387532.0,0.0,,,
actual,2025-07,B10,UQ-B10-05,SENSOR MODULE,jpy,387532.0,391164.0,3632.0,cu,Logistics/Freight Cost Increase,Market-driven
actual,2025-08,B10,UQ-B10-05,SENSOR MODULE,jpy,391164.0,380908.0,-10256.0,cr,Supplier Negotiation,Operational-driven
actual,2025-09,B10,UQ-B10-05,SENSOR MODULE,jpy,380908.0,372015.0,-8893.0,cr,VA/VE Improvement,Engineering-driven
actual,2025-10,B10,UQ-B10-05,SENSOR MODULE,jpy,372015.0,380280.0,8265.0,cu,Supplier Change (Higher Cost Source),Market-driven
actual,2024-11,B10,SH-EVEN-01,TAPE PU-F,domestic,70295.0,67819.0,-2476.0,cr,Localization / Local Sourcing,Operational-driven
actual,2024-12,B10,SH-EVEN-01,TAPE PU-F,domestic,67819.0,68361.0,542.0,cu,Engineering Change / Spec Upgrade,Engineering-driven
actual,2025-01,B10,SH-EVEN-01,TAPE PU-F,domestic,68361.0,67771.0,-590.0,cr,Localization / Local Sourcing,Operational-driven
actual,2025-02,B10,SH-EVEN-01,TAPE PU-F,domestic,67771.0,70908.0,3137.0,cu,Logistics/Freight Cost Increase,Market-driven
actual,2025-03,B10,SH-EVEN-01,TAPE PU-F,domestic,70908.0,70908.0,0.0,,,
actual,2025-04,B10,SH-EVEN-01,TAPE PU-F,domestic,70908.0,67971.0,-2937.0,cr,Localization / Local Sourcing,Operational-driven
actual,2025-05,B10,SH-EVEN-01,TAPE PU-F,domestic,67971.0,70882.0,2911.0,cu,Logistics/Freight Cost Increase,Market-driven
actual,2025-06,B10,SH-EVEN-01,TAPE PU-F,domestic,70882.0,70015.0,-867.0,cr,Process Improvement (Yield Up),Operational-driven
actual,2025-07,B10,SH-EVEN-01,TAPE PU-F,domestic,70015.0,71263.0,1248.0,cu,Yield/Scrap Rate Increase,Operational-driven
actual,2025-08,B10,SH-EVEN-01,TAPE PU-F,domestic,71263.0,71263.0,0.0,,,
actual,2025-09,B10,SH-EVEN-01,TAPE PU-F,domestic,71263.0,69379.0,-1884.0,cr,Localization / Local Sourcing,Operational-driven
actual,2025-10,B10,SH-EVEN-01,TAPE PU-F,domestic,69379.0,72373.0,2994.0,cu,Logistics/Freight Cost Increase,Market-driven
actual,2024-11,B10,SH-EVEN-02,RESIN COMPOUND,usd,19042.0,19042.0,0.0,,,
actual,2024-12,B10,SH-EVEN-02,RESIN COMPOUND,usd,19042.0,18947.0,-95.0,cr,Supplier Negotiation,Operational-driven
actual,2025-01,B10,SH-EVEN-02,RESIN COMPOUND,usd,18947.0,17907.0,-1040.0,cr,Alternative Material Substitution,Engineering-driven
actual,2025-02,B10,SH-EVEN-02,RESIN COMPOUND,usd,17907.0,18018.0,111.0,cu,Supplier Change (Higher Cost Source),Market-driven
actual,2025-03,B10,SH-EVEN-02,RESIN COMPOUND,usd,18018.0,17275.0,-743.0,cr,Supplier Negotiation,Operational-driven
actual,2025-04,B10,SH-EVEN-02,RESIN COMPOUND,usd,17275.0,16381.0,-894.0,cr,Alternative Material Substitution,Engineering-driven
actual,2025-05,B10,SH-EVEN-02,RESIN COMPOUND,usd,16381.0,16909.0,528.0,cu,Supplier Change (Higher Cost Source),Market-driven
actual,2025-06,B10,SH-EVEN-02,RESIN COMPOUND,usd,16909.0,16909.0,0.0,,,
actual,2025-07,B10,SH-EVEN-02,RESIN COMPOUND,usd,16909.0,17621.0,712.0,cu,Raw Material Price Increase,Market-driven
actual,2025-08,B10,SH-EVEN-02,RESIN COMPOUND,usd,17621.0,17621.0,0.0,,,
actual,2025-09,B10,SH-EVEN-02,RESIN COMPOUND,usd,17621.0,17066.0,-555.0,cr,Process Improvement (Yield Up),Operational-driven
actual,2025-10,B10,SH-EVEN-02,RESIN COMPOUND,usd,17066.0,17840.0,774.0,cu,Yield/Scrap Rate Increase,Operational-driven
actual,2024-11,C1,SH-CATC-D01,PANEL BOTTOM AS,domestic,113259.0,117575.0,4316.0,cu,Raw Material Price Increase,Market-driven
actual,2024-12,C1,SH-CATC-D01,PANEL BOTTOM AS,domestic,117575.0,123830.0,6255.0,cu,Engineering Change / Spec Upgrade,Engineering-driven
actual,2025-01,C1,SH-CATC-D01,PANEL BOTTOM AS,domestic,123830.0,131027.0,7197.0,cu,Raw Material Price Increase,Market-driven
actual,2025-02,C1,SH-CATC-D01,PANEL BOTTOM AS,domestic,131027.0,135944.0,4917.0,cu,Supplier Change (Higher Cost Source),Market-driven
actual,2025-03,C1,SH-CATC-D01,PANEL BOTTOM AS,domestic,135944.0,140792.0,4848.0,cu,Supplier Change (Higher Cost Source),Market-driven
actual,2025-04,C1,SH-CATC-D01,PANEL BOTTOM AS,domestic,140792.0,146719.0,5927.0,cu,Supplier Change (Higher Cost Source),Market-driven
actual,2025-05,C1,SH-CATC-D01,PANEL BOTTOM AS,domestic,146719.0,149425.0,2706.0,cu,Engineering Change / Spec Upgrade,Engineering-driven
actual,2025-06,C1,SH-CATC-D01,PANEL BOTTOM AS,domestic,149425.0,149425.0,0.0,,,
actual,2025-07,C1,SH-CATC-D01,PANEL BOTTOM AS,domestic,149425.0,158391.0,8966.0,cu,Supplier Change (Higher Cost Source),Market-driven
actual,2025-08,C1,SH-CATC-D01,PANEL BOTTOM AS,domestic,158391.0,158391.0,0.0,,,
actual,2025-09,C1,SH-CATC-D01,PANEL BOTTOM AS,domestic,158391.0,162463.0,4072.0,cu,Engineering Change / Spec Upgrade,Engineering-driven
actual,2025-10,C1,SH-CATC-D01,PANEL BOTTOM AS,domestic,162463.0,169935.0,7472.0,cu,Yield/Scrap Rate Increase,Operational-driven
actual,2024-11,C1,SH-CATC-U01,CONNECTOR HOUSING,usd,54607.0,49301.0,-5306.0,cr,Localization / Local Sourcing,Operational-driven
actual,2024-12,C1,SH-CATC-U01,CONNECTOR HOUSING,usd,49301.0,49301.0,0.0,,,
actual,2025-01,C1,SH-CATC-U01,CONNECTOR HOUSING,usd,49301.0,51111.0,1810.0,cu,Logistics/Freight Cost Increase,Market-driven
actual,2025-02,C1,SH-CATC-U01,CONNECTOR HOUSING,usd,51111.0,46616.0,-4495.0,cr,VA/VE Improvement,Engineering-driven
actual,2025-03,C1,SH-CATC-U01,CONNECTOR HOUSING,usd,46616.0,53397.0,6781.0,cu,Supplier Change (Higher Cost Source),Market-driven
actual,2025-04,C1,SH-CATC-U01,CONNECTOR HOUSING,usd,53397.0,52302.0,-1095.0,cr,Localization / Local Sourcing,Operational-driven
actual,2025-05,C1,SH-CATC-U01,CONNECTOR HOUSING,usd,52302.0,53561.0,1259.0,cu,Yield/Scrap Rate Increase,Operational-driven
actual,2025-06,C1,SH-CATC-U01,CONNECTOR HOUSING,usd,53561.0,48529.0,-5032.0,cr,Process Improvement (Yield Up),Operational-driven
actual,2025-07,C1,SH-CATC-U01,CONNECTOR HOUSING,usd,48529.0,50779.0,2250.0,cu,Logistics/Freight Cost Increase,Market-driven
actual,2025-08,C1,SH-CATC-U01,CONNECTOR HOUSING,usd,50779.0,56157.0,5378.0,cu,Engineering Change / Spec Upgrade,Engineering-driven
actual,2025-09,C1,SH-CATC-U01,CONNECTOR HOUSING,usd,56157.0,55454.0,-703.0,cr,Process Improvement (Yield Up),Operational-driven
actual,2025-10,C1,SH-CATC-U01,CONNECTOR HOUSING,usd,55454.0,52485.0,-2969.0,cr,Supplier Negotiation,Operational-driven
actual,2024-11,C1,SH-IDX01,PRECISION GEAR,jpy,37408.0,37408.0,0.0,,,
actual,2024-12,C1,SH-IDX01,PRECISION GEAR,jpy,37408.0,38358.0,950.0,cu,Supplier Change (Higher Cost Source),Market-driven
actual,2025-01,C1,SH-IDX01,PRECISION GEAR,jpy,38358.0,39457.0,1099.0,cu,Raw Material Price Increase,Market-driven
actual,2025-02,C1,SH-IDX01,PRECISION GEAR,jpy,39457.0,38014.0,-1443.0,cr,Supplier Negotiation,Operational-driven
actual,2025-03,C1,SH-IDX01,PRECISION GEAR,jpy,38014.0,37510.0,-504.0,cr,Localization / Local Sourcing,Operational-driven
actual,2025-04,C1,SH-IDX01,PRECISION GEAR,jpy,37510.0,38061.0,551.0,cu,Raw Material Price Increase,Market-driven
actual,2025-05,C1,SH-IDX01,PRECISION GEAR,jpy,38061.0,37044.0,-1017.0,cr,Localization / Local Sourcing,Operational-driven
actual,2025-06,C1,SH-IDX01,PRECISION GEAR,jpy,37044.0,35766.0,-1278.0,cr,Process Improvement (Yield Up),Operational-driven
actual,2025-07,C1,SH-IDX01,PRECISION GEAR,jpy,35766.0,36403.0,637.0,cu,Engineering Change / Spec Upgrade,Engineering-driven
actual,2025-08,C1,SH-IDX01,PRECISION GEAR,jpy,36403.0,38234.0,1831.0,cu,Raw Material Price Increase,Market-driven
actual,2025-09,C1,SH-IDX01,PRECISION GEAR,jpy,38234.0,36217.0,-2017.0,cr,Process Improvement (Yield Up),Operational-driven
actual,2025-10,C1,SH-IDX01,PRECISION GEAR,jpy,36217.0,36484.0,267.0,cu,Raw Material Price Increase,Market-driven
actual,2024-11,C1,UQ-C1-01,PANEL FRONT AS,domestic,741698.0,722051.0,-19647.0,cr,Localization / Local Sourcing,Operational-driven
actual,2024-12,C1,UQ-C1-01,PANEL FRONT AS,domestic,722051.0,722051.0,0.0,,,
actual,2025-01,C1,UQ-C1-01,PANEL FRONT AS,domestic,722051.0,733286.0,11235.0,cu,Yield/Scrap Rate Increase,Operational-driven
actual,2025-02,C1,UQ-C1-01,PANEL FRONT AS,domestic,733286.0,719151.0,-14135.0,cr,Process Improvement (Yield Up),Operational-driven
actual,2025-03,C1,UQ-C1-01,PANEL FRONT AS,domestic,719151.0,736300.0,17149.0,cu,Supplier Change (Higher Cost Source),Market-driven
actual,2025-04,C1,UQ-C1-01,PANEL FRONT AS,domestic,736300.0,727537.0,-8763.0,cr,Process Improvement (Yield Up),Operational-driven
actual,2025-05,C1,UQ-C1-01,PANEL FRONT AS,domestic,727537.0,753646.0,26109.0,cu,Logistics/Freight Cost Increase,Market-driven
actual,2025-06,C1,UQ-C1-01,PANEL FRONT AS,domestic,753646.0,773365.0,19719.0,cu,Supplier Change (Higher Cost Source),Market-driven
actual,2025-07,C1,UQ-C1-01,PANEL FRONT AS,domestic,773365.0,753097.0,-20268.0,cr,VA/VE Improvement,Engineering-driven
actual,2025-08,C1,UQ-C1-01,PANEL FRONT AS,domestic,753097.0,779444.0,26347.0,cu,Supplier Change (Higher Cost Source),Market-driven
actual,2025-09,C1,UQ-C1-01,PANEL FRONT AS,domestic,779444.0,762011.0,-17433.0,cr,Supplier Negotiation,Operational-driven
actual,2025-10,C1,UQ-C1-01,PANEL FRONT AS,domestic,762011.0,719769.0,-42242.0,cr,VA/VE Improvement,Engineering-driven
actual,2024-11,C1,UQ-C1-02,BRACKET SUPPORT,domestic,1010337.0,1070676.0,60339.0,cu,Raw Material Price Increase,Market-driven
actual,2024-12,C1,UQ-C1-02,BRACKET SUPPORT,domestic,1070676.0,1070676.0,0.0,,,
actual,2025-01,C1,UQ-C1-02,BRACKET SUPPORT,domestic,1070676.0,1041911.0,-28765.0,cr,Alternative Material Substitution,Engineering-driven
actual,2025-02,C1,UQ-C1-02,BRACKET SUPPORT,domestic,1041911.0,1041911.0,0.0,,,
actual,2025-03,C1,UQ-C1-02,BRACKET SUPPORT,domestic,1041911.0,977491.0,-64420.0,cr,Process Improvement (Yield Up),Operational-driven
actual,2025-04,C1,UQ-C1-02,BRACKET SUPPORT,domestic,977491.0,933383.0,-44108.0,cr,Localization / Local Sourcing,Operational-driven
actual,2025-05,C1,UQ-C1-02,BRACKET SUPPORT,domestic,933383.0,951318.0,17935.0,cu,Supplier Change (Higher Cost Source),Market-driven
actual,2025-06,C1,UQ-C1-02,BRACKET SUPPORT,domestic,951318.0,906027.0,-45291.0,cr,Process Improvement (Yield Up),Operational-driven
actual,2025-07,C1,UQ-C1-02,BRACKET SUPPORT,domestic,906027.0,843748.0,-62279.0,cr,Alternative Material Substitution,Engineering-driven
actual,2025-08,C1,UQ-C1-02,BRACKET SUPPORT,domestic,843748.0,843748.0,0.0,,,
actual,2025-09,C1,UQ-C1-02,BRACKET SUPPORT,domestic,843748.0,811121.0,-32627.0,cr,Supplier Negotiation,Operational-driven
actual,2025-10,C1,UQ-C1-02,BRACKET SUPPORT,domestic,811121.0,832178.0,21057.0,cu,Yield/Scrap Rate Increase,Operational-driven
actual,2024-11,C1,UQ-C1-03,IC CHIP CONTROL,usd,1219891.0,1178022.0,-41869.0,cr,Supplier Negotiation,Operational-driven
actual,2024-12,C1,UQ-C1-03,IC CHIP CONTROL,usd,1178022.0,1199999.0,21977.0,cu,Logistics/Freight Cost Increase,Market-driven
actual,2025-01,C1,UQ-C1-03,IC CHIP CONTROL,usd,1199999.0,1167928.0,-32071.0,cr,Alternative Material Substitution,Engineering-driven
actual,2025-02,C1,UQ-C1-03,IC CHIP CONTROL,usd,1167928.0,1118142.0,-49786.0,cr,VA/VE Improvement,Engineering-driven
actual,2025-03,C1,UQ-C1-03,IC CHIP CONTROL,usd,1118142.0,1143936.0,25794.0,cu,Raw Material Price Increase,Market-driven
actual,2025-04,C1,UQ-C1-03,IC CHIP CONTROL,usd,1143936.0,1193088.0,49152.0,cu,Yield/Scrap Rate Increase,Operational-driven
actual,2025-05,C1,UQ-C1-03,IC CHIP CONTROL,usd,1193088.0,1193088.0,0.0,,,
actual,2025-06,C1,UQ-C1-03,IC CHIP CONTROL,usd,1193088.0,1173871.0,-19217.0,cr,Alternative Material Substitution,Engineering-driven
actual,2025-07,C1,UQ-C1-03,IC CHIP CONTROL,usd,1173871.0,1093779.0,-80092.0,cr,Alternative Material Substitution,Engineering-driven
actual,2025-08,C1,UQ-C1-03,IC CHIP CONTROL,usd,1093779.0,1114456.0,20677.0,cu,Supplier Change (Higher Cost Source),Market-driven
actual,2025-09,C1,UQ-C1-03,IC CHIP CONTROL,usd,1114456.0,1114456.0,0.0,,,
actual,2025-10,C1,UQ-C1-03,IC CHIP CONTROL,usd,1114456.0,1114456.0,0.0,,,
actual,2024-11,C1,UQ-C1-04,MOTOR UNIT,jpy,56626.0,56626.0,0.0,,,
actual,2024-12,C1,UQ-C1-04,MOTOR UNIT,jpy,56626.0,55182.0,-1444.0,cr,Localization / Local Sourcing,Operational-driven
actual,2025-01,C1,UQ-C1-04,MOTOR UNIT,jpy,55182.0,57689.0,2507.0,cu,Yield/Scrap Rate Increase,Operational-driven
actual,2025-02,C1,UQ-C1-04,MOTOR UNIT,jpy,57689.0,54151.0,-3538.0,cr,Localization / Local Sourcing,Operational-driven
actual,2025-03,C1,UQ-C1-04,MOTOR UNIT,jpy,54151.0,53308.0,-843.0,cr,Localization / Local Sourcing,Operational-driven
actual,2025-04,C1,UQ-C1-04,MOTOR UNIT,jpy,53308.0,52359.0,-949.0,cr,Process Improvement (Yield Up),Operational-driven
actual,2025-05,C1,UQ-C1-04,MOTOR UNIT,jpy,52359.0,53233.0,874.0,cu,Logistics/Freight Cost Increase,Market-driven
actual,2025-06,C1,UQ-C1-04,MOTOR UNIT,jpy,53233.0,53233.0,0.0,,,
actual,2025-07,C1,UQ-C1-04,MOTOR UNIT,jpy,53233.0,53233.0,0.0,,,
actual,2025-08,C1,UQ-C1-04,MOTOR UNIT,jpy,53233.0,53233.0,0.0,,,
actual,2025-09,C1,UQ-C1-04,MOTOR UNIT,jpy,53233.0,54536.0,1303.0,cu,Yield/Scrap Rate Increase,Operational-driven
actual,2025-10,C1,UQ-C1-04,MOTOR UNIT,jpy,54536.0,52430.0,-2106.0,cr,Process Improvement (Yield Up),Operational-driven
actual,2024-11,C1,UQ-C1-05,SENSOR MODULE,jpy,81800.0,79453.0,-2347.0,cr,Localization / Local Sourcing,Operational-driven
actual,2024-12,C1,UQ-C1-05,SENSOR MODULE,jpy,79453.0,78474.0,-979.0,cr,Process Improvement (Yield Up),Operational-driven
actual,2025-01,C1,UQ-C1-05,SENSOR MODULE,jpy,78474.0,82978.0,4504.0,cu,Yield/Scrap Rate Increase,Operational-driven
actual,2025-02,C1,UQ-C1-05,SENSOR MODULE,jpy,82978.0,76861.0,-6117.0,cr,Process Improvement (Yield Up),Operational-driven
actual,2025-03,C1,UQ-C1-05,SENSOR MODULE,jpy,76861.0,76050.0,-811.0,cr,Alternative Material Substitution,Engineering-driven
actual,2025-04,C1,UQ-C1-05,SENSOR MODULE,jpy,76050.0,72951.0,-3099.0,cr,VA/VE Improvement,Engineering-driven
actual,2025-05,C1,UQ-C1-05,SENSOR MODULE,jpy,72951.0,74726.0,1775.0,cu,Engineering Change / Spec Upgrade,Engineering-driven
actual,2025-06,C1,UQ-C1-05,SENSOR MODULE,jpy,74726.0,74726.0,0.0,,,
actual,2025-07,C1,UQ-C1-05,SENSOR MODULE,jpy,74726.0,74726.0,0.0,,,
actual,2025-08,C1,UQ-C1-05,SENSOR MODULE,jpy,74726.0,74726.0,0.0,,,
actual,2025-09,C1,UQ-C1-05,SENSOR MODULE,jpy,74726.0,72834.0,-1892.0,cr,Alternative Material Substitution,Engineering-driven
actual,2025-10,C1,UQ-C1-05,SENSOR MODULE,jpy,72834.0,70510.0,-2324.0,cr,Localization / Local Sourcing,Operational-driven
actual,2024-11,C2,SH-CATC-D01,PANEL BOTTOM AS,domestic,113259.0,117575.0,4316.0,cu,Raw Material Price Increase,Market-driven
actual,2024-12,C2,SH-CATC-D01,PANEL BOTTOM AS,domestic,117575.0,123830.0,6255.0,cu,Engineering Change / Spec Upgrade,Engineering-driven
actual,2025-01,C2,SH-CATC-D01,PANEL BOTTOM AS,domestic,123830.0,131027.0,7197.0,cu,Raw Material Price Increase,Market-driven
actual,2025-02,C2,SH-CATC-D01,PANEL BOTTOM AS,domestic,131027.0,135944.0,4917.0,cu,Supplier Change (Higher Cost Source),Market-driven
actual,2025-03,C2,SH-CATC-D01,PANEL BOTTOM AS,domestic,135944.0,140792.0,4848.0,cu,Supplier Change (Higher Cost Source),Market-driven
actual,2025-04,C2,SH-CATC-D01,PANEL BOTTOM AS,domestic,140792.0,146719.0,5927.0,cu,Supplier Change (Higher Cost Source),Market-driven
actual,2025-05,C2,SH-CATC-D01,PANEL BOTTOM AS,domestic,146719.0,149425.0,2706.0,cu,Engineering Change / Spec Upgrade,Engineering-driven
actual,2025-06,C2,SH-CATC-D01,PANEL BOTTOM AS,domestic,149425.0,149425.0,0.0,,,
actual,2025-07,C2,SH-CATC-D01,PANEL BOTTOM AS,domestic,149425.0,158391.0,8966.0,cu,Supplier Change (Higher Cost Source),Market-driven
actual,2025-08,C2,SH-CATC-D01,PANEL BOTTOM AS,domestic,158391.0,158391.0,0.0,,,
actual,2025-09,C2,SH-CATC-D01,PANEL BOTTOM AS,domestic,158391.0,162463.0,4072.0,cu,Engineering Change / Spec Upgrade,Engineering-driven
actual,2025-10,C2,SH-CATC-D01,PANEL BOTTOM AS,domestic,162463.0,169935.0,7472.0,cu,Yield/Scrap Rate Increase,Operational-driven
actual,2024-11,C2,SH-CATC-U01,CONNECTOR HOUSING,usd,54607.0,49301.0,-5306.0,cr,Localization / Local Sourcing,Operational-driven
actual,2024-12,C2,SH-CATC-U01,CONNECTOR HOUSING,usd,49301.0,49301.0,0.0,,,
actual,2025-01,C2,SH-CATC-U01,CONNECTOR HOUSING,usd,49301.0,51111.0,1810.0,cu,Logistics/Freight Cost Increase,Market-driven
actual,2025-02,C2,SH-CATC-U01,CONNECTOR HOUSING,usd,51111.0,46616.0,-4495.0,cr,VA/VE Improvement,Engineering-driven
actual,2025-03,C2,SH-CATC-U01,CONNECTOR HOUSING,usd,46616.0,53397.0,6781.0,cu,Supplier Change (Higher Cost Source),Market-driven
actual,2025-04,C2,SH-CATC-U01,CONNECTOR HOUSING,usd,53397.0,52302.0,-1095.0,cr,Localization / Local Sourcing,Operational-driven
actual,2025-05,C2,SH-CATC-U01,CONNECTOR HOUSING,usd,52302.0,53561.0,1259.0,cu,Yield/Scrap Rate Increase,Operational-driven
actual,2025-06,C2,SH-CATC-U01,CONNECTOR HOUSING,usd,53561.0,48529.0,-5032.0,cr,Process Improvement (Yield Up),Operational-driven
actual,2025-07,C2,SH-CATC-U01,CONNECTOR HOUSING,usd,48529.0,50779.0,2250.0,cu,Logistics/Freight Cost Increase,Market-driven
actual,2025-08,C2,SH-CATC-U01,CONNECTOR HOUSING,usd,50779.0,56157.0,5378.0,cu,Engineering Change / Spec Upgrade,Engineering-driven
actual,2025-09,C2,SH-CATC-U01,CONNECTOR HOUSING,usd,56157.0,55454.0,-703.0,cr,Process Improvement (Yield Up),Operational-driven
actual,2025-10,C2,SH-CATC-U01,CONNECTOR HOUSING,usd,55454.0,52485.0,-2969.0,cr,Supplier Negotiation,Operational-driven
actual,2024-11,C2,SH-IDX02,PRECISION GEAR,jpy,42447.0,41052.0,-1395.0,cr,Alternative Material Substitution,Engineering-driven
actual,2024-12,C2,SH-IDX02,PRECISION GEAR,jpy,41052.0,40088.0,-964.0,cr,Supplier Negotiation,Operational-driven
actual,2025-01,C2,SH-IDX02,PRECISION GEAR,jpy,40088.0,42216.0,2128.0,cu,Yield/Scrap Rate Increase,Operational-driven
actual,2025-02,C2,SH-IDX02,PRECISION GEAR,jpy,42216.0,42216.0,0.0,,,
actual,2025-03,C2,SH-IDX02,PRECISION GEAR,jpy,42216.0,41605.0,-611.0,cr,Process Improvement (Yield Up),Operational-driven
actual,2025-04,C2,SH-IDX02,PRECISION GEAR,jpy,41605.0,41605.0,0.0,,,
actual,2025-05,C2,SH-IDX02,PRECISION GEAR,jpy,41605.0,41605.0,0.0,,,
actual,2025-06,C2,SH-IDX02,PRECISION GEAR,jpy,41605.0,39000.0,-2605.0,cr,VA/VE Improvement,Engineering-driven
actual,2025-07,C2,SH-IDX02,PRECISION GEAR,jpy,39000.0,37475.0,-1525.0,cr,Process Improvement (Yield Up),Operational-driven
actual,2025-08,C2,SH-IDX02,PRECISION GEAR,jpy,37475.0,38797.0,1322.0,cu,Engineering Change / Spec Upgrade,Engineering-driven
actual,2025-09,C2,SH-IDX02,PRECISION GEAR,jpy,38797.0,41778.0,2981.0,cu,Raw Material Price Increase,Market-driven
actual,2025-10,C2,SH-IDX02,PRECISION GEAR,jpy,41778.0,42502.0,724.0,cu,Engineering Change / Spec Upgrade,Engineering-driven
actual,2024-11,C2,UQ-C2-01,PANEL FRONT AS,domestic,586213.0,566877.0,-19336.0,cr,Process Improvement (Yield Up),Operational-driven
actual,2024-12,C2,UQ-C2-01,PANEL FRONT AS,domestic,566877.0,566877.0,0.0,,,
actual,2025-01,C2,UQ-C2-01,PANEL FRONT AS,domestic,566877.0,596127.0,29250.0,cu,Logistics/Freight Cost Increase,Market-driven
actual,2025-02,C2,UQ-C2-01,PANEL FRONT AS,domestic,596127.0,596127.0,0.0,,,
actual,2025-03,C2,UQ-C2-01,PANEL FRONT AS,domestic,596127.0,596127.0,0.0,,,
actual,2025-04,C2,UQ-C2-01,PANEL FRONT AS,domestic,596127.0,625279.0,29152.0,cu,Logistics/Freight Cost Increase,Market-driven
actual,2025-05,C2,UQ-C2-01,PANEL FRONT AS,domestic,625279.0,643577.0,18298.0,cu,Logistics/Freight Cost Increase,Market-driven
actual,2025-06,C2,UQ-C2-01,PANEL FRONT AS,domestic,643577.0,657122.0,13545.0,cu,Engineering Change / Spec Upgrade,Engineering-driven
actual,2025-07,C2,UQ-C2-01,PANEL FRONT AS,domestic,657122.0,650985.0,-6137.0,cr,VA/VE Improvement,Engineering-driven
actual,2025-08,C2,UQ-C2-01,PANEL FRONT AS,domestic,650985.0,682480.0,31495.0,cu,Supplier Change (Higher Cost Source),Market-driven
actual,2025-09,C2,UQ-C2-01,PANEL FRONT AS,domestic,682480.0,695897.0,13417.0,cu,Supplier Change (Higher Cost Source),Market-driven
actual,2025-10,C2,UQ-C2-01,PANEL FRONT AS,domestic,695897.0,718338.0,22441.0,cu,Yield/Scrap Rate Increase,Operational-driven
actual,2024-11,C2,UQ-C2-02,BRACKET SUPPORT,domestic,852551.0,865807.0,13256.0,cu,Raw Material Price Increase,Market-driven
actual,2024-12,C2,UQ-C2-02,BRACKET SUPPORT,domestic,865807.0,814301.0,-51506.0,cr,VA/VE Improvement,Engineering-driven
actual,2025-01,C2,UQ-C2-02,BRACKET SUPPORT,domestic,814301.0,847798.0,33497.0,cu,Yield/Scrap Rate Increase,Operational-driven
actual,2025-02,C2,UQ-C2-02,BRACKET SUPPORT,domestic,847798.0,831375.0,-16423.0,cr,Alternative Material Substitution,Engineering-driven
actual,2025-03,C2,UQ-C2-02,BRACKET SUPPORT,domestic,831375.0,873285.0,41910.0,cu,Supplier Change (Higher Cost Source),Market-driven
actual,2025-04,C2,UQ-C2-02,BRACKET SUPPORT,domestic,873285.0,886372.0,13087.0,cu,Raw Material Price Increase,Market-driven
actual,2025-05,C2,UQ-C2-02,BRACKET SUPPORT,domestic,886372.0,903384.0,17012.0,cu,Supplier Change (Higher Cost Source),Market-driven
actual,2025-06,C2,UQ-C2-02,BRACKET SUPPORT,domestic,903384.0,915827.0,12443.0,cu,Raw Material Price Increase,Market-driven
actual,2025-07,C2,UQ-C2-02,BRACKET SUPPORT,domestic,915827.0,889633.0,-26194.0,cr,VA/VE Improvement,Engineering-driven
actual,2025-08,C2,UQ-C2-02,BRACKET SUPPORT,domestic,889633.0,916483.0,26850.0,cu,Raw Material Price Increase,Market-driven
actual,2025-09,C2,UQ-C2-02,BRACKET SUPPORT,domestic,916483.0,933521.0,17038.0,cu,Logistics/Freight Cost Increase,Market-driven
actual,2025-10,C2,UQ-C2-02,BRACKET SUPPORT,domestic,933521.0,957271.0,23750.0,cu,Engineering Change / Spec Upgrade,Engineering-driven
actual,2024-11,C2,UQ-C2-03,IC CHIP CONTROL,usd,557288.0,575371.0,18083.0,cu,Supplier Change (Higher Cost Source),Market-driven
actual,2024-12,C2,UQ-C2-03,IC CHIP CONTROL,usd,575371.0,592188.0,16817.0,cu,Engineering Change / Spec Upgrade,Engineering-driven
actual,2025-01,C2,UQ-C2-03,IC CHIP CONTROL,usd,592188.0,556467.0,-35721.0,cr,Supplier Negotiation,Operational-driven
actual,2025-02,C2,UQ-C2-03,IC CHIP CONTROL,usd,556467.0,531438.0,-25029.0,cr,VA/VE Improvement,Engineering-driven
actual,2025-03,C2,UQ-C2-03,IC CHIP CONTROL,usd,531438.0,531438.0,0.0,,,
actual,2025-04,C2,UQ-C2-03,IC CHIP CONTROL,usd,531438.0,523507.0,-7931.0,cr,VA/VE Improvement,Engineering-driven
actual,2025-05,C2,UQ-C2-03,IC CHIP CONTROL,usd,523507.0,527734.0,4227.0,cu,Engineering Change / Spec Upgrade,Engineering-driven
actual,2025-06,C2,UQ-C2-03,IC CHIP CONTROL,usd,527734.0,555545.0,27811.0,cu,Raw Material Price Increase,Market-driven
actual,2025-07,C2,UQ-C2-03,IC CHIP CONTROL,usd,555545.0,575049.0,19504.0,cu,Raw Material Price Increase,Market-driven
actual,2025-08,C2,UQ-C2-03,IC CHIP CONTROL,usd,575049.0,575049.0,0.0,,,
actual,2025-09,C2,UQ-C2-03,IC CHIP CONTROL,usd,575049.0,575049.0,0.0,,,
actual,2025-10,C2,UQ-C2-03,IC CHIP CONTROL,usd,575049.0,545151.0,-29898.0,cr,Process Improvement (Yield Up),Operational-driven
actual,2024-11,C2,UQ-C2-04,MOTOR UNIT,jpy,285109.0,297278.0,12169.0,cu,Supplier Change (Higher Cost Source),Market-driven
actual,2024-12,C2,UQ-C2-04,MOTOR UNIT,jpy,297278.0,302923.0,5645.0,cu,Logistics/Freight Cost Increase,Market-driven
actual,2025-01,C2,UQ-C2-04,MOTOR UNIT,jpy,302923.0,302923.0,0.0,,,
actual,2025-02,C2,UQ-C2-04,MOTOR UNIT,jpy,302923.0,288921.0,-14002.0,cr,Process Improvement (Yield Up),Operational-driven
actual,2025-03,C2,UQ-C2-04,MOTOR UNIT,jpy,288921.0,296300.0,7379.0,cu,Supplier Change (Higher Cost Source),Market-driven
actual,2025-04,C2,UQ-C2-04,MOTOR UNIT,jpy,296300.0,291408.0,-4892.0,cr,Supplier Negotiation,Operational-driven
actual,2025-05,C2,UQ-C2-04,MOTOR UNIT,jpy,291408.0,291408.0,0.0,,,
actual,2025-06,C2,UQ-C2-04,MOTOR UNIT,jpy,291408.0,289830.0,-1578.0,cr,Localization / Local Sourcing,Operational-driven
actual,2025-07,C2,UQ-C2-04,MOTOR UNIT,jpy,289830.0,302495.0,12665.0,cu,Supplier Change (Higher Cost Source),Market-driven
actual,2025-08,C2,UQ-C2-04,MOTOR UNIT,jpy,302495.0,311999.0,9504.0,cu,Raw Material Price Increase,Market-driven
actual,2025-09,C2,UQ-C2-04,MOTOR UNIT,jpy,311999.0,307179.0,-4820.0,cr,Process Improvement (Yield Up),Operational-driven
actual,2025-10,C2,UQ-C2-04,MOTOR UNIT,jpy,307179.0,320710.0,13531.0,cu,Raw Material Price Increase,Market-driven
actual,2024-11,C2,UQ-C2-05,SENSOR MODULE,jpy,190718.0,179981.0,-10737.0,cr,Process Improvement (Yield Up),Operational-driven
actual,2024-12,C2,UQ-C2-05,SENSOR MODULE,jpy,179981.0,187191.0,7210.0,cu,Supplier Change (Higher Cost Source),Market-driven
actual,2025-01,C2,UQ-C2-05,SENSOR MODULE,jpy,187191.0,192795.0,5604.0,cu,Supplier Change (Higher Cost Source),Market-driven
actual,2025-02,C2,UQ-C2-05,SENSOR MODULE,jpy,192795.0,191442.0,-1353.0,cr,VA/VE Improvement,Engineering-driven
actual,2025-03,C2,UQ-C2-05,SENSOR MODULE,jpy,191442.0,191442.0,0.0,,,
actual,2025-04,C2,UQ-C2-05,SENSOR MODULE,jpy,191442.0,187989.0,-3453.0,cr,Process Improvement (Yield Up),Operational-driven
actual,2025-05,C2,UQ-C2-05,SENSOR MODULE,jpy,187989.0,175425.0,-12564.0,cr,VA/VE Improvement,Engineering-driven
actual,2025-06,C2,UQ-C2-05,SENSOR MODULE,jpy,175425.0,173780.0,-1645.0,cr,Process Improvement (Yield Up),Operational-driven
actual,2025-07,C2,UQ-C2-05,SENSOR MODULE,jpy,173780.0,167328.0,-6452.0,cr,Supplier Negotiation,Operational-driven
actual,2025-08,C2,UQ-C2-05,SENSOR MODULE,jpy,167328.0,178871.0,11543.0,cu,Supplier Change (Higher Cost Source),Market-driven
actual,2025-09,C2,UQ-C2-05,SENSOR MODULE,jpy,178871.0,181107.0,2236.0,cu,Yield/Scrap Rate Increase,Operational-driven
actual,2025-10,C2,UQ-C2-05,SENSOR MODULE,jpy,181107.0,181107.0,0.0,,,
actual,2024-11,C2,SH-EVEN-01,TAPE PU-F,domestic,70295.0,67819.0,-2476.0,cr,Localization / Local Sourcing,Operational-driven
actual,2024-12,C2,SH-EVEN-01,TAPE PU-F,domestic,67819.0,68361.0,542.0,cu,Engineering Change / Spec Upgrade,Engineering-driven
actual,2025-01,C2,SH-EVEN-01,TAPE PU-F,domestic,68361.0,67771.0,-590.0,cr,Localization / Local Sourcing,Operational-driven
actual,2025-02,C2,SH-EVEN-01,TAPE PU-F,domestic,67771.0,70908.0,3137.0,cu,Logistics/Freight Cost Increase,Market-driven
actual,2025-03,C2,SH-EVEN-01,TAPE PU-F,domestic,70908.0,70908.0,0.0,,,
actual,2025-04,C2,SH-EVEN-01,TAPE PU-F,domestic,70908.0,67971.0,-2937.0,cr,Localization / Local Sourcing,Operational-driven
actual,2025-05,C2,SH-EVEN-01,TAPE PU-F,domestic,67971.0,70882.0,2911.0,cu,Logistics/Freight Cost Increase,Market-driven
actual,2025-06,C2,SH-EVEN-01,TAPE PU-F,domestic,70882.0,70015.0,-867.0,cr,Process Improvement (Yield Up),Operational-driven
actual,2025-07,C2,SH-EVEN-01,TAPE PU-F,domestic,70015.0,71263.0,1248.0,cu,Yield/Scrap Rate Increase,Operational-driven
actual,2025-08,C2,SH-EVEN-01,TAPE PU-F,domestic,71263.0,71263.0,0.0,,,
actual,2025-09,C2,SH-EVEN-01,TAPE PU-F,domestic,71263.0,69379.0,-1884.0,cr,Localization / Local Sourcing,Operational-driven
actual,2025-10,C2,SH-EVEN-01,TAPE PU-F,domestic,69379.0,72373.0,2994.0,cu,Logistics/Freight Cost Increase,Market-driven
actual,2024-11,C2,SH-EVEN-02,RESIN COMPOUND,usd,19042.0,19042.0,0.0,,,
actual,2024-12,C2,SH-EVEN-02,RESIN COMPOUND,usd,19042.0,18947.0,-95.0,cr,Supplier Negotiation,Operational-driven
actual,2025-01,C2,SH-EVEN-02,RESIN COMPOUND,usd,18947.0,17907.0,-1040.0,cr,Alternative Material Substitution,Engineering-driven
actual,2025-02,C2,SH-EVEN-02,RESIN COMPOUND,usd,17907.0,18018.0,111.0,cu,Supplier Change (Higher Cost Source),Market-driven
actual,2025-03,C2,SH-EVEN-02,RESIN COMPOUND,usd,18018.0,17275.0,-743.0,cr,Supplier Negotiation,Operational-driven
actual,2025-04,C2,SH-EVEN-02,RESIN COMPOUND,usd,17275.0,16381.0,-894.0,cr,Alternative Material Substitution,Engineering-driven
actual,2025-05,C2,SH-EVEN-02,RESIN COMPOUND,usd,16381.0,16909.0,528.0,cu,Supplier Change (Higher Cost Source),Market-driven
actual,2025-06,C2,SH-EVEN-02,RESIN COMPOUND,usd,16909.0,16909.0,0.0,,,
actual,2025-07,C2,SH-EVEN-02,RESIN COMPOUND,usd,16909.0,17621.0,712.0,cu,Raw Material Price Increase,Market-driven
actual,2025-08,C2,SH-EVEN-02,RESIN COMPOUND,usd,17621.0,17621.0,0.0,,,
actual,2025-09,C2,SH-EVEN-02,RESIN COMPOUND,usd,17621.0,17066.0,-555.0,cr,Process Improvement (Yield Up),Operational-driven
actual,2025-10,C2,SH-EVEN-02,RESIN COMPOUND,usd,17066.0,17840.0,774.0,cu,Yield/Scrap Rate Increase,Operational-driven
actual,2024-11,C3,SH-CATC-D01,PANEL BOTTOM AS,domestic,113259.0,117575.0,4316.0,cu,Raw Material Price Increase,Market-driven
actual,2024-12,C3,SH-CATC-D01,PANEL BOTTOM AS,domestic,117575.0,123830.0,6255.0,cu,Engineering Change / Spec Upgrade,Engineering-driven
actual,2025-01,C3,SH-CATC-D01,PANEL BOTTOM AS,domestic,123830.0,131027.0,7197.0,cu,Raw Material Price Increase,Market-driven
actual,2025-02,C3,SH-CATC-D01,PANEL BOTTOM AS,domestic,131027.0,135944.0,4917.0,cu,Supplier Change (Higher Cost Source),Market-driven
actual,2025-03,C3,SH-CATC-D01,PANEL BOTTOM AS,domestic,135944.0,140792.0,4848.0,cu,Supplier Change (Higher Cost Source),Market-driven
actual,2025-04,C3,SH-CATC-D01,PANEL BOTTOM AS,domestic,140792.0,146719.0,5927.0,cu,Supplier Change (Higher Cost Source),Market-driven
actual,2025-05,C3,SH-CATC-D01,PANEL BOTTOM AS,domestic,146719.0,149425.0,2706.0,cu,Engineering Change / Spec Upgrade,Engineering-driven
actual,2025-06,C3,SH-CATC-D01,PANEL BOTTOM AS,domestic,149425.0,149425.0,0.0,,,
actual,2025-07,C3,SH-CATC-D01,PANEL BOTTOM AS,domestic,149425.0,158391.0,8966.0,cu,Supplier Change (Higher Cost Source),Market-driven
actual,2025-08,C3,SH-CATC-D01,PANEL BOTTOM AS,domestic,158391.0,158391.0,0.0,,,
actual,2025-09,C3,SH-CATC-D01,PANEL BOTTOM AS,domestic,158391.0,162463.0,4072.0,cu,Engineering Change / Spec Upgrade,Engineering-driven
actual,2025-10,C3,SH-CATC-D01,PANEL BOTTOM AS,domestic,162463.0,169935.0,7472.0,cu,Yield/Scrap Rate Increase,Operational-driven
actual,2024-11,C3,SH-CATC-U01,CONNECTOR HOUSING,usd,54607.0,49301.0,-5306.0,cr,Localization / Local Sourcing,Operational-driven
actual,2024-12,C3,SH-CATC-U01,CONNECTOR HOUSING,usd,49301.0,49301.0,0.0,,,
actual,2025-01,C3,SH-CATC-U01,CONNECTOR HOUSING,usd,49301.0,51111.0,1810.0,cu,Logistics/Freight Cost Increase,Market-driven
actual,2025-02,C3,SH-CATC-U01,CONNECTOR HOUSING,usd,51111.0,46616.0,-4495.0,cr,VA/VE Improvement,Engineering-driven
actual,2025-03,C3,SH-CATC-U01,CONNECTOR HOUSING,usd,46616.0,53397.0,6781.0,cu,Supplier Change (Higher Cost Source),Market-driven
actual,2025-04,C3,SH-CATC-U01,CONNECTOR HOUSING,usd,53397.0,52302.0,-1095.0,cr,Localization / Local Sourcing,Operational-driven
actual,2025-05,C3,SH-CATC-U01,CONNECTOR HOUSING,usd,52302.0,53561.0,1259.0,cu,Yield/Scrap Rate Increase,Operational-driven
actual,2025-06,C3,SH-CATC-U01,CONNECTOR HOUSING,usd,53561.0,48529.0,-5032.0,cr,Process Improvement (Yield Up),Operational-driven
actual,2025-07,C3,SH-CATC-U01,CONNECTOR HOUSING,usd,48529.0,50779.0,2250.0,cu,Logistics/Freight Cost Increase,Market-driven
actual,2025-08,C3,SH-CATC-U01,CONNECTOR HOUSING,usd,50779.0,56157.0,5378.0,cu,Engineering Change / Spec Upgrade,Engineering-driven
actual,2025-09,C3,SH-CATC-U01,CONNECTOR HOUSING,usd,56157.0,55454.0,-703.0,cr,Process Improvement (Yield Up),Operational-driven
actual,2025-10,C3,SH-CATC-U01,CONNECTOR HOUSING,usd,55454.0,52485.0,-2969.0,cr,Supplier Negotiation,Operational-driven
actual,2024-11,C3,SH-IDX03,PRECISION GEAR,jpy,110238.0,115498.0,5260.0,cu,Logistics/Freight Cost Increase,Market-driven
actual,2024-12,C3,SH-IDX03,PRECISION GEAR,jpy,115498.0,110623.0,-4875.0,cr,Alternative Material Substitution,Engineering-driven
actual,2025-01,C3,SH-IDX03,PRECISION GEAR,jpy,110623.0,113966.0,3343.0,cu,Yield/Scrap Rate Increase,Operational-driven
actual,2025-02,C3,SH-IDX03,PRECISION GEAR,jpy,113966.0,115790.0,1824.0,cu,Engineering Change / Spec Upgrade,Engineering-driven
actual,2025-03,C3,SH-IDX03,PRECISION GEAR,jpy,115790.0,110166.0,-5624.0,cr,VA/VE Improvement,Engineering-driven
actual,2025-04,C3,SH-IDX03,PRECISION GEAR,jpy,110166.0,104130.0,-6036.0,cr,VA/VE Improvement,Engineering-driven
actual,2025-05,C3,SH-IDX03,PRECISION GEAR,jpy,104130.0,98817.0,-5313.0,cr,Supplier Negotiation,Operational-driven
actual,2025-06,C3,SH-IDX03,PRECISION GEAR,jpy,98817.0,93858.0,-4959.0,cr,Process Improvement (Yield Up),Operational-driven
actual,2025-07,C3,SH-IDX03,PRECISION GEAR,jpy,93858.0,92328.0,-1530.0,cr,Alternative Material Substitution,Engineering-driven
actual,2025-08,C3,SH-IDX03,PRECISION GEAR,jpy,92328.0,91273.0,-1055.0,cr,Localization / Local Sourcing,Operational-driven
actual,2025-09,C3,SH-IDX03,PRECISION GEAR,jpy,91273.0,91273.0,0.0,,,
actual,2025-10,C3,SH-IDX03,PRECISION GEAR,jpy,91273.0,92405.0,1132.0,cu,Supplier Change (Higher Cost Source),Market-driven
actual,2024-11,C3,UQ-C3-01,PANEL FRONT AS,domestic,732736.0,732736.0,0.0,,,
actual,2024-12,C3,UQ-C3-01,PANEL FRONT AS,domestic,732736.0,714667.0,-18069.0,cr,Alternative Material Substitution,Engineering-driven
actual,2025-01,C3,UQ-C3-01,PANEL FRONT AS,domestic,714667.0,714667.0,0.0,,,
actual,2025-02,C3,UQ-C3-01,PANEL FRONT AS,domestic,714667.0,714667.0,0.0,,,
actual,2025-03,C3,UQ-C3-01,PANEL FRONT AS,domestic,714667.0,727169.0,12502.0,cu,Supplier Change (Higher Cost Source),Market-driven
actual,2025-04,C3,UQ-C3-01,PANEL FRONT AS,domestic,727169.0,758216.0,31047.0,cu,Supplier Change (Higher Cost Source),Market-driven
actual,2025-05,C3,UQ-C3-01,PANEL FRONT AS,domestic,758216.0,790807.0,32591.0,cu,Engineering Change / Spec Upgrade,Engineering-driven
actual,2025-06,C3,UQ-C3-01,PANEL FRONT AS,domestic,790807.0,772950.0,-17857.0,cr,Supplier Negotiation,Operational-driven
actual,2025-07,C3,UQ-C3-01,PANEL FRONT AS,domestic,772950.0,809185.0,36235.0,cu,Supplier Change (Higher Cost Source),Market-driven
actual,2025-08,C3,UQ-C3-01,PANEL FRONT AS,domestic,809185.0,809185.0,0.0,,,
actual,2025-09,C3,UQ-C3-01,PANEL FRONT AS,domestic,809185.0,781498.0,-27687.0,cr,Supplier Negotiation,Operational-driven
actual,2025-10,C3,UQ-C3-01,PANEL FRONT AS,domestic,781498.0,800312.0,18814.0,cu,Engineering Change / Spec Upgrade,Engineering-driven
actual,2024-11,C3,UQ-C3-02,BRACKET SUPPORT,domestic,998584.0,987017.0,-11567.0,cr,Localization / Local Sourcing,Operational-driven
actual,2024-12,C3,UQ-C3-02,BRACKET SUPPORT,domestic,987017.0,1039392.0,52375.0,cu,Yield/Scrap Rate Increase,Operational-driven
actual,2025-01,C3,UQ-C3-02,BRACKET SUPPORT,domestic,1039392.0,1029452.0,-9940.0,cr,Process Improvement (Yield Up),Operational-driven
actual,2025-02,C3,UQ-C3-02,BRACKET SUPPORT,domestic,1029452.0,1043596.0,14144.0,cu,Supplier Change (Higher Cost Source),Market-driven
actual,2025-03,C3,UQ-C3-02,BRACKET SUPPORT,domestic,1043596.0,1002556.0,-41040.0,cr,VA/VE Improvement,Engineering-driven
actual,2025-04,C3,UQ-C3-02,BRACKET SUPPORT,domestic,1002556.0,1034379.0,31823.0,cu,Logistics/Freight Cost Increase,Market-driven
actual,2025-05,C3,UQ-C3-02,BRACKET SUPPORT,domestic,1034379.0,980753.0,-53626.0,cr,Alternative Material Substitution,Engineering-driven
actual,2025-06,C3,UQ-C3-02,BRACKET SUPPORT,domestic,980753.0,1021245.0,40492.0,cu,Yield/Scrap Rate Increase,Operational-driven
actual,2025-07,C3,UQ-C3-02,BRACKET SUPPORT,domestic,1021245.0,1045358.0,24113.0,cu,Supplier Change (Higher Cost Source),Market-driven
actual,2025-08,C3,UQ-C3-02,BRACKET SUPPORT,domestic,1045358.0,1045358.0,0.0,,,
actual,2025-09,C3,UQ-C3-02,BRACKET SUPPORT,domestic,1045358.0,1029260.0,-16098.0,cr,VA/VE Improvement,Engineering-driven
actual,2025-10,C3,UQ-C3-02,BRACKET SUPPORT,domestic,1029260.0,1076570.0,47310.0,cu,Engineering Change / Spec Upgrade,Engineering-driven
actual,2024-11,C3,UQ-C3-03,IC CHIP CONTROL,usd,1238564.0,1197976.0,-40588.0,cr,Supplier Negotiation,Operational-driven
actual,2024-12,C3,UQ-C3-03,IC CHIP CONTROL,usd,1197976.0,1225331.0,27355.0,cu,Yield/Scrap Rate Increase,Operational-driven
actual,2025-01,C3,UQ-C3-03,IC CHIP CONTROL,usd,1225331.0,1252226.0,26895.0,cu,Supplier Change (Higher Cost Source),Market-driven
actual,2025-02,C3,UQ-C3-03,IC CHIP CONTROL,usd,1252226.0,1327172.0,74946.0,cu,Supplier Change (Higher Cost Source),Market-driven
actual,2025-03,C3,UQ-C3-03,IC CHIP CONTROL,usd,1327172.0,1313871.0,-13301.0,cr,VA/VE Improvement,Engineering-driven
actual,2025-04,C3,UQ-C3-03,IC CHIP CONTROL,usd,1313871.0,1400145.0,86274.0,cu,Engineering Change / Spec Upgrade,Engineering-driven
actual,2025-05,C3,UQ-C3-03,IC CHIP CONTROL,usd,1400145.0,1461324.0,61179.0,cu,Supplier Change (Higher Cost Source),Market-driven
actual,2025-06,C3,UQ-C3-03,IC CHIP CONTROL,usd,1461324.0,1432129.0,-29195.0,cr,Supplier Negotiation,Operational-driven
actual,2025-07,C3,UQ-C3-03,IC CHIP CONTROL,usd,1432129.0,1432129.0,0.0,,,
actual,2025-08,C3,UQ-C3-03,IC CHIP CONTROL,usd,1432129.0,1432129.0,0.0,,,
actual,2025-09,C3,UQ-C3-03,IC CHIP CONTROL,usd,1432129.0,1404694.0,-27435.0,cr,Process Improvement (Yield Up),Operational-driven
actual,2025-10,C3,UQ-C3-03,IC CHIP CONTROL,usd,1404694.0,1351425.0,-53269.0,cr,Supplier Negotiation,Operational-driven
actual,2024-11,C3,UQ-C3-04,MOTOR UNIT,jpy,166021.0,166021.0,0.0,,,
actual,2024-12,C3,UQ-C3-04,MOTOR UNIT,jpy,166021.0,173667.0,7646.0,cu,Supplier Change (Higher Cost Source),Market-driven
actual,2025-01,C3,UQ-C3-04,MOTOR UNIT,jpy,173667.0,175369.0,1702.0,cu,Engineering Change / Spec Upgrade,Engineering-driven
actual,2025-02,C3,UQ-C3-04,MOTOR UNIT,jpy,175369.0,168499.0,-6870.0,cr,Process Improvement (Yield Up),Operational-driven
actual,2025-03,C3,UQ-C3-04,MOTOR UNIT,jpy,168499.0,162069.0,-6430.0,cr,VA/VE Improvement,Engineering-driven
actual,2025-04,C3,UQ-C3-04,MOTOR UNIT,jpy,162069.0,155755.0,-6314.0,cr,VA/VE Improvement,Engineering-driven
actual,2025-05,C3,UQ-C3-04,MOTOR UNIT,jpy,155755.0,144946.0,-10809.0,cr,VA/VE Improvement,Engineering-driven
actual,2025-06,C3,UQ-C3-04,MOTOR UNIT,jpy,144946.0,141132.0,-3814.0,cr,Alternative Material Substitution,Engineering-driven
actual,2025-07,C3,UQ-C3-04,MOTOR UNIT,jpy,141132.0,144767.0,3635.0,cu,Supplier Change (Higher Cost Source),Market-driven
actual,2025-08,C3,UQ-C3-04,MOTOR UNIT,jpy,144767.0,150260.0,5493.0,cu,Raw Material Price Increase,Market-driven
actual,2025-09,C3,UQ-C3-04,MOTOR UNIT,jpy,150260.0,152379.0,2119.0,cu,Engineering Change / Spec Upgrade,Engineering-driven
actual,2025-10,C3,UQ-C3-04,MOTOR UNIT,jpy,152379.0,151624.0,-755.0,cr,Alternative Material Substitution,Engineering-driven
actual,2024-11,C3,UQ-C3-05,SENSOR MODULE,jpy,205424.0,193762.0,-11662.0,cr,VA/VE Improvement,Engineering-driven
actual,2024-12,C3,UQ-C3-05,SENSOR MODULE,jpy,193762.0,188166.0,-5596.0,cr,Alternative Material Substitution,Engineering-driven
actual,2025-01,C3,UQ-C3-05,SENSOR MODULE,jpy,188166.0,193758.0,5592.0,cu,Yield/Scrap Rate Increase,Operational-driven
actual,2025-02,C3,UQ-C3-05,SENSOR MODULE,jpy,193758.0,188900.0,-4858.0,cr,Process Improvement (Yield Up),Operational-driven
actual,2025-03,C3,UQ-C3-05,SENSOR MODULE,jpy,188900.0,182256.0,-6644.0,cr,Alternative Material Substitution,Engineering-driven
actual,2025-04,C3,UQ-C3-05,SENSOR MODULE,jpy,182256.0,171359.0,-10897.0,cr,Localization / Local Sourcing,Operational-driven
actual,2025-05,C3,UQ-C3-05,SENSOR MODULE,jpy,171359.0,170442.0,-917.0,cr,VA/VE Improvement,Engineering-driven
actual,2025-06,C3,UQ-C3-05,SENSOR MODULE,jpy,170442.0,178189.0,7747.0,cu,Raw Material Price Increase,Market-driven
actual,2025-07,C3,UQ-C3-05,SENSOR MODULE,jpy,178189.0,170218.0,-7971.0,cr,Supplier Negotiation,Operational-driven
actual,2025-08,C3,UQ-C3-05,SENSOR MODULE,jpy,170218.0,170218.0,0.0,,,
actual,2025-09,C3,UQ-C3-05,SENSOR MODULE,jpy,170218.0,159591.0,-10627.0,cr,Process Improvement (Yield Up),Operational-driven
actual,2025-10,C3,UQ-C3-05,SENSOR MODULE,jpy,159591.0,153931.0,-5660.0,cr,Supplier Negotiation,Operational-driven
actual,2024-11,C4,SH-CATC-D01,PANEL BOTTOM AS,domestic,113259.0,117575.0,4316.0,cu,Raw Material Price Increase,Market-driven
actual,2024-12,C4,SH-CATC-D01,PANEL BOTTOM AS,domestic,117575.0,123830.0,6255.0,cu,Engineering Change / Spec Upgrade,Engineering-driven
actual,2025-01,C4,SH-CATC-D01,PANEL BOTTOM AS,domestic,123830.0,131027.0,7197.0,cu,Raw Material Price Increase,Market-driven
actual,2025-02,C4,SH-CATC-D01,PANEL BOTTOM AS,domestic,131027.0,135944.0,4917.0,cu,Supplier Change (Higher Cost Source),Market-driven
actual,2025-03,C4,SH-CATC-D01,PANEL BOTTOM AS,domestic,135944.0,140792.0,4848.0,cu,Supplier Change (Higher Cost Source),Market-driven
actual,2025-04,C4,SH-CATC-D01,PANEL BOTTOM AS,domestic,140792.0,146719.0,5927.0,cu,Supplier Change (Higher Cost Source),Market-driven
actual,2025-05,C4,SH-CATC-D01,PANEL BOTTOM AS,domestic,146719.0,149425.0,2706.0,cu,Engineering Change / Spec Upgrade,Engineering-driven
actual,2025-06,C4,SH-CATC-D01,PANEL BOTTOM AS,domestic,149425.0,149425.0,0.0,,,
actual,2025-07,C4,SH-CATC-D01,PANEL BOTTOM AS,domestic,149425.0,158391.0,8966.0,cu,Supplier Change (Higher Cost Source),Market-driven
actual,2025-08,C4,SH-CATC-D01,PANEL BOTTOM AS,domestic,158391.0,158391.0,0.0,,,
actual,2025-09,C4,SH-CATC-D01,PANEL BOTTOM AS,domestic,158391.0,162463.0,4072.0,cu,Engineering Change / Spec Upgrade,Engineering-driven
actual,2025-10,C4,SH-CATC-D01,PANEL BOTTOM AS,domestic,162463.0,169935.0,7472.0,cu,Yield/Scrap Rate Increase,Operational-driven
actual,2024-11,C4,SH-CATC-U01,CONNECTOR HOUSING,usd,54607.0,49301.0,-5306.0,cr,Localization / Local Sourcing,Operational-driven
actual,2024-12,C4,SH-CATC-U01,CONNECTOR HOUSING,usd,49301.0,49301.0,0.0,,,
actual,2025-01,C4,SH-CATC-U01,CONNECTOR HOUSING,usd,49301.0,51111.0,1810.0,cu,Logistics/Freight Cost Increase,Market-driven
actual,2025-02,C4,SH-CATC-U01,CONNECTOR HOUSING,usd,51111.0,46616.0,-4495.0,cr,VA/VE Improvement,Engineering-driven
actual,2025-03,C4,SH-CATC-U01,CONNECTOR HOUSING,usd,46616.0,53397.0,6781.0,cu,Supplier Change (Higher Cost Source),Market-driven
actual,2025-04,C4,SH-CATC-U01,CONNECTOR HOUSING,usd,53397.0,52302.0,-1095.0,cr,Localization / Local Sourcing,Operational-driven
actual,2025-05,C4,SH-CATC-U01,CONNECTOR HOUSING,usd,52302.0,53561.0,1259.0,cu,Yield/Scrap Rate Increase,Operational-driven
actual,2025-06,C4,SH-CATC-U01,CONNECTOR HOUSING,usd,53561.0,48529.0,-5032.0,cr,Process Improvement (Yield Up),Operational-driven
actual,2025-07,C4,SH-CATC-U01,CONNECTOR HOUSING,usd,48529.0,50779.0,2250.0,cu,Logistics/Freight Cost Increase,Market-driven
actual,2025-08,C4,SH-CATC-U01,CONNECTOR HOUSING,usd,50779.0,56157.0,5378.0,cu,Engineering Change / Spec Upgrade,Engineering-driven
actual,2025-09,C4,SH-CATC-U01,CONNECTOR HOUSING,usd,56157.0,55454.0,-703.0,cr,Process Improvement (Yield Up),Operational-driven
actual,2025-10,C4,SH-CATC-U01,CONNECTOR HOUSING,usd,55454.0,52485.0,-2969.0,cr,Supplier Negotiation,Operational-driven
actual,2024-11,C4,SH-IDX04,PRECISION GEAR,jpy,26043.0,26043.0,0.0,,,
actual,2024-12,C4,SH-IDX04,PRECISION GEAR,jpy,26043.0,24762.0,-1281.0,cr,Process Improvement (Yield Up),Operational-driven
actual,2025-01,C4,SH-IDX04,PRECISION GEAR,jpy,24762.0,25176.0,414.0,cu,Supplier Change (Higher Cost Source),Market-driven
actual,2025-02,C4,SH-IDX04,PRECISION GEAR,jpy,25176.0,25471.0,295.0,cu,Supplier Change (Higher Cost Source),Market-driven
actual,2025-03,C4,SH-IDX04,PRECISION GEAR,jpy,25471.0,24304.0,-1167.0,cr,Supplier Negotiation,Operational-driven
actual,2025-04,C4,SH-IDX04,PRECISION GEAR,jpy,24304.0,24436.0,132.0,cu,Raw Material Price Increase,Market-driven
actual,2025-05,C4,SH-IDX04,PRECISION GEAR,jpy,24436.0,24016.0,-420.0,cr,Alternative Material Substitution,Engineering-driven
actual,2025-06,C4,SH-IDX04,PRECISION GEAR,jpy,24016.0,25024.0,1008.0,cu,Yield/Scrap Rate Increase,Operational-driven
actual,2025-07,C4,SH-IDX04,PRECISION GEAR,jpy,25024.0,25024.0,0.0,,,
actual,2025-08,C4,SH-IDX04,PRECISION GEAR,jpy,25024.0,25476.0,452.0,cu,Raw Material Price Increase,Market-driven
actual,2025-09,C4,SH-IDX04,PRECISION GEAR,jpy,25476.0,25063.0,-413.0,cr,Process Improvement (Yield Up),Operational-driven
actual,2025-10,C4,SH-IDX04,PRECISION GEAR,jpy,25063.0,26236.0,1173.0,cu,Logistics/Freight Cost Increase,Market-driven
actual,2024-11,C4,UQ-C4-01,PANEL FRONT AS,domestic,571285.0,593992.0,22707.0,cu,Supplier Change (Higher Cost Source),Market-driven
actual,2024-12,C4,UQ-C4-01,PANEL FRONT AS,domestic,593992.0,606506.0,12514.0,cu,Engineering Change / Spec Upgrade,Engineering-driven
actual,2025-01,C4,UQ-C4-01,PANEL FRONT AS,domestic,606506.0,583102.0,-23404.0,cr,Supplier Negotiation,Operational-driven
actual,2025-02,C4,UQ-C4-01,PANEL FRONT AS,domestic,583102.0,564479.0,-18623.0,cr,Supplier Negotiation,Operational-driven
actual,2025-03,C4,UQ-C4-01,PANEL FRONT AS,domestic,564479.0,577603.0,13124.0,cu,Supplier Change (Higher Cost Source),Market-driven
actual,2025-04,C4,UQ-C4-01,PANEL FRONT AS,domestic,577603.0,596037.0,18434.0,cu,Yield/Scrap Rate Increase,Operational-driven
actual,2025-05,C4,UQ-C4-01,PANEL FRONT AS,domestic,596037.0,577878.0,-18159.0,cr,Localization / Local Sourcing,Operational-driven
actual,2025-06,C4,UQ-C4-01,PANEL FRONT AS,domestic,577878.0,590244.0,12366.0,cu,Yield/Scrap Rate Increase,Operational-driven
actual,2025-07,C4,UQ-C4-01,PANEL FRONT AS,domestic,590244.0,603475.0,13231.0,cu,Supplier Change (Higher Cost Source),Market-driven
actual,2025-08,C4,UQ-C4-01,PANEL FRONT AS,domestic,603475.0,625275.0,21800.0,cu,Raw Material Price Increase,Market-driven
actual,2025-09,C4,UQ-C4-01,PANEL FRONT AS,domestic,625275.0,602096.0,-23179.0,cr,Supplier Negotiation,Operational-driven
actual,2025-10,C4,UQ-C4-01,PANEL FRONT AS,domestic,602096.0,572679.0,-29417.0,cr,Process Improvement (Yield Up),Operational-driven
actual,2024-11,C4,UQ-C4-02,BRACKET SUPPORT,domestic,554379.0,579860.0,25481.0,cu,Yield/Scrap Rate Increase,Operational-driven
actual,2024-12,C4,UQ-C4-02,BRACKET SUPPORT,domestic,579860.0,569578.0,-10282.0,cr,Supplier Negotiation,Operational-driven
actual,2025-01,C4,UQ-C4-02,BRACKET SUPPORT,domestic,569578.0,569578.0,0.0,,,
actual,2025-02,C4,UQ-C4-02,BRACKET SUPPORT,domestic,569578.0,575867.0,6289.0,cu,Logistics/Freight Cost Increase,Market-driven
actual,2025-03,C4,UQ-C4-02,BRACKET SUPPORT,domestic,575867.0,575867.0,0.0,,,
actual,2025-04,C4,UQ-C4-02,BRACKET SUPPORT,domestic,575867.0,565965.0,-9902.0,cr,Process Improvement (Yield Up),Operational-driven
actual,2025-05,C4,UQ-C4-02,BRACKET SUPPORT,domestic,565965.0,591636.0,25671.0,cu,Engineering Change / Spec Upgrade,Engineering-driven
actual,2025-06,C4,UQ-C4-02,BRACKET SUPPORT,domestic,591636.0,616184.0,24548.0,cu,Yield/Scrap Rate Increase,Operational-driven
actual,2025-07,C4,UQ-C4-02,BRACKET SUPPORT,domestic,616184.0,638059.0,21875.0,cu,Engineering Change / Spec Upgrade,Engineering-driven
actual,2025-08,C4,UQ-C4-02,BRACKET SUPPORT,domestic,638059.0,658345.0,20286.0,cu,Yield/Scrap Rate Increase,Operational-driven
actual,2025-09,C4,UQ-C4-02,BRACKET SUPPORT,domestic,658345.0,678857.0,20512.0,cu,Engineering Change / Spec Upgrade,Engineering-driven
actual,2025-10,C4,UQ-C4-02,BRACKET SUPPORT,domestic,678857.0,678857.0,0.0,,,
actual,2024-11,C4,UQ-C4-03,IC CHIP CONTROL,usd,268251.0,286949.0,18698.0,cu,Raw Material Price Increase,Market-driven
actual,2024-12,C4,UQ-C4-03,IC CHIP CONTROL,usd,286949.0,302816.0,15867.0,cu,Logistics/Freight Cost Increase,Market-driven
actual,2025-01,C4,UQ-C4-03,IC CHIP CONTROL,usd,302816.0,307600.0,4784.0,cu,Raw Material Price Increase,Market-driven
actual,2025-02,C4,UQ-C4-03,IC CHIP CONTROL,usd,307600.0,300976.0,-6624.0,cr,VA/VE Improvement,Engineering-driven
actual,2025-03,C4,UQ-C4-03,IC CHIP CONTROL,usd,300976.0,314773.0,13797.0,cu,Supplier Change (Higher Cost Source),Market-driven
actual,2025-04,C4,UQ-C4-03,IC CHIP CONTROL,usd,314773.0,314773.0,0.0,,,
actual,2025-05,C4,UQ-C4-03,IC CHIP CONTROL,usd,314773.0,314773.0,0.0,,,
actual,2025-06,C4,UQ-C4-03,IC CHIP CONTROL,usd,314773.0,298022.0,-16751.0,cr,Supplier Negotiation,Operational-driven
actual,2025-07,C4,UQ-C4-03,IC CHIP CONTROL,usd,298022.0,298022.0,0.0,,,
actual,2025-08,C4,UQ-C4-03,IC CHIP CONTROL,usd,298022.0,313671.0,15649.0,cu,Supplier Change (Higher Cost Source),Market-driven
actual,2025-09,C4,UQ-C4-03,IC CHIP CONTROL,usd,313671.0,335877.0,22206.0,cu,Raw Material Price Increase,Market-driven
actual,2025-10,C4,UQ-C4-03,IC CHIP CONTROL,usd,335877.0,335877.0,0.0,,,
actual,2024-11,C4,UQ-C4-04,MOTOR UNIT,jpy,427675.0,436109.0,8434.0,cu,Logistics/Freight Cost Increase,Market-driven
actual,2024-12,C4,UQ-C4-04,MOTOR UNIT,jpy,436109.0,415359.0,-20750.0,cr,Alternative Material Substitution,Engineering-driven
actual,2025-01,C4,UQ-C4-04,MOTOR UNIT,jpy,415359.0,415359.0,0.0,,,
actual,2025-02,C4,UQ-C4-04,MOTOR UNIT,jpy,415359.0,399295.0,-16064.0,cr,Localization / Local Sourcing,Operational-driven
actual,2025-03,C4,UQ-C4-04,MOTOR UNIT,jpy,399295.0,399295.0,0.0,,,
actual,2025-04,C4,UQ-C4-04,MOTOR UNIT,jpy,399295.0,410680.0,11385.0,cu,Yield/Scrap Rate Increase,Operational-driven
actual,2025-05,C4,UQ-C4-04,MOTOR UNIT,jpy,410680.0,429054.0,18374.0,cu,Engineering Change / Spec Upgrade,Engineering-driven
actual,2025-06,C4,UQ-C4-04,MOTOR UNIT,jpy,429054.0,444573.0,15519.0,cu,Yield/Scrap Rate Increase,Operational-driven
actual,2025-07,C4,UQ-C4-04,MOTOR UNIT,jpy,444573.0,460497.0,15924.0,cu,Raw Material Price Increase,Market-driven
actual,2025-08,C4,UQ-C4-04,MOTOR UNIT,jpy,460497.0,464942.0,4445.0,cu,Logistics/Freight Cost Increase,Market-driven
actual,2025-09,C4,UQ-C4-04,MOTOR UNIT,jpy,464942.0,472642.0,7700.0,cu,Raw Material Price Increase,Market-driven
actual,2025-10,C4,UQ-C4-04,MOTOR UNIT,jpy,472642.0,467155.0,-5487.0,cr,Alternative Material Substitution,Engineering-driven
actual,2024-11,C4,UQ-C4-05,SENSOR MODULE,jpy,467550.0,446818.0,-20732.0,cr,Process Improvement (Yield Up),Operational-driven
actual,2024-12,C4,UQ-C4-05,SENSOR MODULE,jpy,446818.0,446818.0,0.0,,,
actual,2025-01,C4,UQ-C4-05,SENSOR MODULE,jpy,446818.0,428561.0,-18257.0,cr,Localization / Local Sourcing,Operational-driven
actual,2025-02,C4,UQ-C4-05,SENSOR MODULE,jpy,428561.0,421953.0,-6608.0,cr,VA/VE Improvement,Engineering-driven
actual,2025-03,C4,UQ-C4-05,SENSOR MODULE,jpy,421953.0,449881.0,27928.0,cu,Raw Material Price Increase,Market-driven
actual,2025-04,C4,UQ-C4-05,SENSOR MODULE,jpy,449881.0,436528.0,-13353.0,cr,Process Improvement (Yield Up),Operational-driven
actual,2025-05,C4,UQ-C4-05,SENSOR MODULE,jpy,436528.0,436528.0,0.0,,,
actual,2025-06,C4,UQ-C4-05,SENSOR MODULE,jpy,436528.0,454726.0,18198.0,cu,Logistics/Freight Cost Increase,Market-driven
actual,2025-07,C4,UQ-C4-05,SENSOR MODULE,jpy,454726.0,437540.0,-17186.0,cr,Process Improvement (Yield Up),Operational-driven
actual,2025-08,C4,UQ-C4-05,SENSOR MODULE,jpy,437540.0,443223.0,5683.0,cu,Engineering Change / Spec Upgrade,Engineering-driven
actual,2025-09,C4,UQ-C4-05,SENSOR MODULE,jpy,443223.0,438067.0,-5156.0,cr,Localization / Local Sourcing,Operational-driven
actual,2025-10,C4,UQ-C4-05,SENSOR MODULE,jpy,438067.0,451911.0,13844.0,cu,Raw Material Price Increase,Market-driven
actual,2024-11,C4,SH-EVEN-01,TAPE PU-F,domestic,70295.0,67819.0,-2476.0,cr,Localization / Local Sourcing,Operational-driven
actual,2024-12,C4,SH-EVEN-01,TAPE PU-F,domestic,67819.0,68361.0,542.0,cu,Engineering Change / Spec Upgrade,Engineering-driven
actual,2025-01,C4,SH-EVEN-01,TAPE PU-F,domestic,68361.0,67771.0,-590.0,cr,Localization / Local Sourcing,Operational-driven
actual,2025-02,C4,SH-EVEN-01,TAPE PU-F,domestic,67771.0,70908.0,3137.0,cu,Logistics/Freight Cost Increase,Market-driven
actual,2025-03,C4,SH-EVEN-01,TAPE PU-F,domestic,70908.0,70908.0,0.0,,,
actual,2025-04,C4,SH-EVEN-01,TAPE PU-F,domestic,70908.0,67971.0,-2937.0,cr,Localization / Local Sourcing,Operational-driven
actual,2025-05,C4,SH-EVEN-01,TAPE PU-F,domestic,67971.0,70882.0,2911.0,cu,Logistics/Freight Cost Increase,Market-driven
actual,2025-06,C4,SH-EVEN-01,TAPE PU-F,domestic,70882.0,70015.0,-867.0,cr,Process Improvement (Yield Up),Operational-driven
actual,2025-07,C4,SH-EVEN-01,TAPE PU-F,domestic,70015.0,71263.0,1248.0,cu,Yield/Scrap Rate Increase,Operational-driven
actual,2025-08,C4,SH-EVEN-01,TAPE PU-F,domestic,71263.0,71263.0,0.0,,,
actual,2025-09,C4,SH-EVEN-01,TAPE PU-F,domestic,71263.0,69379.0,-1884.0,cr,Localization / Local Sourcing,Operational-driven
actual,2025-10,C4,SH-EVEN-01,TAPE PU-F,domestic,69379.0,72373.0,2994.0,cu,Logistics/Freight Cost Increase,Market-driven
actual,2024-11,C4,SH-EVEN-02,RESIN COMPOUND,usd,19042.0,19042.0,0.0,,,
actual,2024-12,C4,SH-EVEN-02,RESIN COMPOUND,usd,19042.0,18947.0,-95.0,cr,Supplier Negotiation,Operational-driven
actual,2025-01,C4,SH-EVEN-02,RESIN COMPOUND,usd,18947.0,17907.0,-1040.0,cr,Alternative Material Substitution,Engineering-driven
actual,2025-02,C4,SH-EVEN-02,RESIN COMPOUND,usd,17907.0,18018.0,111.0,cu,Supplier Change (Higher Cost Source),Market-driven
actual,2025-03,C4,SH-EVEN-02,RESIN COMPOUND,usd,18018.0,17275.0,-743.0,cr,Supplier Negotiation,Operational-driven
actual,2025-04,C4,SH-EVEN-02,RESIN COMPOUND,usd,17275.0,16381.0,-894.0,cr,Alternative Material Substitution,Engineering-driven
actual,2025-05,C4,SH-EVEN-02,RESIN COMPOUND,usd,16381.0,16909.0,528.0,cu,Supplier Change (Higher Cost Source),Market-driven
actual,2025-06,C4,SH-EVEN-02,RESIN COMPOUND,usd,16909.0,16909.0,0.0,,,
actual,2025-07,C4,SH-EVEN-02,RESIN COMPOUND,usd,16909.0,17621.0,712.0,cu,Raw Material Price Increase,Market-driven
actual,2025-08,C4,SH-EVEN-02,RESIN COMPOUND,usd,17621.0,17621.0,0.0,,,
actual,2025-09,C4,SH-EVEN-02,RESIN COMPOUND,usd,17621.0,17066.0,-555.0,cr,Process Improvement (Yield Up),Operational-driven
actual,2025-10,C4,SH-EVEN-02,RESIN COMPOUND,usd,17066.0,17840.0,774.0,cu,Yield/Scrap Rate Increase,Operational-driven
actual,2024-11,C5,SH-CATC-D01,PANEL BOTTOM AS,domestic,113259.0,117575.0,4316.0,cu,Raw Material Price Increase,Market-driven
actual,2024-12,C5,SH-CATC-D01,PANEL BOTTOM AS,domestic,117575.0,123830.0,6255.0,cu,Engineering Change / Spec Upgrade,Engineering-driven
actual,2025-01,C5,SH-CATC-D01,PANEL BOTTOM AS,domestic,123830.0,131027.0,7197.0,cu,Raw Material Price Increase,Market-driven
actual,2025-02,C5,SH-CATC-D01,PANEL BOTTOM AS,domestic,131027.0,135944.0,4917.0,cu,Supplier Change (Higher Cost Source),Market-driven
actual,2025-03,C5,SH-CATC-D01,PANEL BOTTOM AS,domestic,135944.0,140792.0,4848.0,cu,Supplier Change (Higher Cost Source),Market-driven
actual,2025-04,C5,SH-CATC-D01,PANEL BOTTOM AS,domestic,140792.0,146719.0,5927.0,cu,Supplier Change (Higher Cost Source),Market-driven
actual,2025-05,C5,SH-CATC-D01,PANEL BOTTOM AS,domestic,146719.0,149425.0,2706.0,cu,Engineering Change / Spec Upgrade,Engineering-driven
actual,2025-06,C5,SH-CATC-D01,PANEL BOTTOM AS,domestic,149425.0,149425.0,0.0,,,
actual,2025-07,C5,SH-CATC-D01,PANEL BOTTOM AS,domestic,149425.0,158391.0,8966.0,cu,Supplier Change (Higher Cost Source),Market-driven
actual,2025-08,C5,SH-CATC-D01,PANEL BOTTOM AS,domestic,158391.0,158391.0,0.0,,,
actual,2025-09,C5,SH-CATC-D01,PANEL BOTTOM AS,domestic,158391.0,162463.0,4072.0,cu,Engineering Change / Spec Upgrade,Engineering-driven
actual,2025-10,C5,SH-CATC-D01,PANEL BOTTOM AS,domestic,162463.0,169935.0,7472.0,cu,Yield/Scrap Rate Increase,Operational-driven
actual,2024-11,C5,SH-CATC-U01,CONNECTOR HOUSING,usd,54607.0,49301.0,-5306.0,cr,Localization / Local Sourcing,Operational-driven
actual,2024-12,C5,SH-CATC-U01,CONNECTOR HOUSING,usd,49301.0,49301.0,0.0,,,
actual,2025-01,C5,SH-CATC-U01,CONNECTOR HOUSING,usd,49301.0,51111.0,1810.0,cu,Logistics/Freight Cost Increase,Market-driven
actual,2025-02,C5,SH-CATC-U01,CONNECTOR HOUSING,usd,51111.0,46616.0,-4495.0,cr,VA/VE Improvement,Engineering-driven
actual,2025-03,C5,SH-CATC-U01,CONNECTOR HOUSING,usd,46616.0,53397.0,6781.0,cu,Supplier Change (Higher Cost Source),Market-driven
actual,2025-04,C5,SH-CATC-U01,CONNECTOR HOUSING,usd,53397.0,52302.0,-1095.0,cr,Localization / Local Sourcing,Operational-driven
actual,2025-05,C5,SH-CATC-U01,CONNECTOR HOUSING,usd,52302.0,53561.0,1259.0,cu,Yield/Scrap Rate Increase,Operational-driven
actual,2025-06,C5,SH-CATC-U01,CONNECTOR HOUSING,usd,53561.0,48529.0,-5032.0,cr,Process Improvement (Yield Up),Operational-driven
actual,2025-07,C5,SH-CATC-U01,CONNECTOR HOUSING,usd,48529.0,50779.0,2250.0,cu,Logistics/Freight Cost Increase,Market-driven
actual,2025-08,C5,SH-CATC-U01,CONNECTOR HOUSING,usd,50779.0,56157.0,5378.0,cu,Engineering Change / Spec Upgrade,Engineering-driven
actual,2025-09,C5,SH-CATC-U01,CONNECTOR HOUSING,usd,56157.0,55454.0,-703.0,cr,Process Improvement (Yield Up),Operational-driven
actual,2025-10,C5,SH-CATC-U01,CONNECTOR HOUSING,usd,55454.0,52485.0,-2969.0,cr,Supplier Negotiation,Operational-driven
actual,2024-11,C5,SH-IDX05,PRECISION GEAR,jpy,152329.0,143614.0,-8715.0,cr,Alternative Material Substitution,Engineering-driven
actual,2024-12,C5,SH-IDX05,PRECISION GEAR,jpy,143614.0,137648.0,-5966.0,cr,Alternative Material Substitution,Engineering-driven
actual,2025-01,C5,SH-IDX05,PRECISION GEAR,jpy,137648.0,135933.0,-1715.0,cr,Process Improvement (Yield Up),Operational-driven
actual,2025-02,C5,SH-IDX05,PRECISION GEAR,jpy,135933.0,143085.0,7152.0,cu,Yield/Scrap Rate Increase,Operational-driven
actual,2025-03,C5,SH-IDX05,PRECISION GEAR,jpy,143085.0,137632.0,-5453.0,cr,Alternative Material Substitution,Engineering-driven
actual,2025-04,C5,SH-IDX05,PRECISION GEAR,jpy,137632.0,132088.0,-5544.0,cr,Localization / Local Sourcing,Operational-driven
actual,2025-05,C5,SH-IDX05,PRECISION GEAR,jpy,132088.0,128385.0,-3703.0,cr,Process Improvement (Yield Up),Operational-driven
actual,2025-06,C5,SH-IDX05,PRECISION GEAR,jpy,128385.0,128385.0,0.0,,,
actual,2025-07,C5,SH-IDX05,PRECISION GEAR,jpy,128385.0,124087.0,-4298.0,cr,Localization / Local Sourcing,Operational-driven
actual,2025-08,C5,SH-IDX05,PRECISION GEAR,jpy,124087.0,129958.0,5871.0,cu,Yield/Scrap Rate Increase,Operational-driven
actual,2025-09,C5,SH-IDX05,PRECISION GEAR,jpy,129958.0,126447.0,-3511.0,cr,Process Improvement (Yield Up),Operational-driven
actual,2025-10,C5,SH-IDX05,PRECISION GEAR,jpy,126447.0,129729.0,3282.0,cu,Raw Material Price Increase,Market-driven
actual,2024-11,C5,UQ-C5-01,PANEL FRONT AS,domestic,365206.0,357720.0,-7486.0,cr,VA/VE Improvement,Engineering-driven
actual,2024-12,C5,UQ-C5-01,PANEL FRONT AS,domestic,357720.0,365652.0,7932.0,cu,Engineering Change / Spec Upgrade,Engineering-driven
actual,2025-01,C5,UQ-C5-01,PANEL FRONT AS,domestic,365652.0,340606.0,-25046.0,cr,Alternative Material Substitution,Engineering-driven
actual,2025-02,C5,UQ-C5-01,PANEL FRONT AS,domestic,340606.0,340606.0,0.0,,,
actual,2025-03,C5,UQ-C5-01,PANEL FRONT AS,domestic,340606.0,328696.0,-11910.0,cr,VA/VE Improvement,Engineering-driven
actual,2025-04,C5,UQ-C5-01,PANEL FRONT AS,domestic,328696.0,331412.0,2716.0,cu,Engineering Change / Spec Upgrade,Engineering-driven
actual,2025-05,C5,UQ-C5-01,PANEL FRONT AS,domestic,331412.0,319620.0,-11792.0,cr,Alternative Material Substitution,Engineering-driven
actual,2025-06,C5,UQ-C5-01,PANEL FRONT AS,domestic,319620.0,306521.0,-13099.0,cr,Localization / Local Sourcing,Operational-driven
actual,2025-07,C5,UQ-C5-01,PANEL FRONT AS,domestic,306521.0,306521.0,0.0,,,
actual,2025-08,C5,UQ-C5-01,PANEL FRONT AS,domestic,306521.0,306521.0,0.0,,,
actual,2025-09,C5,UQ-C5-01,PANEL FRONT AS,domestic,306521.0,295635.0,-10886.0,cr,Alternative Material Substitution,Engineering-driven
actual,2025-10,C5,UQ-C5-01,PANEL FRONT AS,domestic,295635.0,289869.0,-5766.0,cr,Supplier Negotiation,Operational-driven
actual,2024-11,C5,UQ-C5-02,BRACKET SUPPORT,domestic,404942.0,393349.0,-11593.0,cr,Supplier Negotiation,Operational-driven
actual,2024-12,C5,UQ-C5-02,BRACKET SUPPORT,domestic,393349.0,393349.0,0.0,,,
actual,2025-01,C5,UQ-C5-02,BRACKET SUPPORT,domestic,393349.0,393349.0,0.0,,,
actual,2025-02,C5,UQ-C5-02,BRACKET SUPPORT,domestic,393349.0,370227.0,-23122.0,cr,Localization / Local Sourcing,Operational-driven
actual,2025-03,C5,UQ-C5-02,BRACKET SUPPORT,domestic,370227.0,405484.0,35257.0,cu,Logistics/Freight Cost Increase,Market-driven
actual,2025-04,C5,UQ-C5-02,BRACKET SUPPORT,domestic,405484.0,449877.0,44393.0,cu,Yield/Scrap Rate Increase,Operational-driven
actual,2025-05,C5,UQ-C5-02,BRACKET SUPPORT,domestic,449877.0,449877.0,0.0,,,
actual,2025-06,C5,UQ-C5-02,BRACKET SUPPORT,domestic,449877.0,488317.0,38440.0,cu,Engineering Change / Spec Upgrade,Engineering-driven
actual,2025-07,C5,UQ-C5-02,BRACKET SUPPORT,domestic,488317.0,467700.0,-20617.0,cr,VA/VE Improvement,Engineering-driven
actual,2025-08,C5,UQ-C5-02,BRACKET SUPPORT,domestic,467700.0,522355.0,54655.0,cu,Raw Material Price Increase,Market-driven
actual,2025-09,C5,UQ-C5-02,BRACKET SUPPORT,domestic,522355.0,539580.0,17225.0,cu,Yield/Scrap Rate Increase,Operational-driven
actual,2025-10,C5,UQ-C5-02,BRACKET SUPPORT,domestic,539580.0,489309.0,-50271.0,cr,Supplier Negotiation,Operational-driven
actual,2024-11,C5,UQ-C5-03,IC CHIP CONTROL,usd,1098385.0,1141856.0,43471.0,cu,Yield/Scrap Rate Increase,Operational-driven
actual,2024-12,C5,UQ-C5-03,IC CHIP CONTROL,usd,1141856.0,1186760.0,44904.0,cu,Yield/Scrap Rate Increase,Operational-driven
actual,2025-01,C5,UQ-C5-03,IC CHIP CONTROL,usd,1186760.0,1207556.0,20796.0,cu,Logistics/Freight Cost Increase,Market-driven
actual,2025-02,C5,UQ-C5-03,IC CHIP CONTROL,usd,1207556.0,1182521.0,-25035.0,cr,Process Improvement (Yield Up),Operational-driven
actual,2025-03,C5,UQ-C5-03,IC CHIP CONTROL,usd,1182521.0,1239523.0,57002.0,cu,Raw Material Price Increase,Market-driven
actual,2025-04,C5,UQ-C5-03,IC CHIP CONTROL,usd,1239523.0,1239523.0,0.0,,,
actual,2025-05,C5,UQ-C5-03,IC CHIP CONTROL,usd,1239523.0,1218416.0,-21107.0,cr,Alternative Material Substitution,Engineering-driven
actual,2025-06,C5,UQ-C5-03,IC CHIP CONTROL,usd,1218416.0,1195352.0,-23064.0,cr,Supplier Negotiation,Operational-driven
actual,2025-07,C5,UQ-C5-03,IC CHIP CONTROL,usd,1195352.0,1145482.0,-49870.0,cr,VA/VE Improvement,Engineering-driven
actual,2025-08,C5,UQ-C5-03,IC CHIP CONTROL,usd,1145482.0,1161908.0,16426.0,cu,Engineering Change / Spec Upgrade,Engineering-driven
actual,2025-09,C5,UQ-C5-03,IC CHIP CONTROL,usd,1161908.0,1110908.0,-51000.0,cr,Localization / Local Sourcing,Operational-driven
actual,2025-10,C5,UQ-C5-03,IC CHIP CONTROL,usd,1110908.0,1047353.0,-63555.0,cr,Localization / Local Sourcing,Operational-driven
actual,2024-11,C5,UQ-C5-04,MOTOR UNIT,jpy,391977.0,388790.0,-3187.0,cr,VA/VE Improvement,Engineering-driven
actual,2024-12,C5,UQ-C5-04,MOTOR UNIT,jpy,388790.0,400996.0,12206.0,cu,Supplier Change (Higher Cost Source),Market-driven
actual,2025-01,C5,UQ-C5-04,MOTOR UNIT,jpy,400996.0,388774.0,-12222.0,cr,VA/VE Improvement,Engineering-driven
actual,2025-02,C5,UQ-C5-04,MOTOR UNIT,jpy,388774.0,399795.0,11021.0,cu,Logistics/Freight Cost Increase,Market-driven
actual,2025-03,C5,UQ-C5-04,MOTOR UNIT,jpy,399795.0,383415.0,-16380.0,cr,Process Improvement (Yield Up),Operational-driven
actual,2025-04,C5,UQ-C5-04,MOTOR UNIT,jpy,383415.0,365030.0,-18385.0,cr,Alternative Material Substitution,Engineering-driven
actual,2025-05,C5,UQ-C5-04,MOTOR UNIT,jpy,365030.0,365030.0,0.0,,,
actual,2025-06,C5,UQ-C5-04,MOTOR UNIT,jpy,365030.0,371220.0,6190.0,cu,Supplier Change (Higher Cost Source),Market-driven
actual,2025-07,C5,UQ-C5-04,MOTOR UNIT,jpy,371220.0,371220.0,0.0,,,
actual,2025-08,C5,UQ-C5-04,MOTOR UNIT,jpy,371220.0,364260.0,-6960.0,cr,VA/VE Improvement,Engineering-driven
actual,2025-09,C5,UQ-C5-04,MOTOR UNIT,jpy,364260.0,382960.0,18700.0,cu,Yield/Scrap Rate Increase,Operational-driven
actual,2025-10,C5,UQ-C5-04,MOTOR UNIT,jpy,382960.0,376437.0,-6523.0,cr,VA/VE Improvement,Engineering-driven
actual,2024-11,C5,UQ-C5-05,SENSOR MODULE,jpy,272530.0,262603.0,-9927.0,cr,Localization / Local Sourcing,Operational-driven
actual,2024-12,C5,UQ-C5-05,SENSOR MODULE,jpy,262603.0,251117.0,-11486.0,cr,Localization / Local Sourcing,Operational-driven
actual,2025-01,C5,UQ-C5-05,SENSOR MODULE,jpy,251117.0,255788.0,4671.0,cu,Yield/Scrap Rate Increase,Operational-driven
actual,2025-02,C5,UQ-C5-05,SENSOR MODULE,jpy,255788.0,255788.0,0.0,,,
actual,2025-03,C5,UQ-C5-05,SENSOR MODULE,jpy,255788.0,266034.0,10246.0,cu,Raw Material Price Increase,Market-driven
actual,2025-04,C5,UQ-C5-05,SENSOR MODULE,jpy,266034.0,284309.0,18275.0,cu,Supplier Change (Higher Cost Source),Market-driven
actual,2025-05,C5,UQ-C5-05,SENSOR MODULE,jpy,284309.0,278955.0,-5354.0,cr,VA/VE Improvement,Engineering-driven
actual,2025-06,C5,UQ-C5-05,SENSOR MODULE,jpy,278955.0,288062.0,9107.0,cu,Raw Material Price Increase,Market-driven
actual,2025-07,C5,UQ-C5-05,SENSOR MODULE,jpy,288062.0,291695.0,3633.0,cu,Logistics/Freight Cost Increase,Market-driven
actual,2025-08,C5,UQ-C5-05,SENSOR MODULE,jpy,291695.0,304310.0,12615.0,cu,Logistics/Freight Cost Increase,Market-driven
actual,2025-09,C5,UQ-C5-05,SENSOR MODULE,jpy,304310.0,304310.0,0.0,,,
actual,2025-10,C5,UQ-C5-05,SENSOR MODULE,jpy,304310.0,291536.0,-12774.0,cr,Process Improvement (Yield Up),Operational-driven
actual,2024-11,C6,SH-CATC-D01,PANEL BOTTOM AS,domestic,113259.0,117575.0,4316.0,cu,Raw Material Price Increase,Market-driven
actual,2024-12,C6,SH-CATC-D01,PANEL BOTTOM AS,domestic,117575.0,123830.0,6255.0,cu,Engineering Change / Spec Upgrade,Engineering-driven
actual,2025-01,C6,SH-CATC-D01,PANEL BOTTOM AS,domestic,123830.0,131027.0,7197.0,cu,Raw Material Price Increase,Market-driven
actual,2025-02,C6,SH-CATC-D01,PANEL BOTTOM AS,domestic,131027.0,135944.0,4917.0,cu,Supplier Change (Higher Cost Source),Market-driven
actual,2025-03,C6,SH-CATC-D01,PANEL BOTTOM AS,domestic,135944.0,140792.0,4848.0,cu,Supplier Change (Higher Cost Source),Market-driven
actual,2025-04,C6,SH-CATC-D01,PANEL BOTTOM AS,domestic,140792.0,146719.0,5927.0,cu,Supplier Change (Higher Cost Source),Market-driven
actual,2025-05,C6,SH-CATC-D01,PANEL BOTTOM AS,domestic,146719.0,149425.0,2706.0,cu,Engineering Change / Spec Upgrade,Engineering-driven
actual,2025-06,C6,SH-CATC-D01,PANEL BOTTOM AS,domestic,149425.0,149425.0,0.0,,,
actual,2025-07,C6,SH-CATC-D01,PANEL BOTTOM AS,domestic,149425.0,158391.0,8966.0,cu,Supplier Change (Higher Cost Source),Market-driven
actual,2025-08,C6,SH-CATC-D01,PANEL BOTTOM AS,domestic,158391.0,158391.0,0.0,,,
actual,2025-09,C6,SH-CATC-D01,PANEL BOTTOM AS,domestic,158391.0,162463.0,4072.0,cu,Engineering Change / Spec Upgrade,Engineering-driven
actual,2025-10,C6,SH-CATC-D01,PANEL BOTTOM AS,domestic,162463.0,169935.0,7472.0,cu,Yield/Scrap Rate Increase,Operational-driven
actual,2024-11,C6,SH-CATC-U01,CONNECTOR HOUSING,usd,54607.0,49301.0,-5306.0,cr,Localization / Local Sourcing,Operational-driven
actual,2024-12,C6,SH-CATC-U01,CONNECTOR HOUSING,usd,49301.0,49301.0,0.0,,,
actual,2025-01,C6,SH-CATC-U01,CONNECTOR HOUSING,usd,49301.0,51111.0,1810.0,cu,Logistics/Freight Cost Increase,Market-driven
actual,2025-02,C6,SH-CATC-U01,CONNECTOR HOUSING,usd,51111.0,46616.0,-4495.0,cr,VA/VE Improvement,Engineering-driven
actual,2025-03,C6,SH-CATC-U01,CONNECTOR HOUSING,usd,46616.0,53397.0,6781.0,cu,Supplier Change (Higher Cost Source),Market-driven
actual,2025-04,C6,SH-CATC-U01,CONNECTOR HOUSING,usd,53397.0,52302.0,-1095.0,cr,Localization / Local Sourcing,Operational-driven
actual,2025-05,C6,SH-CATC-U01,CONNECTOR HOUSING,usd,52302.0,53561.0,1259.0,cu,Yield/Scrap Rate Increase,Operational-driven
actual,2025-06,C6,SH-CATC-U01,CONNECTOR HOUSING,usd,53561.0,48529.0,-5032.0,cr,Process Improvement (Yield Up),Operational-driven
actual,2025-07,C6,SH-CATC-U01,CONNECTOR HOUSING,usd,48529.0,50779.0,2250.0,cu,Logistics/Freight Cost Increase,Market-driven
actual,2025-08,C6,SH-CATC-U01,CONNECTOR HOUSING,usd,50779.0,56157.0,5378.0,cu,Engineering Change / Spec Upgrade,Engineering-driven
actual,2025-09,C6,SH-CATC-U01,CONNECTOR HOUSING,usd,56157.0,55454.0,-703.0,cr,Process Improvement (Yield Up),Operational-driven
actual,2025-10,C6,SH-CATC-U01,CONNECTOR HOUSING,usd,55454.0,52485.0,-2969.0,cr,Supplier Negotiation,Operational-driven
actual,2024-11,C6,SH-IDX06,PRECISION GEAR,jpy,48576.0,48576.0,0.0,,,
actual,2024-12,C6,SH-IDX06,PRECISION GEAR,jpy,48576.0,51623.0,3047.0,cu,Supplier Change (Higher Cost Source),Market-driven
actual,2025-01,C6,SH-IDX06,PRECISION GEAR,jpy,51623.0,49518.0,-2105.0,cr,Localization / Local Sourcing,Operational-driven
actual,2025-02,C6,SH-IDX06,PRECISION GEAR,jpy,49518.0,49518.0,0.0,,,
actual,2025-03,C6,SH-IDX06,PRECISION GEAR,jpy,49518.0,49518.0,0.0,,,
actual,2025-04,C6,SH-IDX06,PRECISION GEAR,jpy,49518.0,48049.0,-1469.0,cr,Alternative Material Substitution,Engineering-driven
actual,2025-05,C6,SH-IDX06,PRECISION GEAR,jpy,48049.0,45806.0,-2243.0,cr,Localization / Local Sourcing,Operational-driven
actual,2025-06,C6,SH-IDX06,PRECISION GEAR,jpy,45806.0,46381.0,575.0,cu,Supplier Change (Higher Cost Source),Market-driven
actual,2025-07,C6,SH-IDX06,PRECISION GEAR,jpy,46381.0,46381.0,0.0,,,
actual,2025-08,C6,SH-IDX06,PRECISION GEAR,jpy,46381.0,45806.0,-575.0,cr,Process Improvement (Yield Up),Operational-driven
actual,2025-09,C6,SH-IDX06,PRECISION GEAR,jpy,45806.0,43277.0,-2529.0,cr,Supplier Negotiation,Operational-driven
actual,2025-10,C6,SH-IDX06,PRECISION GEAR,jpy,43277.0,43881.0,604.0,cu,Supplier Change (Higher Cost Source),Market-driven
actual,2024-11,C6,UQ-C6-01,PANEL FRONT AS,domestic,666129.0,654320.0,-11809.0,cr,Alternative Material Substitution,Engineering-driven
actual,2024-12,C6,UQ-C6-01,PANEL FRONT AS,domestic,654320.0,637663.0,-16657.0,cr,Localization / Local Sourcing,Operational-driven
actual,2025-01,C6,UQ-C6-01,PANEL FRONT AS,domestic,637663.0,642134.0,4471.0,cu,Raw Material Price Increase,Market-driven
actual,2025-02,C6,UQ-C6-01,PANEL FRONT AS,domestic,642134.0,642134.0,0.0,,,
actual,2025-03,C6,UQ-C6-01,PANEL FRONT AS,domestic,642134.0,613338.0,-28796.0,cr,Process Improvement (Yield Up),Operational-driven
actual,2025-04,C6,UQ-C6-01,PANEL FRONT AS,domestic,613338.0,589255.0,-24083.0,cr,Supplier Negotiation,Operational-driven
actual,2025-05,C6,UQ-C6-01,PANEL FRONT AS,domestic,589255.0,577037.0,-12218.0,cr,VA/VE Improvement,Engineering-driven
actual,2025-06,C6,UQ-C6-01,PANEL FRONT AS,domestic,577037.0,597199.0,20162.0,cu,Supplier Change (Higher Cost Source),Market-driven
actual,2025-07,C6,UQ-C6-01,PANEL FRONT AS,domestic,597199.0,631402.0,34203.0,cu,Yield/Scrap Rate Increase,Operational-driven
actual,2025-08,C6,UQ-C6-01,PANEL FRONT AS,domestic,631402.0,627969.0,-3433.0,cr,Localization / Local Sourcing,Operational-driven
actual,2025-09,C6,UQ-C6-01,PANEL FRONT AS,domestic,627969.0,616837.0,-11132.0,cr,VA/VE Improvement,Engineering-driven
actual,2025-10,C6,UQ-C6-01,PANEL FRONT AS,domestic,616837.0,643542.0,26705.0,cu,Supplier Change (Higher Cost Source),Market-driven
actual,2024-11,C6,UQ-C6-02,BRACKET SUPPORT,domestic,569051.0,581415.0,12364.0,cu,Raw Material Price Increase,Market-driven
actual,2024-12,C6,UQ-C6-02,BRACKET SUPPORT,domestic,581415.0,551235.0,-30180.0,cr,Process Improvement (Yield Up),Operational-driven
actual,2025-01,C6,UQ-C6-02,BRACKET SUPPORT,domestic,551235.0,568504.0,17269.0,cu,Raw Material Price Increase,Market-driven
actual,2025-02,C6,UQ-C6-02,BRACKET SUPPORT,domestic,568504.0,546171.0,-22333.0,cr,Localization / Local Sourcing,Operational-driven
actual,2025-03,C6,UQ-C6-02,BRACKET SUPPORT,domestic,546171.0,554989.0,8818.0,cu,Yield/Scrap Rate Increase,Operational-driven
actual,2025-04,C6,UQ-C6-02,BRACKET SUPPORT,domestic,554989.0,554989.0,0.0,,,
actual,2025-05,C6,UQ-C6-02,BRACKET SUPPORT,domestic,554989.0,527966.0,-27023.0,cr,Process Improvement (Yield Up),Operational-driven
actual,2025-06,C6,UQ-C6-02,BRACKET SUPPORT,domestic,527966.0,501407.0,-26559.0,cr,Process Improvement (Yield Up),Operational-driven
actual,2025-07,C6,UQ-C6-02,BRACKET SUPPORT,domestic,501407.0,498019.0,-3388.0,cr,Localization / Local Sourcing,Operational-driven
actual,2025-08,C6,UQ-C6-02,BRACKET SUPPORT,domestic,498019.0,494059.0,-3960.0,cr,VA/VE Improvement,Engineering-driven
actual,2025-09,C6,UQ-C6-02,BRACKET SUPPORT,domestic,494059.0,494059.0,0.0,,,
actual,2025-10,C6,UQ-C6-02,BRACKET SUPPORT,domestic,494059.0,476587.0,-17472.0,cr,Localization / Local Sourcing,Operational-driven
actual,2024-11,C6,UQ-C6-03,IC CHIP CONTROL,usd,740599.0,760676.0,20077.0,cu,Logistics/Freight Cost Increase,Market-driven
actual,2024-12,C6,UQ-C6-03,IC CHIP CONTROL,usd,760676.0,765550.0,4874.0,cu,Yield/Scrap Rate Increase,Operational-driven
actual,2025-01,C6,UQ-C6-03,IC CHIP CONTROL,usd,765550.0,805346.0,39796.0,cu,Raw Material Price Increase,Market-driven
actual,2025-02,C6,UQ-C6-03,IC CHIP CONTROL,usd,805346.0,794256.0,-11090.0,cr,Localization / Local Sourcing,Operational-driven
actual,2025-03,C6,UQ-C6-03,IC CHIP CONTROL,usd,794256.0,812771.0,18515.0,cu,Engineering Change / Spec Upgrade,Engineering-driven
actual,2025-04,C6,UQ-C6-03,IC CHIP CONTROL,usd,812771.0,781977.0,-30794.0,cr,Supplier Negotiation,Operational-driven
actual,2025-05,C6,UQ-C6-03,IC CHIP CONTROL,usd,781977.0,781977.0,0.0,,,
actual,2025-06,C6,UQ-C6-03,IC CHIP CONTROL,usd,781977.0,753007.0,-28970.0,cr,Process Improvement (Yield Up),Operational-driven
actual,2025-07,C6,UQ-C6-03,IC CHIP CONTROL,usd,753007.0,748940.0,-4067.0,cr,Alternative Material Substitution,Engineering-driven
actual,2025-08,C6,UQ-C6-03,IC CHIP CONTROL,usd,748940.0,748940.0,0.0,,,
actual,2025-09,C6,UQ-C6-03,IC CHIP CONTROL,usd,748940.0,757748.0,8808.0,cu,Raw Material Price Increase,Market-driven
actual,2025-10,C6,UQ-C6-03,IC CHIP CONTROL,usd,757748.0,727776.0,-29972.0,cr,VA/VE Improvement,Engineering-driven
actual,2024-11,C6,UQ-C6-04,MOTOR UNIT,jpy,126591.0,122119.0,-4472.0,cr,Alternative Material Substitution,Engineering-driven
actual,2024-12,C6,UQ-C6-04,MOTOR UNIT,jpy,122119.0,127006.0,4887.0,cu,Supplier Change (Higher Cost Source),Market-driven
actual,2025-01,C6,UQ-C6-04,MOTOR UNIT,jpy,127006.0,122609.0,-4397.0,cr,Localization / Local Sourcing,Operational-driven
actual,2025-02,C6,UQ-C6-04,MOTOR UNIT,jpy,122609.0,115496.0,-7113.0,cr,Alternative Material Substitution,Engineering-driven
actual,2025-03,C6,UQ-C6-04,MOTOR UNIT,jpy,115496.0,116958.0,1462.0,cu,Supplier Change (Higher Cost Source),Market-driven
actual,2025-04,C6,UQ-C6-04,MOTOR UNIT,jpy,116958.0,112369.0,-4589.0,cr,Localization / Local Sourcing,Operational-driven
actual,2025-05,C6,UQ-C6-04,MOTOR UNIT,jpy,112369.0,107970.0,-4399.0,cr,Localization / Local Sourcing,Operational-driven
actual,2025-06,C6,UQ-C6-04,MOTOR UNIT,jpy,107970.0,107970.0,0.0,,,
actual,2025-07,C6,UQ-C6-04,MOTOR UNIT,jpy,107970.0,107970.0,0.0,,,
actual,2025-08,C6,UQ-C6-04,MOTOR UNIT,jpy,107970.0,105343.0,-2627.0,cr,Localization / Local Sourcing,Operational-driven
actual,2025-09,C6,UQ-C6-04,MOTOR UNIT,jpy,105343.0,108567.0,3224.0,cu,Logistics/Freight Cost Increase,Market-driven
actual,2025-10,C6,UQ-C6-04,MOTOR UNIT,jpy,108567.0,116008.0,7441.0,cu,Yield/Scrap Rate Increase,Operational-driven
actual,2024-11,C6,UQ-C6-05,SENSOR MODULE,jpy,122585.0,125988.0,3403.0,cu,Engineering Change / Spec Upgrade,Engineering-driven
actual,2024-12,C6,UQ-C6-05,SENSOR MODULE,jpy,125988.0,119874.0,-6114.0,cr,Process Improvement (Yield Up),Operational-driven
actual,2025-01,C6,UQ-C6-05,SENSOR MODULE,jpy,119874.0,122821.0,2947.0,cu,Logistics/Freight Cost Increase,Market-driven
actual,2025-02,C6,UQ-C6-05,SENSOR MODULE,jpy,122821.0,129216.0,6395.0,cu,Engineering Change / Spec Upgrade,Engineering-driven
actual,2025-03,C6,UQ-C6-05,SENSOR MODULE,jpy,129216.0,132977.0,3761.0,cu,Raw Material Price Increase,Market-driven
actual,2025-04,C6,UQ-C6-05,SENSOR MODULE,jpy,132977.0,132977.0,0.0,,,
actual,2025-05,C6,UQ-C6-05,SENSOR MODULE,jpy,132977.0,134059.0,1082.0,cu,Yield/Scrap Rate Increase,Operational-driven
actual,2025-06,C6,UQ-C6-05,SENSOR MODULE,jpy,134059.0,134059.0,0.0,,,
actual,2025-07,C6,UQ-C6-05,SENSOR MODULE,jpy,134059.0,134059.0,0.0,,,
actual,2025-08,C6,UQ-C6-05,SENSOR MODULE,jpy,134059.0,124532.0,-9527.0,cr,Process Improvement (Yield Up),Operational-driven
actual,2025-09,C6,UQ-C6-05,SENSOR MODULE,jpy,124532.0,130225.0,5693.0,cu,Engineering Change / Spec Upgrade,Engineering-driven
actual,2025-10,C6,UQ-C6-05,SENSOR MODULE,jpy,130225.0,133046.0,2821.0,cu,Logistics/Freight Cost Increase,Market-driven
actual,2024-11,C6,SH-EVEN-01,TAPE PU-F,domestic,70295.0,67819.0,-2476.0,cr,Localization / Local Sourcing,Operational-driven
actual,2024-12,C6,SH-EVEN-01,TAPE PU-F,domestic,67819.0,68361.0,542.0,cu,Engineering Change / Spec Upgrade,Engineering-driven
actual,2025-01,C6,SH-EVEN-01,TAPE PU-F,domestic,68361.0,67771.0,-590.0,cr,Localization / Local Sourcing,Operational-driven
actual,2025-02,C6,SH-EVEN-01,TAPE PU-F,domestic,67771.0,70908.0,3137.0,cu,Logistics/Freight Cost Increase,Market-driven
actual,2025-03,C6,SH-EVEN-01,TAPE PU-F,domestic,70908.0,70908.0,0.0,,,
actual,2025-04,C6,SH-EVEN-01,TAPE PU-F,domestic,70908.0,67971.0,-2937.0,cr,Localization / Local Sourcing,Operational-driven
actual,2025-05,C6,SH-EVEN-01,TAPE PU-F,domestic,67971.0,70882.0,2911.0,cu,Logistics/Freight Cost Increase,Market-driven
actual,2025-06,C6,SH-EVEN-01,TAPE PU-F,domestic,70882.0,70015.0,-867.0,cr,Process Improvement (Yield Up),Operational-driven
actual,2025-07,C6,SH-EVEN-01,TAPE PU-F,domestic,70015.0,71263.0,1248.0,cu,Yield/Scrap Rate Increase,Operational-driven
actual,2025-08,C6,SH-EVEN-01,TAPE PU-F,domestic,71263.0,71263.0,0.0,,,
actual,2025-09,C6,SH-EVEN-01,TAPE PU-F,domestic,71263.0,69379.0,-1884.0,cr,Localization / Local Sourcing,Operational-driven
actual,2025-10,C6,SH-EVEN-01,TAPE PU-F,domestic,69379.0,72373.0,2994.0,cu,Logistics/Freight Cost Increase,Market-driven
actual,2024-11,C6,SH-EVEN-02,RESIN COMPOUND,usd,19042.0,19042.0,0.0,,,
actual,2024-12,C6,SH-EVEN-02,RESIN COMPOUND,usd,19042.0,18947.0,-95.0,cr,Supplier Negotiation,Operational-driven
actual,2025-01,C6,SH-EVEN-02,RESIN COMPOUND,usd,18947.0,17907.0,-1040.0,cr,Alternative Material Substitution,Engineering-driven
actual,2025-02,C6,SH-EVEN-02,RESIN COMPOUND,usd,17907.0,18018.0,111.0,cu,Supplier Change (Higher Cost Source),Market-driven
actual,2025-03,C6,SH-EVEN-02,RESIN COMPOUND,usd,18018.0,17275.0,-743.0,cr,Supplier Negotiation,Operational-driven
actual,2025-04,C6,SH-EVEN-02,RESIN COMPOUND,usd,17275.0,16381.0,-894.0,cr,Alternative Material Substitution,Engineering-driven
actual,2025-05,C6,SH-EVEN-02,RESIN COMPOUND,usd,16381.0,16909.0,528.0,cu,Supplier Change (Higher Cost Source),Market-driven
actual,2025-06,C6,SH-EVEN-02,RESIN COMPOUND,usd,16909.0,16909.0,0.0,,,
actual,2025-07,C6,SH-EVEN-02,RESIN COMPOUND,usd,16909.0,17621.0,712.0,cu,Raw Material Price Increase,Market-driven
actual,2025-08,C6,SH-EVEN-02,RESIN COMPOUND,usd,17621.0,17621.0,0.0,,,
actual,2025-09,C6,SH-EVEN-02,RESIN COMPOUND,usd,17621.0,17066.0,-555.0,cr,Process Improvement (Yield Up),Operational-driven
actual,2025-10,C6,SH-EVEN-02,RESIN COMPOUND,usd,17066.0,17840.0,774.0,cu,Yield/Scrap Rate Increase,Operational-driven
actual,2024-11,C7,SH-CATC-D01,PANEL BOTTOM AS,domestic,113259.0,117575.0,4316.0,cu,Raw Material Price Increase,Market-driven
actual,2024-12,C7,SH-CATC-D01,PANEL BOTTOM AS,domestic,117575.0,123830.0,6255.0,cu,Engineering Change / Spec Upgrade,Engineering-driven
actual,2025-01,C7,SH-CATC-D01,PANEL BOTTOM AS,domestic,123830.0,131027.0,7197.0,cu,Raw Material Price Increase,Market-driven
actual,2025-02,C7,SH-CATC-D01,PANEL BOTTOM AS,domestic,131027.0,135944.0,4917.0,cu,Supplier Change (Higher Cost Source),Market-driven
actual,2025-03,C7,SH-CATC-D01,PANEL BOTTOM AS,domestic,135944.0,140792.0,4848.0,cu,Supplier Change (Higher Cost Source),Market-driven
actual,2025-04,C7,SH-CATC-D01,PANEL BOTTOM AS,domestic,140792.0,146719.0,5927.0,cu,Supplier Change (Higher Cost Source),Market-driven
actual,2025-05,C7,SH-CATC-D01,PANEL BOTTOM AS,domestic,146719.0,149425.0,2706.0,cu,Engineering Change / Spec Upgrade,Engineering-driven
actual,2025-06,C7,SH-CATC-D01,PANEL BOTTOM AS,domestic,149425.0,149425.0,0.0,,,
actual,2025-07,C7,SH-CATC-D01,PANEL BOTTOM AS,domestic,149425.0,158391.0,8966.0,cu,Supplier Change (Higher Cost Source),Market-driven
actual,2025-08,C7,SH-CATC-D01,PANEL BOTTOM AS,domestic,158391.0,158391.0,0.0,,,
actual,2025-09,C7,SH-CATC-D01,PANEL BOTTOM AS,domestic,158391.0,162463.0,4072.0,cu,Engineering Change / Spec Upgrade,Engineering-driven
actual,2025-10,C7,SH-CATC-D01,PANEL BOTTOM AS,domestic,162463.0,169935.0,7472.0,cu,Yield/Scrap Rate Increase,Operational-driven
actual,2024-11,C7,SH-CATC-U01,CONNECTOR HOUSING,usd,54607.0,49301.0,-5306.0,cr,Localization / Local Sourcing,Operational-driven
actual,2024-12,C7,SH-CATC-U01,CONNECTOR HOUSING,usd,49301.0,49301.0,0.0,,,
actual,2025-01,C7,SH-CATC-U01,CONNECTOR HOUSING,usd,49301.0,51111.0,1810.0,cu,Logistics/Freight Cost Increase,Market-driven
actual,2025-02,C7,SH-CATC-U01,CONNECTOR HOUSING,usd,51111.0,46616.0,-4495.0,cr,VA/VE Improvement,Engineering-driven
actual,2025-03,C7,SH-CATC-U01,CONNECTOR HOUSING,usd,46616.0,53397.0,6781.0,cu,Supplier Change (Higher Cost Source),Market-driven
actual,2025-04,C7,SH-CATC-U01,CONNECTOR HOUSING,usd,53397.0,52302.0,-1095.0,cr,Localization / Local Sourcing,Operational-driven
actual,2025-05,C7,SH-CATC-U01,CONNECTOR HOUSING,usd,52302.0,53561.0,1259.0,cu,Yield/Scrap Rate Increase,Operational-driven
actual,2025-06,C7,SH-CATC-U01,CONNECTOR HOUSING,usd,53561.0,48529.0,-5032.0,cr,Process Improvement (Yield Up),Operational-driven
actual,2025-07,C7,SH-CATC-U01,CONNECTOR HOUSING,usd,48529.0,50779.0,2250.0,cu,Logistics/Freight Cost Increase,Market-driven
actual,2025-08,C7,SH-CATC-U01,CONNECTOR HOUSING,usd,50779.0,56157.0,5378.0,cu,Engineering Change / Spec Upgrade,Engineering-driven
actual,2025-09,C7,SH-CATC-U01,CONNECTOR HOUSING,usd,56157.0,55454.0,-703.0,cr,Process Improvement (Yield Up),Operational-driven
actual,2025-10,C7,SH-CATC-U01,CONNECTOR HOUSING,usd,55454.0,52485.0,-2969.0,cr,Supplier Negotiation,Operational-driven
actual,2024-11,C7,SH-IDX07,PRECISION GEAR,jpy,203264.0,228315.0,25051.0,cu,Raw Material Price Increase,Market-driven
actual,2024-12,C7,SH-IDX07,PRECISION GEAR,jpy,228315.0,228315.0,0.0,,,
actual,2025-01,C7,SH-IDX07,PRECISION GEAR,jpy,228315.0,246238.0,17923.0,cu,Supplier Change (Higher Cost Source),Market-driven
actual,2025-02,C7,SH-IDX07,PRECISION GEAR,jpy,246238.0,225390.0,-20848.0,cr,Process Improvement (Yield Up),Operational-driven
actual,2025-03,C7,SH-IDX07,PRECISION GEAR,jpy,225390.0,201513.0,-23877.0,cr,Process Improvement (Yield Up),Operational-driven
actual,2025-04,C7,SH-IDX07,PRECISION GEAR,jpy,201513.0,198455.0,-3058.0,cr,VA/VE Improvement,Engineering-driven
actual,2025-05,C7,SH-IDX07,PRECISION GEAR,jpy,198455.0,186148.0,-12307.0,cr,Process Improvement (Yield Up),Operational-driven
actual,2025-06,C7,SH-IDX07,PRECISION GEAR,jpy,186148.0,200197.0,14049.0,cu,Supplier Change (Higher Cost Source),Market-driven
actual,2025-07,C7,SH-IDX07,PRECISION GEAR,jpy,200197.0,214555.0,14358.0,cu,Engineering Change / Spec Upgrade,Engineering-driven
actual,2025-08,C7,SH-IDX07,PRECISION GEAR,jpy,214555.0,195462.0,-19093.0,cr,Localization / Local Sourcing,Operational-driven
actual,2025-09,C7,SH-IDX07,PRECISION GEAR,jpy,195462.0,182638.0,-12824.0,cr,Localization / Local Sourcing,Operational-driven
actual,2025-10,C7,SH-IDX07,PRECISION GEAR,jpy,182638.0,196978.0,14340.0,cu,Supplier Change (Higher Cost Source),Market-driven
actual,2024-11,C7,UQ-C7-01,PANEL FRONT AS,domestic,452311.0,459337.0,7026.0,cu,Engineering Change / Spec Upgrade,Engineering-driven
actual,2024-12,C7,UQ-C7-01,PANEL FRONT AS,domestic,459337.0,451825.0,-7512.0,cr,Localization / Local Sourcing,Operational-driven
actual,2025-01,C7,UQ-C7-01,PANEL FRONT AS,domestic,451825.0,466174.0,14349.0,cu,Supplier Change (Higher Cost Source),Market-driven
actual,2025-02,C7,UQ-C7-01,PANEL FRONT AS,domestic,466174.0,466174.0,0.0,,,
actual,2025-03,C7,UQ-C7-01,PANEL FRONT AS,domestic,466174.0,486031.0,19857.0,cu,Engineering Change / Spec Upgrade,Engineering-driven
actual,2025-04,C7,UQ-C7-01,PANEL FRONT AS,domestic,486031.0,505639.0,19608.0,cu,Raw Material Price Increase,Market-driven
actual,2025-05,C7,UQ-C7-01,PANEL FRONT AS,domestic,505639.0,525910.0,20271.0,cu,Supplier Change (Higher Cost Source),Market-driven
actual,2025-06,C7,UQ-C7-01,PANEL FRONT AS,domestic,525910.0,511272.0,-14638.0,cr,Supplier Negotiation,Operational-driven
actual,2025-07,C7,UQ-C7-01,PANEL FRONT AS,domestic,511272.0,511272.0,0.0,,,
actual,2025-08,C7,UQ-C7-01,PANEL FRONT AS,domestic,511272.0,484157.0,-27115.0,cr,Supplier Negotiation,Operational-driven
actual,2025-09,C7,UQ-C7-01,PANEL FRONT AS,domestic,484157.0,456481.0,-27676.0,cr,Supplier Negotiation,Operational-driven
actual,2025-10,C7,UQ-C7-01,PANEL FRONT AS,domestic,456481.0,454152.0,-2329.0,cr,Localization / Local Sourcing,Operational-driven
actual,2024-11,C7,UQ-C7-02,BRACKET SUPPORT,domestic,421773.0,390971.0,-30802.0,cr,Process Improvement (Yield Up),Operational-driven
actual,2024-12,C7,UQ-C7-02,BRACKET SUPPORT,domestic,390971.0,396825.0,5854.0,cu,Engineering Change / Spec Upgrade,Engineering-driven
actual,2025-01,C7,UQ-C7-02,BRACKET SUPPORT,domestic,396825.0,396825.0,0.0,,,
actual,2025-02,C7,UQ-C7-02,BRACKET SUPPORT,domestic,396825.0,396825.0,0.0,,,
actual,2025-03,C7,UQ-C7-02,BRACKET SUPPORT,domestic,396825.0,389429.0,-7396.0,cr,Alternative Material Substitution,Engineering-driven
actual,2025-04,C7,UQ-C7-02,BRACKET SUPPORT,domestic,389429.0,408838.0,19409.0,cu,Supplier Change (Higher Cost Source),Market-driven
actual,2025-05,C7,UQ-C7-02,BRACKET SUPPORT,domestic,408838.0,408838.0,0.0,,,
actual,2025-06,C7,UQ-C7-02,BRACKET SUPPORT,domestic,408838.0,401753.0,-7085.0,cr,Localization / Local Sourcing,Operational-driven
actual,2025-07,C7,UQ-C7-02,BRACKET SUPPORT,domestic,401753.0,401753.0,0.0,,,
actual,2025-08,C7,UQ-C7-02,BRACKET SUPPORT,domestic,401753.0,417704.0,15951.0,cu,Engineering Change / Spec Upgrade,Engineering-driven
actual,2025-09,C7,UQ-C7-02,BRACKET SUPPORT,domestic,417704.0,387279.0,-30425.0,cr,Localization / Local Sourcing,Operational-driven
actual,2025-10,C7,UQ-C7-02,BRACKET SUPPORT,domestic,387279.0,408393.0,21114.0,cu,Engineering Change / Spec Upgrade,Engineering-driven
actual,2024-11,C7,UQ-C7-03,IC CHIP CONTROL,usd,453509.0,460373.0,6864.0,cu,Yield/Scrap Rate Increase,Operational-driven
actual,2024-12,C7,UQ-C7-03,IC CHIP CONTROL,usd,460373.0,470286.0,9913.0,cu,Engineering Change / Spec Upgrade,Engineering-driven
actual,2025-01,C7,UQ-C7-03,IC CHIP CONTROL,usd,470286.0,465683.0,-4603.0,cr,VA/VE Improvement,Engineering-driven
actual,2025-02,C7,UQ-C7-03,IC CHIP CONTROL,usd,465683.0,465683.0,0.0,,,
actual,2025-03,C7,UQ-C7-03,IC CHIP CONTROL,usd,465683.0,465683.0,0.0,,,
actual,2025-04,C7,UQ-C7-03,IC CHIP CONTROL,usd,465683.0,472338.0,6655.0,cu,Yield/Scrap Rate Increase,Operational-driven
actual,2025-05,C7,UQ-C7-03,IC CHIP CONTROL,usd,472338.0,441514.0,-30824.0,cr,Supplier Negotiation,Operational-driven
actual,2025-06,C7,UQ-C7-03,IC CHIP CONTROL,usd,441514.0,410399.0,-31115.0,cr,Supplier Negotiation,Operational-driven
actual,2025-07,C7,UQ-C7-03,IC CHIP CONTROL,usd,410399.0,414911.0,4512.0,cu,Engineering Change / Spec Upgrade,Engineering-driven
actual,2025-08,C7,UQ-C7-03,IC CHIP CONTROL,usd,414911.0,414911.0,0.0,,,
actual,2025-09,C7,UQ-C7-03,IC CHIP CONTROL,usd,414911.0,437831.0,22920.0,cu,Raw Material Price Increase,Market-driven
actual,2025-10,C7,UQ-C7-03,IC CHIP CONTROL,usd,437831.0,449366.0,11535.0,cu,Yield/Scrap Rate Increase,Operational-driven
actual,2024-11,C7,UQ-C7-04,MOTOR UNIT,jpy,353134.0,364597.0,11463.0,cu,Engineering Change / Spec Upgrade,Engineering-driven
actual,2024-12,C7,UQ-C7-04,MOTOR UNIT,jpy,364597.0,384271.0,19674.0,cu,Supplier Change (Higher Cost Source),Market-driven
actual,2025-01,C7,UQ-C7-04,MOTOR UNIT,jpy,384271.0,392287.0,8016.0,cu,Engineering Change / Spec Upgrade,Engineering-driven
actual,2025-02,C7,UQ-C7-04,MOTOR UNIT,jpy,392287.0,388999.0,-3288.0,cr,Process Improvement (Yield Up),Operational-driven
actual,2025-03,C7,UQ-C7-04,MOTOR UNIT,jpy,388999.0,382830.0,-6169.0,cr,Alternative Material Substitution,Engineering-driven
actual,2025-04,C7,UQ-C7-04,MOTOR UNIT,jpy,382830.0,386205.0,3375.0,cu,Supplier Change (Higher Cost Source),Market-driven
actual,2025-05,C7,UQ-C7-04,MOTOR UNIT,jpy,386205.0,376522.0,-9683.0,cr,VA/VE Improvement,Engineering-driven
actual,2025-06,C7,UQ-C7-04,MOTOR UNIT,jpy,376522.0,398919.0,22397.0,cu,Engineering Change / Spec Upgrade,Engineering-driven
actual,2025-07,C7,UQ-C7-04,MOTOR UNIT,jpy,398919.0,398919.0,0.0,,,
actual,2025-08,C7,UQ-C7-04,MOTOR UNIT,jpy,398919.0,387051.0,-11868.0,cr,Supplier Negotiation,Operational-driven
actual,2025-09,C7,UQ-C7-04,MOTOR UNIT,jpy,387051.0,395964.0,8913.0,cu,Logistics/Freight Cost Increase,Market-driven
actual,2025-10,C7,UQ-C7-04,MOTOR UNIT,jpy,395964.0,387070.0,-8894.0,cr,Alternative Material Substitution,Engineering-driven
actual,2024-11,C7,UQ-C7-05,SENSOR MODULE,jpy,294439.0,298745.0,4306.0,cu,Raw Material Price Increase,Market-driven
actual,2024-12,C7,UQ-C7-05,SENSOR MODULE,jpy,298745.0,294511.0,-4234.0,cr,Supplier Negotiation,Operational-driven
actual,2025-01,C7,UQ-C7-05,SENSOR MODULE,jpy,294511.0,283921.0,-10590.0,cr,Alternative Material Substitution,Engineering-driven
actual,2025-02,C7,UQ-C7-05,SENSOR MODULE,jpy,283921.0,292460.0,8539.0,cu,Engineering Change / Spec Upgrade,Engineering-driven
actual,2025-03,C7,UQ-C7-05,SENSOR MODULE,jpy,292460.0,287735.0,-4725.0,cr,Localization / Local Sourcing,Operational-driven
actual,2025-04,C7,UQ-C7-05,SENSOR MODULE,jpy,287735.0,297105.0,9370.0,cu,Yield/Scrap Rate Increase,Operational-driven
actual,2025-05,C7,UQ-C7-05,SENSOR MODULE,jpy,297105.0,299628.0,2523.0,cu,Engineering Change / Spec Upgrade,Engineering-driven
actual,2025-06,C7,UQ-C7-05,SENSOR MODULE,jpy,299628.0,299628.0,0.0,,,
actual,2025-07,C7,UQ-C7-05,SENSOR MODULE,jpy,299628.0,295436.0,-4192.0,cr,Process Improvement (Yield Up),Operational-driven
actual,2025-08,C7,UQ-C7-05,SENSOR MODULE,jpy,295436.0,296935.0,1499.0,cu,Raw Material Price Increase,Market-driven
actual,2025-09,C7,UQ-C7-05,SENSOR MODULE,jpy,296935.0,296935.0,0.0,,,
actual,2025-10,C7,UQ-C7-05,SENSOR MODULE,jpy,296935.0,296935.0,0.0,,,
actual,2024-11,C8,SH-CATC-D01,PANEL BOTTOM AS,domestic,113259.0,117575.0,4316.0,cu,Raw Material Price Increase,Market-driven
actual,2024-12,C8,SH-CATC-D01,PANEL BOTTOM AS,domestic,117575.0,123830.0,6255.0,cu,Engineering Change / Spec Upgrade,Engineering-driven
actual,2025-01,C8,SH-CATC-D01,PANEL BOTTOM AS,domestic,123830.0,131027.0,7197.0,cu,Raw Material Price Increase,Market-driven
actual,2025-02,C8,SH-CATC-D01,PANEL BOTTOM AS,domestic,131027.0,135944.0,4917.0,cu,Supplier Change (Higher Cost Source),Market-driven
actual,2025-03,C8,SH-CATC-D01,PANEL BOTTOM AS,domestic,135944.0,140792.0,4848.0,cu,Supplier Change (Higher Cost Source),Market-driven
actual,2025-04,C8,SH-CATC-D01,PANEL BOTTOM AS,domestic,140792.0,146719.0,5927.0,cu,Supplier Change (Higher Cost Source),Market-driven
actual,2025-05,C8,SH-CATC-D01,PANEL BOTTOM AS,domestic,146719.0,149425.0,2706.0,cu,Engineering Change / Spec Upgrade,Engineering-driven
actual,2025-06,C8,SH-CATC-D01,PANEL BOTTOM AS,domestic,149425.0,149425.0,0.0,,,
actual,2025-07,C8,SH-CATC-D01,PANEL BOTTOM AS,domestic,149425.0,158391.0,8966.0,cu,Supplier Change (Higher Cost Source),Market-driven
actual,2025-08,C8,SH-CATC-D01,PANEL BOTTOM AS,domestic,158391.0,158391.0,0.0,,,
actual,2025-09,C8,SH-CATC-D01,PANEL BOTTOM AS,domestic,158391.0,162463.0,4072.0,cu,Engineering Change / Spec Upgrade,Engineering-driven
actual,2025-10,C8,SH-CATC-D01,PANEL BOTTOM AS,domestic,162463.0,169935.0,7472.0,cu,Yield/Scrap Rate Increase,Operational-driven
actual,2024-11,C8,SH-CATC-U01,CONNECTOR HOUSING,usd,54607.0,49301.0,-5306.0,cr,Localization / Local Sourcing,Operational-driven
actual,2024-12,C8,SH-CATC-U01,CONNECTOR HOUSING,usd,49301.0,49301.0,0.0,,,
actual,2025-01,C8,SH-CATC-U01,CONNECTOR HOUSING,usd,49301.0,51111.0,1810.0,cu,Logistics/Freight Cost Increase,Market-driven
actual,2025-02,C8,SH-CATC-U01,CONNECTOR HOUSING,usd,51111.0,46616.0,-4495.0,cr,VA/VE Improvement,Engineering-driven
actual,2025-03,C8,SH-CATC-U01,CONNECTOR HOUSING,usd,46616.0,53397.0,6781.0,cu,Supplier Change (Higher Cost Source),Market-driven
actual,2025-04,C8,SH-CATC-U01,CONNECTOR HOUSING,usd,53397.0,52302.0,-1095.0,cr,Localization / Local Sourcing,Operational-driven
actual,2025-05,C8,SH-CATC-U01,CONNECTOR HOUSING,usd,52302.0,53561.0,1259.0,cu,Yield/Scrap Rate Increase,Operational-driven
actual,2025-06,C8,SH-CATC-U01,CONNECTOR HOUSING,usd,53561.0,48529.0,-5032.0,cr,Process Improvement (Yield Up),Operational-driven
actual,2025-07,C8,SH-CATC-U01,CONNECTOR HOUSING,usd,48529.0,50779.0,2250.0,cu,Logistics/Freight Cost Increase,Market-driven
actual,2025-08,C8,SH-CATC-U01,CONNECTOR HOUSING,usd,50779.0,56157.0,5378.0,cu,Engineering Change / Spec Upgrade,Engineering-driven
actual,2025-09,C8,SH-CATC-U01,CONNECTOR HOUSING,usd,56157.0,55454.0,-703.0,cr,Process Improvement (Yield Up),Operational-driven
actual,2025-10,C8,SH-CATC-U01,CONNECTOR HOUSING,usd,55454.0,52485.0,-2969.0,cr,Supplier Negotiation,Operational-driven
actual,2024-11,C8,SH-IDX08,PRECISION GEAR,jpy,78230.0,78788.0,558.0,cu,Yield/Scrap Rate Increase,Operational-driven
actual,2024-12,C8,SH-IDX08,PRECISION GEAR,jpy,78788.0,76130.0,-2658.0,cr,Supplier Negotiation,Operational-driven
actual,2025-01,C8,SH-IDX08,PRECISION GEAR,jpy,76130.0,76130.0,0.0,,,
actual,2025-02,C8,SH-IDX08,PRECISION GEAR,jpy,76130.0,76130.0,0.0,,,
actual,2025-03,C8,SH-IDX08,PRECISION GEAR,jpy,76130.0,76964.0,834.0,cu,Raw Material Price Increase,Market-driven
actual,2025-04,C8,SH-IDX08,PRECISION GEAR,jpy,76964.0,76964.0,0.0,,,
actual,2025-05,C8,SH-IDX08,PRECISION GEAR,jpy,76964.0,82309.0,5345.0,cu,Yield/Scrap Rate Increase,Operational-driven
actual,2025-06,C8,SH-IDX08,PRECISION GEAR,jpy,82309.0,82309.0,0.0,,,
actual,2025-07,C8,SH-IDX08,PRECISION GEAR,jpy,82309.0,88270.0,5961.0,cu,Supplier Change (Higher Cost Source),Market-driven
actual,2025-08,C8,SH-IDX08,PRECISION GEAR,jpy,88270.0,85906.0,-2364.0,cr,VA/VE Improvement,Engineering-driven
actual,2025-09,C8,SH-IDX08,PRECISION GEAR,jpy,85906.0,87325.0,1419.0,cu,Logistics/Freight Cost Increase,Market-driven
actual,2025-10,C8,SH-IDX08,PRECISION GEAR,jpy,87325.0,90953.0,3628.0,cu,Yield/Scrap Rate Increase,Operational-driven
actual,2024-11,C8,UQ-C8-01,PANEL FRONT AS,domestic,863128.0,817825.0,-45303.0,cr,Process Improvement (Yield Up),Operational-driven
actual,2024-12,C8,UQ-C8-01,PANEL FRONT AS,domestic,817825.0,833749.0,15924.0,cu,Engineering Change / Spec Upgrade,Engineering-driven
actual,2025-01,C8,UQ-C8-01,PANEL FRONT AS,domestic,833749.0,851645.0,17896.0,cu,Raw Material Price Increase,Market-driven
actual,2025-02,C8,UQ-C8-01,PANEL FRONT AS,domestic,851645.0,826696.0,-24949.0,cr,VA/VE Improvement,Engineering-driven
actual,2025-03,C8,UQ-C8-01,PANEL FRONT AS,domestic,826696.0,794355.0,-32341.0,cr,Process Improvement (Yield Up),Operational-driven
actual,2025-04,C8,UQ-C8-01,PANEL FRONT AS,domestic,794355.0,783748.0,-10607.0,cr,Process Improvement (Yield Up),Operational-driven
actual,2025-05,C8,UQ-C8-01,PANEL FRONT AS,domestic,783748.0,753765.0,-29983.0,cr,VA/VE Improvement,Engineering-driven
actual,2025-06,C8,UQ-C8-01,PANEL FRONT AS,domestic,753765.0,753765.0,0.0,,,
actual,2025-07,C8,UQ-C8-01,PANEL FRONT AS,domestic,753765.0,780181.0,26416.0,cu,Engineering Change / Spec Upgrade,Engineering-driven
actual,2025-08,C8,UQ-C8-01,PANEL FRONT AS,domestic,780181.0,751701.0,-28480.0,cr,Localization / Local Sourcing,Operational-driven
actual,2025-09,C8,UQ-C8-01,PANEL FRONT AS,domestic,751701.0,740414.0,-11287.0,cr,Supplier Negotiation,Operational-driven
actual,2025-10,C8,UQ-C8-01,PANEL FRONT AS,domestic,740414.0,768295.0,27881.0,cu,Engineering Change / Spec Upgrade,Engineering-driven
actual,2024-11,C8,UQ-C8-02,BRACKET SUPPORT,domestic,632546.0,611517.0,-21029.0,cr,Process Improvement (Yield Up),Operational-driven
actual,2024-12,C8,UQ-C8-02,BRACKET SUPPORT,domestic,611517.0,602836.0,-8681.0,cr,Alternative Material Substitution,Engineering-driven
actual,2025-01,C8,UQ-C8-02,BRACKET SUPPORT,domestic,602836.0,579534.0,-23302.0,cr,VA/VE Improvement,Engineering-driven
actual,2025-02,C8,UQ-C8-02,BRACKET SUPPORT,domestic,579534.0,562774.0,-16760.0,cr,Process Improvement (Yield Up),Operational-driven
actual,2025-03,C8,UQ-C8-02,BRACKET SUPPORT,domestic,562774.0,562774.0,0.0,,,
actual,2025-04,C8,UQ-C8-02,BRACKET SUPPORT,domestic,562774.0,562774.0,0.0,,,
actual,2025-05,C8,UQ-C8-02,BRACKET SUPPORT,domestic,562774.0,551222.0,-11552.0,cr,Localization / Local Sourcing,Operational-driven
actual,2025-06,C8,UQ-C8-02,BRACKET SUPPORT,domestic,551222.0,563258.0,12036.0,cu,Raw Material Price Increase,Market-driven
actual,2025-07,C8,UQ-C8-02,BRACKET SUPPORT,domestic,563258.0,567909.0,4651.0,cu,Yield/Scrap Rate Increase,Operational-driven
actual,2025-08,C8,UQ-C8-02,BRACKET SUPPORT,domestic,567909.0,575620.0,7711.0,cu,Raw Material Price Increase,Market-driven
actual,2025-09,C8,UQ-C8-02,BRACKET SUPPORT,domestic,575620.0,573032.0,-2588.0,cr,Process Improvement (Yield Up),Operational-driven
actual,2025-10,C8,UQ-C8-02,BRACKET SUPPORT,domestic,573032.0,530970.0,-42062.0,cr,Localization / Local Sourcing,Operational-driven
actual,2024-11,C8,UQ-C8-03,IC CHIP CONTROL,usd,1345762.0,1312384.0,-33378.0,cr,Supplier Negotiation,Operational-driven
actual,2024-12,C8,UQ-C8-03,IC CHIP CONTROL,usd,1312384.0,1378000.0,65616.0,cu,Engineering Change / Spec Upgrade,Engineering-driven
actual,2025-01,C8,UQ-C8-03,IC CHIP CONTROL,usd,1378000.0,1325484.0,-52516.0,cr,Supplier Negotiation,Operational-driven
actual,2025-02,C8,UQ-C8-03,IC CHIP CONTROL,usd,1325484.0,1313470.0,-12014.0,cr,Alternative Material Substitution,Engineering-driven
actual,2025-03,C8,UQ-C8-03,IC CHIP CONTROL,usd,1313470.0,1262038.0,-51432.0,cr,Localization / Local Sourcing,Operational-driven
actual,2025-04,C8,UQ-C8-03,IC CHIP CONTROL,usd,1262038.0,1208942.0,-53096.0,cr,Localization / Local Sourcing,Operational-driven
actual,2025-05,C8,UQ-C8-03,IC CHIP CONTROL,usd,1208942.0,1219287.0,10345.0,cu,Logistics/Freight Cost Increase,Market-driven
actual,2025-06,C8,UQ-C8-03,IC CHIP CONTROL,usd,1219287.0,1165142.0,-54145.0,cr,VA/VE Improvement,Engineering-driven
actual,2025-07,C8,UQ-C8-03,IC CHIP CONTROL,usd,1165142.0,1211702.0,46560.0,cu,Raw Material Price Increase,Market-driven
actual,2025-08,C8,UQ-C8-03,IC CHIP CONTROL,usd,1211702.0,1267855.0,56153.0,cu,Supplier Change (Higher Cost Source),Market-driven
actual,2025-09,C8,UQ-C8-03,IC CHIP CONTROL,usd,1267855.0,1295659.0,27804.0,cu,Logistics/Freight Cost Increase,Market-driven
actual,2025-10,C8,UQ-C8-03,IC CHIP CONTROL,usd,1295659.0,1278182.0,-17477.0,cr,VA/VE Improvement,Engineering-driven
actual,2024-11,C8,UQ-C8-04,MOTOR UNIT,jpy,387890.0,396726.0,8836.0,cu,Yield/Scrap Rate Increase,Operational-driven
actual,2024-12,C8,UQ-C8-04,MOTOR UNIT,jpy,396726.0,389952.0,-6774.0,cr,Localization / Local Sourcing,Operational-driven
actual,2025-01,C8,UQ-C8-04,MOTOR UNIT,jpy,389952.0,393775.0,3823.0,cu,Engineering Change / Spec Upgrade,Engineering-driven
actual,2025-02,C8,UQ-C8-04,MOTOR UNIT,jpy,393775.0,395836.0,2061.0,cu,Logistics/Freight Cost Increase,Market-driven
actual,2025-03,C8,UQ-C8-04,MOTOR UNIT,jpy,395836.0,387739.0,-8097.0,cr,Supplier Negotiation,Operational-driven
actual,2025-04,C8,UQ-C8-04,MOTOR UNIT,jpy,387739.0,400024.0,12285.0,cu,Raw Material Price Increase,Market-driven
actual,2025-05,C8,UQ-C8-04,MOTOR UNIT,jpy,400024.0,404420.0,4396.0,cu,Logistics/Freight Cost Increase,Market-driven
actual,2025-06,C8,UQ-C8-04,MOTOR UNIT,jpy,404420.0,376359.0,-28061.0,cr,Supplier Negotiation,Operational-driven
actual,2025-07,C8,UQ-C8-04,MOTOR UNIT,jpy,376359.0,388950.0,12591.0,cu,Raw Material Price Increase,Market-driven
actual,2025-08,C8,UQ-C8-04,MOTOR UNIT,jpy,388950.0,409398.0,20448.0,cu,Engineering Change / Spec Upgrade,Engineering-driven
actual,2025-09,C8,UQ-C8-04,MOTOR UNIT,jpy,409398.0,390009.0,-19389.0,cr,Alternative Material Substitution,Engineering-driven
actual,2025-10,C8,UQ-C8-04,MOTOR UNIT,jpy,390009.0,390009.0,0.0,,,
actual,2024-11,C8,UQ-C8-05,SENSOR MODULE,jpy,342621.0,356231.0,13610.0,cu,Raw Material Price Increase,Market-driven
actual,2024-12,C8,UQ-C8-05,SENSOR MODULE,jpy,356231.0,368218.0,11987.0,cu,Logistics/Freight Cost Increase,Market-driven
actual,2025-01,C8,UQ-C8-05,SENSOR MODULE,jpy,368218.0,362190.0,-6028.0,cr,Process Improvement (Yield Up),Operational-driven
actual,2025-02,C8,UQ-C8-05,SENSOR MODULE,jpy,362190.0,346637.0,-15553.0,cr,Supplier Negotiation,Operational-driven
actual,2025-03,C8,UQ-C8-05,SENSOR MODULE,jpy,346637.0,357156.0,10519.0,cu,Supplier Change (Higher Cost Source),Market-driven
actual,2025-04,C8,UQ-C8-05,SENSOR MODULE,jpy,357156.0,340437.0,-16719.0,cr,Alternative Material Substitution,Engineering-driven
actual,2025-05,C8,UQ-C8-05,SENSOR MODULE,jpy,340437.0,329558.0,-10879.0,cr,Process Improvement (Yield Up),Operational-driven
actual,2025-06,C8,UQ-C8-05,SENSOR MODULE,jpy,329558.0,325732.0,-3826.0,cr,Supplier Negotiation,Operational-driven
actual,2025-07,C8,UQ-C8-05,SENSOR MODULE,jpy,325732.0,345075.0,19343.0,cu,Yield/Scrap Rate Increase,Operational-driven
actual,2025-08,C8,UQ-C8-05,SENSOR MODULE,jpy,345075.0,343105.0,-1970.0,cr,Process Improvement (Yield Up),Operational-driven
actual,2025-09,C8,UQ-C8-05,SENSOR MODULE,jpy,343105.0,350696.0,7591.0,cu,Logistics/Freight Cost Increase,Market-driven
actual,2025-10,C8,UQ-C8-05,SENSOR MODULE,jpy,350696.0,336882.0,-13814.0,cr,Alternative Material Substitution,Engineering-driven
actual,2024-11,C8,SH-EVEN-01,TAPE PU-F,domestic,70295.0,67819.0,-2476.0,cr,Localization / Local Sourcing,Operational-driven
actual,2024-12,C8,SH-EVEN-01,TAPE PU-F,domestic,67819.0,68361.0,542.0,cu,Engineering Change / Spec Upgrade,Engineering-driven
actual,2025-01,C8,SH-EVEN-01,TAPE PU-F,domestic,68361.0,67771.0,-590.0,cr,Localization / Local Sourcing,Operational-driven
actual,2025-02,C8,SH-EVEN-01,TAPE PU-F,domestic,67771.0,70908.0,3137.0,cu,Logistics/Freight Cost Increase,Market-driven
actual,2025-03,C8,SH-EVEN-01,TAPE PU-F,domestic,70908.0,70908.0,0.0,,,
actual,2025-04,C8,SH-EVEN-01,TAPE PU-F,domestic,70908.0,67971.0,-2937.0,cr,Localization / Local Sourcing,Operational-driven
actual,2025-05,C8,SH-EVEN-01,TAPE PU-F,domestic,67971.0,70882.0,2911.0,cu,Logistics/Freight Cost Increase,Market-driven
actual,2025-06,C8,SH-EVEN-01,TAPE PU-F,domestic,70882.0,70015.0,-867.0,cr,Process Improvement (Yield Up),Operational-driven
actual,2025-07,C8,SH-EVEN-01,TAPE PU-F,domestic,70015.0,71263.0,1248.0,cu,Yield/Scrap Rate Increase,Operational-driven
actual,2025-08,C8,SH-EVEN-01,TAPE PU-F,domestic,71263.0,71263.0,0.0,,,
actual,2025-09,C8,SH-EVEN-01,TAPE PU-F,domestic,71263.0,69379.0,-1884.0,cr,Localization / Local Sourcing,Operational-driven
actual,2025-10,C8,SH-EVEN-01,TAPE PU-F,domestic,69379.0,72373.0,2994.0,cu,Logistics/Freight Cost Increase,Market-driven
actual,2024-11,C8,SH-EVEN-02,RESIN COMPOUND,usd,19042.0,19042.0,0.0,,,
actual,2024-12,C8,SH-EVEN-02,RESIN COMPOUND,usd,19042.0,18947.0,-95.0,cr,Supplier Negotiation,Operational-driven
actual,2025-01,C8,SH-EVEN-02,RESIN COMPOUND,usd,18947.0,17907.0,-1040.0,cr,Alternative Material Substitution,Engineering-driven
actual,2025-02,C8,SH-EVEN-02,RESIN COMPOUND,usd,17907.0,18018.0,111.0,cu,Supplier Change (Higher Cost Source),Market-driven
actual,2025-03,C8,SH-EVEN-02,RESIN COMPOUND,usd,18018.0,17275.0,-743.0,cr,Supplier Negotiation,Operational-driven
actual,2025-04,C8,SH-EVEN-02,RESIN COMPOUND,usd,17275.0,16381.0,-894.0,cr,Alternative Material Substitution,Engineering-driven
actual,2025-05,C8,SH-EVEN-02,RESIN COMPOUND,usd,16381.0,16909.0,528.0,cu,Supplier Change (Higher Cost Source),Market-driven
actual,2025-06,C8,SH-EVEN-02,RESIN COMPOUND,usd,16909.0,16909.0,0.0,,,
actual,2025-07,C8,SH-EVEN-02,RESIN COMPOUND,usd,16909.0,17621.0,712.0,cu,Raw Material Price Increase,Market-driven
actual,2025-08,C8,SH-EVEN-02,RESIN COMPOUND,usd,17621.0,17621.0,0.0,,,
actual,2025-09,C8,SH-EVEN-02,RESIN COMPOUND,usd,17621.0,17066.0,-555.0,cr,Process Improvement (Yield Up),Operational-driven
actual,2025-10,C8,SH-EVEN-02,RESIN COMPOUND,usd,17066.0,17840.0,774.0,cu,Yield/Scrap Rate Increase,Operational-driven
actual,2024-11,C9,SH-CATC-D01,PANEL BOTTOM AS,domestic,113259.0,117575.0,4316.0,cu,Raw Material Price Increase,Market-driven
actual,2024-12,C9,SH-CATC-D01,PANEL BOTTOM AS,domestic,117575.0,123830.0,6255.0,cu,Engineering Change / Spec Upgrade,Engineering-driven
actual,2025-01,C9,SH-CATC-D01,PANEL BOTTOM AS,domestic,123830.0,131027.0,7197.0,cu,Raw Material Price Increase,Market-driven
actual,2025-02,C9,SH-CATC-D01,PANEL BOTTOM AS,domestic,131027.0,135944.0,4917.0,cu,Supplier Change (Higher Cost Source),Market-driven
actual,2025-03,C9,SH-CATC-D01,PANEL BOTTOM AS,domestic,135944.0,140792.0,4848.0,cu,Supplier Change (Higher Cost Source),Market-driven
actual,2025-04,C9,SH-CATC-D01,PANEL BOTTOM AS,domestic,140792.0,146719.0,5927.0,cu,Supplier Change (Higher Cost Source),Market-driven
actual,2025-05,C9,SH-CATC-D01,PANEL BOTTOM AS,domestic,146719.0,149425.0,2706.0,cu,Engineering Change / Spec Upgrade,Engineering-driven
actual,2025-06,C9,SH-CATC-D01,PANEL BOTTOM AS,domestic,149425.0,149425.0,0.0,,,
actual,2025-07,C9,SH-CATC-D01,PANEL BOTTOM AS,domestic,149425.0,158391.0,8966.0,cu,Supplier Change (Higher Cost Source),Market-driven
actual,2025-08,C9,SH-CATC-D01,PANEL BOTTOM AS,domestic,158391.0,158391.0,0.0,,,
actual,2025-09,C9,SH-CATC-D01,PANEL BOTTOM AS,domestic,158391.0,162463.0,4072.0,cu,Engineering Change / Spec Upgrade,Engineering-driven
actual,2025-10,C9,SH-CATC-D01,PANEL BOTTOM AS,domestic,162463.0,169935.0,7472.0,cu,Yield/Scrap Rate Increase,Operational-driven
actual,2024-11,C9,SH-CATC-U01,CONNECTOR HOUSING,usd,54607.0,49301.0,-5306.0,cr,Localization / Local Sourcing,Operational-driven
actual,2024-12,C9,SH-CATC-U01,CONNECTOR HOUSING,usd,49301.0,49301.0,0.0,,,
actual,2025-01,C9,SH-CATC-U01,CONNECTOR HOUSING,usd,49301.0,51111.0,1810.0,cu,Logistics/Freight Cost Increase,Market-driven
actual,2025-02,C9,SH-CATC-U01,CONNECTOR HOUSING,usd,51111.0,46616.0,-4495.0,cr,VA/VE Improvement,Engineering-driven
actual,2025-03,C9,SH-CATC-U01,CONNECTOR HOUSING,usd,46616.0,53397.0,6781.0,cu,Supplier Change (Higher Cost Source),Market-driven
actual,2025-04,C9,SH-CATC-U01,CONNECTOR HOUSING,usd,53397.0,52302.0,-1095.0,cr,Localization / Local Sourcing,Operational-driven
actual,2025-05,C9,SH-CATC-U01,CONNECTOR HOUSING,usd,52302.0,53561.0,1259.0,cu,Yield/Scrap Rate Increase,Operational-driven
actual,2025-06,C9,SH-CATC-U01,CONNECTOR HOUSING,usd,53561.0,48529.0,-5032.0,cr,Process Improvement (Yield Up),Operational-driven
actual,2025-07,C9,SH-CATC-U01,CONNECTOR HOUSING,usd,48529.0,50779.0,2250.0,cu,Logistics/Freight Cost Increase,Market-driven
actual,2025-08,C9,SH-CATC-U01,CONNECTOR HOUSING,usd,50779.0,56157.0,5378.0,cu,Engineering Change / Spec Upgrade,Engineering-driven
actual,2025-09,C9,SH-CATC-U01,CONNECTOR HOUSING,usd,56157.0,55454.0,-703.0,cr,Process Improvement (Yield Up),Operational-driven
actual,2025-10,C9,SH-CATC-U01,CONNECTOR HOUSING,usd,55454.0,52485.0,-2969.0,cr,Supplier Negotiation,Operational-driven
actual,2024-11,C9,SH-IDX09,PRECISION GEAR,jpy,56507.0,56507.0,0.0,,,
actual,2024-12,C9,SH-IDX09,PRECISION GEAR,jpy,56507.0,54071.0,-2436.0,cr,Supplier Negotiation,Operational-driven
actual,2025-01,C9,SH-IDX09,PRECISION GEAR,jpy,54071.0,52899.0,-1172.0,cr,Supplier Negotiation,Operational-driven
actual,2025-02,C9,SH-IDX09,PRECISION GEAR,jpy,52899.0,55656.0,2757.0,cu,Logistics/Freight Cost Increase,Market-driven
actual,2025-03,C9,SH-IDX09,PRECISION GEAR,jpy,55656.0,52485.0,-3171.0,cr,Supplier Negotiation,Operational-driven
actual,2025-04,C9,SH-IDX09,PRECISION GEAR,jpy,52485.0,50211.0,-2274.0,cr,Localization / Local Sourcing,Operational-driven
actual,2025-05,C9,SH-IDX09,PRECISION GEAR,jpy,50211.0,47690.0,-2521.0,cr,Supplier Negotiation,Operational-driven
actual,2025-06,C9,SH-IDX09,PRECISION GEAR,jpy,47690.0,45804.0,-1886.0,cr,VA/VE Improvement,Engineering-driven
actual,2025-07,C9,SH-IDX09,PRECISION GEAR,jpy,45804.0,46874.0,1070.0,cu,Logistics/Freight Cost Increase,Market-driven
actual,2025-08,C9,SH-IDX09,PRECISION GEAR,jpy,46874.0,46874.0,0.0,,,
actual,2025-09,C9,SH-IDX09,PRECISION GEAR,jpy,46874.0,44804.0,-2070.0,cr,Localization / Local Sourcing,Operational-driven
actual,2025-10,C9,SH-IDX09,PRECISION GEAR,jpy,44804.0,42787.0,-2017.0,cr,Supplier Negotiation,Operational-driven
actual,2024-11,C9,UQ-C9-01,PANEL FRONT AS,domestic,976467.0,957544.0,-18923.0,cr,Supplier Negotiation,Operational-driven
actual,2024-12,C9,UQ-C9-01,PANEL FRONT AS,domestic,957544.0,904404.0,-53140.0,cr,Process Improvement (Yield Up),Operational-driven
actual,2025-01,C9,UQ-C9-01,PANEL FRONT AS,domestic,904404.0,912504.0,8100.0,cu,Engineering Change / Spec Upgrade,Engineering-driven
actual,2025-02,C9,UQ-C9-01,PANEL FRONT AS,domestic,912504.0,844944.0,-67560.0,cr,Process Improvement (Yield Up),Operational-driven
actual,2025-03,C9,UQ-C9-01,PANEL FRONT AS,domestic,844944.0,826782.0,-18162.0,cr,VA/VE Improvement,Engineering-driven
actual,2025-04,C9,UQ-C9-01,PANEL FRONT AS,domestic,826782.0,795922.0,-30860.0,cr,VA/VE Improvement,Engineering-driven
actual,2025-05,C9,UQ-C9-01,PANEL FRONT AS,domestic,795922.0,839180.0,43258.0,cu,Engineering Change / Spec Upgrade,Engineering-driven
actual,2025-06,C9,UQ-C9-01,PANEL FRONT AS,domestic,839180.0,864772.0,25592.0,cu,Supplier Change (Higher Cost Source),Market-driven
actual,2025-07,C9,UQ-C9-01,PANEL FRONT AS,domestic,864772.0,832808.0,-31964.0,cr,Process Improvement (Yield Up),Operational-driven
actual,2025-08,C9,UQ-C9-01,PANEL FRONT AS,domestic,832808.0,824966.0,-7842.0,cr,Supplier Negotiation,Operational-driven
actual,2025-09,C9,UQ-C9-01,PANEL FRONT AS,domestic,824966.0,837608.0,12642.0,cu,Supplier Change (Higher Cost Source),Market-driven
actual,2025-10,C9,UQ-C9-01,PANEL FRONT AS,domestic,837608.0,808471.0,-29137.0,cr,Supplier Negotiation,Operational-driven
actual,2024-11,C9,UQ-C9-02,BRACKET SUPPORT,domestic,746492.0,773866.0,27374.0,cu,Logistics/Freight Cost Increase,Market-driven
actual,2024-12,C9,UQ-C9-02,BRACKET SUPPORT,domestic,773866.0,804752.0,30886.0,cu,Engineering Change / Spec Upgrade,Engineering-driven
actual,2025-01,C9,UQ-C9-02,BRACKET SUPPORT,domestic,804752.0,773079.0,-31673.0,cr,Localization / Local Sourcing,Operational-driven
actual,2025-02,C9,UQ-C9-02,BRACKET SUPPORT,domestic,773079.0,773079.0,0.0,,,
actual,2025-03,C9,UQ-C9-02,BRACKET SUPPORT,domestic,773079.0,797890.0,24811.0,cu,Raw Material Price Increase,Market-driven
actual,2025-04,C9,UQ-C9-02,BRACKET SUPPORT,domestic,797890.0,753308.0,-44582.0,cr,Localization / Local Sourcing,Operational-driven
actual,2025-05,C9,UQ-C9-02,BRACKET SUPPORT,domestic,753308.0,772337.0,19029.0,cu,Logistics/Freight Cost Increase,Market-driven
actual,2025-06,C9,UQ-C9-02,BRACKET SUPPORT,domestic,772337.0,767000.0,-5337.0,cr,Alternative Material Substitution,Engineering-driven
actual,2025-07,C9,UQ-C9-02,BRACKET SUPPORT,domestic,767000.0,730470.0,-36530.0,cr,Supplier Negotiation,Operational-driven
actual,2025-08,C9,UQ-C9-02,BRACKET SUPPORT,domestic,730470.0,719228.0,-11242.0,cr,VA/VE Improvement,Engineering-driven
actual,2025-09,C9,UQ-C9-02,BRACKET SUPPORT,domestic,719228.0,719228.0,0.0,,,
actual,2025-10,C9,UQ-C9-02,BRACKET SUPPORT,domestic,719228.0,742946.0,23718.0,cu,Engineering Change / Spec Upgrade,Engineering-driven
actual,2024-11,C9,UQ-C9-03,IC CHIP CONTROL,usd,359881.0,369349.0,9468.0,cu,Yield/Scrap Rate Increase,Operational-driven
actual,2024-12,C9,UQ-C9-03,IC CHIP CONTROL,usd,369349.0,386413.0,17064.0,cu,Yield/Scrap Rate Increase,Operational-driven
actual,2025-01,C9,UQ-C9-03,IC CHIP CONTROL,usd,386413.0,396710.0,10297.0,cu,Engineering Change / Spec Upgrade,Engineering-driven
actual,2025-02,C9,UQ-C9-03,IC CHIP CONTROL,usd,396710.0,402072.0,5362.0,cu,Yield/Scrap Rate Increase,Operational-driven
actual,2025-03,C9,UQ-C9-03,IC CHIP CONTROL,usd,402072.0,414713.0,12641.0,cu,Raw Material Price Increase,Market-driven
actual,2025-04,C9,UQ-C9-03,IC CHIP CONTROL,usd,414713.0,427243.0,12530.0,cu,Engineering Change / Spec Upgrade,Engineering-driven
actual,2025-05,C9,UQ-C9-03,IC CHIP CONTROL,usd,427243.0,417297.0,-9946.0,cr,Process Improvement (Yield Up),Operational-driven
actual,2025-06,C9,UQ-C9-03,IC CHIP CONTROL,usd,417297.0,423615.0,6318.0,cu,Supplier Change (Higher Cost Source),Market-driven
actual,2025-07,C9,UQ-C9-03,IC CHIP CONTROL,usd,423615.0,397647.0,-25968.0,cr,Alternative Material Substitution,Engineering-driven
actual,2025-08,C9,UQ-C9-03,IC CHIP CONTROL,usd,397647.0,394950.0,-2697.0,cr,Localization / Local Sourcing,Operational-driven
actual,2025-09,C9,UQ-C9-03,IC CHIP CONTROL,usd,394950.0,385397.0,-9553.0,cr,Process Improvement (Yield Up),Operational-driven
actual,2025-10,C9,UQ-C9-03,IC CHIP CONTROL,usd,385397.0,398609.0,13212.0,cu,Engineering Change / Spec Upgrade,Engineering-driven
actual,2024-11,C9,UQ-C9-04,MOTOR UNIT,jpy,390382.0,400435.0,10053.0,cu,Yield/Scrap Rate Increase,Operational-driven
actual,2024-12,C9,UQ-C9-04,MOTOR UNIT,jpy,400435.0,407642.0,7207.0,cu,Raw Material Price Increase,Market-driven
actual,2025-01,C9,UQ-C9-04,MOTOR UNIT,jpy,407642.0,388690.0,-18952.0,cr,Localization / Local Sourcing,Operational-driven
actual,2025-02,C9,UQ-C9-04,MOTOR UNIT,jpy,388690.0,407040.0,18350.0,cu,Supplier Change (Higher Cost Source),Market-driven
actual,2025-03,C9,UQ-C9-04,MOTOR UNIT,jpy,407040.0,389433.0,-17607.0,cr,Supplier Negotiation,Operational-driven
actual,2025-04,C9,UQ-C9-04,MOTOR UNIT,jpy,389433.0,383162.0,-6271.0,cr,Process Improvement (Yield Up),Operational-driven
actual,2025-05,C9,UQ-C9-04,MOTOR UNIT,jpy,383162.0,371613.0,-11549.0,cr,Alternative Material Substitution,Engineering-driven
actual,2025-06,C9,UQ-C9-04,MOTOR UNIT,jpy,371613.0,367865.0,-3748.0,cr,VA/VE Improvement,Engineering-driven
actual,2025-07,C9,UQ-C9-04,MOTOR UNIT,jpy,367865.0,365520.0,-2345.0,cr,VA/VE Improvement,Engineering-driven
actual,2025-08,C9,UQ-C9-04,MOTOR UNIT,jpy,365520.0,365520.0,0.0,,,
actual,2025-09,C9,UQ-C9-04,MOTOR UNIT,jpy,365520.0,354969.0,-10551.0,cr,Supplier Negotiation,Operational-driven
actual,2025-10,C9,UQ-C9-04,MOTOR UNIT,jpy,354969.0,360406.0,5437.0,cu,Supplier Change (Higher Cost Source),Market-driven
actual,2024-11,C9,UQ-C9-05,SENSOR MODULE,jpy,355860.0,347548.0,-8312.0,cr,VA/VE Improvement,Engineering-driven
actual,2024-12,C9,UQ-C9-05,SENSOR MODULE,jpy,347548.0,359566.0,12018.0,cu,Logistics/Freight Cost Increase,Market-driven
actual,2025-01,C9,UQ-C9-05,SENSOR MODULE,jpy,359566.0,364227.0,4661.0,cu,Yield/Scrap Rate Increase,Operational-driven
actual,2025-02,C9,UQ-C9-05,SENSOR MODULE,jpy,364227.0,379942.0,15715.0,cu,Logistics/Freight Cost Increase,Market-driven
actual,2025-03,C9,UQ-C9-05,SENSOR MODULE,jpy,379942.0,363888.0,-16054.0,cr,Process Improvement (Yield Up),Operational-driven
actual,2025-04,C9,UQ-C9-05,SENSOR MODULE,jpy,363888.0,348510.0,-15378.0,cr,Process Improvement (Yield Up),Operational-driven
actual,2025-05,C9,UQ-C9-05,SENSOR MODULE,jpy,348510.0,348510.0,0.0,,,
actual,2025-06,C9,UQ-C9-05,SENSOR MODULE,jpy,348510.0,363322.0,14812.0,cu,Logistics/Freight Cost Increase,Market-driven
actual,2025-07,C9,UQ-C9-05,SENSOR MODULE,jpy,363322.0,361744.0,-1578.0,cr,Alternative Material Substitution,Engineering-driven
actual,2025-08,C9,UQ-C9-05,SENSOR MODULE,jpy,361744.0,383359.0,21615.0,cu,Logistics/Freight Cost Increase,Market-driven
actual,2025-09,C9,UQ-C9-05,SENSOR MODULE,jpy,383359.0,367386.0,-15973.0,cr,Alternative Material Substitution,Engineering-driven
actual,2025-10,C9,UQ-C9-05,SENSOR MODULE,jpy,367386.0,342322.0,-25064.0,cr,Localization / Local Sourcing,Operational-driven
actual,2024-11,C10,SH-CATC-D01,PANEL BOTTOM AS,domestic,113259.0,117575.0,4316.0,cu,Raw Material Price Increase,Market-driven
actual,2024-12,C10,SH-CATC-D01,PANEL BOTTOM AS,domestic,117575.0,123830.0,6255.0,cu,Engineering Change / Spec Upgrade,Engineering-driven
actual,2025-01,C10,SH-CATC-D01,PANEL BOTTOM AS,domestic,123830.0,131027.0,7197.0,cu,Raw Material Price Increase,Market-driven
actual,2025-02,C10,SH-CATC-D01,PANEL BOTTOM AS,domestic,131027.0,135944.0,4917.0,cu,Supplier Change (Higher Cost Source),Market-driven
actual,2025-03,C10,SH-CATC-D01,PANEL BOTTOM AS,domestic,135944.0,140792.0,4848.0,cu,Supplier Change (Higher Cost Source),Market-driven
actual,2025-04,C10,SH-CATC-D01,PANEL BOTTOM AS,domestic,140792.0,146719.0,5927.0,cu,Supplier Change (Higher Cost Source),Market-driven
actual,2025-05,C10,SH-CATC-D01,PANEL BOTTOM AS,domestic,146719.0,149425.0,2706.0,cu,Engineering Change / Spec Upgrade,Engineering-driven
actual,2025-06,C10,SH-CATC-D01,PANEL BOTTOM AS,domestic,149425.0,149425.0,0.0,,,
actual,2025-07,C10,SH-CATC-D01,PANEL BOTTOM AS,domestic,149425.0,158391.0,8966.0,cu,Supplier Change (Higher Cost Source),Market-driven
actual,2025-08,C10,SH-CATC-D01,PANEL BOTTOM AS,domestic,158391.0,158391.0,0.0,,,
actual,2025-09,C10,SH-CATC-D01,PANEL BOTTOM AS,domestic,158391.0,162463.0,4072.0,cu,Engineering Change / Spec Upgrade,Engineering-driven
actual,2025-10,C10,SH-CATC-D01,PANEL BOTTOM AS,domestic,162463.0,169935.0,7472.0,cu,Yield/Scrap Rate Increase,Operational-driven
actual,2024-11,C10,SH-CATC-U01,CONNECTOR HOUSING,usd,54607.0,49301.0,-5306.0,cr,Localization / Local Sourcing,Operational-driven
actual,2024-12,C10,SH-CATC-U01,CONNECTOR HOUSING,usd,49301.0,49301.0,0.0,,,
actual,2025-01,C10,SH-CATC-U01,CONNECTOR HOUSING,usd,49301.0,51111.0,1810.0,cu,Logistics/Freight Cost Increase,Market-driven
actual,2025-02,C10,SH-CATC-U01,CONNECTOR HOUSING,usd,51111.0,46616.0,-4495.0,cr,VA/VE Improvement,Engineering-driven
actual,2025-03,C10,SH-CATC-U01,CONNECTOR HOUSING,usd,46616.0,53397.0,6781.0,cu,Supplier Change (Higher Cost Source),Market-driven
actual,2025-04,C10,SH-CATC-U01,CONNECTOR HOUSING,usd,53397.0,52302.0,-1095.0,cr,Localization / Local Sourcing,Operational-driven
actual,2025-05,C10,SH-CATC-U01,CONNECTOR HOUSING,usd,52302.0,53561.0,1259.0,cu,Yield/Scrap Rate Increase,Operational-driven
actual,2025-06,C10,SH-CATC-U01,CONNECTOR HOUSING,usd,53561.0,48529.0,-5032.0,cr,Process Improvement (Yield Up),Operational-driven
actual,2025-07,C10,SH-CATC-U01,CONNECTOR HOUSING,usd,48529.0,50779.0,2250.0,cu,Logistics/Freight Cost Increase,Market-driven
actual,2025-08,C10,SH-CATC-U01,CONNECTOR HOUSING,usd,50779.0,56157.0,5378.0,cu,Engineering Change / Spec Upgrade,Engineering-driven
actual,2025-09,C10,SH-CATC-U01,CONNECTOR HOUSING,usd,56157.0,55454.0,-703.0,cr,Process Improvement (Yield Up),Operational-driven
actual,2025-10,C10,SH-CATC-U01,CONNECTOR HOUSING,usd,55454.0,52485.0,-2969.0,cr,Supplier Negotiation,Operational-driven
actual,2024-11,C10,SH-IDX10,PRECISION GEAR,jpy,121193.0,107698.0,-13495.0,cr,Alternative Material Substitution,Engineering-driven
actual,2024-12,C10,SH-IDX10,PRECISION GEAR,jpy,107698.0,111748.0,4050.0,cu,Yield/Scrap Rate Increase,Operational-driven
actual,2025-01,C10,SH-IDX10,PRECISION GEAR,jpy,111748.0,102640.0,-9108.0,cr,Process Improvement (Yield Up),Operational-driven
actual,2025-02,C10,SH-IDX10,PRECISION GEAR,jpy,102640.0,108406.0,5766.0,cu,Raw Material Price Increase,Market-driven
actual,2025-03,C10,SH-IDX10,PRECISION GEAR,jpy,108406.0,108406.0,0.0,,,
actual,2025-04,C10,SH-IDX10,PRECISION GEAR,jpy,108406.0,115461.0,7055.0,cu,Logistics/Freight Cost Increase,Market-driven
actual,2025-05,C10,SH-IDX10,PRECISION GEAR,jpy,115461.0,105192.0,-10269.0,cr,Alternative Material Substitution,Engineering-driven
actual,2025-06,C10,SH-IDX10,PRECISION GEAR,jpy,105192.0,93585.0,-11607.0,cr,Localization / Local Sourcing,Operational-driven
actual,2025-07,C10,SH-IDX10,PRECISION GEAR,jpy,93585.0,93585.0,0.0,,,
actual,2025-08,C10,SH-IDX10,PRECISION GEAR,jpy,93585.0,83001.0,-10584.0,cr,VA/VE Improvement,Engineering-driven
actual,2025-09,C10,SH-IDX10,PRECISION GEAR,jpy,83001.0,83001.0,0.0,,,
actual,2025-10,C10,SH-IDX10,PRECISION GEAR,jpy,83001.0,81088.0,-1913.0,cr,VA/VE Improvement,Engineering-driven
actual,2024-11,C10,UQ-C10-01,PANEL FRONT AS,domestic,958803.0,991752.0,32949.0,cu,Supplier Change (Higher Cost Source),Market-driven
actual,2024-12,C10,UQ-C10-01,PANEL FRONT AS,domestic,991752.0,959209.0,-32543.0,cr,Supplier Negotiation,Operational-driven
actual,2025-01,C10,UQ-C10-01,PANEL FRONT AS,domestic,959209.0,939253.0,-19956.0,cr,VA/VE Improvement,Engineering-driven
actual,2025-02,C10,UQ-C10-01,PANEL FRONT AS,domestic,939253.0,957102.0,17849.0,cu,Yield/Scrap Rate Increase,Operational-driven
actual,2025-03,C10,UQ-C10-01,PANEL FRONT AS,domestic,957102.0,940147.0,-16955.0,cr,Process Improvement (Yield Up),Operational-driven
actual,2025-04,C10,UQ-C10-01,PANEL FRONT AS,domestic,940147.0,940147.0,0.0,,,
actual,2025-05,C10,UQ-C10-01,PANEL FRONT AS,domestic,940147.0,952684.0,12537.0,cu,Engineering Change / Spec Upgrade,Engineering-driven
actual,2025-06,C10,UQ-C10-01,PANEL FRONT AS,domestic,952684.0,952684.0,0.0,,,
actual,2025-07,C10,UQ-C10-01,PANEL FRONT AS,domestic,952684.0,910226.0,-42458.0,cr,Supplier Negotiation,Operational-driven
actual,2025-08,C10,UQ-C10-01,PANEL FRONT AS,domestic,910226.0,959160.0,48934.0,cu,Raw Material Price Increase,Market-driven
actual,2025-09,C10,UQ-C10-01,PANEL FRONT AS,domestic,959160.0,1005774.0,46614.0,cu,Supplier Change (Higher Cost Source),Market-driven
actual,2025-10,C10,UQ-C10-01,PANEL FRONT AS,domestic,1005774.0,1012866.0,7092.0,cu,Supplier Change (Higher Cost Source),Market-driven
actual,2024-11,C10,UQ-C10-02,BRACKET SUPPORT,domestic,672339.0,645942.0,-26397.0,cr,Localization / Local Sourcing,Operational-driven
actual,2024-12,C10,UQ-C10-02,BRACKET SUPPORT,domestic,645942.0,654745.0,8803.0,cu,Engineering Change / Spec Upgrade,Engineering-driven
actual,2025-01,C10,UQ-C10-02,BRACKET SUPPORT,domestic,654745.0,654745.0,0.0,,,
actual,2025-02,C10,UQ-C10-02,BRACKET SUPPORT,domestic,654745.0,614697.0,-40048.0,cr,Alternative Material Substitution,Engineering-driven
actual,2025-03,C10,UQ-C10-02,BRACKET SUPPORT,domestic,614697.0,610831.0,-3866.0,cr,VA/VE Improvement,Engineering-driven
actual,2025-04,C10,UQ-C10-02,BRACKET SUPPORT,domestic,610831.0,623750.0,12919.0,cu,Logistics/Freight Cost Increase,Market-driven
actual,2025-05,C10,UQ-C10-02,BRACKET SUPPORT,domestic,623750.0,655025.0,31275.0,cu,Supplier Change (Higher Cost Source),Market-driven
actual,2025-06,C10,UQ-C10-02,BRACKET SUPPORT,domestic,655025.0,643312.0,-11713.0,cr,Supplier Negotiation,Operational-driven
actual,2025-07,C10,UQ-C10-02,BRACKET SUPPORT,domestic,643312.0,639731.0,-3581.0,cr,VA/VE Improvement,Engineering-driven
actual,2025-08,C10,UQ-C10-02,BRACKET SUPPORT,domestic,639731.0,646964.0,7233.0,cu,Engineering Change / Spec Upgrade,Engineering-driven
actual,2025-09,C10,UQ-C10-02,BRACKET SUPPORT,domestic,646964.0,635806.0,-11158.0,cr,Process Improvement (Yield Up),Operational-driven
actual,2025-10,C10,UQ-C10-02,BRACKET SUPPORT,domestic,635806.0,672923.0,37117.0,cu,Logistics/Freight Cost Increase,Market-driven
actual,2024-11,C10,UQ-C10-03,IC CHIP CONTROL,usd,1070401.0,960832.0,-109569.0,cr,VA/VE Improvement,Engineering-driven
actual,2024-12,C10,UQ-C10-03,IC CHIP CONTROL,usd,960832.0,1113928.0,153096.0,cu,Logistics/Freight Cost Increase,Market-driven
actual,2025-01,C10,UQ-C10-03,IC CHIP CONTROL,usd,1113928.0,1087369.0,-26559.0,cr,Alternative Material Substitution,Engineering-driven
actual,2025-02,C10,UQ-C10-03,IC CHIP CONTROL,usd,1087369.0,1087369.0,0.0,,,
actual,2025-03,C10,UQ-C10-03,IC CHIP CONTROL,usd,1087369.0,1124104.0,36735.0,cu,Supplier Change (Higher Cost Source),Market-driven
actual,2025-04,C10,UQ-C10-03,IC CHIP CONTROL,usd,1124104.0,1009663.0,-114441.0,cr,Alternative Material Substitution,Engineering-driven
actual,2025-05,C10,UQ-C10-03,IC CHIP CONTROL,usd,1009663.0,1009663.0,0.0,,,
actual,2025-06,C10,UQ-C10-03,IC CHIP CONTROL,usd,1009663.0,1096432.0,86769.0,cu,Logistics/Freight Cost Increase,Market-driven
actual,2025-07,C10,UQ-C10-03,IC CHIP CONTROL,usd,1096432.0,1096432.0,0.0,,,
actual,2025-08,C10,UQ-C10-03,IC CHIP CONTROL,usd,1096432.0,1144676.0,48244.0,cu,Logistics/Freight Cost Increase,Market-driven
actual,2025-09,C10,UQ-C10-03,IC CHIP CONTROL,usd,1144676.0,1159520.0,14844.0,cu,Supplier Change (Higher Cost Source),Market-driven
actual,2025-10,C10,UQ-C10-03,IC CHIP CONTROL,usd,1159520.0,1105631.0,-53889.0,cr,Supplier Negotiation,Operational-driven
actual,2024-11,C10,UQ-C10-04,MOTOR UNIT,jpy,400523.0,417828.0,17305.0,cu,Yield/Scrap Rate Increase,Operational-driven
actual,2024-12,C10,UQ-C10-04,MOTOR UNIT,jpy,417828.0,430838.0,13010.0,cu,Engineering Change / Spec Upgrade,Engineering-driven
actual,2025-01,C10,UQ-C10-04,MOTOR UNIT,jpy,430838.0,443374.0,12536.0,cu,Engineering Change / Spec Upgrade,Engineering-driven
actual,2025-02,C10,UQ-C10-04,MOTOR UNIT,jpy,443374.0,451640.0,8266.0,cu,Yield/Scrap Rate Increase,Operational-driven
actual,2025-03,C10,UQ-C10-04,MOTOR UNIT,jpy,451640.0,432682.0,-18958.0,cr,VA/VE Improvement,Engineering-driven
actual,2025-04,C10,UQ-C10-04,MOTOR UNIT,jpy,432682.0,422569.0,-10113.0,cr,Process Improvement (Yield Up),Operational-driven
actual,2025-05,C10,UQ-C10-04,MOTOR UNIT,jpy,422569.0,445023.0,22454.0,cu,Logistics/Freight Cost Increase,Market-driven
actual,2025-06,C10,UQ-C10-04,MOTOR UNIT,jpy,445023.0,458474.0,13451.0,cu,Engineering Change / Spec Upgrade,Engineering-driven
actual,2025-07,C10,UQ-C10-04,MOTOR UNIT,jpy,458474.0,429967.0,-28507.0,cr,Process Improvement (Yield Up),Operational-driven
actual,2025-08,C10,UQ-C10-04,MOTOR UNIT,jpy,429967.0,426222.0,-3745.0,cr,Alternative Material Substitution,Engineering-driven
actual,2025-09,C10,UQ-C10-04,MOTOR UNIT,jpy,426222.0,432669.0,6447.0,cu,Yield/Scrap Rate Increase,Operational-driven
actual,2025-10,C10,UQ-C10-04,MOTOR UNIT,jpy,432669.0,430033.0,-2636.0,cr,Alternative Material Substitution,Engineering-driven
actual,2024-11,C10,UQ-C10-05,SENSOR MODULE,jpy,477917.0,548387.0,70470.0,cu,Yield/Scrap Rate Increase,Operational-driven
actual,2024-12,C10,UQ-C10-05,SENSOR MODULE,jpy,548387.0,596551.0,48164.0,cu,Raw Material Price Increase,Market-driven
actual,2025-01,C10,UQ-C10-05,SENSOR MODULE,jpy,596551.0,588626.0,-7925.0,cr,Process Improvement (Yield Up),Operational-driven
actual,2025-02,C10,UQ-C10-05,SENSOR MODULE,jpy,588626.0,573429.0,-15197.0,cr,Localization / Local Sourcing,Operational-driven
actual,2025-03,C10,UQ-C10-05,SENSOR MODULE,jpy,573429.0,535250.0,-38179.0,cr,VA/VE Improvement,Engineering-driven
actual,2025-04,C10,UQ-C10-05,SENSOR MODULE,jpy,535250.0,505692.0,-29558.0,cr,VA/VE Improvement,Engineering-driven
actual,2025-05,C10,UQ-C10-05,SENSOR MODULE,jpy,505692.0,546559.0,40867.0,cu,Logistics/Freight Cost Increase,Market-driven
actual,2025-06,C10,UQ-C10-05,SENSOR MODULE,jpy,546559.0,565995.0,19436.0,cu,Raw Material Price Increase,Market-driven
actual,2025-07,C10,UQ-C10-05,SENSOR MODULE,jpy,565995.0,518479.0,-47516.0,cr,Process Improvement (Yield Up),Operational-driven
actual,2025-08,C10,UQ-C10-05,SENSOR MODULE,jpy,518479.0,478753.0,-39726.0,cr,Alternative Material Substitution,Engineering-driven
actual,2025-09,C10,UQ-C10-05,SENSOR MODULE,jpy,478753.0,492848.0,14095.0,cu,Logistics/Freight Cost Increase,Market-driven
actual,2025-10,C10,UQ-C10-05,SENSOR MODULE,jpy,492848.0,562945.0,70097.0,cu,Supplier Change (Higher Cost Source),Market-driven
actual,2024-11,C10,SH-EVEN-01,TAPE PU-F,domestic,70295.0,67819.0,-2476.0,cr,Localization / Local Sourcing,Operational-driven
actual,2024-12,C10,SH-EVEN-01,TAPE PU-F,domestic,67819.0,68361.0,542.0,cu,Engineering Change / Spec Upgrade,Engineering-driven
actual,2025-01,C10,SH-EVEN-01,TAPE PU-F,domestic,68361.0,67771.0,-590.0,cr,Localization / Local Sourcing,Operational-driven
actual,2025-02,C10,SH-EVEN-01,TAPE PU-F,domestic,67771.0,70908.0,3137.0,cu,Logistics/Freight Cost Increase,Market-driven
actual,2025-03,C10,SH-EVEN-01,TAPE PU-F,domestic,70908.0,70908.0,0.0,,,
actual,2025-04,C10,SH-EVEN-01,TAPE PU-F,domestic,70908.0,67971.0,-2937.0,cr,Localization / Local Sourcing,Operational-driven
actual,2025-05,C10,SH-EVEN-01,TAPE PU-F,domestic,67971.0,70882.0,2911.0,cu,Logistics/Freight Cost Increase,Market-driven
actual,2025-06,C10,SH-EVEN-01,TAPE PU-F,domestic,70882.0,70015.0,-867.0,cr,Process Improvement (Yield Up),Operational-driven
actual,2025-07,C10,SH-EVEN-01,TAPE PU-F,domestic,70015.0,71263.0,1248.0,cu,Yield/Scrap Rate Increase,Operational-driven
actual,2025-08,C10,SH-EVEN-01,TAPE PU-F,domestic,71263.0,71263.0,0.0,,,
actual,2025-09,C10,SH-EVEN-01,TAPE PU-F,domestic,71263.0,69379.0,-1884.0,cr,Localization / Local Sourcing,Operational-driven
actual,2025-10,C10,SH-EVEN-01,TAPE PU-F,domestic,69379.0,72373.0,2994.0,cu,Logistics/Freight Cost Increase,Market-driven
actual,2024-11,C10,SH-EVEN-02,RESIN COMPOUND,usd,19042.0,19042.0,0.0,,,
actual,2024-12,C10,SH-EVEN-02,RESIN COMPOUND,usd,19042.0,18947.0,-95.0,cr,Supplier Negotiation,Operational-driven
actual,2025-01,C10,SH-EVEN-02,RESIN COMPOUND,usd,18947.0,17907.0,-1040.0,cr,Alternative Material Substitution,Engineering-driven
actual,2025-02,C10,SH-EVEN-02,RESIN COMPOUND,usd,17907.0,18018.0,111.0,cu,Supplier Change (Higher Cost Source),Market-driven
actual,2025-03,C10,SH-EVEN-02,RESIN COMPOUND,usd,18018.0,17275.0,-743.0,cr,Supplier Negotiation,Operational-driven
actual,2025-04,C10,SH-EVEN-02,RESIN COMPOUND,usd,17275.0,16381.0,-894.0,cr,Alternative Material Substitution,Engineering-driven
actual,2025-05,C10,SH-EVEN-02,RESIN COMPOUND,usd,16381.0,16909.0,528.0,cu,Supplier Change (Higher Cost Source),Market-driven
actual,2025-06,C10,SH-EVEN-02,RESIN COMPOUND,usd,16909.0,16909.0,0.0,,,
actual,2025-07,C10,SH-EVEN-02,RESIN COMPOUND,usd,16909.0,17621.0,712.0,cu,Raw Material Price Increase,Market-driven
actual,2025-08,C10,SH-EVEN-02,RESIN COMPOUND,usd,17621.0,17621.0,0.0,,,
actual,2025-09,C10,SH-EVEN-02,RESIN COMPOUND,usd,17621.0,17066.0,-555.0,cr,Process Improvement (Yield Up),Operational-driven
actual,2025-10,C10,SH-EVEN-02,RESIN COMPOUND,usd,17066.0,17840.0,774.0,cu,Yield/Scrap Rate Increase,Operational-driven
