version,month,model,part_code,part_name,source,lm_value,tm_value,gap,cu_cr,reason,reason_category
forecast,2024-11,A1,SH-CATA-D01,PANEL BOTTOM AS,domestic,98579.0,95653.0,-2926.0,cr,VA/VE Improvement,Engineering-driven
forecast,2024-12,A1,SH-CATA-D01,PANEL BOTTOM AS,domestic,94374.0,92139.0,-2235.0,cr,Alternative Material Substitution,Engineering-driven
forecast,2025-01,A1,SH-CATA-D01,PANEL BOTTOM AS,domestic,87563.0,85654.0,-1909.0,cr,Supplier Negotiation,Operational-driven
forecast,2025-02,A1,SH-CATA-D01,PANEL BOTTOM AS,domestic,81633.0,79391.0,-2242.0,cr,VA/VE Improvement,Engineering-driven
forecast,2025-03,A1,SH-CATA-D01,PANEL BOTTOM AS,domestic,76183.0,74340.0,-1843.0,cr,Process Improvement (Yield Up),Operational-driven
forecast,2025-04,A1,SH-CATA-D01,PANEL BOTTOM AS,domestic,73712.0,71663.0,-2049.0,cr,Supplier Negotiation,Operational-driven
forecast,2025-05,A1,SH-CATA-D01,PANEL BOTTOM AS,domestic,67569.0,65912.0,-1657.0,cr,Supplier Negotiation,Operational-driven
forecast,2025-06,A1,SH-CATA-D01,PANEL BOTTOM AS,domestic,66044.0,64428.0,-1616.0,cr,Supplier Negotiation,Operational-driven
forecast,2025-07,A1,SH-CATA-D01,PANEL BOTTOM AS,domestic,64585.0,62870.0,-1715.0,cr,Localization / Local Sourcing,Operational-driven
forecast,2025-08,A1,SH-CATA-D01,PANEL BOTTOM AS,domestic,61389.0,62632.0,1243.0,cu,Raw Material Price Increase,Market-driven
forecast,2025-09,A1,SH-CATA-D01,PANEL BOTTOM AS,domestic,65387.0,65387.0,0.0,,,
forecast,2025-10,A1,SH-CATA-D01,PANEL BOTTOM AS,domestic,65387.0,66902.0,1515.0,cu,Supplier Change (Higher Cost Source),Market-driven
forecast,2024-11,A1,SH-CATA-U01,CONNECTOR HOUSING,usd,56296.0,57228.0,932.0,cu,Raw Material Price Increase,Market-driven
forecast,2024-12,A1,SH-CATA-U01,CONNECTOR HOUSING,usd,58809.0,60480.0,1671.0,cu,Supplier Change (Higher Cost Source),Market-driven
forecast,2025-01,A1,SH-CATA-U01,CONNECTOR HOUSING,usd,61760.0,63593.0,1833.0,cu,Supplier Change (Higher Cost Source),Market-driven
forecast,2025-02,A1,SH-CATA-U01,CONNECTOR HOUSING,usd,64924.0,66458.0,1534.0,cu,Supplier Change (Higher Cost Source),Market-driven
forecast,2025-03,A1,SH-CATA-U01,CONNECTOR HOUSING,usd,68250.0,70211.0,1961.0,cu,Supplier Change (Higher Cost Source),Market-driven
forecast,2025-04,A1,SH-CATA-U01,CONNECTOR HOUSING,usd,71535.0,73303.0,1768.0,cu,Raw Material Price Increase,Market-driven
forecast,2025-05,A1,SH-CATA-U01,CONNECTOR HOUSING,usd,74974.0,76776.0,1802.0,cu,Supplier Change (Higher Cost Source),Market-driven
forecast,2025-06,A1,SH-CATA-U01,CONNECTOR HOUSING,usd,79869.0,81676.0,1807.0,cu,Supplier Change (Higher Cost Source),Market-driven
forecast,2025-07,A1,SH-CATA-U01,CONNECTOR HOUSING,usd,84983.0,87072.0,2089.0,cu,Supplier Change (Higher Cost Source),Market-driven
forecast,2025-08,A1,SH-CATA-U01,CONNECTOR HOUSING,usd,89805.0,91431.0,1626.0,cu,Supplier Change (Higher Cost Source),Market-driven
forecast,2025-09,A1,SH-CATA-U01,CONNECTOR HOUSING,usd,94513.0,96834.0,2321.0,cu,Supplier Change (Higher Cost Source),Market-driven
forecast,2025-10,A1,SH-CATA-U01,CONNECTOR HOUSING,usd,100024.0,102197.0,2173.0,cu,Raw Material Price Increase,Market-driven
forecast,2024-11,A1,SH-IDX01,PRECISION GEAR,jpy,37408.0,37408.0,0.0,,,
forecast,2024-12,A1,SH-IDX01,PRECISION GEAR,jpy,37408.0,36540.0,-868.0,cr,Localization / Local Sourcing,Operational-driven
forecast,2025-01,A1,SH-IDX01,PRECISION GEAR,jpy,35794.0,34886.0,-908.0,cr,VA/VE Improvement,Engineering-driven
forecast,2025-02,A1,SH-IDX01,PRECISION GEAR,jpy,34755.0,33941.0,-814.0,cr,Supplier Negotiation,Operational-driven
forecast,2025-03,A1,SH-IDX01,PRECISION GEAR,jpy,32826.0,31916.0,-910.0,cr,Process Improvement (Yield Up),Operational-driven
forecast,2025-04,A1,SH-IDX01,PRECISION GEAR,jpy,31458.0,30532.0,-926.0,cr,Process Improvement (Yield Up),Operational-driven
forecast,2025-05,A1,SH-IDX01,PRECISION GEAR,jpy,29867.0,30651.0,784.0,cu,Supplier Change (Higher Cost Source),Market-driven
forecast,2025-06,A1,SH-IDX01,PRECISION GEAR,jpy,32093.0,32854.0,761.0,cu,Yield/Scrap Rate Increase,Operational-driven
forecast,2025-07,A1,SH-IDX01,PRECISION GEAR,jpy,32785.0,31814.0,-971.0,cr,Localization / Local Sourcing,Operational-driven
forecast,2025-08,A1,SH-IDX01,PRECISION GEAR,jpy,32049.0,31372.0,-677.0,cr,Process Improvement (Yield Up),Operational-driven
forecast,2025-09,A1,SH-IDX01,PRECISION GEAR,jpy,30671.0,29878.0,-793.0,cr,Alternative Material Substitution,Engineering-driven
forecast,2025-10,A1,SH-IDX01,PRECISION GEAR,jpy,28482.0,27711.0,-771.0,cr,Alternative Material Substitution,Engineering-driven
forecast,2024-11,A1,UQ-A1-01,PANEL FRONT AS,domestic,298777.0,298777.0,0.0,,,
forecast,2024-12,A1,UQ-A1-01,PANEL FRONT AS,domestic,298777.0,307032.0,8255.0,cu,Yield/Scrap Rate Increase,Operational-driven
forecast,2025-01,A1,UQ-A1-01,PANEL FRONT AS,domestic,306878.0,316064.0,9186.0,cu,Logistics/Freight Cost Increase,Market-driven
forecast,2025-02,A1,UQ-A1-01,PANEL FRONT AS,domestic,334046.0,324852.0,-9194.0,cr,Localization / Local Sourcing,Operational-driven
forecast,2025-03,A1,UQ-A1-01,PANEL FRONT AS,domestic,311794.0,318320.0,6526.0,cu,Logistics/Freight Cost Increase,Market-driven
forecast,2025-04,A1,UQ-A1-01,PANEL FRONT AS,domestic,335396.0,343176.0,7780.0,cu,Logistics/Freight Cost Increase,Market-driven
forecast,2025-05,A1,UQ-A1-01,PANEL FRONT AS,domestic,355968.0,364138.0,8170.0,cu,Yield/Scrap Rate Increase,Operational-driven
forecast,2025-06,A1,UQ-A1-01,PANEL FRONT AS,domestic,364540.0,354563.0,-9977.0,cr,Localization / Local Sourcing,Operational-driven
forecast,2025-07,A1,UQ-A1-01,PANEL FRONT AS,domestic,332383.0,340106.0,7723.0,cu,Logistics/Freight Cost Increase,Market-driven
forecast,2025-08,A1,UQ-A1-01,PANEL FRONT AS,domestic,349135.0,357428.0,8293.0,cu,Yield/Scrap Rate Increase,Operational-driven
forecast,2025-09,A1,UQ-A1-01,PANEL FRONT AS,domestic,377134.0,388070.0,10936.0,cu,Yield/Scrap Rate Increase,Operational-driven
forecast,2025-10,A1,UQ-A1-01,PANEL FRONT AS,domestic,407627.0,419625.0,11998.0,cu,Supplier Change (Higher Cost Source),Market-driven
forecast,2024-11,A1,UQ-A1-02,BRACKET SUPPORT,domestic,332657.0,340219.0,7562.0,cu,Supplier Change (Higher Cost Source),Market-driven
forecast,2024-12,A1,UQ-A1-02,BRACKET SUPPORT,domestic,359837.0,368354.0,8517.0,cu,Supplier Change (Higher Cost Source),Market-driven
forecast,2025-01,A1,UQ-A1-02,BRACKET SUPPORT,domestic,381525.0,381525.0,0.0,,,
forecast,2025-02,A1,UQ-A1-02,BRACKET SUPPORT,domestic,381525.0,392206.0,10681.0,cu,Yield/Scrap Rate Increase,Operational-driven
forecast,2025-03,A1,UQ-A1-02,BRACKET SUPPORT,domestic,392576.0,402468.0,9892.0,cu,Supplier Change (Higher Cost Source),Market-driven
forecast,2025-04,A1,UQ-A1-02,BRACKET SUPPORT,domestic,414231.0,403232.0,-10999.0,cr,Process Improvement (Yield Up),Operational-driven
forecast,2025-05,A1,UQ-A1-02,BRACKET SUPPORT,domestic,400108.0,411367.0,11259.0,cu,Raw Material Price Increase,Market-driven
forecast,2025-06,A1,UQ-A1-02,BRACKET SUPPORT,domestic,429207.0,418264.0,-10943.0,cr,VA/VE Improvement,Engineering-driven
forecast,2025-07,A1,UQ-A1-02,BRACKET SUPPORT,domestic,393701.0,402417.0,8716.0,cu,Yield/Scrap Rate Increase,Operational-driven
forecast,2025-08,A1,UQ-A1-02,BRACKET SUPPORT,domestic,421971.0,432820.0,10849.0,cu,Engineering Change / Spec Upgrade,Engineering-driven
forecast,2025-09,A1,UQ-A1-02,BRACKET SUPPORT,domestic,437303.0,446857.0,9554.0,cu,Raw Material Price Increase,Market-driven
forecast,2025-10,A1,UQ-A1-02,BRACKET SUPPORT,domestic,462085.0,474635.0,12550.0,cu,Engineering Change / Spec Upgrade,Engineering-driven
forecast,2024-11,A1,UQ-A1-03,IC CHIP CONTROL,usd,494163.0,482545.0,-11618.0,cr,Supplier Negotiation,Operational-driven
forecast,2024-12,A1,UQ-A1-03,IC CHIP CONTROL,usd,457374.0,467663.0,10289.0,cu,Raw Material Price Increase,Market-driven
forecast,2025-01,A1,UQ-A1-03,IC CHIP CONTROL,usd,465268.0,477977.0,12709.0,cu,Supplier Change (Higher Cost Source),Market-driven
forecast,2025-02,A1,UQ-A1-03,IC CHIP CONTROL,usd,494671.0,506177.0,11506.0,cu,Engineering Change / Spec Upgrade,Engineering-driven
forecast,2025-03,A1,UQ-A1-03,IC CHIP CONTROL,usd,505058.0,518936.0,13878.0,cu,Yield/Scrap Rate Increase,Operational-driven
forecast,2025-04,A1,UQ-A1-03,IC CHIP CONTROL,usd,519959.0,532535.0,12576.0,cu,Engineering Change / Spec Upgrade,Engineering-driven
forecast,2025-05,A1,UQ-A1-03,IC CHIP CONTROL,usd,553543.0,538733.0,-14810.0,cr,VA/VE Improvement,Engineering-driven
forecast,2025-06,A1,UQ-A1-03,IC CHIP CONTROL,usd,509219.0,521176.0,11957.0,cu,Supplier Change (Higher Cost Source),Market-driven
forecast,2025-07,A1,UQ-A1-03,IC CHIP CONTROL,usd,526711.0,538584.0,11873.0,cu,Engineering Change / Spec Upgrade,Engineering-driven
forecast,2025-08,A1,UQ-A1-03,IC CHIP CONTROL,usd,548643.0,548643.0,0.0,,,
forecast,2025-09,A1,UQ-A1-03,IC CHIP CONTROL,usd,548643.0,561006.0,12363.0,cu,Engineering Change / Spec Upgrade,Engineering-driven
forecast,2025-10,A1,UQ-A1-03,IC CHIP CONTROL,usd,579271.0,593016.0,13745.0,cu,Supplier Change (Higher Cost Source),Market-driven
forecast,2024-11,A1,UQ-A1-04,MOTOR UNIT,jpy,197912.0,192833.0,-5079.0,cr,Alternative Material Substitution,Engineering-driven
forecast,2024-12,A1,UQ-A1-04,MOTOR UNIT,jpy,193848.0,198086.0,4238.0,cu,Yield/Scrap Rate Increase,Operational-driven
forecast,2025-01,A1,UQ-A1-04,MOTOR UNIT,jpy,201610.0,196020.0,-5590.0,cr,Process Improvement (Yield Up),Operational-driven
forecast,2025-02,A1,UQ-A1-04,MOTOR UNIT,jpy,193757.0,193757.0,0.0,,,
forecast,2025-03,A1,UQ-A1-04,MOTOR UNIT,jpy,193757.0,189623.0,-4134.0,cr,Alternative Material Substitution,Engineering-driven
forecast,2025-04,A1,UQ-A1-04,MOTOR UNIT,jpy,190006.0,185098.0,-4908.0,cr,VA/VE Improvement,Engineering-driven
forecast,2025-05,A1,UQ-A1-04,MOTOR UNIT,jpy,175723.0,170904.0,-4819.0,cr,VA/VE Improvement,Engineering-driven
forecast,2025-06,A1,UQ-A1-04,MOTOR UNIT,jpy,167997.0,172975.0,4978.0,cu,Engineering Change / Spec Upgrade,Engineering-driven
forecast,2025-07,A1,UQ-A1-04,MOTOR UNIT,jpy,184704.0,180276.0,-4428.0,cr,Localization / Local Sourcing,Operational-driven
forecast,2025-08,A1,UQ-A1-04,MOTOR UNIT,jpy,169646.0,166055.0,-3591.0,cr,Process Improvement (Yield Up),Operational-driven
forecast,2025-09,A1,UQ-A1-04,MOTOR UNIT,jpy,158552.0,155261.0,-3291.0,cr,Alternative Material Substitution,Engineering-driven
forecast,2025-10,A1,UQ-A1-04,MOTOR UNIT,jpy,147701.0,144292.0,-3409.0,cr,Alternative Material Substitution,Engineering-driven
forecast,2024-11,A1,UQ-A1-05,SENSOR MODULE,jpy,197628.0,203045.0,5417.0,cu,Raw Material Price Increase,Market-driven
forecast,2024-12,A1,UQ-A1-05,SENSOR MODULE,jpy,203303.0,198095.0,-5208.0,cr,Process Improvement (Yield Up),Operational-driven
forecast,2025-01,A1,UQ-A1-05,SENSOR MODULE,jpy,187265.0,181879.0,-5386.0,cr,VA/VE Improvement,Engineering-driven
forecast,2025-02,A1,UQ-A1-05,SENSOR MODULE,jpy,180066.0,175257.0,-4809.0,cr,Alternative Material Substitution,Engineering-driven
forecast,2025-03,A1,UQ-A1-05,SENSOR MODULE,jpy,169024.0,164684.0,-4340.0,cr,Alternative Material Substitution,Engineering-driven
forecast,2025-04,A1,UQ-A1-05,SENSOR MODULE,jpy,158124.0,158124.0,0.0,,,
forecast,2025-05,A1,UQ-A1-05,SENSOR MODULE,jpy,158124.0,154154.0,-3970.0,cr,Process Improvement (Yield Up),Operational-driven
forecast,2025-06,A1,UQ-A1-05,SENSOR MODULE,jpy,148121.0,144307.0,-3814.0,cr,Process Improvement (Yield Up),Operational-driven
forecast,2025-07,A1,UQ-A1-05,SENSOR MODULE,jpy,143949.0,140212.0,-3737.0,cr,VA/VE Improvement,Engineering-driven
forecast,2025-08,A1,UQ-A1-05,SENSOR MODULE,jpy,140558.0,137305.0,-3253.0,cr,Localization / Local Sourcing,Operational-driven
forecast,2025-09,A1,UQ-A1-05,SENSOR MODULE,jpy,134863.0,137933.0,3070.0,cu,Engineering Change / Spec Upgrade,Engineering-driven
forecast,2025-10,A1,UQ-A1-05,SENSOR MODULE,jpy,142737.0,139757.0,-2980.0,cr,Alternative Material Substitution,Engineering-driven
forecast,2024-11,A2,SH-CATA-D01,PANEL BOTTOM AS,domestic,98579.0,95653.0,-2926.0,cr,VA/VE Improvement,Engineering-driven
forecast,2024-12,A2,SH-CATA-D01,PANEL BOTTOM AS,domestic,94374.0,92139.0,-2235.0,cr,Alternative Material Substitution,Engineering-driven
forecast,2025-01,A2,SH-CATA-D01,PANEL BOTTOM AS,domestic,87563.0,85654.0,-1909.0,cr,Supplier Negotiation,Operational-driven
forecast,2025-02,A2,SH-CATA-D01,PANEL BOTTOM AS,domestic,81633.0,79391.0,-2242.0,cr,VA/VE Improvement,Engineering-driven
forecast,2025-03,A2,SH-CATA-D01,PANEL BOTTOM AS,domestic,76183.0,74340.0,-1843.0,cr,Process Improvement (Yield Up),Operational-driven
forecast,2025-04,A2,SH-CATA-D01,PANEL BOTTOM AS,domestic,73712.0,71663.0,-2049.0,cr,Supplier Negotiation,Operational-driven
forecast,2025-05,A2,SH-CATA-D01,PANEL BOTTOM AS,domestic,67569.0,65912.0,-1657.0,cr,Supplier Negotiation,Operational-driven
forecast,2025-06,A2,SH-CATA-D01,PANEL BOTTOM AS,domestic,66044.0,64428.0,-1616.0,cr,Supplier Negotiation,Operational-driven
forecast,2025-07,A2,SH-CATA-D01,PANEL BOTTOM AS,domestic,64585.0,62870.0,-1715.0,cr,Localization / Local Sourcing,Operational-driven
forecast,2025-08,A2,SH-CATA-D01,PANEL BOTTOM AS,domestic,61389.0,62632.0,1243.0,cu,Raw Material Price Increase,Market-driven
forecast,2025-09,A2,SH-CATA-D01,PANEL BOTTOM AS,domestic,65387.0,65387.0,0.0,,,
forecast,2025-10,A2,SH-CATA-D01,PANEL BOTTOM AS,domestic,65387.0,66902.0,1515.0,cu,Supplier Change (Higher Cost Source),Market-driven
forecast,2024-11,A2,SH-CATA-U01,CONNECTOR HOUSING,usd,56296.0,57228.0,932.0,cu,Raw Material Price Increase,Market-driven
forecast,2024-12,A2,SH-CATA-U01,CONNECTOR HOUSING,usd,58809.0,60480.0,1671.0,cu,Supplier Change (Higher Cost Source),Market-driven
forecast,2025-01,A2,SH-CATA-U01,CONNECTOR HOUSING,usd,61760.0,63593.0,1833.0,cu,Supplier Change (Higher Cost Source),Market-driven
forecast,2025-02,A2,SH-CATA-U01,CONNECTOR HOUSING,usd,64924.0,66458.0,1534.0,cu,Supplier Change (Higher Cost Source),Market-driven
forecast,2025-03,A2,SH-CATA-U01,CONNECTOR HOUSING,usd,68250.0,70211.0,1961.0,cu,Supplier Change (Higher Cost Source),Market-driven
forecast,2025-04,A2,SH-CATA-U01,CONNECTOR HOUSING,usd,71535.0,73303.0,1768.0,cu,Raw Material Price Increase,Market-driven
forecast,2025-05,A2,SH-CATA-U01,CONNECTOR HOUSING,usd,74974.0,76776.0,1802.0,cu,Supplier Change (Higher Cost Source),Market-driven
forecast,2025-06,A2,SH-CATA-U01,CONNECTOR HOUSING,usd,79869.0,81676.0,1807.0,cu,Supplier Change (Higher Cost Source),Market-driven
forecast,2025-07,A2,SH-CATA-U01,CONNECTOR HOUSING,usd,84983.0,87072.0,2089.0,cu,Supplier Change (Higher Cost Source),Market-driven
forecast,2025-08,A2,SH-CATA-U01,CONNECTOR HOUSING,usd,89805.0,91431.0,1626.0,cu,Supplier Change (Higher Cost Source),Market-driven
forecast,2025-09,A2,SH-CATA-U01,CONNECTOR HOUSING,usd,94513.0,96834.0,2321.0,cu,Supplier Change (Higher Cost Source),Market-driven
forecast,2025-10,A2,SH-CATA-U01,CONNECTOR HOUSING,usd,100024.0,102197.0,2173.0,cu,Raw Material Price Increase,Market-driven
forecast,2024-11,A2,SH-IDX02,PRECISION GEAR,jpy,42447.0,42447.0,0.0,,,
forecast,2024-12,A2,SH-IDX02,PRECISION GEAR,jpy,42447.0,41473.0,-974.0,cr,Alternative Material Substitution,Engineering-driven
forecast,2025-01,A2,SH-IDX02,PRECISION GEAR,jpy,39851.0,38664.0,-1187.0,cr,Localization / Local Sourcing,Operational-driven
forecast,2025-02,A2,SH-IDX02,PRECISION GEAR,jpy,36447.0,35591.0,-856.0,cr,Localization / Local Sourcing,Operational-driven
forecast,2025-03,A2,SH-IDX02,PRECISION GEAR,jpy,34626.0,33742.0,-884.0,cr,Localization / Local Sourcing,Operational-driven
forecast,2025-04,A2,SH-IDX02,PRECISION GEAR,jpy,33156.0,32368.0,-788.0,cr,Process Improvement (Yield Up),Operational-driven
forecast,2025-05,A2,SH-IDX02,PRECISION GEAR,jpy,31648.0,32572.0,924.0,cu,Logistics/Freight Cost Increase,Market-driven
forecast,2025-06,A2,SH-IDX02,PRECISION GEAR,jpy,34991.0,35825.0,834.0,cu,Engineering Change / Spec Upgrade,Engineering-driven
forecast,2025-07,A2,SH-IDX02,PRECISION GEAR,jpy,37140.0,36311.0,-829.0,cr,Alternative Material Substitution,Engineering-driven
forecast,2025-08,A2,SH-IDX02,PRECISION GEAR,jpy,36201.0,35215.0,-986.0,cr,VA/VE Improvement,Engineering-driven
forecast,2025-09,A2,SH-IDX02,PRECISION GEAR,jpy,32634.0,31737.0,-897.0,cr,VA/VE Improvement,Engineering-driven
forecast,2025-10,A2,SH-IDX02,PRECISION GEAR,jpy,30187.0,29291.0,-896.0,cr,VA/VE Improvement,Engineering-driven
forecast,2024-11,A2,UQ-A2-01,PANEL FRONT AS,domestic,563458.0,563458.0,0.0,,,
forecast,2024-12,A2,UQ-A2-01,PANEL FRONT AS,domestic,563458.0,578694.0,15236.0,cu,Logistics/Freight Cost Increase,Market-driven
forecast,2025-01,A2,UQ-A2-01,PANEL FRONT AS,domestic,609100.0,623112.0,14012.0,cu,Raw Material Price Increase,Market-driven
forecast,2025-02,A2,UQ-A2-01,PANEL FRONT AS,domestic,643682.0,626695.0,-16987.0,cr,VA/VE Improvement,Engineering-driven
forecast,2025-03,A2,UQ-A2-01,PANEL FRONT AS,domestic,605183.0,618078.0,12895.0,cu,Supplier Change (Higher Cost Source),Market-driven
forecast,2025-04,A2,UQ-A2-01,PANEL FRONT AS,domestic,632433.0,647252.0,14819.0,cu,Logistics/Freight Cost Increase,Market-driven
forecast,2025-05,A2,UQ-A2-01,PANEL FRONT AS,domestic,671312.0,685054.0,13742.0,cu,Engineering Change / Spec Upgrade,Engineering-driven
forecast,2025-06,A2,UQ-A2-01,PANEL FRONT AS,domestic,702439.0,684834.0,-17605.0,cr,VA/VE Improvement,Engineering-driven
forecast,2025-07,A2,UQ-A2-01,PANEL FRONT AS,domestic,669221.0,688564.0,19343.0,cu,Raw Material Price Increase,Market-driven
forecast,2025-08,A2,UQ-A2-01,PANEL FRONT AS,domestic,711010.0,725847.0,14837.0,cu,Logistics/Freight Cost Increase,Market-driven
forecast,2025-09,A2,UQ-A2-01,PANEL FRONT AS,domestic,744332.0,764188.0,19856.0,cu,Supplier Change (Higher Cost Source),Market-driven
forecast,2025-10,A2,UQ-A2-01,PANEL FRONT AS,domestic,786204.0,805196.0,18992.0,cu,Engineering Change / Spec Upgrade,Engineering-driven
forecast,2024-11,A2,UQ-A2-02,BRACKET SUPPORT,domestic,676259.0,693372.0,17113.0,cu,Engineering Change / Spec Upgrade,Engineering-driven
forecast,2024-12,A2,UQ-A2-02,BRACKET SUPPORT,domestic,711439.0,727699.0,16260.0,cu,Engineering Change / Spec Upgrade,Engineering-driven
forecast,2025-01,A2,UQ-A2-02,BRACKET SUPPORT,domestic,731980.0,731980.0,0.0,,,
forecast,2025-02,A2,UQ-A2-02,BRACKET SUPPORT,domestic,731980.0,749493.0,17513.0,cu,Raw Material Price Increase,Market-driven
forecast,2025-03,A2,UQ-A2-02,BRACKET SUPPORT,domestic,759443.0,777024.0,17581.0,cu,Engineering Change / Spec Upgrade,Engineering-driven
forecast,2025-04,A2,UQ-A2-02,BRACKET SUPPORT,domestic,811463.0,790054.0,-21409.0,cr,Alternative Material Substitution,Engineering-driven
forecast,2025-05,A2,UQ-A2-02,BRACKET SUPPORT,domestic,743739.0,765729.0,21990.0,cu,Supplier Change (Higher Cost Source),Market-driven
forecast,2025-06,A2,UQ-A2-02,BRACKET SUPPORT,domestic,822134.0,803272.0,-18862.0,cr,Localization / Local Sourcing,Operational-driven
forecast,2025-07,A2,UQ-A2-02,BRACKET SUPPORT,domestic,766032.0,783052.0,17020.0,cu,Supplier Change (Higher Cost Source),Market-driven
forecast,2025-08,A2,UQ-A2-02,BRACKET SUPPORT,domestic,776566.0,798539.0,21973.0,cu,Supplier Change (Higher Cost Source),Market-driven
forecast,2025-09,A2,UQ-A2-02,BRACKET SUPPORT,domestic,807906.0,830372.0,22466.0,cu,Supplier Change (Higher Cost Source),Market-driven
forecast,2025-10,A2,UQ-A2-02,BRACKET SUPPORT,domestic,869193.0,893580.0,24387.0,cu,Engineering Change / Spec Upgrade,Engineering-driven
forecast,2024-11,A2,UQ-A2-03,IC CHIP CONTROL,usd,174249.0,170170.0,-4079.0,cr,Process Improvement (Yield Up),Operational-driven
forecast,2024-12,A2,UQ-A2-03,IC CHIP CONTROL,usd,165381.0,168913.0,3532.0,cu,Raw Material Price Increase,Market-driven
forecast,2025-01,A2,UQ-A2-03,IC CHIP CONTROL,usd,173655.0,178156.0,4501.0,cu,Logistics/Freight Cost Increase,Market-driven
forecast,2025-02,A2,UQ-A2-03,IC CHIP CONTROL,usd,185138.0,190406.0,5268.0,cu,Yield/Scrap Rate Increase,Operational-driven
forecast,2025-03,A2,UQ-A2-03,IC CHIP CONTROL,usd,195711.0,201064.0,5353.0,cu,Supplier Change (Higher Cost Source),Market-driven
forecast,2025-04,A2,UQ-A2-03,IC CHIP CONTROL,usd,208255.0,213819.0,5564.0,cu,Yield/Scrap Rate Increase,Operational-driven
forecast,2025-05,A2,UQ-A2-03,IC CHIP CONTROL,usd,220275.0,215751.0,-4524.0,cr,Process Improvement (Yield Up),Operational-driven
forecast,2025-06,A2,UQ-A2-03,IC CHIP CONTROL,usd,211029.0,217269.0,6240.0,cu,Yield/Scrap Rate Increase,Operational-driven
forecast,2025-07,A2,UQ-A2-03,IC CHIP CONTROL,usd,228350.0,234794.0,6444.0,cu,Supplier Change (Higher Cost Source),Market-driven
forecast,2025-08,A2,UQ-A2-03,IC CHIP CONTROL,usd,247057.0,247057.0,0.0,,,
forecast,2025-09,A2,UQ-A2-03,IC CHIP CONTROL,usd,247057.0,252944.0,5887.0,cu,Supplier Change (Higher Cost Source),Market-driven
forecast,2025-10,A2,UQ-A2-03,IC CHIP CONTROL,usd,264689.0,271079.0,6390.0,cu,Yield/Scrap Rate Increase,Operational-driven
forecast,2024-11,A2,UQ-A2-04,MOTOR UNIT,jpy,100991.0,98644.0,-2347.0,cr,VA/VE Improvement,Engineering-driven
forecast,2024-12,A2,UQ-A2-04,MOTOR UNIT,jpy,95407.0,98173.0,2766.0,cu,Engineering Change / Spec Upgrade,Engineering-driven
forecast,2025-01,A2,UQ-A2-04,MOTOR UNIT,jpy,104954.0,102407.0,-2547.0,cr,Alternative Material Substitution,Engineering-driven
forecast,2025-02,A2,UQ-A2-04,MOTOR UNIT,jpy,102555.0,102555.0,0.0,,,
forecast,2025-03,A2,UQ-A2-04,MOTOR UNIT,jpy,102555.0,100264.0,-2291.0,cr,Supplier Negotiation,Operational-driven
forecast,2025-04,A2,UQ-A2-04,MOTOR UNIT,jpy,100130.0,97957.0,-2173.0,cr,VA/VE Improvement,Engineering-driven
forecast,2025-05,A2,UQ-A2-04,MOTOR UNIT,jpy,97624.0,94823.0,-2801.0,cr,Alternative Material Substitution,Engineering-driven
forecast,2025-06,A2,UQ-A2-04,MOTOR UNIT,jpy,89597.0,91904.0,2307.0,cu,Engineering Change / Spec Upgrade,Engineering-driven
forecast,2025-07,A2,UQ-A2-04,MOTOR UNIT,jpy,97778.0,95323.0,-2455.0,cr,VA/VE Improvement,Engineering-driven
forecast,2025-08,A2,UQ-A2-04,MOTOR UNIT,jpy,89885.0,87816.0,-2069.0,cr,Localization / Local Sourcing,Operational-driven
forecast,2025-09,A2,UQ-A2-04,MOTOR UNIT,jpy,85636.0,83702.0,-1934.0,cr,Process Improvement (Yield Up),Operational-driven
forecast,2025-10,A2,UQ-A2-04,MOTOR UNIT,jpy,83518.0,81728.0,-1790.0,cr,Process Improvement (Yield Up),Operational-driven
forecast,2024-11,A2,UQ-A2-05,SENSOR MODULE,jpy,132294.0,136108.0,3814.0,cu,Logistics/Freight Cost Increase,Market-driven
forecast,2024-12,A2,UQ-A2-05,SENSOR MODULE,jpy,136888.0,133041.0,-3847.0,cr,Process Improvement (Yield Up),Operational-driven
forecast,2025-01,A2,UQ-A2-05,SENSOR MODULE,jpy,126485.0,123520.0,-2965.0,cr,Alternative Material Substitution,Engineering-driven
forecast,2025-02,A2,UQ-A2-05,SENSOR MODULE,jpy,117265.0,114130.0,-3135.0,cr,Process Improvement (Yield Up),Operational-driven
forecast,2025-03,A2,UQ-A2-05,SENSOR MODULE,jpy,106514.0,103563.0,-2951.0,cr,Localization / Local Sourcing,Operational-driven
forecast,2025-04,A2,UQ-A2-05,SENSOR MODULE,jpy,103548.0,103548.0,0.0,,,
forecast,2025-05,A2,UQ-A2-05,SENSOR MODULE,jpy,103548.0,100533.0,-3015.0,cr,Process Improvement (Yield Up),Operational-driven
forecast,2025-06,A2,UQ-A2-05,SENSOR MODULE,jpy,95578.0,93128.0,-2450.0,cr,Supplier Negotiation,Operational-driven
forecast,2025-07,A2,UQ-A2-05,SENSOR MODULE,jpy,88754.0,86842.0,-1912.0,cr,Localization / Local Sourcing,Operational-driven
forecast,2025-08,A2,UQ-A2-05,SENSOR MODULE,jpy,85053.0,83320.0,-1733.0,cr,Supplier Negotiation,Operational-driven
forecast,2025-09,A2,UQ-A2-05,SENSOR MODULE,jpy,78590.0,80216.0,1626.0,cu,Logistics/Freight Cost Increase,Market-driven
forecast,2025-10,A2,UQ-A2-05,SENSOR MODULE,jpy,82449.0,80085.0,-2364.0,cr,Process Improvement (Yield Up),Operational-driven
forecast,2024-11,A2,SH-EVEN-01,TAPE PU-F,domestic,70295.0,72153.0,1858.0,cu,Raw Material Price Increase,Market-driven
forecast,2024-12,A2,SH-EVEN-01,TAPE PU-F,domestic,75075.0,77289.0,2214.0,cu,Raw Material Price Increase,Market-driven
forecast,2025-01,A2,SH-EVEN-01,TAPE PU-F,domestic,80181.0,81820.0,1639.0,cu,Engineering Change / Spec Upgrade,Engineering-driven
forecast,2025-02,A2,SH-EVEN-01,TAPE PU-F,domestic,82639.0,85022.0,2383.0,cu,Engineering Change / Spec Upgrade,Engineering-driven
forecast,2025-03,A2,SH-EVEN-01,TAPE PU-F,domestic,87878.0,90500.0,2622.0,cu,Engineering Change / Spec Upgrade,Engineering-driven
forecast,2025-04,A2,SH-EVEN-01,TAPE PU-F,domestic,93563.0,90938.0,-2625.0,cr,VA/VE Improvement,Engineering-driven
forecast,2025-05,A2,SH-EVEN-01,TAPE PU-F,domestic,89152.0,91079.0,1927.0,cu,Supplier Change (Higher Cost Source),Market-driven
forecast,2025-06,A2,SH-EVEN-01,TAPE PU-F,domestic,94914.0,97552.0,2638.0,cu,Supplier Change (Higher Cost Source),Market-driven
forecast,2025-07,A2,SH-EVEN-01,TAPE PU-F,domestic,101876.0,99278.0,-2598.0,cr,Process Improvement (Yield Up),Operational-driven
forecast,2025-08,A2,SH-EVEN-01,TAPE PU-F,domestic,94152.0,96788.0,2636.0,cu,Supplier Change (Higher Cost Source),Market-driven
forecast,2025-09,A2,SH-EVEN-01,TAPE PU-F,domestic,96785.0,96785.0,0.0,,,
forecast,2025-10,A2,SH-EVEN-01,TAPE PU-F,domestic,96785.0,99648.0,2863.0,cu,Yield/Scrap Rate Increase,Operational-driven
forecast,2024-11,A2,SH-EVEN-02,RESIN COMPOUND,usd,19042.0,19548.0,506.0,cu,Supplier Change (Higher Cost Source),Market-driven
forecast,2024-12,A2,SH-EVEN-02,RESIN COMPOUND,usd,19491.0,20013.0,522.0,cu,Supplier Change (Higher Cost Source),Market-driven
forecast,2025-01,A2,SH-EVEN-02,RESIN COMPOUND,usd,20366.0,20818.0,452.0,cu,Raw Material Price Increase,Market-driven
forecast,2025-02,A2,SH-EVEN-02,RESIN COMPOUND,usd,20895.0,21394.0,499.0,cu,Logistics/Freight Cost Increase,Market-driven
forecast,2025-03,A2,SH-EVEN-02,RESIN COMPOUND,usd,21472.0,21914.0,442.0,cu,Logistics/Freight Cost Increase,Market-driven
forecast,2025-04,A2,SH-EVEN-02,RESIN COMPOUND,usd,22839.0,22839.0,0.0,,,
forecast,2025-05,A2,SH-EVEN-02,RESIN COMPOUND,usd,22839.0,22349.0,-490.0,cr,Localization / Local Sourcing,Operational-driven
forecast,2025-06,A2,SH-EVEN-02,RESIN COMPOUND,usd,21574.0,22093.0,519.0,cu,Logistics/Freight Cost Increase,Market-driven
forecast,2025-07,A2,SH-EVEN-02,RESIN COMPOUND,usd,22763.0,22214.0,-549.0,cr,Alternative Material Substitution,Engineering-driven
forecast,2025-08,A2,SH-EVEN-02,RESIN COMPOUND,usd,21147.0,21602.0,455.0,cu,Raw Material Price Increase,Market-driven
forecast,2025-09,A2,SH-EVEN-02,RESIN COMPOUND,usd,22059.0,22634.0,575.0,cu,Engineering Change / Spec Upgrade,Engineering-driven
forecast,2025-10,A2,SH-EVEN-02,RESIN COMPOUND,usd,23441.0,24025.0,584.0,cu,Yield/Scrap Rate Increase,Operational-driven
forecast,2024-11,A3,SH-CATA-D01,PANEL BOTTOM AS,domestic,98579.0,95653.0,-2926.0,cr,VA/VE Improvement,Engineering-driven
forecast,2024-12,A3,SH-CATA-D01,PANEL BOTTOM AS,domestic,94374.0,92139.0,-2235.0,cr,Alternative Material Substitution,Engineering-driven
forecast,2025-01,A3,SH-CATA-D01,PANEL BOTTOM AS,domestic,87563.0,85654.0,-1909.0,cr,Supplier Negotiation,Operational-driven
forecast,2025-02,A3,SH-CATA-D01,PANEL BOTTOM AS,domestic,81633.0,79391.0,-2242.0,cr,VA/VE Improvement,Engineering-driven
forecast,2025-03,A3,SH-CATA-D01,PANEL BOTTOM AS,domestic,76183.0,74340.0,-1843.0,cr,Process Improvement (Yield Up),Operational-driven
forecast,2025-04,A3,SH-CATA-D01,PANEL BOTTOM AS,domestic,73712.0,71663.0,-2049.0,cr,Supplier Negotiation,Operational-driven
forecast,2025-05,A3,SH-CATA-D01,PANEL BOTTOM AS,domestic,67569.0,65912.0,-1657.0,cr,Supplier Negotiation,Operational-driven
forecast,2025-06,A3,SH-CATA-D01,PANEL BOTTOM AS,domestic,66044.0,64428.0,-1616.0,cr,Supplier Negotiation,Operational-driven
forecast,2025-07,A3,SH-CATA-D01,PANEL BOTTOM AS,domestic,64585.0,62870.0,-1715.0,cr,Localization / Local Sourcing,Operational-driven
forecast,2025-08,A3,SH-CATA-D01,PANEL BOTTOM AS,domestic,61389.0,62632.0,1243.0,cu,Raw Material Price Increase,Market-driven
forecast,2025-09,A3,SH-CATA-D01,PANEL BOTTOM AS,domestic,65387.0,65387.0,0.0,,,
forecast,2025-10,A3,SH-CATA-D01,PANEL BOTTOM AS,domestic,65387.0,66902.0,1515.0,cu,Supplier Change (Higher Cost Source),Market-driven
forecast,2024-11,A3,SH-CATA-U01,CONNECTOR HOUSING,usd,56296.0,57228.0,932.0,cu,Raw Material Price Increase,Market-driven
forecast,2024-12,A3,SH-CATA-U01,CONNECTOR HOUSING,usd,58809.0,60480.0,1671.0,cu,Supplier Change (Higher Cost Source),Market-driven
forecast,2025-01,A3,SH-CATA-U01,CONNECTOR HOUSING,usd,61760.0,63593.0,1833.0,cu,Supplier Change (Higher Cost Source),Market-driven
forecast,2025-02,A3,SH-CATA-U01,CONNECTOR HOUSING,usd,64924.0,66458.0,1534.0,cu,Supplier Change (Higher Cost Source),Market-driven
forecast,2025-03,A3,SH-CATA-U01,CONNECTOR HOUSING,usd,68250.0,70211.0,1961.0,cu,Supplier Change (Higher Cost Source),Market-driven
forecast,2025-04,A3,SH-CATA-U01,CONNECTOR HOUSING,usd,71535.0,73303.0,1768.0,cu,Raw Material Price Increase,Market-driven
forecast,2025-05,A3,SH-CATA-U01,CONNECTOR HOUSING,usd,74974.0,76776.0,1802.0,cu,Supplier Change (Higher Cost Source),Market-driven
forecast,2025-06,A3,SH-CATA-U01,CONNECTOR HOUSING,usd,79869.0,81676.0,1807.0,cu,Supplier Change (Higher Cost Source),Market-driven
forecast,2025-07,A3,SH-CATA-U01,CONNECTOR HOUSING,usd,84983.0,87072.0,2089.0,cu,Supplier Change (Higher Cost Source),Market-driven
forecast,2025-08,A3,SH-CATA-U01,CONNECTOR HOUSING,usd,89805.0,91431.0,1626.0,cu,Supplier Change (Higher Cost Source),Market-driven
forecast,2025-09,A3,SH-CATA-U01,CONNECTOR HOUSING,usd,94513.0,96834.0,2321.0,cu,Supplier Change (Higher Cost Source),Market-driven
forecast,2025-10,A3,SH-CATA-U01,CONNECTOR HOUSING,usd,100024.0,102197.0,2173.0,cu,Raw Material Price Increase,Market-driven
forecast,2024-11,A3,SH-IDX03,PRECISION GEAR,jpy,110238.0,110238.0,0.0,,,
forecast,2024-12,A3,SH-IDX03,PRECISION GEAR,jpy,110238.0,107563.0,-2675.0,cr,Alternative Material Substitution,Engineering-driven
forecast,2025-01,A3,SH-IDX03,PRECISION GEAR,jpy,105176.0,102043.0,-3133.0,cr,Alternative Material Substitution,Engineering-driven
forecast,2025-02,A3,SH-IDX03,PRECISION GEAR,jpy,96942.0,94328.0,-2614.0,cr,Process Improvement (Yield Up),Operational-driven
forecast,2025-03,A3,SH-IDX03,PRECISION GEAR,jpy,94448.0,92284.0,-2164.0,cr,Process Improvement (Yield Up),Operational-driven
forecast,2025-04,A3,SH-IDX03,PRECISION GEAR,jpy,88401.0,86440.0,-1961.0,cr,Process Improvement (Yield Up),Operational-driven
forecast,2025-05,A3,SH-IDX03,PRECISION GEAR,jpy,83341.0,85550.0,2209.0,cu,Logistics/Freight Cost Increase,Market-driven
forecast,2025-06,A3,SH-IDX03,PRECISION GEAR,jpy,88426.0,90655.0,2229.0,cu,Yield/Scrap Rate Increase,Operational-driven
forecast,2025-07,A3,SH-IDX03,PRECISION GEAR,jpy,90488.0,88202.0,-2286.0,cr,Supplier Negotiation,Operational-driven
forecast,2025-08,A3,SH-IDX03,PRECISION GEAR,jpy,85504.0,83082.0,-2422.0,cr,Supplier Negotiation,Operational-driven
forecast,2025-09,A3,SH-IDX03,PRECISION GEAR,jpy,81232.0,79185.0,-2047.0,cr,Supplier Negotiation,Operational-driven
forecast,2025-10,A3,SH-IDX03,PRECISION GEAR,jpy,78288.0,76096.0,-2192.0,cr,Alternative Material Substitution,Engineering-driven
forecast,2024-11,A3,UQ-A3-01,PANEL FRONT AS,domestic,743033.0,743033.0,0.0,,,
forecast,2024-12,A3,UQ-A3-01,PANEL FRONT AS,domestic,743033.0,763166.0,20133.0,cu,Yield/Scrap Rate Increase,Operational-driven
forecast,2025-01,A3,UQ-A3-01,PANEL FRONT AS,domestic,786598.0,804837.0,18239.0,cu,Engineering Change / Spec Upgrade,Engineering-driven
forecast,2025-02,A3,UQ-A3-01,PANEL FRONT AS,domestic,821595.0,800314.0,-21281.0,cr,Supplier Negotiation,Operational-driven
forecast,2025-03,A3,UQ-A3-01,PANEL FRONT AS,domestic,785531.0,802533.0,17002.0,cu,Engineering Change / Spec Upgrade,Engineering-driven
forecast,2025-04,A3,UQ-A3-01,PANEL FRONT AS,domestic,817750.0,834903.0,17153.0,cu,Logistics/Freight Cost Increase,Market-driven
forecast,2025-05,A3,UQ-A3-01,PANEL FRONT AS,domestic,864905.0,886931.0,22026.0,cu,Yield/Scrap Rate Increase,Operational-driven
forecast,2025-06,A3,UQ-A3-01,PANEL FRONT AS,domestic,896640.0,870088.0,-26552.0,cr,Alternative Material Substitution,Engineering-driven
forecast,2025-07,A3,UQ-A3-01,PANEL FRONT AS,domestic,830274.0,848176.0,17902.0,cu,Supplier Change (Higher Cost Source),Market-driven
forecast,2025-08,A3,UQ-A3-01,PANEL FRONT AS,domestic,859533.0,880538.0,21005.0,cu,Raw Material Price Increase,Market-driven
forecast,2025-09,A3,UQ-A3-01,PANEL FRONT AS,domestic,927318.0,947519.0,20201.0,cu,Engineering Change / Spec Upgrade,Engineering-driven
forecast,2025-10,A3,UQ-A3-01,PANEL FRONT AS,domestic,945344.0,973327.0,27983.0,cu,Engineering Change / Spec Upgrade,Engineering-driven
forecast,2024-11,A3,UQ-A3-02,BRACKET SUPPORT,domestic,531882.0,545806.0,13924.0,cu,Raw Material Price Increase,Market-driven
forecast,2024-12,A3,UQ-A3-02,BRACKET SUPPORT,domestic,554198.0,570222.0,16024.0,cu,Logistics/Freight Cost Increase,Market-driven
forecast,2025-01,A3,UQ-A3-02,BRACKET SUPPORT,domestic,596259.0,596259.0,0.0,,,
forecast,2025-02,A3,UQ-A3-02,BRACKET SUPPORT,domestic,596259.0,609607.0,13348.0,cu,Raw Material Price Increase,Market-driven
forecast,2025-03,A3,UQ-A3-02,BRACKET SUPPORT,domestic,611230.0,624193.0,12963.0,cu,Supplier Change (Higher Cost Source),Market-driven
forecast,2025-04,A3,UQ-A3-02,BRACKET SUPPORT,domestic,660488.0,642488.0,-18000.0,cr,VA/VE Improvement,Engineering-driven
forecast,2025-05,A3,UQ-A3-02,BRACKET SUPPORT,domestic,611293.0,627950.0,16657.0,cu,Logistics/Freight Cost Increase,Market-driven
forecast,2025-06,A3,UQ-A3-02,BRACKET SUPPORT,domestic,639172.0,620658.0,-18514.0,cr,Localization / Local Sourcing,Operational-driven
forecast,2025-07,A3,UQ-A3-02,BRACKET SUPPORT,domestic,603440.0,619022.0,15582.0,cu,Logistics/Freight Cost Increase,Market-driven
forecast,2025-08,A3,UQ-A3-02,BRACKET SUPPORT,domestic,622691.0,640780.0,18089.0,cu,Logistics/Freight Cost Increase,Market-driven
forecast,2025-09,A3,UQ-A3-02,BRACKET SUPPORT,domestic,646803.0,663236.0,16433.0,cu,Engineering Change / Spec Upgrade,Engineering-driven
forecast,2025-10,A3,UQ-A3-02,BRACKET SUPPORT,domestic,665587.0,681624.0,16037.0,cu,Supplier Change (Higher Cost Source),Market-driven
forecast,2024-11,A3,UQ-A3-03,IC CHIP CONTROL,usd,1039099.0,1011439.0,-27660.0,cr,Alternative Material Substitution,Engineering-driven
forecast,2024-12,A3,UQ-A3-03,IC CHIP CONTROL,usd,974348.0,1002870.0,28522.0,cu,Logistics/Freight Cost Increase,Market-driven
forecast,2025-01,A3,UQ-A3-03,IC CHIP CONTROL,usd,1055827.0,1080110.0,24283.0,cu,Logistics/Freight Cost Increase,Market-driven
forecast,2025-02,A3,UQ-A3-03,IC CHIP CONTROL,usd,1126924.0,1157277.0,30353.0,cu,Yield/Scrap Rate Increase,Operational-driven
forecast,2025-03,A3,UQ-A3-03,IC CHIP CONTROL,usd,1176534.0,1202508.0,25974.0,cu,Supplier Change (Higher Cost Source),Market-driven
forecast,2025-04,A3,UQ-A3-03,IC CHIP CONTROL,usd,1236551.0,1263546.0,26995.0,cu,Supplier Change (Higher Cost Source),Market-driven
forecast,2025-05,A3,UQ-A3-03,IC CHIP CONTROL,usd,1303463.0,1275081.0,-28382.0,cr,Localization / Local Sourcing,Operational-driven
forecast,2025-06,A3,UQ-A3-03,IC CHIP CONTROL,usd,1271816.0,1300531.0,28715.0,cu,Engineering Change / Spec Upgrade,Engineering-driven
forecast,2025-07,A3,UQ-A3-03,IC CHIP CONTROL,usd,1348558.0,1379579.0,31021.0,cu,Yield/Scrap Rate Increase,Operational-driven
forecast,2025-08,A3,UQ-A3-03,IC CHIP CONTROL,usd,1401288.0,1401288.0,0.0,,,
forecast,2025-09,A3,UQ-A3-03,IC CHIP CONTROL,usd,1401288.0,1438329.0,37041.0,cu,Engineering Change / Spec Upgrade,Engineering-driven
forecast,2025-10,A3,UQ-A3-03,IC CHIP CONTROL,usd,1496427.0,1534673.0,38246.0,cu,Yield/Scrap Rate Increase,Operational-driven
forecast,2024-11,A3,UQ-A3-04,MOTOR UNIT,jpy,531908.0,519067.0,-12841.0,cr,Supplier Negotiation,Operational-driven
forecast,2024-12,A3,UQ-A3-04,MOTOR UNIT,jpy,497161.0,509634.0,12473.0,cu,Raw Material Price Increase,Market-driven
forecast,2025-01,A3,UQ-A3-04,MOTOR UNIT,jpy,534357.0,521140.0,-13217.0,cr,Supplier Negotiation,Operational-driven
forecast,2025-02,A3,UQ-A3-04,MOTOR UNIT,jpy,505797.0,505797.0,0.0,,,
forecast,2025-03,A3,UQ-A3-04,MOTOR UNIT,jpy,505797.0,491369.0,-14428.0,cr,Localization / Local Sourcing,Operational-driven
forecast,2025-04,A3,UQ-A3-04,MOTOR UNIT,jpy,477098.0,466496.0,-10602.0,cr,Supplier Negotiation,Operational-driven
forecast,2025-05,A3,UQ-A3-04,MOTOR UNIT,jpy,448546.0,438796.0,-9750.0,cr,VA/VE Improvement,Engineering-driven
forecast,2025-06,A3,UQ-A3-04,MOTOR UNIT,jpy,429600.0,442463.0,12863.0,cu,Logistics/Freight Cost Increase,Market-driven
forecast,2025-07,A3,UQ-A3-04,MOTOR UNIT,jpy,465104.0,451533.0,-13571.0,cr,Localization / Local Sourcing,Operational-driven
forecast,2025-08,A3,UQ-A3-04,MOTOR UNIT,jpy,428893.0,416354.0,-12539.0,cr,VA/VE Improvement,Engineering-driven
forecast,2025-09,A3,UQ-A3-04,MOTOR UNIT,jpy,401653.0,393205.0,-8448.0,cr,Localization / Local Sourcing,Operational-driven
forecast,2025-10,A3,UQ-A3-04,MOTOR UNIT,jpy,385733.0,377490.0,-8243.0,cr,Supplier Negotiation,Operational-driven
forecast,2024-11,A3,UQ-A3-05,SENSOR MODULE,jpy,371411.0,379262.0,7851.0,cu,Engineering Change / Spec Upgrade,Engineering-driven
forecast,2024-12,A3,UQ-A3-05,SENSOR MODULE,jpy,381659.0,371003.0,-10656.0,cr,Supplier Negotiation,Operational-driven
forecast,2025-01,A3,UQ-A3-05,SENSOR MODULE,jpy,349011.0,339561.0,-9450.0,cr,Alternative Material Substitution,Engineering-driven
forecast,2025-02,A3,UQ-A3-05,SENSOR MODULE,jpy,317019.0,308788.0,-8231.0,cr,VA/VE Improvement,Engineering-driven
forecast,2025-03,A3,UQ-A3-05,SENSOR MODULE,jpy,301400.0,293304.0,-8096.0,cr,VA/VE Improvement,Engineering-driven
forecast,2025-04,A3,UQ-A3-05,SENSOR MODULE,jpy,295848.0,295848.0,0.0,,,
forecast,2025-05,A3,UQ-A3-05,SENSOR MODULE,jpy,295848.0,289811.0,-6037.0,cr,Process Improvement (Yield Up),Operational-driven
forecast,2025-06,A3,UQ-A3-05,SENSOR MODULE,jpy,282454.0,275640.0,-6814.0,cr,Process Improvement (Yield Up),Operational-driven
forecast,2025-07,A3,UQ-A3-05,SENSOR MODULE,jpy,268029.0,260543.0,-7486.0,cr,Supplier Negotiation,Operational-driven
forecast,2025-08,A3,UQ-A3-05,SENSOR MODULE,jpy,253788.0,247881.0,-5907.0,cr,Localization / Local Sourcing,Operational-driven
forecast,2025-09,A3,UQ-A3-05,SENSOR MODULE,jpy,234042.0,240426.0,6384.0,cu,Engineering Change / Spec Upgrade,Engineering-driven
forecast,2025-10,A3,UQ-A3-05,SENSOR MODULE,jpy,237464.0,232027.0,-5437.0,cr,Alternative Material Substitution,Engineering-driven
forecast,2024-11,A4,SH-CATA-D01,PANEL BOTTOM AS,domestic,98579.0,95653.0,-2926.0,cr,VA/VE Improvement,Engineering-driven
forecast,2024-12,A4,SH-CATA-D01,PANEL BOTTOM AS,domestic,94374.0,92139.0,-2235.0,cr,Alternative Material Substitution,Engineering-driven
forecast,2025-01,A4,SH-CATA-D01,PANEL BOTTOM AS,domestic,87563.0,85654.0,-1909.0,cr,Supplier Negotiation,Operational-driven
forecast,2025-02,A4,SH-CATA-D01,PANEL BOTTOM AS,domestic,81633.0,79391.0,-2242.0,cr,VA/VE Improvement,Engineering-driven
forecast,2025-03,A4,SH-CATA-D01,PANEL BOTTOM AS,domestic,76183.0,74340.0,-1843.0,cr,Process Improvement (Yield Up),Operational-driven
forecast,2025-04,A4,SH-CATA-D01,PANEL BOTTOM AS,domestic,73712.0,71663.0,-2049.0,cr,Supplier Negotiation,Operational-driven
forecast,2025-05,A4,SH-CATA-D01,PANEL BOTTOM AS,domestic,67569.0,65912.0,-1657.0,cr,Supplier Negotiation,Operational-driven
forecast,2025-06,A4,SH-CATA-D01,PANEL BOTTOM AS,domestic,66044.0,64428.0,-1616.0,cr,Supplier Negotiation,Operational-driven
forecast,2025-07,A4,SH-CATA-D01,PANEL BOTTOM AS,domestic,64585.0,62870.0,-1715.0,cr,Localization / Local Sourcing,Operational-driven
forecast,2025-08,A4,SH-CATA-D01,PANEL BOTTOM AS,domestic,61389.0,62632.0,1243.0,cu,Raw Material Price Increase,Market-driven
forecast,2025-09,A4,SH-CATA-D01,PANEL BOTTOM AS,domestic,65387.0,65387.0,0.0,,,
forecast,2025-10,A4,SH-CATA-D01,PANEL BOTTOM AS,domestic,65387.0,66902.0,1515.0,cu,Supplier Change (Higher Cost Source),Market-driven
forecast,2024-11,A4,SH-CATA-U01,CONNECTOR HOUSING,usd,56296.0,57228.0,932.0,cu,Raw Material Price Increase,Market-driven
forecast,2024-12,A4,SH-CATA-U01,CONNECTOR HOUSING,usd,58809.0,60480.0,1671.0,cu,Supplier Change (Higher Cost Source),Market-driven
forecast,2025-01,A4,SH-CATA-U01,CONNECTOR HOUSING,usd,61760.0,63593.0,1833.0,cu,Supplier Change (Higher Cost Source),Market-driven
forecast,2025-02,A4,SH-CATA-U01,CONNECTOR HOUSING,usd,64924.0,66458.0,1534.0,cu,Supplier Change (Higher Cost Source),Market-driven
forecast,2025-03,A4,SH-CATA-U01,CONNECTOR HOUSING,usd,68250.0,70211.0,1961.0,cu,Supplier Change (Higher Cost Source),Market-driven
forecast,2025-04,A4,SH-CATA-U01,CONNECTOR HOUSING,usd,71535.0,73303.0,1768.0,cu,Raw Material Price Increase,Market-driven
forecast,2025-05,A4,SH-CATA-U01,CONNECTOR HOUSING,usd,74974.0,76776.0,1802.0,cu,Supplier Change (Higher Cost Source),Market-driven
forecast,2025-06,A4,SH-CATA-U01,CONNECTOR HOUSING,usd,79869.0,81676.0,1807.0,cu,Supplier Change (Higher Cost Source),Market-driven
forecast,2025-07,A4,SH-CATA-U01,CONNECTOR HOUSING,usd,84983.0,87072.0,2089.0,cu,Supplier Change (Higher Cost Source),Market-driven
forecast,2025-08,A4,SH-CATA-U01,CONNECTOR HOUSING,usd,89805.0,91431.0,1626.0,cu,Supplier Change (Higher Cost Source),Market-driven
forecast,2025-09,A4,SH-CATA-U01,CONNECTOR HOUSING,usd,94513.0,96834.0,2321.0,cu,Supplier Change (Higher Cost Source),Market-driven
forecast,2025-10,A4,SH-CATA-U01,CONNECTOR HOUSING,usd,100024.0,102197.0,2173.0,cu,Raw Material Price Increase,Market-driven
forecast,2024-11,A4,SH-IDX04,PRECISION GEAR,jpy,26043.0,26043.0,0.0,,,
forecast,2024-12,A4,SH-IDX04,PRECISION GEAR,jpy,26043.0,25511.0,-532.0,cr,Process Improvement (Yield Up),Operational-driven
forecast,2025-01,A4,SH-IDX04,PRECISION GEAR,jpy,24553.0,23928.0,-625.0,cr,VA/VE Improvement,Engineering-driven
forecast,2025-02,A4,SH-IDX04,PRECISION GEAR,jpy,23382.0,22904.0,-478.0,cr,Localization / Local Sourcing,Operational-driven
forecast,2025-03,A4,SH-IDX04,PRECISION GEAR,jpy,22887.0,22374.0,-513.0,cr,Process Improvement (Yield Up),Operational-driven
forecast,2025-04,A4,SH-IDX04,PRECISION GEAR,jpy,21667.0,21055.0,-612.0,cr,Alternative Material Substitution,Engineering-driven
forecast,2025-05,A4,SH-IDX04,PRECISION GEAR,jpy,20320.0,20867.0,547.0,cu,Supplier Change (Higher Cost Source),Market-driven
forecast,2025-06,A4,SH-IDX04,PRECISION GEAR,jpy,21901.0,22508.0,607.0,cu,Logistics/Freight Cost Increase,Market-driven
forecast,2025-07,A4,SH-IDX04,PRECISION GEAR,jpy,23452.0,22761.0,-691.0,cr,VA/VE Improvement,Engineering-driven
forecast,2025-08,A4,SH-IDX04,PRECISION GEAR,jpy,21629.0,21123.0,-506.0,cr,Alternative Material Substitution,Engineering-driven
forecast,2025-09,A4,SH-IDX04,PRECISION GEAR,jpy,19802.0,19404.0,-398.0,cr,Localization / Local Sourcing,Operational-driven
forecast,2025-10,A4,SH-IDX04,PRECISION GEAR,jpy,18588.0,18195.0,-393.0,cr,Alternative Material Substitution,Engineering-driven
forecast,2024-11,A4,UQ-A4-01,PANEL FRONT AS,domestic,734870.0,734870.0,0.0,,,
forecast,2024-12,A4,UQ-A4-01,PANEL FRONT AS,domestic,734870.0,749761.0,14891.0,cu,Yield/Scrap Rate Increase,Operational-driven
forecast,2025-01,A4,UQ-A4-01,PANEL FRONT AS,domestic,770860.0,790612.0,19752.0,cu,Engineering Change / Spec Upgrade,Engineering-driven
forecast,2025-02,A4,UQ-A4-01,PANEL FRONT AS,domestic,816105.0,798267.0,-17838.0,cr,VA/VE Improvement,Engineering-driven
forecast,2025-03,A4,UQ-A4-01,PANEL FRONT AS,domestic,763939.0,785604.0,21665.0,cu,Supplier Change (Higher Cost Source),Market-driven
forecast,2025-04,A4,UQ-A4-01,PANEL FRONT AS,domestic,790046.0,808273.0,18227.0,cu,Supplier Change (Higher Cost Source),Market-driven
forecast,2025-05,A4,UQ-A4-01,PANEL FRONT AS,domestic,819808.0,837270.0,17462.0,cu,Yield/Scrap Rate Increase,Operational-driven
forecast,2025-06,A4,UQ-A4-01,PANEL FRONT AS,domestic,880494.0,862799.0,-17695.0,cr,Process Improvement (Yield Up),Operational-driven
forecast,2025-07,A4,UQ-A4-01,PANEL FRONT AS,domestic,854960.0,879745.0,24785.0,cu,Yield/Scrap Rate Increase,Operational-driven
forecast,2025-08,A4,UQ-A4-01,PANEL FRONT AS,domestic,925004.0,952181.0,27177.0,cu,Logistics/Freight Cost Increase,Market-driven
forecast,2025-09,A4,UQ-A4-01,PANEL FRONT AS,domestic,962201.0,986234.0,24033.0,cu,Raw Material Price Increase,Market-driven
forecast,2025-10,A4,UQ-A4-01,PANEL FRONT AS,domestic,1039640.0,1069023.0,29383.0,cu,Yield/Scrap Rate Increase,Operational-driven
forecast,2024-11,A4,UQ-A4-02,BRACKET SUPPORT,domestic,503375.0,516856.0,13481.0,cu,Yield/Scrap Rate Increase,Operational-driven
forecast,2024-12,A4,UQ-A4-02,BRACKET SUPPORT,domestic,533151.0,546306.0,13155.0,cu,Yield/Scrap Rate Increase,Operational-driven
forecast,2025-01,A4,UQ-A4-02,BRACKET SUPPORT,domestic,546518.0,546518.0,0.0,,,
forecast,2025-02,A4,UQ-A4-02,BRACKET SUPPORT,domestic,546518.0,560975.0,14457.0,cu,Logistics/Freight Cost Increase,Market-driven
forecast,2025-03,A4,UQ-A4-02,BRACKET SUPPORT,domestic,577233.0,592883.0,15650.0,cu,Supplier Change (Higher Cost Source),Market-driven
forecast,2025-04,A4,UQ-A4-02,BRACKET SUPPORT,domestic,607829.0,592113.0,-15716.0,cr,Alternative Material Substitution,Engineering-driven
forecast,2025-05,A4,UQ-A4-02,BRACKET SUPPORT,domestic,560495.0,571737.0,11242.0,cu,Engineering Change / Spec Upgrade,Engineering-driven
forecast,2025-06,A4,UQ-A4-02,BRACKET SUPPORT,domestic,595762.0,583293.0,-12469.0,cr,Process Improvement (Yield Up),Operational-driven
forecast,2025-07,A4,UQ-A4-02,BRACKET SUPPORT,domestic,584306.0,596549.0,12243.0,cu,Supplier Change (Higher Cost Source),Market-driven
forecast,2025-08,A4,UQ-A4-02,BRACKET SUPPORT,domestic,592777.0,604849.0,12072.0,cu,Engineering Change / Spec Upgrade,Engineering-driven
forecast,2025-09,A4,UQ-A4-02,BRACKET SUPPORT,domestic,630702.0,647508.0,16806.0,cu,Supplier Change (Higher Cost Source),Market-driven
forecast,2025-10,A4,UQ-A4-02,BRACKET SUPPORT,domestic,646337.0,662879.0,16542.0,cu,Engineering Change / Spec Upgrade,Engineering-driven
forecast,2024-11,A4,UQ-A4-03,IC CHIP CONTROL,usd,1135514.0,1105228.0,-30286.0,cr,Localization / Local Sourcing,Operational-driven
forecast,2024-12,A4,UQ-A4-03,IC CHIP CONTROL,usd,1098595.0,1130281.0,31686.0,cu,Raw Material Price Increase,Market-driven
forecast,2025-01,A4,UQ-A4-03,IC CHIP CONTROL,usd,1144817.0,1169248.0,24431.0,cu,Logistics/Freight Cost Increase,Market-driven
forecast,2025-02,A4,UQ-A4-03,IC CHIP CONTROL,usd,1182179.0,1211611.0,29432.0,cu,Logistics/Freight Cost Increase,Market-driven
forecast,2025-03,A4,UQ-A4-03,IC CHIP CONTROL,usd,1214079.0,1238955.0,24876.0,cu,Supplier Change (Higher Cost Source),Market-driven
forecast,2025-04,A4,UQ-A4-03,IC CHIP CONTROL,usd,1258572.0,1289665.0,31093.0,cu,Yield/Scrap Rate Increase,Operational-driven
forecast,2025-05,A4,UQ-A4-03,IC CHIP CONTROL,usd,1327219.0,1298620.0,-28599.0,cr,Supplier Negotiation,Operational-driven
forecast,2025-06,A4,UQ-A4-03,IC CHIP CONTROL,usd,1233678.0,1269842.0,36164.0,cu,Engineering Change / Spec Upgrade,Engineering-driven
forecast,2025-07,A4,UQ-A4-03,IC CHIP CONTROL,usd,1290682.0,1326929.0,36247.0,cu,Engineering Change / Spec Upgrade,Engineering-driven
forecast,2025-08,A4,UQ-A4-03,IC CHIP CONTROL,usd,1315632.0,1315632.0,0.0,,,
forecast,2025-09,A4,UQ-A4-03,IC CHIP CONTROL,usd,1315632.0,1346284.0,30652.0,cu,Engineering Change / Spec Upgrade,Engineering-driven
forecast,2025-10,A4,UQ-A4-03,IC CHIP CONTROL,usd,1383473.0,1422089.0,38616.0,cu,Logistics/Freight Cost Increase,Market-driven
forecast,2024-11,A4,UQ-A4-04,MOTOR UNIT,jpy,66009.0,64039.0,-1970.0,cr,Localization / Local Sourcing,Operational-driven
forecast,2024-12,A4,UQ-A4-04,MOTOR UNIT,jpy,64924.0,66871.0,1947.0,cu,Engineering Change / Spec Upgrade,Engineering-driven
forecast,2025-01,A4,UQ-A4-04,MOTOR UNIT,jpy,68952.0,67345.0,-1607.0,cr,Localization / Local Sourcing,Operational-driven
forecast,2025-02,A4,UQ-A4-04,MOTOR UNIT,jpy,63312.0,63312.0,0.0,,,
forecast,2025-03,A4,UQ-A4-04,MOTOR UNIT,jpy,63312.0,61419.0,-1893.0,cr,Localization / Local Sourcing,Operational-driven
forecast,2025-04,A4,UQ-A4-04,MOTOR UNIT,jpy,57099.0,55603.0,-1496.0,cr,Alternative Material Substitution,Engineering-driven
forecast,2025-05,A4,UQ-A4-04,MOTOR UNIT,jpy,52436.0,51074.0,-1362.0,cr,VA/VE Improvement,Engineering-driven
forecast,2025-06,A4,UQ-A4-04,MOTOR UNIT,jpy,48430.0,49504.0,1074.0,cu,Yield/Scrap Rate Increase,Operational-driven
forecast,2025-07,A4,UQ-A4-04,MOTOR UNIT,jpy,50179.0,49147.0,-1032.0,cr,Process Improvement (Yield Up),Operational-driven
forecast,2025-08,A4,UQ-A4-04,MOTOR UNIT,jpy,48493.0,47270.0,-1223.0,cr,Localization / Local Sourcing,Operational-driven
forecast,2025-09,A4,UQ-A4-04,MOTOR UNIT,jpy,46299.0,45134.0,-1165.0,cr,Alternative Material Substitution,Engineering-driven
forecast,2025-10,A4,UQ-A4-04,MOTOR UNIT,jpy,44066.0,42763.0,-1303.0,cr,Alternative Material Substitution,Engineering-driven
forecast,2024-11,A4,UQ-A4-05,SENSOR MODULE,jpy,77792.0,79582.0,1790.0,cu,Logistics/Freight Cost Increase,Market-driven
forecast,2024-12,A4,UQ-A4-05,SENSOR MODULE,jpy,83408.0,81098.0,-2310.0,cr,VA/VE Improvement,Engineering-driven
forecast,2025-01,A4,UQ-A4-05,SENSOR MODULE,jpy,81119.0,78809.0,-2310.0,cr,Localization / Local Sourcing,Operational-driven
forecast,2025-02,A4,UQ-A4-05,SENSOR MODULE,jpy,75910.0,73753.0,-2157.0,cr,VA/VE Improvement,Engineering-driven
forecast,2025-03,A4,UQ-A4-05,SENSOR MODULE,jpy,74009.0,71896.0,-2113.0,cr,VA/VE Improvement,Engineering-driven
forecast,2025-04,A4,UQ-A4-05,SENSOR MODULE,jpy,68282.0,68282.0,0.0,,,
forecast,2025-05,A4,UQ-A4-05,SENSOR MODULE,jpy,68282.0,66711.0,-1571.0,cr,VA/VE Improvement,Engineering-driven
forecast,2025-06,A4,UQ-A4-05,SENSOR MODULE,jpy,64915.0,63002.0,-1913.0,cr,Supplier Negotiation,Operational-driven
forecast,2025-07,A4,UQ-A4-05,SENSOR MODULE,jpy,61143.0,59421.0,-1722.0,cr,Alternative Material Substitution,Engineering-driven
forecast,2025-08,A4,UQ-A4-05,SENSOR MODULE,jpy,55666.0,54528.0,-1138.0,cr,VA/VE Improvement,Engineering-driven
forecast,2025-09,A4,UQ-A4-05,SENSOR MODULE,jpy,51562.0,52802.0,1240.0,cu,Raw Material Price Increase,Market-driven
forecast,2025-10,A4,UQ-A4-05,SENSOR MODULE,jpy,54165.0,52721.0,-1444.0,cr,Process Improvement (Yield Up),Operational-driven
forecast,2024-11,A4,SH-EVEN-01,TAPE PU-F,domestic,70295.0,72153.0,1858.0,cu,Raw Material Price Increase,Market-driven
forecast,2024-12,A4,SH-EVEN-01,TAPE PU-F,domestic,75075.0,77289.0,2214.0,cu,Raw Material Price Increase,Market-driven
forecast,2025-01,A4,SH-EVEN-01,TAPE PU-F,domestic,80181.0,81820.0,1639.0,cu,Engineering Change / Spec Upgrade,Engineering-driven
forecast,2025-02,A4,SH-EVEN-01,TAPE PU-F,domestic,82639.0,85022.0,2383.0,cu,Engineering Change / Spec Upgrade,Engineering-driven
forecast,2025-03,A4,SH-EVEN-01,TAPE PU-F,domestic,87878.0,90500.0,2622.0,cu,Engineering Change / Spec Upgrade,Engineering-driven
forecast,2025-04,A4,SH-EVEN-01,TAPE PU-F,domestic,93563.0,90938.0,-2625.0,cr,VA/VE Improvement,Engineering-driven
forecast,2025-05,A4,SH-EVEN-01,TAPE PU-F,domestic,89152.0,91079.0,1927.0,cu,Supplier Change (Higher Cost Source),Market-driven
forecast,2025-06,A4,SH-EVEN-01,TAPE PU-F,domestic,94914.0,97552.0,2638.0,cu,Supplier Change (Higher Cost Source),Market-driven
forecast,2025-07,A4,SH-EVEN-01,TAPE PU-F,domestic,101876.0,99278.0,-2598.0,cr,Process Improvement (Yield Up),Operational-driven
forecast,2025-08,A4,SH-EVEN-01,TAPE PU-F,domestic,94152.0,96788.0,2636.0,cu,Supplier Change (Higher Cost Source),Market-driven
forecast,2025-09,A4,SH-EVEN-01,TAPE PU-F,domestic,96785.0,96785.0,0.0,,,
forecast,2025-10,A4,SH-EVEN-01,TAPE PU-F,domestic,96785.0,99648.0,2863.0,cu,Yield/Scrap Rate Increase,Operational-driven
forecast,2024-11,A4,SH-EVEN-02,RESIN COMPOUND,usd,19042.0,19548.0,506.0,cu,Supplier Change (Higher Cost Source),Market-driven
forecast,2024-12,A4,SH-EVEN-02,RESIN COMPOUND,usd,19491.0,20013.0,522.0,cu,Supplier Change (Higher Cost Source),Market-driven
forecast,2025-01,A4,SH-EVEN-02,RESIN COMPOUND,usd,20366.0,20818.0,452.0,cu,Raw Material Price Increase,Market-driven
forecast,2025-02,A4,SH-EVEN-02,RESIN COMPOUND,usd,20895.0,21394.0,499.0,cu,Logistics/Freight Cost Increase,Market-driven
forecast,2025-03,A4,SH-EVEN-02,RESIN COMPOUND,usd,21472.0,21914.0,442.0,cu,Logistics/Freight Cost Increase,Market-driven
forecast,2025-04,A4,SH-EVEN-02,RESIN COMPOUND,usd,22839.0,22839.0,0.0,,,
forecast,2025-05,A4,SH-EVEN-02,RESIN COMPOUND,usd,22839.0,22349.0,-490.0,cr,Localization / Local Sourcing,Operational-driven
forecast,2025-06,A4,SH-EVEN-02,RESIN COMPOUND,usd,21574.0,22093.0,519.0,cu,Logistics/Freight Cost Increase,Market-driven
forecast,2025-07,A4,SH-EVEN-02,RESIN COMPOUND,usd,22763.0,22214.0,-549.0,cr,Alternative Material Substitution,Engineering-driven
forecast,2025-08,A4,SH-EVEN-02,RESIN COMPOUND,usd,21147.0,21602.0,455.0,cu,Raw Material Price Increase,Market-driven
forecast,2025-09,A4,SH-EVEN-02,RESIN COMPOUND,usd,22059.0,22634.0,575.0,cu,Engineering Change / Spec Upgrade,Engineering-driven
forecast,2025-10,A4,SH-EVEN-02,RESIN COMPOUND,usd,23441.0,24025.0,584.0,cu,Yield/Scrap Rate Increase,Operational-driven
forecast,2024-11,A5,SH-CATA-D01,PANEL BOTTOM AS,domestic,98579.0,95653.0,-2926.0,cr,VA/VE Improvement,Engineering-driven
forecast,2024-12,A5,SH-CATA-D01,PANEL BOTTOM AS,domestic,94374.0,92139.0,-2235.0,cr,Alternative Material Substitution,Engineering-driven
forecast,2025-01,A5,SH-CATA-D01,PANEL BOTTOM AS,domestic,87563.0,85654.0,-1909.0,cr,Supplier Negotiation,Operational-driven
forecast,2025-02,A5,SH-CATA-D01,PANEL BOTTOM AS,domestic,81633.0,79391.0,-2242.0,cr,VA/VE Improvement,Engineering-driven
forecast,2025-03,A5,SH-CATA-D01,PANEL BOTTOM AS,domestic,76183.0,74340.0,-1843.0,cr,Process Improvement (Yield Up),Operational-driven
forecast,2025-04,A5,SH-CATA-D01,PANEL BOTTOM AS,domestic,73712.0,71663.0,-2049.0,cr,Supplier Negotiation,Operational-driven
forecast,2025-05,A5,SH-CATA-D01,PANEL BOTTOM AS,domestic,67569.0,65912.0,-1657.0,cr,Supplier Negotiation,Operational-driven
forecast,2025-06,A5,SH-CATA-D01,PANEL BOTTOM AS,domestic,66044.0,64428.0,-1616.0,cr,Supplier Negotiation,Operational-driven
forecast,2025-07,A5,SH-CATA-D01,PANEL BOTTOM AS,domestic,64585.0,62870.0,-1715.0,cr,Localization / Local Sourcing,Operational-driven
forecast,2025-08,A5,SH-CATA-D01,PANEL BOTTOM AS,domestic,61389.0,62632.0,1243.0,cu,Raw Material Price Increase,Market-driven
forecast,2025-09,A5,SH-CATA-D01,PANEL BOTTOM AS,domestic,65387.0,65387.0,0.0,,,
forecast,2025-10,A5,SH-CATA-D01,PANEL BOTTOM AS,domestic,65387.0,66902.0,1515.0,cu,Supplier Change (Higher Cost Source),Market-driven
forecast,2024-11,A5,SH-CATA-U01,CONNECTOR HOUSING,usd,56296.0,57228.0,932.0,cu,Raw Material Price Increase,Market-driven
forecast,2024-12,A5,SH-CATA-U01,CONNECTOR HOUSING,usd,58809.0,60480.0,1671.0,cu,Supplier Change (Higher Cost Source),Market-driven
forecast,2025-01,A5,SH-CATA-U01,CONNECTOR HOUSING,usd,61760.0,63593.0,1833.0,cu,Supplier Change (Higher Cost Source),Market-driven
forecast,2025-02,A5,SH-CATA-U01,CONNECTOR HOUSING,usd,64924.0,66458.0,1534.0,cu,Supplier Change (Higher Cost Source),Market-driven
forecast,2025-03,A5,SH-CATA-U01,CONNECTOR HOUSING,usd,68250.0,70211.0,1961.0,cu,Supplier Change (Higher Cost Source),Market-driven
forecast,2025-04,A5,SH-CATA-U01,CONNECTOR HOUSING,usd,71535.0,73303.0,1768.0,cu,Raw Material Price Increase,Market-driven
forecast,2025-05,A5,SH-CATA-U01,CONNECTOR HOUSING,usd,74974.0,76776.0,1802.0,cu,Supplier Change (Higher Cost Source),Market-driven
forecast,2025-06,A5,SH-CATA-U01,CONNECTOR HOUSING,usd,79869.0,81676.0,1807.0,cu,Supplier Change (Higher Cost Source),Market-driven
forecast,2025-07,A5,SH-CATA-U01,CONNECTOR HOUSING,usd,84983.0,87072.0,2089.0,cu,Supplier Change (Higher Cost Source),Market-driven
forecast,2025-08,A5,SH-CATA-U01,CONNECTOR HOUSING,usd,89805.0,91431.0,1626.0,cu,Supplier Change (Higher Cost Source),Market-driven
forecast,2025-09,A5,SH-CATA-U01,CONNECTOR HOUSING,usd,94513.0,96834.0,2321.0,cu,Supplier Change (Higher Cost Source),Market-driven
forecast,2025-10,A5,SH-CATA-U01,CONNECTOR HOUSING,usd,100024.0,102197.0,2173.0,cu,Raw Material Price Increase,Market-driven
forecast,2024-11,A5,SH-IDX05,PRECISION GEAR,jpy,152329.0,152329.0,0.0,,,
forecast,2024-12,A5,SH-IDX05,PRECISION GEAR,jpy,152329.0,148620.0,-3709.0,cr,Localization / Local Sourcing,Operational-driven
forecast,2025-01,A5,SH-IDX05,PRECISION GEAR,jpy,148294.0,144988.0,-3306.0,cr,Alternative Material Substitution,Engineering-driven
forecast,2025-02,A5,SH-IDX05,PRECISION GEAR,jpy,142104.0,138774.0,-3330.0,cr,Localization / Local Sourcing,Operational-driven
forecast,2025-03,A5,SH-IDX05,PRECISION GEAR,jpy,132705.0,129396.0,-3309.0,cr,Supplier Negotiation,Operational-driven
forecast,2025-04,A5,SH-IDX05,PRECISION GEAR,jpy,123674.0,121191.0,-2483.0,cr,Process Improvement (Yield Up),Operational-driven
forecast,2025-05,A5,SH-IDX05,PRECISION GEAR,jpy,117965.0,121222.0,3257.0,cu,Yield/Scrap Rate Increase,Operational-driven
forecast,2025-06,A5,SH-IDX05,PRECISION GEAR,jpy,125144.0,128196.0,3052.0,cu,Logistics/Freight Cost Increase,Market-driven
forecast,2025-07,A5,SH-IDX05,PRECISION GEAR,jpy,135054.0,131792.0,-3262.0,cr,Localization / Local Sourcing,Operational-driven
forecast,2025-08,A5,SH-IDX05,PRECISION GEAR,jpy,126022.0,122497.0,-3525.0,cr,Supplier Negotiation,Operational-driven
forecast,2025-09,A5,SH-IDX05,PRECISION GEAR,jpy,118229.0,115850.0,-2379.0,cr,Localization / Local Sourcing,Operational-driven
forecast,2025-10,A5,SH-IDX05,PRECISION GEAR,jpy,113088.0,110669.0,-2419.0,cr,VA/VE Improvement,Engineering-driven
forecast,2024-11,A5,UQ-A5-01,PANEL FRONT AS,domestic,579661.0,579661.0,0.0,,,
forecast,2024-12,A5,UQ-A5-01,PANEL FRONT AS,domestic,579661.0,596891.0,17230.0,cu,Raw Material Price Increase,Market-driven
forecast,2025-01,A5,UQ-A5-01,PANEL FRONT AS,domestic,611589.0,628893.0,17304.0,cu,Raw Material Price Increase,Market-driven
forecast,2025-02,A5,UQ-A5-01,PANEL FRONT AS,domestic,635794.0,620795.0,-14999.0,cr,Localization / Local Sourcing,Operational-driven
forecast,2025-03,A5,UQ-A5-01,PANEL FRONT AS,domestic,601911.0,615453.0,13542.0,cu,Engineering Change / Spec Upgrade,Engineering-driven
forecast,2025-04,A5,UQ-A5-01,PANEL FRONT AS,domestic,618788.0,634261.0,15473.0,cu,Engineering Change / Spec Upgrade,Engineering-driven
forecast,2025-05,A5,UQ-A5-01,PANEL FRONT AS,domestic,650605.0,664091.0,13486.0,cu,Supplier Change (Higher Cost Source),Market-driven
forecast,2025-06,A5,UQ-A5-01,PANEL FRONT AS,domestic,685277.0,670203.0,-15074.0,cr,Supplier Negotiation,Operational-driven
forecast,2025-07,A5,UQ-A5-01,PANEL FRONT AS,domestic,637037.0,650546.0,13509.0,cu,Logistics/Freight Cost Increase,Market-driven
forecast,2025-08,A5,UQ-A5-01,PANEL FRONT AS,domestic,674133.0,689862.0,15729.0,cu,Raw Material Price Increase,Market-driven
forecast,2025-09,A5,UQ-A5-01,PANEL FRONT AS,domestic,693752.0,707650.0,13898.0,cu,Engineering Change / Spec Upgrade,Engineering-driven
forecast,2025-10,A5,UQ-A5-01,PANEL FRONT AS,domestic,707249.0,724873.0,17624.0,cu,Logistics/Freight Cost Increase,Market-driven
forecast,2024-11,A5,UQ-A5-02,BRACKET SUPPORT,domestic,430061.0,441949.0,11888.0,cu,Supplier Change (Higher Cost Source),Market-driven
forecast,2024-12,A5,UQ-A5-02,BRACKET SUPPORT,domestic,450596.0,462672.0,12076.0,cu,Supplier Change (Higher Cost Source),Market-driven
forecast,2025-01,A5,UQ-A5-02,BRACKET SUPPORT,domestic,462300.0,462300.0,0.0,,,
forecast,2025-02,A5,UQ-A5-02,BRACKET SUPPORT,domestic,462300.0,472448.0,10148.0,cu,Engineering Change / Spec Upgrade,Engineering-driven
forecast,2025-03,A5,UQ-A5-02,BRACKET SUPPORT,domestic,496758.0,510636.0,13878.0,cu,Raw Material Price Increase,Market-driven
forecast,2025-04,A5,UQ-A5-02,BRACKET SUPPORT,domestic,508135.0,495873.0,-12262.0,cr,Supplier Negotiation,Operational-driven
forecast,2025-05,A5,UQ-A5-02,BRACKET SUPPORT,domestic,496200.0,510873.0,14673.0,cu,Yield/Scrap Rate Increase,Operational-driven
forecast,2025-06,A5,UQ-A5-02,BRACKET SUPPORT,domestic,510312.0,499051.0,-11261.0,cr,Supplier Negotiation,Operational-driven
forecast,2025-07,A5,UQ-A5-02,BRACKET SUPPORT,domestic,475529.0,489079.0,13550.0,cu,Raw Material Price Increase,Market-driven
forecast,2025-08,A5,UQ-A5-02,BRACKET SUPPORT,domestic,506610.0,520624.0,14014.0,cu,Supplier Change (Higher Cost Source),Market-driven
forecast,2025-09,A5,UQ-A5-02,BRACKET SUPPORT,domestic,518952.0,532109.0,13157.0,cu,Supplier Change (Higher Cost Source),Market-driven
forecast,2025-10,A5,UQ-A5-02,BRACKET SUPPORT,domestic,538393.0,553278.0,14885.0,cu,Engineering Change / Spec Upgrade,Engineering-driven
forecast,2024-11,A5,UQ-A5-03,IC CHIP CONTROL,usd,346357.0,339403.0,-6954.0,cr,Alternative Material Substitution,Engineering-driven
forecast,2024-12,A5,UQ-A5-03,IC CHIP CONTROL,usd,337689.0,347242.0,9553.0,cu,Yield/Scrap Rate Increase,Operational-driven
forecast,2025-01,A5,UQ-A5-03,IC CHIP CONTROL,usd,360867.0,370515.0,9648.0,cu,Yield/Scrap Rate Increase,Operational-driven
forecast,2025-02,A5,UQ-A5-03,IC CHIP CONTROL,usd,368251.0,377477.0,9226.0,cu,Engineering Change / Spec Upgrade,Engineering-driven
forecast,2025-03,A5,UQ-A5-03,IC CHIP CONTROL,usd,384166.0,395039.0,10873.0,cu,Logistics/Freight Cost Increase,Market-driven
forecast,2025-04,A5,UQ-A5-03,IC CHIP CONTROL,usd,396728.0,405457.0,8729.0,cu,Engineering Change / Spec Upgrade,Engineering-driven
forecast,2025-05,A5,UQ-A5-03,IC CHIP CONTROL,usd,426755.0,416064.0,-10691.0,cr,Alternative Material Substitution,Engineering-driven
forecast,2025-06,A5,UQ-A5-03,IC CHIP CONTROL,usd,404455.0,415927.0,11472.0,cu,Supplier Change (Higher Cost Source),Market-driven
forecast,2025-07,A5,UQ-A5-03,IC CHIP CONTROL,usd,417503.0,428492.0,10989.0,cu,Raw Material Price Increase,Market-driven
forecast,2025-08,A5,UQ-A5-03,IC CHIP CONTROL,usd,432544.0,432544.0,0.0,,,
forecast,2025-09,A5,UQ-A5-03,IC CHIP CONTROL,usd,432544.0,442505.0,9961.0,cu,Raw Material Price Increase,Market-driven
forecast,2025-10,A5,UQ-A5-03,IC CHIP CONTROL,usd,456307.0,465738.0,9431.0,cu,Supplier Change (Higher Cost Source),Market-driven
forecast,2024-11,A5,UQ-A5-04,MOTOR UNIT,jpy,657274.0,641630.0,-15644.0,cr,Supplier Negotiation,Operational-driven
forecast,2024-12,A5,UQ-A5-04,MOTOR UNIT,jpy,624608.0,638237.0,13629.0,cu,Logistics/Freight Cost Increase,Market-driven
forecast,2025-01,A5,UQ-A5-04,MOTOR UNIT,jpy,651389.0,637887.0,-13502.0,cr,VA/VE Improvement,Engineering-driven
forecast,2025-02,A5,UQ-A5-04,MOTOR UNIT,jpy,610520.0,610520.0,0.0,,,
forecast,2025-03,A5,UQ-A5-04,MOTOR UNIT,jpy,610520.0,593281.0,-17239.0,cr,Process Improvement (Yield Up),Operational-driven
forecast,2025-04,A5,UQ-A5-04,MOTOR UNIT,jpy,566798.0,550401.0,-16397.0,cr,Alternative Material Substitution,Engineering-driven
forecast,2025-05,A5,UQ-A5-04,MOTOR UNIT,jpy,551851.0,538588.0,-13263.0,cr,Process Improvement (Yield Up),Operational-driven
forecast,2025-06,A5,UQ-A5-04,MOTOR UNIT,jpy,536335.0,547634.0,11299.0,cu,Raw Material Price Increase,Market-driven
forecast,2025-07,A5,UQ-A5-04,MOTOR UNIT,jpy,568509.0,556905.0,-11604.0,cr,VA/VE Improvement,Engineering-driven
forecast,2025-08,A5,UQ-A5-04,MOTOR UNIT,jpy,542204.0,527247.0,-14957.0,cr,Supplier Negotiation,Operational-driven
forecast,2025-09,A5,UQ-A5-04,MOTOR UNIT,jpy,515955.0,500689.0,-15266.0,cr,Localization / Local Sourcing,Operational-driven
forecast,2025-10,A5,UQ-A5-04,MOTOR UNIT,jpy,492669.0,480029.0,-12640.0,cr,Process Improvement (Yield Up),Operational-driven
forecast,2024-11,A5,UQ-A5-05,SENSOR MODULE,jpy,514658.0,529240.0,14582.0,cu,Supplier Change (Higher Cost Source),Market-driven
forecast,2024-12,A5,UQ-A5-05,SENSOR MODULE,jpy,528778.0,513387.0,-15391.0,cr,Localization / Local Sourcing,Operational-driven
forecast,2025-01,A5,UQ-A5-05,SENSOR MODULE,jpy,480213.0,467925.0,-12288.0,cr,Alternative Material Substitution,Engineering-driven
forecast,2025-02,A5,UQ-A5-05,SENSOR MODULE,jpy,463315.0,451770.0,-11545.0,cr,Alternative Material Substitution,Engineering-driven
forecast,2025-03,A5,UQ-A5-05,SENSOR MODULE,jpy,437561.0,424707.0,-12854.0,cr,Localization / Local Sourcing,Operational-driven
forecast,2025-04,A5,UQ-A5-05,SENSOR MODULE,jpy,409058.0,409058.0,0.0,,,
forecast,2025-05,A5,UQ-A5-05,SENSOR MODULE,jpy,409058.0,400004.0,-9054.0,cr,Process Improvement (Yield Up),Operational-driven
forecast,2025-06,A5,UQ-A5-05,SENSOR MODULE,jpy,395249.0,384722.0,-10527.0,cr,VA/VE Improvement,Engineering-driven
forecast,2025-07,A5,UQ-A5-05,SENSOR MODULE,jpy,389045.0,379993.0,-9052.0,cr,Supplier Negotiation,Operational-driven
forecast,2025-08,A5,UQ-A5-05,SENSOR MODULE,jpy,379921.0,371591.0,-8330.0,cr,Process Improvement (Yield Up),Operational-driven
forecast,2025-09,A5,UQ-A5-05,SENSOR MODULE,jpy,358637.0,368870.0,10233.0,cu,Supplier Change (Higher Cost Source),Market-driven
forecast,2025-10,A5,UQ-A5-05,SENSOR MODULE,jpy,365781.0,356724.0,-9057.0,cr,Localization / Local Sourcing,Operational-driven
forecast,2024-11,A6,SH-CATA-D01,PANEL BOTTOM AS,domestic,98579.0,95653.0,-2926.0,cr,VA/VE Improvement,Engineering-driven
forecast,2024-12,A6,SH-CATA-D01,PANEL BOTTOM AS,domestic,94374.0,92139.0,-2235.0,cr,Alternative Material Substitution,Engineering-driven
forecast,2025-01,A6,SH-CATA-D01,PANEL BOTTOM AS,domestic,87563.0,85654.0,-1909.0,cr,Supplier Negotiation,Operational-driven
forecast,2025-02,A6,SH-CATA-D01,PANEL BOTTOM AS,domestic,81633.0,79391.0,-2242.0,cr,VA/VE Improvement,Engineering-driven
forecast,2025-03,A6,SH-CATA-D01,PANEL BOTTOM AS,domestic,76183.0,74340.0,-1843.0,cr,Process Improvement (Yield Up),Operational-driven
forecast,2025-04,A6,SH-CATA-D01,PANEL BOTTOM AS,domestic,73712.0,71663.0,-2049.0,cr,Supplier Negotiation,Operational-driven
forecast,2025-05,A6,SH-CATA-D01,PANEL BOTTOM AS,domestic,67569.0,65912.0,-1657.0,cr,Supplier Negotiation,Operational-driven
forecast,2025-06,A6,SH-CATA-D01,PANEL BOTTOM AS,domestic,66044.0,64428.0,-1616.0,cr,Supplier Negotiation,Operational-driven
forecast,2025-07,A6,SH-CATA-D01,PANEL BOTTOM AS,domestic,64585.0,62870.0,-1715.0,cr,Localization / Local Sourcing,Operational-driven
forecast,2025-08,A6,SH-CATA-D01,PANEL BOTTOM AS,domestic,61389.0,62632.0,1243.0,cu,Raw Material Price Increase,Market-driven
forecast,2025-09,A6,SH-CATA-D01,PANEL BOTTOM AS,domestic,65387.0,65387.0,0.0,,,
forecast,2025-10,A6,SH-CATA-D01,PANEL BOTTOM AS,domestic,65387.0,66902.0,1515.0,cu,Supplier Change (Higher Cost Source),Market-driven
forecast,2024-11,A6,SH-CATA-U01,CONNECTOR HOUSING,usd,56296.0,57228.0,932.0,cu,Raw Material Price Increase,Market-driven
forecast,2024-12,A6,SH-CATA-U01,CONNECTOR HOUSING,usd,58809.0,60480.0,1671.0,cu,Supplier Change (Higher Cost Source),Market-driven
forecast,2025-01,A6,SH-CATA-U01,CONNECTOR HOUSING,usd,61760.0,63593.0,1833.0,cu,Supplier Change (Higher Cost Source),Market-driven
forecast,2025-02,A6,SH-CATA-U01,CONNECTOR HOUSING,usd,64924.0,66458.0,1534.0,cu,Supplier Change (Higher Cost Source),Market-driven
forecast,2025-03,A6,SH-CATA-U01,CONNECTOR HOUSING,usd,68250.0,70211.0,1961.0,cu,Supplier Change (Higher Cost Source),Market-driven
forecast,2025-04,A6,SH-CATA-U01,CONNECTOR HOUSING,usd,71535.0,73303.0,1768.0,cu,Raw Material Price Increase,Market-driven
forecast,2025-05,A6,SH-CATA-U01,CONNECTOR HOUSING,usd,74974.0,76776.0,1802.0,cu,Supplier Change (Higher Cost Source),Market-driven
forecast,2025-06,A6,SH-CATA-U01,CONNECTOR HOUSING,usd,79869.0,81676.0,1807.0,cu,Supplier Change (Higher Cost Source),Market-driven
forecast,2025-07,A6,SH-CATA-U01,CONNECTOR HOUSING,usd,84983.0,87072.0,2089.0,cu,Supplier Change (Higher Cost Source),Market-driven
forecast,2025-08,A6,SH-CATA-U01,CONNECTOR HOUSING,usd,89805.0,91431.0,1626.0,cu,Supplier Change (Higher Cost Source),Market-driven
forecast,2025-09,A6,SH-CATA-U01,CONNECTOR HOUSING,usd,94513.0,96834.0,2321.0,cu,Supplier Change (Higher Cost Source),Market-driven
forecast,2025-10,A6,SH-CATA-U01,CONNECTOR HOUSING,usd,100024.0,102197.0,2173.0,cu,Raw Material Price Increase,Market-driven
forecast,2024-11,A6,SH-IDX06,PRECISION GEAR,jpy,48576.0,48576.0,0.0,,,
forecast,2024-12,A6,SH-IDX06,PRECISION GEAR,jpy,48576.0,47295.0,-1281.0,cr,Process Improvement (Yield Up),Operational-driven
forecast,2025-01,A6,SH-IDX06,PRECISION GEAR,jpy,45631.0,44593.0,-1038.0,cr,Localization / Local Sourcing,Operational-driven
forecast,2025-02,A6,SH-IDX06,PRECISION GEAR,jpy,44649.0,43683.0,-966.0,cr,Supplier Negotiation,Operational-driven
forecast,2025-03,A6,SH-IDX06,PRECISION GEAR,jpy,42313.0,41235.0,-1078.0,cr,Supplier Negotiation,Operational-driven
forecast,2025-04,A6,SH-IDX06,PRECISION GEAR,jpy,41202.0,40133.0,-1069.0,cr,Process Improvement (Yield Up),Operational-driven
forecast,2025-05,A6,SH-IDX06,PRECISION GEAR,jpy,39698.0,40718.0,1020.0,cu,Engineering Change / Spec Upgrade,Engineering-driven
forecast,2025-06,A6,SH-IDX06,PRECISION GEAR,jpy,42574.0,43822.0,1248.0,cu,Yield/Scrap Rate Increase,Operational-driven
forecast,2025-07,A6,SH-IDX06,PRECISION GEAR,jpy,44440.0,43295.0,-1145.0,cr,Alternative Material Substitution,Engineering-driven
forecast,2025-08,A6,SH-IDX06,PRECISION GEAR,jpy,41513.0,40422.0,-1091.0,cr,VA/VE Improvement,Engineering-driven
forecast,2025-09,A6,SH-IDX06,PRECISION GEAR,jpy,37740.0,36726.0,-1014.0,cr,Process Improvement (Yield Up),Operational-driven
forecast,2025-10,A6,SH-IDX06,PRECISION GEAR,jpy,36585.0,35844.0,-741.0,cr,VA/VE Improvement,Engineering-driven
forecast,2024-11,A6,UQ-A6-01,PANEL FRONT AS,domestic,487268.0,487268.0,0.0,,,
forecast,2024-12,A6,UQ-A6-01,PANEL FRONT AS,domestic,487268.0,499538.0,12270.0,cu,Supplier Change (Higher Cost Source),Market-driven
forecast,2025-01,A6,UQ-A6-01,PANEL FRONT AS,domestic,500844.0,515404.0,14560.0,cu,Supplier Change (Higher Cost Source),Market-driven
forecast,2025-02,A6,UQ-A6-01,PANEL FRONT AS,domestic,550082.0,538626.0,-11456.0,cr,Localization / Local Sourcing,Operational-driven
forecast,2025-03,A6,UQ-A6-01,PANEL FRONT AS,domestic,512715.0,524296.0,11581.0,cu,Raw Material Price Increase,Market-driven
forecast,2025-04,A6,UQ-A6-01,PANEL FRONT AS,domestic,524418.0,539429.0,15011.0,cu,Logistics/Freight Cost Increase,Market-driven
forecast,2025-05,A6,UQ-A6-01,PANEL FRONT AS,domestic,565332.0,578298.0,12966.0,cu,Yield/Scrap Rate Increase,Operational-driven
forecast,2025-06,A6,UQ-A6-01,PANEL FRONT AS,domestic,597677.0,580601.0,-17076.0,cr,Localization / Local Sourcing,Operational-driven
forecast,2025-07,A6,UQ-A6-01,PANEL FRONT AS,domestic,546492.0,561103.0,14611.0,cu,Engineering Change / Spec Upgrade,Engineering-driven
forecast,2025-08,A6,UQ-A6-01,PANEL FRONT AS,domestic,594634.0,611122.0,16488.0,cu,Raw Material Price Increase,Market-driven
forecast,2025-09,A6,UQ-A6-01,PANEL FRONT AS,domestic,621089.0,636366.0,15277.0,cu,Supplier Change (Higher Cost Source),Market-driven
forecast,2025-10,A6,UQ-A6-01,PANEL FRONT AS,domestic,657782.0,675759.0,17977.0,cu,Raw Material Price Increase,Market-driven
forecast,2024-11,A6,UQ-A6-02,BRACKET SUPPORT,domestic,499771.0,514073.0,14302.0,cu,Raw Material Price Increase,Market-driven
forecast,2024-12,A6,UQ-A6-02,BRACKET SUPPORT,domestic,528630.0,540908.0,12278.0,cu,Logistics/Freight Cost Increase,Market-driven
forecast,2025-01,A6,UQ-A6-02,BRACKET SUPPORT,domestic,549219.0,549219.0,0.0,,,
forecast,2025-02,A6,UQ-A6-02,BRACKET SUPPORT,domestic,549219.0,561415.0,12196.0,cu,Raw Material Price Increase,Market-driven
forecast,2025-03,A6,UQ-A6-02,BRACKET SUPPORT,domestic,566193.0,577882.0,11689.0,cu,Engineering Change / Spec Upgrade,Engineering-driven
forecast,2025-04,A6,UQ-A6-02,BRACKET SUPPORT,domestic,605632.0,590566.0,-15066.0,cr,Supplier Negotiation,Operational-driven
forecast,2025-05,A6,UQ-A6-02,BRACKET SUPPORT,domestic,583490.0,600975.0,17485.0,cu,Raw Material Price Increase,Market-driven
forecast,2025-06,A6,UQ-A6-02,BRACKET SUPPORT,domestic,602513.0,588226.0,-14287.0,cr,Process Improvement (Yield Up),Operational-driven
forecast,2025-07,A6,UQ-A6-02,BRACKET SUPPORT,domestic,573141.0,588919.0,15778.0,cu,Yield/Scrap Rate Increase,Operational-driven
forecast,2025-08,A6,UQ-A6-02,BRACKET SUPPORT,domestic,603620.0,616643.0,13023.0,cu,Raw Material Price Increase,Market-driven
forecast,2025-09,A6,UQ-A6-02,BRACKET SUPPORT,domestic,617446.0,630885.0,13439.0,cu,Raw Material Price Increase,Market-driven
forecast,2025-10,A6,UQ-A6-02,BRACKET SUPPORT,domestic,662925.0,677263.0,14338.0,cu,Raw Material Price Increase,Market-driven
forecast,2024-11,A6,UQ-A6-03,IC CHIP CONTROL,usd,578743.0,564507.0,-14236.0,cr,Localization / Local Sourcing,Operational-driven
forecast,2024-12,A6,UQ-A6-03,IC CHIP CONTROL,usd,534326.0,550040.0,15714.0,cu,Supplier Change (Higher Cost Source),Market-driven
forecast,2025-01,A6,UQ-A6-03,IC CHIP CONTROL,usd,581564.0,593284.0,11720.0,cu,Logistics/Freight Cost Increase,Market-driven
forecast,2025-02,A6,UQ-A6-03,IC CHIP CONTROL,usd,623996.0,639831.0,15835.0,cu,Logistics/Freight Cost Increase,Market-driven
forecast,2025-03,A6,UQ-A6-03,IC CHIP CONTROL,usd,668288.0,682268.0,13980.0,cu,Supplier Change (Higher Cost Source),Market-driven
forecast,2025-04,A6,UQ-A6-03,IC CHIP CONTROL,usd,687444.0,701592.0,14148.0,cu,Engineering Change / Spec Upgrade,Engineering-driven
forecast,2025-05,A6,UQ-A6-03,IC CHIP CONTROL,usd,707297.0,690704.0,-16593.0,cr,Supplier Negotiation,Operational-driven
forecast,2025-06,A6,UQ-A6-03,IC CHIP CONTROL,usd,654832.0,674381.0,19549.0,cu,Yield/Scrap Rate Increase,Operational-driven
forecast,2025-07,A6,UQ-A6-03,IC CHIP CONTROL,usd,716905.0,732835.0,15930.0,cu,Supplier Change (Higher Cost Source),Market-driven
forecast,2025-08,A6,UQ-A6-03,IC CHIP CONTROL,usd,762089.0,762089.0,0.0,,,
forecast,2025-09,A6,UQ-A6-03,IC CHIP CONTROL,usd,762089.0,782366.0,20277.0,cu,Supplier Change (Higher Cost Source),Market-driven
forecast,2025-10,A6,UQ-A6-03,IC CHIP CONTROL,usd,812970.0,832978.0,20008.0,cu,Logistics/Freight Cost Increase,Market-driven
forecast,2024-11,A6,UQ-A6-04,MOTOR UNIT,jpy,220422.0,214744.0,-5678.0,cr,VA/VE Improvement,Engineering-driven
forecast,2024-12,A6,UQ-A6-04,MOTOR UNIT,jpy,210376.0,215111.0,4735.0,cu,Yield/Scrap Rate Increase,Operational-driven
forecast,2025-01,A6,UQ-A6-04,MOTOR UNIT,jpy,217420.0,212817.0,-4603.0,cr,Alternative Material Substitution,Engineering-driven
forecast,2025-02,A6,UQ-A6-04,MOTOR UNIT,jpy,201029.0,201029.0,0.0,,,
forecast,2025-03,A6,UQ-A6-04,MOTOR UNIT,jpy,201029.0,195114.0,-5915.0,cr,Localization / Local Sourcing,Operational-driven
forecast,2025-04,A6,UQ-A6-04,MOTOR UNIT,jpy,195024.0,189639.0,-5385.0,cr,Supplier Negotiation,Operational-driven
forecast,2025-05,A6,UQ-A6-04,MOTOR UNIT,jpy,183251.0,178461.0,-4790.0,cr,VA/VE Improvement,Engineering-driven
forecast,2025-06,A6,UQ-A6-04,MOTOR UNIT,jpy,177498.0,181919.0,4421.0,cu,Yield/Scrap Rate Increase,Operational-driven
forecast,2025-07,A6,UQ-A6-04,MOTOR UNIT,jpy,184479.0,180516.0,-3963.0,cr,Process Improvement (Yield Up),Operational-driven
forecast,2025-08,A6,UQ-A6-04,MOTOR UNIT,jpy,181144.0,176393.0,-4751.0,cr,VA/VE Improvement,Engineering-driven
forecast,2025-09,A6,UQ-A6-04,MOTOR UNIT,jpy,175638.0,170551.0,-5087.0,cr,Process Improvement (Yield Up),Operational-driven
forecast,2025-10,A6,UQ-A6-04,MOTOR UNIT,jpy,166051.0,162642.0,-3409.0,cr,Process Improvement (Yield Up),Operational-driven
forecast,2024-11,A6,UQ-A6-05,SENSOR MODULE,jpy,310639.0,318840.0,8201.0,cu,Supplier Change (Higher Cost Source),Market-driven
forecast,2024-12,A6,UQ-A6-05,SENSOR MODULE,jpy,320001.0,311601.0,-8400.0,cr,VA/VE Improvement,Engineering-driven
forecast,2025-01,A6,UQ-A6-05,SENSOR MODULE,jpy,300164.0,292073.0,-8091.0,cr,Supplier Negotiation,Operational-driven
forecast,2025-02,A6,UQ-A6-05,SENSOR MODULE,jpy,284907.0,277597.0,-7310.0,cr,Alternative Material Substitution,Engineering-driven
forecast,2025-03,A6,UQ-A6-05,SENSOR MODULE,jpy,267457.0,260573.0,-6884.0,cr,Alternative Material Substitution,Engineering-driven
forecast,2025-04,A6,UQ-A6-05,SENSOR MODULE,jpy,253496.0,253496.0,0.0,,,
forecast,2025-05,A6,UQ-A6-05,SENSOR MODULE,jpy,253496.0,248325.0,-5171.0,cr,Process Improvement (Yield Up),Operational-driven
forecast,2025-06,A6,UQ-A6-05,SENSOR MODULE,jpy,244650.0,239214.0,-5436.0,cr,VA/VE Improvement,Engineering-driven
forecast,2025-07,A6,UQ-A6-05,SENSOR MODULE,jpy,239021.0,232875.0,-6146.0,cr,Localization / Local Sourcing,Operational-driven
forecast,2025-08,A6,UQ-A6-05,SENSOR MODULE,jpy,226058.0,220310.0,-5748.0,cr,VA/VE Improvement,Engineering-driven
forecast,2025-09,A6,UQ-A6-05,SENSOR MODULE,jpy,215657.0,221879.0,6222.0,cu,Engineering Change / Spec Upgrade,Engineering-driven
forecast,2025-10,A6,UQ-A6-05,SENSOR MODULE,jpy,231792.0,225042.0,-6750.0,cr,Process Improvement (Yield Up),Operational-driven
forecast,2024-11,A6,SH-EVEN-01,TAPE PU-F,domestic,70295.0,72153.0,1858.0,cu,Raw Material Price Increase,Market-driven
forecast,2024-12,A6,SH-EVEN-01,TAPE PU-F,domestic,75075.0,77289.0,2214.0,cu,Raw Material Price Increase,Market-driven
forecast,2025-01,A6,SH-EVEN-01,TAPE PU-F,domestic,80181.0,81820.0,1639.0,cu,Engineering Change / Spec Upgrade,Engineering-driven
forecast,2025-02,A6,SH-EVEN-01,TAPE PU-F,domestic,82639.0,85022.0,2383.0,cu,Engineering Change / Spec Upgrade,Engineering-driven
forecast,2025-03,A6,SH-EVEN-01,TAPE PU-F,domestic,87878.0,90500.0,2622.0,cu,Engineering Change / Spec Upgrade,Engineering-driven
forecast,2025-04,A6,SH-EVEN-01,TAPE PU-F,domestic,93563.0,90938.0,-2625.0,cr,VA/VE Improvement,Engineering-driven
forecast,2025-05,A6,SH-EVEN-01,TAPE PU-F,domestic,89152.0,91079.0,1927.0,cu,Supplier Change (Higher Cost Source),Market-driven
forecast,2025-06,A6,SH-EVEN-01,TAPE PU-F,domestic,94914.0,97552.0,2638.0,cu,Supplier Change (Higher Cost Source),Market-driven
forecast,2025-07,A6,SH-EVEN-01,TAPE PU-F,domestic,101876.0,99278.0,-2598.0,cr,Process Improvement (Yield Up),Operational-driven
forecast,2025-08,A6,SH-EVEN-01,TAPE PU-F,domestic,94152.0,96788.0,2636.0,cu,Supplier Change (Higher Cost Source),Market-driven
forecast,2025-09,A6,SH-EVEN-01,TAPE PU-F,domestic,96785.0,96785.0,0.0,,,
forecast,2025-10,A6,SH-EVEN-01,TAPE PU-F,domestic,96785.0,99648.0,2863.0,cu,Yield/Scrap Rate Increase,Operational-driven
forecast,2024-11,A6,SH-EVEN-02,RESIN COMPOUND,usd,19042.0,19548.0,506.0,cu,Supplier Change (Higher Cost Source),Market-driven
forecast,2024-12,A6,SH-EVEN-02,RESIN COMPOUND,usd,19491.0,20013.0,522.0,cu,Supplier Change (Higher Cost Source),Market-driven
forecast,2025-01,A6,SH-EVEN-02,RESIN COMPOUND,usd,20366.0,20818.0,452.0,cu,Raw Material Price Increase,Market-driven
forecast,2025-02,A6,SH-EVEN-02,RESIN COMPOUND,usd,20895.0,21394.0,499.0,cu,Logistics/Freight Cost Increase,Market-driven
forecast,2025-03,A6,SH-EVEN-02,RESIN COMPOUND,usd,21472.0,21914.0,442.0,cu,Logistics/Freight Cost Increase,Market-driven
forecast,2025-04,A6,SH-EVEN-02,RESIN COMPOUND,usd,22839.0,22839.0,0.0,,,
forecast,2025-05,A6,SH-EVEN-02,RESIN COMPOUND,usd,22839.0,22349.0,-490.0,cr,Localization / Local Sourcing,Operational-driven
forecast,2025-06,A6,SH-EVEN-02,RESIN COMPOUND,usd,21574.0,22093.0,519.0,cu,Logistics/Freight Cost Increase,Market-driven
forecast,2025-07,A6,SH-EVEN-02,RESIN COMPOUND,usd,22763.0,22214.0,-549.0,cr,Alternative Material Substitution,Engineering-driven
forecast,2025-08,A6,SH-EVEN-02,RESIN COMPOUND,usd,21147.0,21602.0,455.0,cu,Raw Material Price Increase,Market-driven
forecast,2025-09,A6,SH-EVEN-02,RESIN COMPOUND,usd,22059.0,22634.0,575.0,cu,Engineering Change / Spec Upgrade,Engineering-driven
forecast,2025-10,A6,SH-EVEN-02,RESIN COMPOUND,usd,23441.0,24025.0,584.0,cu,Yield/Scrap Rate Increase,Operational-driven
forecast,2024-11,A7,SH-CATA-D01,PANEL BOTTOM AS,domestic,98579.0,95653.0,-2926.0,cr,VA/VE Improvement,Engineering-driven
forecast,2024-12,A7,SH-CATA-D01,PANEL BOTTOM AS,domestic,94374.0,92139.0,-2235.0,cr,Alternative Material Substitution,Engineering-driven
forecast,2025-01,A7,SH-CATA-D01,PANEL BOTTOM AS,domestic,87563.0,85654.0,-1909.0,cr,Supplier Negotiation,Operational-driven
forecast,2025-02,A7,SH-CATA-D01,PANEL BOTTOM AS,domestic,81633.0,79391.0,-2242.0,cr,VA/VE Improvement,Engineering-driven
forecast,2025-03,A7,SH-CATA-D01,PANEL BOTTOM AS,domestic,76183.0,74340.0,-1843.0,cr,Process Improvement (Yield Up),Operational-driven
forecast,2025-04,A7,SH-CATA-D01,PANEL BOTTOM AS,domestic,73712.0,71663.0,-2049.0,cr,Supplier Negotiation,Operational-driven
forecast,2025-05,A7,SH-CATA-D01,PANEL BOTTOM AS,domestic,67569.0,65912.0,-1657.0,cr,Supplier Negotiation,Operational-driven
forecast,2025-06,A7,SH-CATA-D01,PANEL BOTTOM AS,domestic,66044.0,64428.0,-1616.0,cr,Supplier Negotiation,Operational-driven
forecast,2025-07,A7,SH-CATA-D01,PANEL BOTTOM AS,domestic,64585.0,62870.0,-1715.0,cr,Localization / Local Sourcing,Operational-driven
forecast,2025-08,A7,SH-CATA-D01,PANEL BOTTOM AS,domestic,61389.0,62632.0,1243.0,cu,Raw Material Price Increase,Market-driven
forecast,2025-09,A7,SH-CATA-D01,PANEL BOTTOM AS,domestic,65387.0,65387.0,0.0,,,
forecast,2025-10,A7,SH-CATA-D01,PANEL BOTTOM AS,domestic,65387.0,66902.0,1515.0,cu,Supplier Change (Higher Cost Source),Market-driven
forecast,2024-11,A7,SH-CATA-U01,CONNECTOR HOUSING,usd,56296.0,57228.0,932.0,cu,Raw Material Price Increase,Market-driven
forecast,2024-12,A7,SH-CATA-U01,CONNECTOR HOUSING,usd,58809.0,60480.0,1671.0,cu,Supplier Change (Higher Cost Source),Market-driven
forecast,2025-01,A7,SH-CATA-U01,CONNECTOR HOUSING,usd,61760.0,63593.0,1833.0,cu,Supplier Change (Higher Cost Source),Market-driven
forecast,2025-02,A7,SH-CATA-U01,CONNECTOR HOUSING,usd,64924.0,66458.0,1534.0,cu,Supplier Change (Higher Cost Source),Market-driven
forecast,2025-03,A7,SH-CATA-U01,CONNECTOR HOUSING,usd,68250.0,70211.0,1961.0,cu,Supplier Change (Higher Cost Source),Market-driven
forecast,2025-04,A7,SH-CATA-U01,CONNECTOR HOUSING,usd,71535.0,73303.0,1768.0,cu,Raw Material Price Increase,Market-driven
forecast,2025-05,A7,SH-CATA-U01,CONNECTOR HOUSING,usd,74974.0,76776.0,1802.0,cu,Supplier Change (Higher Cost Source),Market-driven
forecast,2025-06,A7,SH-CATA-U01,CONNECTOR HOUSING,usd,79869.0,81676.0,1807.0,cu,Supplier Change (Higher Cost Source),Market-driven
forecast,2025-07,A7,SH-CATA-U01,CONNECTOR HOUSING,usd,84983.0,87072.0,2089.0,cu,Supplier Change (Higher Cost Source),Market-driven
forecast,2025-08,A7,SH-CATA-U01,CONNECTOR HOUSING,usd,89805.0,91431.0,1626.0,cu,Supplier Change (Higher Cost Source),Market-driven
forecast,2025-09,A7,SH-CATA-U01,CONNECTOR HOUSING,usd,94513.0,96834.0,2321.0,cu,Supplier Change (Higher Cost Source),Market-driven
forecast,2025-10,A7,SH-CATA-U01,CONNECTOR HOUSING,usd,100024.0,102197.0,2173.0,cu,Raw Material Price Increase,Market-driven
forecast,2024-11,A7,SH-IDX07,PRECISION GEAR,jpy,203264.0,203264.0,0.0,,,
forecast,2024-12,A7,SH-IDX07,PRECISION GEAR,jpy,203264.0,197674.0,-5590.0,cr,Supplier Negotiation,Operational-driven
forecast,2025-01,A7,SH-IDX07,PRECISION GEAR,jpy,186811.0,181841.0,-4970.0,cr,VA/VE Improvement,Engineering-driven
forecast,2025-02,A7,SH-IDX07,PRECISION GEAR,jpy,173296.0,168874.0,-4422.0,cr,Process Improvement (Yield Up),Operational-driven
forecast,2025-03,A7,SH-IDX07,PRECISION GEAR,jpy,162366.0,157605.0,-4761.0,cr,Localization / Local Sourcing,Operational-driven
forecast,2025-04,A7,SH-IDX07,PRECISION GEAR,jpy,152465.0,149251.0,-3214.0,cr,Localization / Local Sourcing,Operational-driven
forecast,2025-05,A7,SH-IDX07,PRECISION GEAR,jpy,145383.0,149590.0,4207.0,cu,Yield/Scrap Rate Increase,Operational-driven
forecast,2025-06,A7,SH-IDX07,PRECISION GEAR,jpy,154399.0,157539.0,3140.0,cu,Yield/Scrap Rate Increase,Operational-driven
forecast,2025-07,A7,SH-IDX07,PRECISION GEAR,jpy,161975.0,158044.0,-3931.0,cr,Localization / Local Sourcing,Operational-driven
forecast,2025-08,A7,SH-IDX07,PRECISION GEAR,jpy,154112.0,150317.0,-3795.0,cr,Alternative Material Substitution,Engineering-driven
forecast,2025-09,A7,SH-IDX07,PRECISION GEAR,jpy,143056.0,139790.0,-3266.0,cr,Supplier Negotiation,Operational-driven
forecast,2025-10,A7,SH-IDX07,PRECISION GEAR,jpy,137044.0,133692.0,-3352.0,cr,Localization / Local Sourcing,Operational-driven
forecast,2024-11,A7,UQ-A7-01,PANEL FRONT AS,domestic,813631.0,813631.0,0.0,,,
forecast,2024-12,A7,UQ-A7-01,PANEL FRONT AS,domestic,813631.0,833993.0,20362.0,cu,Logistics/Freight Cost Increase,Market-driven
forecast,2025-01,A7,UQ-A7-01,PANEL FRONT AS,domestic,864743.0,884107.0,19364.0,cu,Supplier Change (Higher Cost Source),Market-driven
forecast,2025-02,A7,UQ-A7-01,PANEL FRONT AS,domestic,917619.0,898228.0,-19391.0,cr,Localization / Local Sourcing,Operational-driven
forecast,2025-03,A7,UQ-A7-01,PANEL FRONT AS,domestic,876482.0,897366.0,20884.0,cu,Engineering Change / Spec Upgrade,Engineering-driven
forecast,2025-04,A7,UQ-A7-01,PANEL FRONT AS,domestic,918404.0,938227.0,19823.0,cu,Raw Material Price Increase,Market-driven
forecast,2025-05,A7,UQ-A7-01,PANEL FRONT AS,domestic,957164.0,983928.0,26764.0,cu,Raw Material Price Increase,Market-driven
forecast,2025-06,A7,UQ-A7-01,PANEL FRONT AS,domestic,1017732.0,992027.0,-25705.0,cr,Alternative Material Substitution,Engineering-driven
forecast,2025-07,A7,UQ-A7-01,PANEL FRONT AS,domestic,956709.0,978355.0,21646.0,cu,Engineering Change / Spec Upgrade,Engineering-driven
forecast,2025-08,A7,UQ-A7-01,PANEL FRONT AS,domestic,1008707.0,1030309.0,21602.0,cu,Supplier Change (Higher Cost Source),Market-driven
forecast,2025-09,A7,UQ-A7-01,PANEL FRONT AS,domestic,1062472.0,1085208.0,22736.0,cu,Logistics/Freight Cost Increase,Market-driven
forecast,2025-10,A7,UQ-A7-01,PANEL FRONT AS,domestic,1104089.0,1129391.0,25302.0,cu,Raw Material Price Increase,Market-driven
forecast,2024-11,A7,UQ-A7-02,BRACKET SUPPORT,domestic,663468.0,676876.0,13408.0,cu,Supplier Change (Higher Cost Source),Market-driven
forecast,2024-12,A7,UQ-A7-02,BRACKET SUPPORT,domestic,683886.0,701535.0,17649.0,cu,Logistics/Freight Cost Increase,Market-driven
forecast,2025-01,A7,UQ-A7-02,BRACKET SUPPORT,domestic,728475.0,728475.0,0.0,,,
forecast,2025-02,A7,UQ-A7-02,BRACKET SUPPORT,domestic,728475.0,747001.0,18526.0,cu,Supplier Change (Higher Cost Source),Market-driven
forecast,2025-03,A7,UQ-A7-02,BRACKET SUPPORT,domestic,767452.0,784449.0,16997.0,cu,Logistics/Freight Cost Increase,Market-driven
forecast,2025-04,A7,UQ-A7-02,BRACKET SUPPORT,domestic,797395.0,777989.0,-19406.0,cr,Alternative Material Substitution,Engineering-driven
forecast,2025-05,A7,UQ-A7-02,BRACKET SUPPORT,domestic,763613.0,783011.0,19398.0,cu,Supplier Change (Higher Cost Source),Market-driven
forecast,2025-06,A7,UQ-A7-02,BRACKET SUPPORT,domestic,781937.0,762070.0,-19867.0,cr,VA/VE Improvement,Engineering-driven
forecast,2025-07,A7,UQ-A7-02,BRACKET SUPPORT,domestic,750150.0,770958.0,20808.0,cu,Logistics/Freight Cost Increase,Market-driven
forecast,2025-08,A7,UQ-A7-02,BRACKET SUPPORT,domestic,805814.0,823310.0,17496.0,cu,Supplier Change (Higher Cost Source),Market-driven
forecast,2025-09,A7,UQ-A7-02,BRACKET SUPPORT,domestic,854629.0,880237.0,25608.0,cu,Logistics/Freight Cost Increase,Market-driven
forecast,2025-10,A7,UQ-A7-02,BRACKET SUPPORT,domestic,902419.0,927384.0,24965.0,cu,Logistics/Freight Cost Increase,Market-driven
forecast,2024-11,A7,UQ-A7-03,IC CHIP CONTROL,usd,816864.0,792786.0,-24078.0,cr,Alternative Material Substitution,Engineering-driven
forecast,2024-12,A7,UQ-A7-03,IC CHIP CONTROL,usd,745912.0,766206.0,20294.0,cu,Yield/Scrap Rate Increase,Operational-driven
forecast,2025-01,A7,UQ-A7-03,IC CHIP CONTROL,usd,777746.0,796262.0,18516.0,cu,Yield/Scrap Rate Increase,Operational-driven
forecast,2025-02,A7,UQ-A7-03,IC CHIP CONTROL,usd,825881.0,848649.0,22768.0,cu,Engineering Change / Spec Upgrade,Engineering-driven
forecast,2025-03,A7,UQ-A7-03,IC CHIP CONTROL,usd,873305.0,894666.0,21361.0,cu,Logistics/Freight Cost Increase,Market-driven
forecast,2025-04,A7,UQ-A7-03,IC CHIP CONTROL,usd,894302.0,920821.0,26519.0,cu,Engineering Change / Spec Upgrade,Engineering-driven
forecast,2025-05,A7,UQ-A7-03,IC CHIP CONTROL,usd,906700.0,883880.0,-22820.0,cr,Process Improvement (Yield Up),Operational-driven
forecast,2025-06,A7,UQ-A7-03,IC CHIP CONTROL,usd,861048.0,885677.0,24629.0,cu,Logistics/Freight Cost Increase,Market-driven
forecast,2025-07,A7,UQ-A7-03,IC CHIP CONTROL,usd,910453.0,933041.0,22588.0,cu,Logistics/Freight Cost Increase,Market-driven
forecast,2025-08,A7,UQ-A7-03,IC CHIP CONTROL,usd,953893.0,953893.0,0.0,,,
forecast,2025-09,A7,UQ-A7-03,IC CHIP CONTROL,usd,953893.0,973572.0,19679.0,cu,Yield/Scrap Rate Increase,Operational-driven
forecast,2025-10,A7,UQ-A7-03,IC CHIP CONTROL,usd,1002510.0,1028563.0,26053.0,cu,Logistics/Freight Cost Increase,Market-driven
forecast,2024-11,A7,UQ-A7-04,MOTOR UNIT,jpy,507558.0,492738.0,-14820.0,cr,Localization / Local Sourcing,Operational-driven
forecast,2024-12,A7,UQ-A7-04,MOTOR UNIT,jpy,480816.0,494875.0,14059.0,cu,Raw Material Price Increase,Market-driven
forecast,2025-01,A7,UQ-A7-04,MOTOR UNIT,jpy,522272.0,510216.0,-12056.0,cr,Process Improvement (Yield Up),Operational-driven
forecast,2025-02,A7,UQ-A7-04,MOTOR UNIT,jpy,494191.0,494191.0,0.0,,,
forecast,2025-03,A7,UQ-A7-04,MOTOR UNIT,jpy,494191.0,481247.0,-12944.0,cr,Supplier Negotiation,Operational-driven
forecast,2025-04,A7,UQ-A7-04,MOTOR UNIT,jpy,462376.0,450660.0,-11716.0,cr,Process Improvement (Yield Up),Operational-driven
forecast,2025-05,A7,UQ-A7-04,MOTOR UNIT,jpy,423625.0,412997.0,-10628.0,cr,Alternative Material Substitution,Engineering-driven
forecast,2025-06,A7,UQ-A7-04,MOTOR UNIT,jpy,416849.0,425688.0,8839.0,cu,Yield/Scrap Rate Increase,Operational-driven
forecast,2025-07,A7,UQ-A7-04,MOTOR UNIT,jpy,436443.0,424867.0,-11576.0,cr,Supplier Negotiation,Operational-driven
forecast,2025-08,A7,UQ-A7-04,MOTOR UNIT,jpy,411738.0,402109.0,-9629.0,cr,Alternative Material Substitution,Engineering-driven
forecast,2025-09,A7,UQ-A7-04,MOTOR UNIT,jpy,401130.0,391103.0,-10027.0,cr,Alternative Material Substitution,Engineering-driven
forecast,2025-10,A7,UQ-A7-04,MOTOR UNIT,jpy,367680.0,357119.0,-10561.0,cr,Process Improvement (Yield Up),Operational-driven
forecast,2024-11,A7,UQ-A7-05,SENSOR MODULE,jpy,632707.0,646031.0,13324.0,cu,Engineering Change / Spec Upgrade,Engineering-driven
forecast,2024-12,A7,UQ-A7-05,SENSOR MODULE,jpy,668613.0,655051.0,-13562.0,cr,Localization / Local Sourcing,Operational-driven
forecast,2025-01,A7,UQ-A7-05,SENSOR MODULE,jpy,617411.0,601993.0,-15418.0,cr,Localization / Local Sourcing,Operational-driven
forecast,2025-02,A7,UQ-A7-05,SENSOR MODULE,jpy,569398.0,552374.0,-17024.0,cr,Localization / Local Sourcing,Operational-driven
forecast,2025-03,A7,UQ-A7-05,SENSOR MODULE,jpy,521236.0,508211.0,-13025.0,cr,VA/VE Improvement,Engineering-driven
forecast,2025-04,A7,UQ-A7-05,SENSOR MODULE,jpy,495275.0,495275.0,0.0,,,
forecast,2025-05,A7,UQ-A7-05,SENSOR MODULE,jpy,495275.0,480921.0,-14354.0,cr,Supplier Negotiation,Operational-driven
forecast,2025-06,A7,UQ-A7-05,SENSOR MODULE,jpy,475407.0,462622.0,-12785.0,cr,Localization / Local Sourcing,Operational-driven
forecast,2025-07,A7,UQ-A7-05,SENSOR MODULE,jpy,443182.0,429899.0,-13283.0,cr,VA/VE Improvement,Engineering-driven
forecast,2025-08,A7,UQ-A7-05,SENSOR MODULE,jpy,427586.0,418910.0,-8676.0,cr,Localization / Local Sourcing,Operational-driven
forecast,2025-09,A7,UQ-A7-05,SENSOR MODULE,jpy,415508.0,423886.0,8378.0,cu,Supplier Change (Higher Cost Source),Market-driven
forecast,2025-10,A7,UQ-A7-05,SENSOR MODULE,jpy,422033.0,410647.0,-11386.0,cr,Process Improvement (Yield Up),Operational-driven
forecast,2024-11,A8,SH-CATA-D01,PANEL BOTTOM AS,domestic,98579.0,95653.0,-2926.0,cr,VA/VE Improvement,Engineering-driven
forecast,2024-12,A8,SH-CATA-D01,PANEL BOTTOM AS,domestic,94374.0,92139.0,-2235.0,cr,Alternative Material Substitution,Engineering-driven
forecast,2025-01,A8,SH-CATA-D01,PANEL BOTTOM AS,domestic,87563.0,85654.0,-1909.0,cr,Supplier Negotiation,Operational-driven
forecast,2025-02,A8,SH-CATA-D01,PANEL BOTTOM AS,domestic,81633.0,79391.0,-2242.0,cr,VA/VE Improvement,Engineering-driven
forecast,2025-03,A8,SH-CATA-D01,PANEL BOTTOM AS,domestic,76183.0,74340.0,-1843.0,cr,Process Improvement (Yield Up),Operational-driven
forecast,2025-04,A8,SH-CATA-D01,PANEL BOTTOM AS,domestic,73712.0,71663.0,-2049.0,cr,Supplier Negotiation,Operational-driven
forecast,2025-05,A8,SH-CATA-D01,PANEL BOTTOM AS,domestic,67569.0,65912.0,-1657.0,cr,Supplier Negotiation,Operational-driven
forecast,2025-06,A8,SH-CATA-D01,PANEL BOTTOM AS,domestic,66044.0,64428.0,-1616.0,cr,Supplier Negotiation,Operational-driven
forecast,2025-07,A8,SH-CATA-D01,PANEL BOTTOM AS,domestic,64585.0,62870.0,-1715.0,cr,Localization / Local Sourcing,Operational-driven
forecast,2025-08,A8,SH-CATA-D01,PANEL BOTTOM AS,domestic,61389.0,62632.0,1243.0,cu,Raw Material Price Increase,Market-driven
forecast,2025-09,A8,SH-CATA-D01,PANEL BOTTOM AS,domestic,65387.0,65387.0,0.0,,,
forecast,2025-10,A8,SH-CATA-D01,PANEL BOTTOM AS,domestic,65387.0,66902.0,1515.0,cu,Supplier Change (Higher Cost Source),Market-driven
forecast,2024-11,A8,SH-CATA-U01,CONNECTOR HOUSING,usd,56296.0,57228.0,932.0,cu,Raw Material Price Increase,Market-driven
forecast,2024-12,A8,SH-CATA-U01,CONNECTOR HOUSING,usd,58809.0,60480.0,1671.0,cu,Supplier Change (Higher Cost Source),Market-driven
forecast,2025-01,A8,SH-CATA-U01,CONNECTOR HOUSING,usd,61760.0,63593.0,1833.0,cu,Supplier Change (Higher Cost Source),Market-driven
forecast,2025-02,A8,SH-CATA-U01,CONNECTOR HOUSING,usd,64924.0,66458.0,1534.0,cu,Supplier Change (Higher Cost Source),Market-driven
forecast,2025-03,A8,SH-CATA-U01,CONNECTOR HOUSING,usd,68250.0,70211.0,1961.0,cu,Supplier Change (Higher Cost Source),Market-driven
forecast,2025-04,A8,SH-CATA-U01,CONNECTOR HOUSING,usd,71535.0,73303.0,1768.0,cu,Raw Material Price Increase,Market-driven
forecast,2025-05,A8,SH-CATA-U01,CONNECTOR HOUSING,usd,74974.0,76776.0,1802.0,cu,Supplier Change (Higher Cost Source),Market-driven
forecast,2025-06,A8,SH-CATA-U01,CONNECTOR HOUSING,usd,79869.0,81676.0,1807.0,cu,Supplier Change (Higher Cost Source),Market-driven
forecast,2025-07,A8,SH-CATA-U01,CONNECTOR HOUSING,usd,84983.0,87072.0,2089.0,cu,Supplier Change (Higher Cost Source),Market-driven
forecast,2025-08,A8,SH-CATA-U01,CONNECTOR HOUSING,usd,89805.0,91431.0,1626.0,cu,Supplier Change (Higher Cost Source),Market-driven
forecast,2025-09,A8,SH-CATA-U01,CONNECTOR HOUSING,usd,94513.0,96834.0,2321.0,cu,Supplier Change (Higher Cost Source),Market-driven
forecast,2025-10,A8,SH-CATA-U01,CONNECTOR HOUSING,usd,100024.0,102197.0,2173.0,cu,Raw Material Price Increase,Market-driven
forecast,2024-11,A8,SH-IDX08,PRECISION GEAR,jpy,78230.0,78230.0,0.0,,,
forecast,2024-12,A8,SH-IDX08,PRECISION GEAR,jpy,78230.0,76554.0,-1676.0,cr,VA/VE Improvement,Engineering-driven
forecast,2025-01,A8,SH-IDX08,PRECISION GEAR,jpy,73299.0,71185.0,-2114.0,cr,Localization / Local Sourcing,Operational-driven
forecast,2025-02,A8,SH-IDX08,PRECISION GEAR,jpy,70357.0,68276.0,-2081.0,cr,Supplier Negotiation,Operational-driven
forecast,2025-03,A8,SH-IDX08,PRECISION GEAR,jpy,64084.0,62580.0,-1504.0,cr,Localization / Local Sourcing,Operational-driven
forecast,2025-04,A8,SH-IDX08,PRECISION GEAR,jpy,58979.0,57636.0,-1343.0,cr,Process Improvement (Yield Up),Operational-driven
forecast,2025-05,A8,SH-IDX08,PRECISION GEAR,jpy,54813.0,56374.0,1561.0,cu,Raw Material Price Increase,Market-driven
forecast,2025-06,A8,SH-IDX08,PRECISION GEAR,jpy,58412.0,59988.0,1576.0,cu,Yield/Scrap Rate Increase,Operational-driven
forecast,2025-07,A8,SH-IDX08,PRECISION GEAR,jpy,60313.0,58998.0,-1315.0,cr,Alternative Material Substitution,Engineering-driven
forecast,2025-08,A8,SH-IDX08,PRECISION GEAR,jpy,57606.0,56422.0,-1184.0,cr,VA/VE Improvement,Engineering-driven
forecast,2025-09,A8,SH-IDX08,PRECISION GEAR,jpy,55309.0,53860.0,-1449.0,cr,Localization / Local Sourcing,Operational-driven
forecast,2025-10,A8,SH-IDX08,PRECISION GEAR,jpy,50622.0,49302.0,-1320.0,cr,Supplier Negotiation,Operational-driven
forecast,2024-11,A8,UQ-A8-01,PANEL FRONT AS,domestic,817035.0,817035.0,0.0,,,
forecast,2024-12,A8,UQ-A8-01,PANEL FRONT AS,domestic,817035.0,839675.0,22640.0,cu,Supplier Change (Higher Cost Source),Market-driven
forecast,2025-01,A8,UQ-A8-01,PANEL FRONT AS,domestic,872932.0,896697.0,23765.0,cu,Supplier Change (Higher Cost Source),Market-driven
forecast,2025-02,A8,UQ-A8-01,PANEL FRONT AS,domestic,951173.0,925932.0,-25241.0,cr,Supplier Negotiation,Operational-driven
forecast,2025-03,A8,UQ-A8-01,PANEL FRONT AS,domestic,909945.0,928942.0,18997.0,cu,Engineering Change / Spec Upgrade,Engineering-driven
forecast,2025-04,A8,UQ-A8-01,PANEL FRONT AS,domestic,936821.0,963914.0,27093.0,cu,Yield/Scrap Rate Increase,Operational-driven
forecast,2025-05,A8,UQ-A8-01,PANEL FRONT AS,domestic,964337.0,984418.0,20081.0,cu,Raw Material Price Increase,Market-driven
forecast,2025-06,A8,UQ-A8-01,PANEL FRONT AS,domestic,995029.0,971353.0,-23676.0,cr,Localization / Local Sourcing,Operational-driven
forecast,2025-07,A8,UQ-A8-01,PANEL FRONT AS,domestic,957857.0,977700.0,19843.0,cu,Engineering Change / Spec Upgrade,Engineering-driven
forecast,2025-08,A8,UQ-A8-01,PANEL FRONT AS,domestic,988156.0,1008451.0,20295.0,cu,Engineering Change / Spec Upgrade,Engineering-driven
forecast,2025-09,A8,UQ-A8-01,PANEL FRONT AS,domestic,1032810.0,1061602.0,28792.0,cu,Raw Material Price Increase,Market-driven
forecast,2025-10,A8,UQ-A8-01,PANEL FRONT AS,domestic,1080300.0,1108172.0,27872.0,cu,Logistics/Freight Cost Increase,Market-driven
forecast,2024-11,A8,UQ-A8-02,BRACKET SUPPORT,domestic,709377.0,727281.0,17904.0,cu,Engineering Change / Spec Upgrade,Engineering-driven
forecast,2024-12,A8,UQ-A8-02,BRACKET SUPPORT,domestic,760307.0,781344.0,21037.0,cu,Engineering Change / Spec Upgrade,Engineering-driven
forecast,2025-01,A8,UQ-A8-02,BRACKET SUPPORT,domestic,813777.0,813777.0,0.0,,,
forecast,2025-02,A8,UQ-A8-02,BRACKET SUPPORT,domestic,813777.0,838185.0,24408.0,cu,Engineering Change / Spec Upgrade,Engineering-driven
forecast,2025-03,A8,UQ-A8-02,BRACKET SUPPORT,domestic,865409.0,884443.0,19034.0,cu,Yield/Scrap Rate Increase,Operational-driven
forecast,2025-04,A8,UQ-A8-02,BRACKET SUPPORT,domestic,905361.0,881127.0,-24234.0,cr,Supplier Negotiation,Operational-driven
forecast,2025-05,A8,UQ-A8-02,BRACKET SUPPORT,domestic,855160.0,880441.0,25281.0,cu,Yield/Scrap Rate Increase,Operational-driven
forecast,2025-06,A8,UQ-A8-02,BRACKET SUPPORT,domestic,916842.0,892887.0,-23955.0,cr,Process Improvement (Yield Up),Operational-driven
forecast,2025-07,A8,UQ-A8-02,BRACKET SUPPORT,domestic,868343.0,893735.0,25392.0,cu,Raw Material Price Increase,Market-driven
forecast,2025-08,A8,UQ-A8-02,BRACKET SUPPORT,domestic,917477.0,942292.0,24815.0,cu,Yield/Scrap Rate Increase,Operational-driven
forecast,2025-09,A8,UQ-A8-02,BRACKET SUPPORT,domestic,980888.0,1002582.0,21694.0,cu,Yield/Scrap Rate Increase,Operational-driven
forecast,2025-10,A8,UQ-A8-02,BRACKET SUPPORT,domestic,1031870.0,1057854.0,25984.0,cu,Supplier Change (Higher Cost Source),Market-driven
forecast,2024-11,A8,UQ-A8-03,IC CHIP CONTROL,usd,899603.0,874902.0,-24701.0,cr,Supplier Negotiation,Operational-driven
forecast,2024-12,A8,UQ-A8-03,IC CHIP CONTROL,usd,845269.0,862430.0,17161.0,cu,Yield/Scrap Rate Increase,Operational-driven
forecast,2025-01,A8,UQ-A8-03,IC CHIP CONTROL,usd,882124.0,903037.0,20913.0,cu,Engineering Change / Spec Upgrade,Engineering-driven
forecast,2025-02,A8,UQ-A8-03,IC CHIP CONTROL,usd,920915.0,947273.0,26358.0,cu,Raw Material Price Increase,Market-driven
forecast,2025-03,A8,UQ-A8-03,IC CHIP CONTROL,usd,982247.0,1011656.0,29409.0,cu,Yield/Scrap Rate Increase,Operational-driven
forecast,2025-04,A8,UQ-A8-03,IC CHIP CONTROL,usd,1063234.0,1093823.0,30589.0,cu,Supplier Change (Higher Cost Source),Market-driven
forecast,2025-05,A8,UQ-A8-03,IC CHIP CONTROL,usd,1123027.0,1093526.0,-29501.0,cr,Supplier Negotiation,Operational-driven
forecast,2025-06,A8,UQ-A8-03,IC CHIP CONTROL,usd,1046195.0,1069869.0,23674.0,cu,Supplier Change (Higher Cost Source),Market-driven
forecast,2025-07,A8,UQ-A8-03,IC CHIP CONTROL,usd,1102199.0,1128801.0,26602.0,cu,Supplier Change (Higher Cost Source),Market-driven
forecast,2025-08,A8,UQ-A8-03,IC CHIP CONTROL,usd,1161201.0,1161201.0,0.0,,,
forecast,2025-09,A8,UQ-A8-03,IC CHIP CONTROL,usd,1161201.0,1192299.0,31098.0,cu,Yield/Scrap Rate Increase,Operational-driven
forecast,2025-10,A8,UQ-A8-03,IC CHIP CONTROL,usd,1222736.0,1252228.0,29492.0,cu,Logistics/Freight Cost Increase,Market-driven
forecast,2024-11,A8,UQ-A8-04,MOTOR UNIT,jpy,604472.0,591366.0,-13106.0,cr,VA/VE Improvement,Engineering-driven
forecast,2024-12,A8,UQ-A8-04,MOTOR UNIT,jpy,571363.0,588256.0,16893.0,cu,Engineering Change / Spec Upgrade,Engineering-driven
forecast,2025-01,A8,UQ-A8-04,MOTOR UNIT,jpy,592659.0,575685.0,-16974.0,cr,Supplier Negotiation,Operational-driven
forecast,2025-02,A8,UQ-A8-04,MOTOR UNIT,jpy,580011.0,580011.0,0.0,,,
forecast,2025-03,A8,UQ-A8-04,MOTOR UNIT,jpy,580011.0,562672.0,-17339.0,cr,Process Improvement (Yield Up),Operational-driven
forecast,2025-04,A8,UQ-A8-04,MOTOR UNIT,jpy,546853.0,533818.0,-13035.0,cr,VA/VE Improvement,Engineering-driven
forecast,2025-05,A8,UQ-A8-04,MOTOR UNIT,jpy,527710.0,513074.0,-14636.0,cr,Alternative Material Substitution,Engineering-driven
forecast,2025-06,A8,UQ-A8-04,MOTOR UNIT,jpy,485344.0,498026.0,12682.0,cu,Supplier Change (Higher Cost Source),Market-driven
forecast,2025-07,A8,UQ-A8-04,MOTOR UNIT,jpy,501429.0,489792.0,-11637.0,cr,VA/VE Improvement,Engineering-driven
forecast,2025-08,A8,UQ-A8-04,MOTOR UNIT,jpy,472737.0,460020.0,-12717.0,cr,Alternative Material Substitution,Engineering-driven
forecast,2025-09,A8,UQ-A8-04,MOTOR UNIT,jpy,439289.0,427958.0,-11331.0,cr,Localization / Local Sourcing,Operational-driven
forecast,2025-10,A8,UQ-A8-04,MOTOR UNIT,jpy,432190.0,422878.0,-9312.0,cr,Supplier Negotiation,Operational-driven
forecast,2024-11,A8,UQ-A8-05,SENSOR MODULE,jpy,525633.0,538935.0,13302.0,cu,Logistics/Freight Cost Increase,Market-driven
forecast,2024-12,A8,UQ-A8-05,SENSOR MODULE,jpy,571729.0,555679.0,-16050.0,cr,Alternative Material Substitution,Engineering-driven
forecast,2025-01,A8,UQ-A8-05,SENSOR MODULE,jpy,545557.0,531627.0,-13930.0,cr,VA/VE Improvement,Engineering-driven
forecast,2025-02,A8,UQ-A8-05,SENSOR MODULE,jpy,511423.0,496111.0,-15312.0,cr,Supplier Negotiation,Operational-driven
forecast,2025-03,A8,UQ-A8-05,SENSOR MODULE,jpy,491479.0,477809.0,-13670.0,cr,Process Improvement (Yield Up),Operational-driven
forecast,2025-04,A8,UQ-A8-05,SENSOR MODULE,jpy,447741.0,447741.0,0.0,,,
forecast,2025-05,A8,UQ-A8-05,SENSOR MODULE,jpy,447741.0,437866.0,-9875.0,cr,Alternative Material Substitution,Engineering-driven
forecast,2025-06,A8,UQ-A8-05,SENSOR MODULE,jpy,423628.0,413359.0,-10269.0,cr,Alternative Material Substitution,Engineering-driven
forecast,2025-07,A8,UQ-A8-05,SENSOR MODULE,jpy,396429.0,385449.0,-10980.0,cr,Supplier Negotiation,Operational-driven
forecast,2025-08,A8,UQ-A8-05,SENSOR MODULE,jpy,359605.0,351289.0,-8316.0,cr,Supplier Negotiation,Operational-driven
forecast,2025-09,A8,UQ-A8-05,SENSOR MODULE,jpy,334394.0,341555.0,7161.0,cu,Raw Material Price Increase,Market-driven
forecast,2025-10,A8,UQ-A8-05,SENSOR MODULE,jpy,348377.0,338639.0,-9738.0,cr,VA/VE Improvement,Engineering-driven
forecast,2024-11,A8,SH-EVEN-01,TAPE PU-F,domestic,70295.0,72153.0,1858.0,cu,Raw Material Price Increase,Market-driven
forecast,2024-12,A8,SH-EVEN-01,TAPE PU-F,domestic,75075.0,77289.0,2214.0,cu,Raw Material Price Increase,Market-driven
forecast,2025-01,A8,SH-EVEN-01,TAPE PU-F,domestic,80181.0,81820.0,1639.0,cu,Engineering Change / Spec Upgrade,Engineering-driven
forecast,2025-02,A8,SH-EVEN-01,TAPE PU-F,domestic,82639.0,85022.0,2383.0,cu,Engineering Change / Spec Upgrade,Engineering-driven
forecast,2025-03,A8,SH-EVEN-01,TAPE PU-F,domestic,87878.0,90500.0,2622.0,cu,Engineering Change / Spec Upgrade,Engineering-driven
forecast,2025-04,A8,SH-EVEN-01,TAPE PU-F,domestic,93563.0,90938.0,-2625.0,cr,VA/VE Improvement,Engineering-driven
forecast,2025-05,A8,SH-EVEN-01,TAPE PU-F,domestic,89152.0,91079.0,1927.0,cu,Supplier Change (Higher Cost Source),Market-driven
forecast,2025-06,A8,SH-EVEN-01,TAPE PU-F,domestic,94914.0,97552.0,2638.0,cu,Supplier Change (Higher Cost Source),Market-driven
forecast,2025-07,A8,SH-EVEN-01,TAPE PU-F,domestic,101876.0,99278.0,-2598.0,cr,Process Improvement (Yield Up),Operational-driven
forecast,2025-08,A8,SH-EVEN-01,TAPE PU-F,domestic,94152.0,96788.0,2636.0,cu,Supplier Change (Higher Cost Source),Market-driven
forecast,2025-09,A8,SH-EVEN-01,TAPE PU-F,domestic,96785.0,96785.0,0.0,,,
forecast,2025-10,A8,SH-EVEN-01,TAPE PU-F,domestic,96785.0,99648.0,2863.0,cu,Yield/Scrap Rate Increase,Operational-driven
forecast,2024-11,A8,SH-EVEN-02,RESIN COMPOUND,usd,19042.0,19548.0,506.0,cu,Supplier Change (Higher Cost Source),Market-driven
forecast,2024-12,A8,SH-EVEN-02,RESIN COMPOUND,usd,19491.0,20013.0,522.0,cu,Supplier Change (Higher Cost Source),Market-driven
forecast,2025-01,A8,SH-EVEN-02,RESIN COMPOUND,usd,20366.0,20818.0,452.0,cu,Raw Material Price Increase,Market-driven
forecast,2025-02,A8,SH-EVEN-02,RESIN COMPOUND,usd,20895.0,21394.0,499.0,cu,Logistics/Freight Cost Increase,Market-driven
forecast,2025-03,A8,SH-EVEN-02,RESIN COMPOUND,usd,21472.0,21914.0,442.0,cu,Logistics/Freight Cost Increase,Market-driven
forecast,2025-04,A8,SH-EVEN-02,RESIN COMPOUND,usd,22839.0,22839.0,0.0,,,
forecast,2025-05,A8,SH-EVEN-02,RESIN COMPOUND,usd,22839.0,22349.0,-490.0,cr,Localization / Local Sourcing,Operational-driven
forecast,2025-06,A8,SH-EVEN-02,RESIN COMPOUND,usd,21574.0,22093.0,519.0,cu,Logistics/Freight Cost Increase,Market-driven
forecast,2025-07,A8,SH-EVEN-02,RESIN COMPOUND,usd,22763.0,22214.0,-549.0,cr,Alternative Material Substitution,Engineering-driven
forecast,2025-08,A8,SH-EVEN-02,RESIN COMPOUND,usd,21147.0,21602.0,455.0,cu,Raw Material Price Increase,Market-driven
forecast,2025-09,A8,SH-EVEN-02,RESIN COMPOUND,usd,22059.0,22634.0,575.0,cu,Engineering Change / Spec Upgrade,Engineering-driven
forecast,2025-10,A8,SH-EVEN-02,RESIN COMPOUND,usd,23441.0,24025.0,584.0,cu,Yield/Scrap Rate Increase,Operational-driven
forecast,2024-11,A9,SH-CATA-D01,PANEL BOTTOM AS,domestic,98579.0,95653.0,-2926.0,cr,VA/VE Improvement,Engineering-driven
forecast,2024-12,A9,SH-CATA-D01,PANEL BOTTOM AS,domestic,94374.0,92139.0,-2235.0,cr,Alternative Material Substitution,Engineering-driven
forecast,2025-01,A9,SH-CATA-D01,PANEL BOTTOM AS,domestic,87563.0,85654.0,-1909.0,cr,Supplier Negotiation,Operational-driven
forecast,2025-02,A9,SH-CATA-D01,PANEL BOTTOM AS,domestic,81633.0,79391.0,-2242.0,cr,VA/VE Improvement,Engineering-driven
forecast,2025-03,A9,SH-CATA-D01,PANEL BOTTOM AS,domestic,76183.0,74340.0,-1843.0,cr,Process Improvement (Yield Up),Operational-driven
forecast,2025-04,A9,SH-CATA-D01,PANEL BOTTOM AS,domestic,73712.0,71663.0,-2049.0,cr,Supplier Negotiation,Operational-driven
forecast,2025-05,A9,SH-CATA-D01,PANEL BOTTOM AS,domestic,67569.0,65912.0,-1657.0,cr,Supplier Negotiation,Operational-driven
forecast,2025-06,A9,SH-CATA-D01,PANEL BOTTOM AS,domestic,66044.0,64428.0,-1616.0,cr,Supplier Negotiation,Operational-driven
forecast,2025-07,A9,SH-CATA-D01,PANEL BOTTOM AS,domestic,64585.0,62870.0,-1715.0,cr,Localization / Local Sourcing,Operational-driven
forecast,2025-08,A9,SH-CATA-D01,PANEL BOTTOM AS,domestic,61389.0,62632.0,1243.0,cu,Raw Material Price Increase,Market-driven
forecast,2025-09,A9,SH-CATA-D01,PANEL BOTTOM AS,domestic,65387.0,65387.0,0.0,,,
forecast,2025-10,A9,SH-CATA-D01,PANEL BOTTOM AS,domestic,65387.0,66902.0,1515.0,cu,Supplier Change (Higher Cost Source),Market-driven
forecast,2024-11,A9,SH-CATA-U01,CONNECTOR HOUSING,usd,56296.0,57228.0,932.0,cu,Raw Material Price Increase,Market-driven
forecast,2024-12,A9,SH-CATA-U01,CONNECTOR HOUSING,usd,58809.0,60480.0,1671.0,cu,Supplier Change (Higher Cost Source),Market-driven
forecast,2025-01,A9,SH-CATA-U01,CONNECTOR HOUSING,usd,61760.0,63593.0,1833.0,cu,Supplier Change (Higher Cost Source),Market-driven
forecast,2025-02,A9,SH-CATA-U01,CONNECTOR HOUSING,usd,64924.0,66458.0,1534.0,cu,Supplier Change (Higher Cost Source),Market-driven
forecast,2025-03,A9,SH-CATA-U01,CONNECTOR HOUSING,usd,68250.0,70211.0,1961.0,cu,Supplier Change (Higher Cost Source),Market-driven
forecast,2025-04,A9,SH-CATA-U01,CONNECTOR HOUSING,usd,71535.0,73303.0,1768.0,cu,Raw Material Price Increase,Market-driven
forecast,2025-05,A9,SH-CATA-U01,CONNECTOR HOUSING,usd,74974.0,76776.0,1802.0,cu,Supplier Change (Higher Cost Source),Market-driven
forecast,2025-06,A9,SH-CATA-U01,CONNECTOR HOUSING,usd,79869.0,81676.0,1807.0,cu,Supplier Change (Higher Cost Source),Market-driven
forecast,2025-07,A9,SH-CATA-U01,CONNECTOR HOUSING,usd,84983.0,87072.0,2089.0,cu,Supplier Change (Higher Cost Source),Market-driven
forecast,2025-08,A9,SH-CATA-U01,CONNECTOR HOUSING,usd,89805.0,91431.0,1626.0,cu,Supplier Change (Higher Cost Source),Market-driven
forecast,2025-09,A9,SH-CATA-U01,CONNECTOR HOUSING,usd,94513.0,96834.0,2321.0,cu,Supplier Change (Higher Cost Source),Market-driven
forecast,2025-10,A9,SH-CATA-U01,CONNECTOR HOUSING,usd,100024.0,102197.0,2173.0,cu,Raw Material Price Increase,Market-driven
forecast,2024-11,A9,SH-IDX09,PRECISION GEAR,jpy,56507.0,56507.0,0.0,,,
forecast,2024-12,A9,SH-IDX09,PRECISION GEAR,jpy,56507.0,55129.0,-1378.0,cr,Supplier Negotiation,Operational-driven
forecast,2025-01,A9,SH-IDX09,PRECISION GEAR,jpy,55041.0,53903.0,-1138.0,cr,VA/VE Improvement,Engineering-driven
forecast,2025-02,A9,SH-IDX09,PRECISION GEAR,jpy,53874.0,52457.0,-1417.0,cr,Supplier Negotiation,Operational-driven
forecast,2025-03,A9,SH-IDX09,PRECISION GEAR,jpy,50143.0,49139.0,-1004.0,cr,Alternative Material Substitution,Engineering-driven
forecast,2025-04,A9,SH-IDX09,PRECISION GEAR,jpy,46939.0,45878.0,-1061.0,cr,Process Improvement (Yield Up),Operational-driven
forecast,2025-05,A9,SH-IDX09,PRECISION GEAR,jpy,45715.0,46641.0,926.0,cu,Logistics/Freight Cost Increase,Market-driven
forecast,2025-06,A9,SH-IDX09,PRECISION GEAR,jpy,46848.0,47802.0,954.0,cu,Logistics/Freight Cost Increase,Market-driven
forecast,2025-07,A9,SH-IDX09,PRECISION GEAR,jpy,49533.0,48217.0,-1316.0,cr,VA/VE Improvement,Engineering-driven
forecast,2025-08,A9,SH-IDX09,PRECISION GEAR,jpy,45057.0,43829.0,-1228.0,cr,Process Improvement (Yield Up),Operational-driven
forecast,2025-09,A9,SH-IDX09,PRECISION GEAR,jpy,42057.0,40940.0,-1117.0,cr,Supplier Negotiation,Operational-driven
forecast,2025-10,A9,SH-IDX09,PRECISION GEAR,jpy,38411.0,37557.0,-854.0,cr,Process Improvement (Yield Up),Operational-driven
forecast,2024-11,A9,UQ-A9-01,PANEL FRONT AS,domestic,314737.0,314737.0,0.0,,,
forecast,2024-12,A9,UQ-A9-01,PANEL FRONT AS,domestic,314737.0,321261.0,6524.0,cu,Raw Material Price Increase,Market-driven
forecast,2025-01,A9,UQ-A9-01,PANEL FRONT AS,domestic,322572.0,330370.0,7798.0,cu,Logistics/Freight Cost Increase,Market-driven
forecast,2025-02,A9,UQ-A9-01,PANEL FRONT AS,domestic,332537.0,323433.0,-9104.0,cr,Process Improvement (Yield Up),Operational-driven
forecast,2025-03,A9,UQ-A9-01,PANEL FRONT AS,domestic,302981.0,310563.0,7582.0,cu,Engineering Change / Spec Upgrade,Engineering-driven
forecast,2025-04,A9,UQ-A9-01,PANEL FRONT AS,domestic,315484.0,322000.0,6516.0,cu,Raw Material Price Increase,Market-driven
forecast,2025-05,A9,UQ-A9-01,PANEL FRONT AS,domestic,325082.0,334639.0,9557.0,cu,Logistics/Freight Cost Increase,Market-driven
forecast,2025-06,A9,UQ-A9-01,PANEL FRONT AS,domestic,333079.0,325177.0,-7902.0,cr,Alternative Material Substitution,Engineering-driven
forecast,2025-07,A9,UQ-A9-01,PANEL FRONT AS,domestic,321710.0,330127.0,8417.0,cu,Engineering Change / Spec Upgrade,Engineering-driven
forecast,2025-08,A9,UQ-A9-01,PANEL FRONT AS,domestic,341022.0,350130.0,9108.0,cu,Yield/Scrap Rate Increase,Operational-driven
forecast,2025-09,A9,UQ-A9-01,PANEL FRONT AS,domestic,350757.0,360992.0,10235.0,cu,Raw Material Price Increase,Market-driven
forecast,2025-10,A9,UQ-A9-01,PANEL FRONT AS,domestic,362635.0,372903.0,10268.0,cu,Yield/Scrap Rate Increase,Operational-driven
forecast,2024-11,A9,UQ-A9-02,BRACKET SUPPORT,domestic,341673.0,349700.0,8027.0,cu,Logistics/Freight Cost Increase,Market-driven
forecast,2024-12,A9,UQ-A9-02,BRACKET SUPPORT,domestic,354358.0,362918.0,8560.0,cu,Engineering Change / Spec Upgrade,Engineering-driven
forecast,2025-01,A9,UQ-A9-02,BRACKET SUPPORT,domestic,364998.0,364998.0,0.0,,,
forecast,2025-02,A9,UQ-A9-02,BRACKET SUPPORT,domestic,364998.0,374525.0,9527.0,cu,Engineering Change / Spec Upgrade,Engineering-driven
forecast,2025-03,A9,UQ-A9-02,BRACKET SUPPORT,domestic,374546.0,382135.0,7589.0,cu,Yield/Scrap Rate Increase,Operational-driven
forecast,2025-04,A9,UQ-A9-02,BRACKET SUPPORT,domestic,387294.0,378422.0,-8872.0,cr,VA/VE Improvement,Engineering-driven
forecast,2025-05,A9,UQ-A9-02,BRACKET SUPPORT,domestic,366624.0,376585.0,9961.0,cu,Raw Material Price Increase,Market-driven
forecast,2025-06,A9,UQ-A9-02,BRACKET SUPPORT,domestic,377347.0,369121.0,-8226.0,cr,Supplier Negotiation,Operational-driven
forecast,2025-07,A9,UQ-A9-02,BRACKET SUPPORT,domestic,348438.0,356942.0,8504.0,cu,Logistics/Freight Cost Increase,Market-driven
forecast,2025-08,A9,UQ-A9-02,BRACKET SUPPORT,domestic,357743.0,368199.0,10456.0,cu,Engineering Change / Spec Upgrade,Engineering-driven
forecast,2025-09,A9,UQ-A9-02,BRACKET SUPPORT,domestic,383086.0,393233.0,10147.0,cu,Raw Material Price Increase,Market-driven
forecast,2025-10,A9,UQ-A9-02,BRACKET SUPPORT,domestic,393157.0,403822.0,10665.0,cu,Raw Material Price Increase,Market-driven
forecast,2024-11,A9,UQ-A9-03,IC CHIP CONTROL,usd,435777.0,426423.0,-9354.0,cr,Supplier Negotiation,Operational-driven
forecast,2024-12,A9,UQ-A9-03,IC CHIP CONTROL,usd,416992.0,427862.0,10870.0,cu,Supplier Change (Higher Cost Source),Market-driven
forecast,2025-01,A9,UQ-A9-03,IC CHIP CONTROL,usd,447795.0,457781.0,9986.0,cu,Yield/Scrap Rate Increase,Operational-driven
forecast,2025-02,A9,UQ-A9-03,IC CHIP CONTROL,usd,475756.0,485934.0,10178.0,cu,Logistics/Freight Cost Increase,Market-driven
forecast,2025-03,A9,UQ-A9-03,IC CHIP CONTROL,usd,504013.0,518608.0,14595.0,cu,Supplier Change (Higher Cost Source),Market-driven
forecast,2025-04,A9,UQ-A9-03,IC CHIP CONTROL,usd,531310.0,543731.0,12421.0,cu,Logistics/Freight Cost Increase,Market-driven
forecast,2025-05,A9,UQ-A9-03,IC CHIP CONTROL,usd,558776.0,547297.0,-11479.0,cr,Process Improvement (Yield Up),Operational-driven
forecast,2025-06,A9,UQ-A9-03,IC CHIP CONTROL,usd,530426.0,544673.0,14247.0,cu,Raw Material Price Increase,Market-driven
forecast,2025-07,A9,UQ-A9-03,IC CHIP CONTROL,usd,568394.0,581887.0,13493.0,cu,Raw Material Price Increase,Market-driven
forecast,2025-08,A9,UQ-A9-03,IC CHIP CONTROL,usd,594501.0,594501.0,0.0,,,
forecast,2025-09,A9,UQ-A9-03,IC CHIP CONTROL,usd,594501.0,606688.0,12187.0,cu,Supplier Change (Higher Cost Source),Market-driven
forecast,2025-10,A9,UQ-A9-03,IC CHIP CONTROL,usd,628440.0,646766.0,18326.0,cu,Raw Material Price Increase,Market-driven
forecast,2024-11,A9,UQ-A9-04,MOTOR UNIT,jpy,259957.0,254360.0,-5597.0,cr,Localization / Local Sourcing,Operational-driven
forecast,2024-12,A9,UQ-A9-04,MOTOR UNIT,jpy,253197.0,259069.0,5872.0,cu,Supplier Change (Higher Cost Source),Market-driven
forecast,2025-01,A9,UQ-A9-04,MOTOR UNIT,jpy,273766.0,266924.0,-6842.0,cr,Process Improvement (Yield Up),Operational-driven
forecast,2025-02,A9,UQ-A9-04,MOTOR UNIT,jpy,263287.0,263287.0,0.0,,,
forecast,2025-03,A9,UQ-A9-04,MOTOR UNIT,jpy,263287.0,255411.0,-7876.0,cr,VA/VE Improvement,Engineering-driven
forecast,2025-04,A9,UQ-A9-04,MOTOR UNIT,jpy,251020.0,243737.0,-7283.0,cr,Process Improvement (Yield Up),Operational-driven
forecast,2025-05,A9,UQ-A9-04,MOTOR UNIT,jpy,231572.0,225609.0,-5963.0,cr,Supplier Negotiation,Operational-driven
forecast,2025-06,A9,UQ-A9-04,MOTOR UNIT,jpy,212838.0,218806.0,5968.0,cu,Yield/Scrap Rate Increase,Operational-driven
forecast,2025-07,A9,UQ-A9-04,MOTOR UNIT,jpy,224447.0,219836.0,-4611.0,cr,VA/VE Improvement,Engineering-driven
forecast,2025-08,A9,UQ-A9-04,MOTOR UNIT,jpy,209172.0,204794.0,-4378.0,cr,Alternative Material Substitution,Engineering-driven
forecast,2025-09,A9,UQ-A9-04,MOTOR UNIT,jpy,203319.0,199055.0,-4264.0,cr,VA/VE Improvement,Engineering-driven
forecast,2025-10,A9,UQ-A9-04,MOTOR UNIT,jpy,198581.0,192776.0,-5805.0,cr,Alternative Material Substitution,Engineering-driven
forecast,2024-11,A9,UQ-A9-05,SENSOR MODULE,jpy,196790.0,202247.0,5457.0,cu,Engineering Change / Spec Upgrade,Engineering-driven
forecast,2024-12,A9,UQ-A9-05,SENSOR MODULE,jpy,209651.0,205184.0,-4467.0,cr,Process Improvement (Yield Up),Operational-driven
forecast,2025-01,A9,UQ-A9-05,SENSOR MODULE,jpy,198850.0,193239.0,-5611.0,cr,Alternative Material Substitution,Engineering-driven
forecast,2025-02,A9,UQ-A9-05,SENSOR MODULE,jpy,185647.0,180439.0,-5208.0,cr,VA/VE Improvement,Engineering-driven
forecast,2025-03,A9,UQ-A9-05,SENSOR MODULE,jpy,174080.0,169582.0,-4498.0,cr,Supplier Negotiation,Operational-driven
forecast,2025-04,A9,UQ-A9-05,SENSOR MODULE,jpy,160726.0,160726.0,0.0,,,
forecast,2025-05,A9,UQ-A9-05,SENSOR MODULE,jpy,160726.0,156856.0,-3870.0,cr,Alternative Material Substitution,Engineering-driven
forecast,2025-06,A9,UQ-A9-05,SENSOR MODULE,jpy,150833.0,147242.0,-3591.0,cr,Supplier Negotiation,Operational-driven
forecast,2025-07,A9,UQ-A9-05,SENSOR MODULE,jpy,140922.0,136879.0,-4043.0,cr,Process Improvement (Yield Up),Operational-driven
forecast,2025-08,A9,UQ-A9-05,SENSOR MODULE,jpy,133578.0,130492.0,-3086.0,cr,Alternative Material Substitution,Engineering-driven
forecast,2025-09,A9,UQ-A9-05,SENSOR MODULE,jpy,126281.0,129553.0,3272.0,cu,Raw Material Price Increase,Market-driven
forecast,2025-10,A9,UQ-A9-05,SENSOR MODULE,jpy,132619.0,129050.0,-3569.0,cr,Supplier Negotiation,Operational-driven
forecast,2024-11,A10,SH-CATA-D01,PANEL BOTTOM AS,domestic,98579.0,95653.0,-2926.0,cr,VA/VE Improvement,Engineering-driven
forecast,2024-12,A10,SH-CATA-D01,PANEL BOTTOM AS,domestic,94374.0,92139.0,-2235.0,cr,Alternative Material Substitution,Engineering-driven
forecast,2025-01,A10,SH-CATA-D01,PANEL BOTTOM AS,domestic,87563.0,85654.0,-1909.0,cr,Supplier Negotiation,Operational-driven
forecast,2025-02,A10,SH-CATA-D01,PANEL BOTTOM AS,domestic,81633.0,79391.0,-2242.0,cr,VA/VE Improvement,Engineering-driven
forecast,2025-03,A10,SH-CATA-D01,PANEL BOTTOM AS,domestic,76183.0,74340.0,-1843.0,cr,Process Improvement (Yield Up),Operational-driven
forecast,2025-04,A10,SH-CATA-D01,PANEL BOTTOM AS,domestic,73712.0,71663.0,-2049.0,cr,Supplier Negotiation,Operational-driven
forecast,2025-05,A10,SH-CATA-D01,PANEL BOTTOM AS,domestic,67569.0,65912.0,-1657.0,cr,Supplier Negotiation,Operational-driven
forecast,2025-06,A10,SH-CATA-D01,PANEL BOTTOM AS,domestic,66044.0,64428.0,-1616.0,cr,Supplier Negotiation,Operational-driven
forecast,2025-07,A10,SH-CATA-D01,PANEL BOTTOM AS,domestic,64585.0,62870.0,-1715.0,cr,Localization / Local Sourcing,Operational-driven
forecast,2025-08,A10,SH-CATA-D01,PANEL BOTTOM AS,domestic,61389.0,62632.0,1243.0,cu,Raw Material Price Increase,Market-driven
forecast,2025-09,A10,SH-CATA-D01,PANEL BOTTOM AS,domestic,65387.0,65387.0,0.0,,,
forecast,2025-10,A10,SH-CATA-D01,PANEL BOTTOM AS,domestic,65387.0,66902.0,1515.0,cu,Supplier Change (Higher Cost Source),Market-driven
forecast,2024-11,A10,SH-CATA-U01,CONNECTOR HOUSING,usd,56296.0,57228.0,932.0,cu,Raw Material Price Increase,Market-driven
forecast,2024-12,A10,SH-CATA-U01,CONNECTOR HOUSING,usd,58809.0,60480.0,1671.0,cu,Supplier Change (Higher Cost Source),Market-driven
forecast,2025-01,A10,SH-CATA-U01,CONNECTOR HOUSING,usd,61760.0,63593.0,1833.0,cu,Supplier Change (Higher Cost Source),Market-driven
forecast,2025-02,A10,SH-CATA-U01,CONNECTOR HOUSING,usd,64924.0,66458.0,1534.0,cu,Supplier Change (Higher Cost Source),Market-driven
forecast,2025-03,A10,SH-CATA-U01,CONNECTOR HOUSING,usd,68250.0,70211.0,1961.0,cu,Supplier Change (Higher Cost Source),Market-driven
forecast,2025-04,A10,SH-CATA-U01,CONNECTOR HOUSING,usd,71535.0,73303.0,1768.0,cu,Raw Material Price Increase,Market-driven
forecast,2025-05,A10,SH-CATA-U01,CONNECTOR HOUSING,usd,74974.0,76776.0,1802.0,cu,Supplier Change (Higher Cost Source),Market-driven
forecast,2025-06,A10,SH-CATA-U01,CONNECTOR HOUSING,usd,79869.0,81676.0,1807.0,cu,Supplier Change (Higher Cost Source),Market-driven
forecast,2025-07,A10,SH-CATA-U01,CONNECTOR HOUSING,usd,84983.0,87072.0,2089.0,cu,Supplier Change (Higher Cost Source),Market-driven
forecast,2025-08,A10,SH-CATA-U01,CONNECTOR HOUSING,usd,89805.0,91431.0,1626.0,cu,Supplier Change (Higher Cost Source),Market-driven
forecast,2025-09,A10,SH-CATA-U01,CONNECTOR HOUSING,usd,94513.0,96834.0,2321.0,cu,Supplier Change (Higher Cost Source),Market-driven
forecast,2025-10,A10,SH-CATA-U01,CONNECTOR HOUSING,usd,100024.0,102197.0,2173.0,cu,Raw Material Price Increase,Market-driven
forecast,2024-11,A10,SH-IDX10,PRECISION GEAR,jpy,121193.0,121193.0,0.0,,,
forecast,2024-12,A10,SH-IDX10,PRECISION GEAR,jpy,121193.0,117826.0,-3367.0,cr,Process Improvement (Yield Up),Operational-driven
forecast,2025-01,A10,SH-IDX10,PRECISION GEAR,jpy,113669.0,110716.0,-2953.0,cr,Localization / Local Sourcing,Operational-driven
forecast,2025-02,A10,SH-IDX10,PRECISION GEAR,jpy,107486.0,104872.0,-2614.0,cr,Localization / Local Sourcing,Operational-driven
forecast,2025-03,A10,SH-IDX10,PRECISION GEAR,jpy,100468.0,97728.0,-2740.0,cr,Localization / Local Sourcing,Operational-driven
forecast,2025-04,A10,SH-IDX10,PRECISION GEAR,jpy,94861.0,92473.0,-2388.0,cr,Supplier Negotiation,Operational-driven
forecast,2025-05,A10,SH-IDX10,PRECISION GEAR,jpy,87984.0,89793.0,1809.0,cu,Supplier Change (Higher Cost Source),Market-driven
forecast,2025-06,A10,SH-IDX10,PRECISION GEAR,jpy,92869.0,95632.0,2763.0,cu,Raw Material Price Increase,Market-driven
forecast,2025-07,A10,SH-IDX10,PRECISION GEAR,jpy,101147.0,98676.0,-2471.0,cr,Process Improvement (Yield Up),Operational-driven
forecast,2025-08,A10,SH-IDX10,PRECISION GEAR,jpy,94023.0,92125.0,-1898.0,cr,VA/VE Improvement,Engineering-driven
forecast,2025-09,A10,SH-IDX10,PRECISION GEAR,jpy,89045.0,86696.0,-2349.0,cr,Localization / Local Sourcing,Operational-driven
forecast,2025-10,A10,SH-IDX10,PRECISION GEAR,jpy,84573.0,82811.0,-1762.0,cr,Alternative Material Substitution,Engineering-driven
forecast,2024-11,A10,UQ-A10-01,PANEL FRONT AS,domestic,803460.0,803460.0,0.0,,,
forecast,2024-12,A10,UQ-A10-01,PANEL FRONT AS,domestic,803460.0,820382.0,16922.0,cu,Logistics/Freight Cost Increase,Market-driven
forecast,2025-01,A10,UQ-A10-01,PANEL FRONT AS,domestic,838745.0,861666.0,22921.0,cu,Supplier Change (Higher Cost Source),Market-driven
forecast,2025-02,A10,UQ-A10-01,PANEL FRONT AS,domestic,864635.0,844912.0,-19723.0,cr,VA/VE Improvement,Engineering-driven
forecast,2025-03,A10,UQ-A10-01,PANEL FRONT AS,domestic,837659.0,855251.0,17592.0,cu,Logistics/Freight Cost Increase,Market-driven
forecast,2025-04,A10,UQ-A10-01,PANEL FRONT AS,domestic,869048.0,887862.0,18814.0,cu,Engineering Change / Spec Upgrade,Engineering-driven
forecast,2025-05,A10,UQ-A10-01,PANEL FRONT AS,domestic,881095.0,902532.0,21437.0,cu,Raw Material Price Increase,Market-driven
forecast,2025-06,A10,UQ-A10-01,PANEL FRONT AS,domestic,924754.0,899429.0,-25325.0,cr,Alternative Material Substitution,Engineering-driven
forecast,2025-07,A10,UQ-A10-01,PANEL FRONT AS,domestic,851472.0,874409.0,22937.0,cu,Raw Material Price Increase,Market-driven
forecast,2025-08,A10,UQ-A10-01,PANEL FRONT AS,domestic,882687.0,908704.0,26017.0,cu,Logistics/Freight Cost Increase,Market-driven
forecast,2025-09,A10,UQ-A10-01,PANEL FRONT AS,domestic,967728.0,992840.0,25112.0,cu,Yield/Scrap Rate Increase,Operational-driven
forecast,2025-10,A10,UQ-A10-01,PANEL FRONT AS,domestic,996377.0,1025170.0,28793.0,cu,Yield/Scrap Rate Increase,Operational-driven
forecast,2024-11,A10,UQ-A10-02,BRACKET SUPPORT,domestic,767446.0,787121.0,19675.0,cu,Yield/Scrap Rate Increase,Operational-driven
forecast,2024-12,A10,UQ-A10-02,BRACKET SUPPORT,domestic,809364.0,827716.0,18352.0,cu,Logistics/Freight Cost Increase,Market-driven
forecast,2025-01,A10,UQ-A10-02,BRACKET SUPPORT,domestic,829477.0,829477.0,0.0,,,
forecast,2025-02,A10,UQ-A10-02,BRACKET SUPPORT,domestic,829477.0,854187.0,24710.0,cu,Supplier Change (Higher Cost Source),Market-driven
forecast,2025-03,A10,UQ-A10-02,BRACKET SUPPORT,domestic,861794.0,886065.0,24271.0,cu,Raw Material Price Increase,Market-driven
forecast,2025-04,A10,UQ-A10-02,BRACKET SUPPORT,domestic,934494.0,913708.0,-20786.0,cr,Supplier Negotiation,Operational-driven
forecast,2025-05,A10,UQ-A10-02,BRACKET SUPPORT,domestic,908974.0,928229.0,19255.0,cu,Raw Material Price Increase,Market-driven
forecast,2025-06,A10,UQ-A10-02,BRACKET SUPPORT,domestic,964565.0,943570.0,-20995.0,cr,Alternative Material Substitution,Engineering-driven
forecast,2025-07,A10,UQ-A10-02,BRACKET SUPPORT,domestic,942200.0,965484.0,23284.0,cu,Supplier Change (Higher Cost Source),Market-driven
forecast,2025-08,A10,UQ-A10-02,BRACKET SUPPORT,domestic,968187.0,993524.0,25337.0,cu,Supplier Change (Higher Cost Source),Market-driven
forecast,2025-09,A10,UQ-A10-02,BRACKET SUPPORT,domestic,1018692.0,1047261.0,28569.0,cu,Engineering Change / Spec Upgrade,Engineering-driven
forecast,2025-10,A10,UQ-A10-02,BRACKET SUPPORT,domestic,1060103.0,1091589.0,31486.0,cu,Logistics/Freight Cost Increase,Market-driven
forecast,2024-11,A10,UQ-A10-03,IC CHIP CONTROL,usd,605043.0,587351.0,-17692.0,cr,VA/VE Improvement,Engineering-driven
forecast,2024-12,A10,UQ-A10-03,IC CHIP CONTROL,usd,562546.0,574082.0,11536.0,cu,Engineering Change / Spec Upgrade,Engineering-driven
forecast,2025-01,A10,UQ-A10-03,IC CHIP CONTROL,usd,600102.0,616427.0,16325.0,cu,Engineering Change / Spec Upgrade,Engineering-driven
forecast,2025-02,A10,UQ-A10-03,IC CHIP CONTROL,usd,619282.0,633323.0,14041.0,cu,Yield/Scrap Rate Increase,Operational-driven
forecast,2025-03,A10,UQ-A10-03,IC CHIP CONTROL,usd,667618.0,687298.0,19680.0,cu,Yield/Scrap Rate Increase,Operational-driven
forecast,2025-04,A10,UQ-A10-03,IC CHIP CONTROL,usd,730676.0,745450.0,14774.0,cu,Yield/Scrap Rate Increase,Operational-driven
forecast,2025-05,A10,UQ-A10-03,IC CHIP CONTROL,usd,747063.0,727502.0,-19561.0,cr,VA/VE Improvement,Engineering-driven
forecast,2025-06,A10,UQ-A10-03,IC CHIP CONTROL,usd,734834.0,756095.0,21261.0,cu,Yield/Scrap Rate Increase,Operational-driven
forecast,2025-07,A10,UQ-A10-03,IC CHIP CONTROL,usd,782077.0,801926.0,19849.0,cu,Logistics/Freight Cost Increase,Market-driven
forecast,2025-08,A10,UQ-A10-03,IC CHIP CONTROL,usd,823438.0,823438.0,0.0,,,
forecast,2025-09,A10,UQ-A10-03,IC CHIP CONTROL,usd,823438.0,846790.0,23352.0,cu,Engineering Change / Spec Upgrade,Engineering-driven
forecast,2025-10,A10,UQ-A10-03,IC CHIP CONTROL,usd,856303.0,873675.0,17372.0,cu,Raw Material Price Increase,Market-driven
forecast,2024-11,A10,UQ-A10-04,MOTOR UNIT,jpy,247230.0,239846.0,-7384.0,cr,Process Improvement (Yield Up),Operational-driven
forecast,2024-12,A10,UQ-A10-04,MOTOR UNIT,jpy,224823.0,230260.0,5437.0,cu,Logistics/Freight Cost Increase,Market-driven
forecast,2025-01,A10,UQ-A10-04,MOTOR UNIT,jpy,241188.0,234219.0,-6969.0,cr,Localization / Local Sourcing,Operational-driven
forecast,2025-02,A10,UQ-A10-04,MOTOR UNIT,jpy,225771.0,225771.0,0.0,,,
forecast,2025-03,A10,UQ-A10-04,MOTOR UNIT,jpy,225771.0,219455.0,-6316.0,cr,Process Improvement (Yield Up),Operational-driven
forecast,2025-04,A10,UQ-A10-04,MOTOR UNIT,jpy,205167.0,200312.0,-4855.0,cr,Localization / Local Sourcing,Operational-driven
forecast,2025-05,A10,UQ-A10-04,MOTOR UNIT,jpy,197047.0,191435.0,-5612.0,cr,Process Improvement (Yield Up),Operational-driven
forecast,2025-06,A10,UQ-A10-04,MOTOR UNIT,jpy,179353.0,183506.0,4153.0,cu,Engineering Change / Spec Upgrade,Engineering-driven
forecast,2025-07,A10,UQ-A10-04,MOTOR UNIT,jpy,186358.0,181232.0,-5126.0,cr,VA/VE Improvement,Engineering-driven
forecast,2025-08,A10,UQ-A10-04,MOTOR UNIT,jpy,176654.0,171885.0,-4769.0,cr,Process Improvement (Yield Up),Operational-driven
forecast,2025-09,A10,UQ-A10-04,MOTOR UNIT,jpy,161738.0,156925.0,-4813.0,cr,VA/VE Improvement,Engineering-driven
forecast,2025-10,A10,UQ-A10-04,MOTOR UNIT,jpy,151887.0,147548.0,-4339.0,cr,Supplier Negotiation,Operational-driven
forecast,2024-11,A10,UQ-A10-05,SENSOR MODULE,jpy,344143.0,353184.0,9041.0,cu,Logistics/Freight Cost Increase,Market-driven
forecast,2024-12,A10,UQ-A10-05,SENSOR MODULE,jpy,363006.0,352356.0,-10650.0,cr,Process Improvement (Yield Up),Operational-driven
forecast,2025-01,A10,UQ-A10-05,SENSOR MODULE,jpy,349270.0,339354.0,-9916.0,cr,Localization / Local Sourcing,Operational-driven
forecast,2025-02,A10,UQ-A10-05,SENSOR MODULE,jpy,315116.0,306673.0,-8443.0,cr,Localization / Local Sourcing,Operational-driven
forecast,2025-03,A10,UQ-A10-05,SENSOR MODULE,jpy,305349.0,296214.0,-9135.0,cr,Supplier Negotiation,Operational-driven
forecast,2025-04,A10,UQ-A10-05,SENSOR MODULE,jpy,295925.0,295925.0,0.0,,,
forecast,2025-05,A10,UQ-A10-05,SENSOR MODULE,jpy,295925.0,289692.0,-6233.0,cr,Process Improvement (Yield Up),Operational-driven
forecast,2025-06,A10,UQ-A10-05,SENSOR MODULE,jpy,281291.0,274084.0,-7207.0,cr,VA/VE Improvement,Engineering-driven
forecast,2025-07,A10,UQ-A10-05,SENSOR MODULE,jpy,276051.0,268515.0,-7536.0,cr,Supplier Negotiation,Operational-driven
forecast,2025-08,A10,UQ-A10-05,SENSOR MODULE,jpy,257129.0,249718.0,-7411.0,cr,Alternative Material Substitution,Engineering-driven
forecast,2025-09,A10,UQ-A10-05,SENSOR MODULE,jpy,240772.0,246362.0,5590.0,cu,Logistics/Freight Cost Increase,Market-driven
forecast,2025-10,A10,UQ-A10-05,SENSOR MODULE,jpy,256226.0,250314.0,-5912.0,cr,Supplier Negotiation,Operational-driven
forecast,2024-11,A10,SH-EVEN-01,TAPE PU-F,domestic,70295.0,72153.0,1858.0,cu,Raw Material Price Increase,Market-driven
forecast,2024-12,A10,SH-EVEN-01,TAPE PU-F,domestic,75075.0,77289.0,2214.0,cu,Raw Material Price Increase,Market-driven
forecast,2025-01,A10,SH-EVEN-01,TAPE PU-F,domestic,80181.0,81820.0,1639.0,cu,Engineering Change / Spec Upgrade,Engineering-driven
forecast,2025-02,A10,SH-EVEN-01,TAPE PU-F,domestic,82639.0,85022.0,2383.0,cu,Engineering Change / Spec Upgrade,Engineering-driven
forecast,2025-03,A10,SH-EVEN-01,TAPE PU-F,domestic,87878.0,90500.0,2622.0,cu,Engineering Change / Spec Upgrade,Engineering-driven
forecast,2025-04,A10,SH-EVEN-01,TAPE PU-F,domestic,93563.0,90938.0,-2625.0,cr,VA/VE Improvement,Engineering-driven
forecast,2025-05,A10,SH-EVEN-01,TAPE PU-F,domestic,89152.0,91079.0,1927.0,cu,Supplier Change (Higher Cost Source),Market-driven
forecast,2025-06,A10,SH-EVEN-01,TAPE PU-F,domestic,94914.0,97552.0,2638.0,cu,Supplier Change (Higher Cost Source),Market-driven
forecast,2025-07,A10,SH-EVEN-01,TAPE PU-F,domestic,101876.0,99278.0,-2598.0,cr,Process Improvement (Yield Up),Operational-driven
forecast,2025-08,A10,SH-EVEN-01,TAPE PU-F,domestic,94152.0,96788.0,2636.0,cu,Supplier Change (Higher Cost Source),Market-driven
forecast,2025-09,A10,SH-EVEN-01,TAPE PU-F,domestic,96785.0,96785.0,0.0,,,
forecast,2025-10,A10,SH-EVEN-01,TAPE PU-F,domestic,96785.0,99648.0,2863.0,cu,Yield/Scrap Rate Increase,Operational-driven
forecast,2024-11,A10,SH-EVEN-02,RESIN COMPOUND,usd,19042.0,19548.0,506.0,cu,Supplier Change (Higher Cost Source),Market-driven
forecast,2024-12,A10,SH-EVEN-02,RESIN COMPOUND,usd,19491.0,20013.0,522.0,cu,Supplier Change (Higher Cost Source),Market-driven
forecast,2025-01,A10,SH-EVEN-02,RESIN COMPOUND,usd,20366.0,20818.0,452.0,cu,Raw Material Price Increase,Market-driven
forecast,2025-02,A10,SH-EVEN-02,RESIN COMPOUND,usd,20895.0,21394.0,499.0,cu,Logistics/Freight Cost Increase,Market-driven
forecast,2025-03,A10,SH-EVEN-02,RESIN COMPOUND,usd,21472.0,21914.0,442.0,cu,Logistics/Freight Cost Increase,Market-driven
forecast,2025-04,A10,SH-EVEN-02,RESIN COMPOUND,usd,22839.0,22839.0,0.0,,,
forecast,2025-05,A10,SH-EVEN-02,RESIN COMPOUND,usd,22839.0,22349.0,-490.0,cr,Localization / Local Sourcing,Operational-driven
forecast,2025-06,A10,SH-EVEN-02,RESIN COMPOUND,usd,21574.0,22093.0,519.0,cu,Logistics/Freight Cost Increase,Market-driven
forecast,2025-07,A10,SH-EVEN-02,RESIN COMPOUND,usd,22763.0,22214.0,-549.0,cr,Alternative Material Substitution,Engineering-driven
forecast,2025-08,A10,SH-EVEN-02,RESIN COMPOUND,usd,21147.0,21602.0,455.0,cu,Raw Material Price Increase,Market-driven
forecast,2025-09,A10,SH-EVEN-02,RESIN COMPOUND,usd,22059.0,22634.0,575.0,cu,Engineering Change / Spec Upgrade,Engineering-driven
forecast,2025-10,A10,SH-EVEN-02,RESIN COMPOUND,usd,23441.0,24025.0,584.0,cu,Yield/Scrap Rate Increase,Operational-driven
forecast,2024-11,B1,SH-CATB-D01,PANEL BOTTOM AS,domestic,134348.0,131013.0,-3335.0,cr,Localization / Local Sourcing,Operational-driven
forecast,2024-12,B1,SH-CATB-D01,PANEL BOTTOM AS,domestic,128910.0,126091.0,-2819.0,cr,Alternative Material Substitution,Engineering-driven
forecast,2025-01,B1,SH-CATB-D01,PANEL BOTTOM AS,domestic,123207.0,119645.0,-3562.0,cr,Alternative Material Substitution,Engineering-driven
forecast,2025-02,B1,SH-CATB-D01,PANEL BOTTOM AS,domestic,111757.0,109004.0,-2753.0,cr,VA/VE Improvement,Engineering-driven
forecast,2025-03,B1,SH-CATB-D01,PANEL BOTTOM AS,domestic,103982.0,101821.0,-2161.0,cr,Process Improvement (Yield Up),Operational-driven
forecast,2025-04,B1,SH-CATB-D01,PANEL BOTTOM AS,domestic,101708.0,99257.0,-2451.0,cr,Localization / Local Sourcing,Operational-driven
forecast,2025-05,B1,SH-CATB-D01,PANEL BOTTOM AS,domestic,94151.0,91752.0,-2399.0,cr,Process Improvement (Yield Up),Operational-driven
forecast,2025-06,B1,SH-CATB-D01,PANEL BOTTOM AS,domestic,87989.0,85689.0,-2300.0,cr,Localization / Local Sourcing,Operational-driven
forecast,2025-07,B1,SH-CATB-D01,PANEL BOTTOM AS,domestic,85585.0,83070.0,-2515.0,cr,Alternative Material Substitution,Engineering-driven
forecast,2025-08,B1,SH-CATB-D01,PANEL BOTTOM AS,domestic,78415.0,80245.0,1830.0,cu,Yield/Scrap Rate Increase,Operational-driven
forecast,2025-09,B1,SH-CATB-D01,PANEL BOTTOM AS,domestic,84428.0,84428.0,0.0,,,
forecast,2025-10,B1,SH-CATB-D01,PANEL BOTTOM AS,domestic,84428.0,86219.0,1791.0,cu,Raw Material Price Increase,Market-driven
forecast,2024-11,B1,SH-CATB-U01,CONNECTOR HOUSING,usd,58561.0,57064.0,-1497.0,cr,Localization / Local Sourcing,Operational-driven
forecast,2024-12,B1,SH-CATB-U01,CONNECTOR HOUSING,usd,54352.0,52832.0,-1520.0,cr,Process Improvement (Yield Up),Operational-driven
forecast,2025-01,B1,SH-CATB-U01,CONNECTOR HOUSING,usd,49649.0,48206.0,-1443.0,cr,Alternative Material Substitution,Engineering-driven
forecast,2025-02,B1,SH-CATB-U01,CONNECTOR HOUSING,usd,48318.0,47279.0,-1039.0,cr,Localization / Local Sourcing,Operational-driven
forecast,2025-03,B1,SH-CATB-U01,CONNECTOR HOUSING,usd,45900.0,44673.0,-1227.0,cr,Localization / Local Sourcing,Operational-driven
forecast,2025-04,B1,SH-CATB-U01,CONNECTOR HOUSING,usd,44561.0,43239.0,-1322.0,cr,Localization / Local Sourcing,Operational-driven
forecast,2025-05,B1,SH-CATB-U01,CONNECTOR HOUSING,usd,42100.0,42100.0,0.0,,,
forecast,2025-06,B1,SH-CATB-U01,CONNECTOR HOUSING,usd,42100.0,43348.0,1248.0,cu,Raw Material Price Increase,Market-driven
forecast,2025-07,B1,SH-CATB-U01,CONNECTOR HOUSING,usd,45835.0,44554.0,-1281.0,cr,Localization / Local Sourcing,Operational-driven
forecast,2025-08,B1,SH-CATB-U01,CONNECTOR HOUSING,usd,42153.0,41220.0,-933.0,cr,Supplier Negotiation,Operational-driven
forecast,2025-09,B1,SH-CATB-U01,CONNECTOR HOUSING,usd,39350.0,40394.0,1044.0,cu,Supplier Change (Higher Cost Source),Market-driven
forecast,2025-10,B1,SH-CATB-U01,CONNECTOR HOUSING,usd,40878.0,39856.0,-1022.0,cr,Supplier Negotiation,Operational-driven
forecast,2024-11,B1,SH-IDX01,PRECISION GEAR,jpy,37408.0,37408.0,0.0,,,
forecast,2024-12,B1,SH-IDX01,PRECISION GEAR,jpy,37408.0,36540.0,-868.0,cr,Localization / Local Sourcing,Operational-driven
forecast,2025-01,B1,SH-IDX01,PRECISION GEAR,jpy,35794.0,34886.0,-908.0,cr,VA/VE Improvement,Engineering-driven
forecast,2025-02,B1,SH-IDX01,PRECISION GEAR,jpy,34755.0,33941.0,-814.0,cr,Supplier Negotiation,Operational-driven
forecast,2025-03,B1,SH-IDX01,PRECISION GEAR,jpy,32826.0,31916.0,-910.0,cr,Process Improvement (Yield Up),Operational-driven
forecast,2025-04,B1,SH-IDX01,PRECISION GEAR,jpy,31458.0,30532.0,-926.0,cr,Process Improvement (Yield Up),Operational-driven
forecast,2025-05,B1,SH-IDX01,PRECISION GEAR,jpy,29867.0,30651.0,784.0,cu,Supplier Change (Higher Cost Source),Market-driven
forecast,2025-06,B1,SH-IDX01,PRECISION GEAR,jpy,32093.0,32854.0,761.0,cu,Yield/Scrap Rate Increase,Operational-driven
forecast,2025-07,B1,SH-IDX01,PRECISION GEAR,jpy,32785.0,31814.0,-971.0,cr,Localization / Local Sourcing,Operational-driven
forecast,2025-08,B1,SH-IDX01,PRECISION GEAR,jpy,32049.0,31372.0,-677.0,cr,Process Improvement (Yield Up),Operational-driven
forecast,2025-09,B1,SH-IDX01,PRECISION GEAR,jpy,30671.0,29878.0,-793.0,cr,Alternative Material Substitution,Engineering-driven
forecast,2025-10,B1,SH-IDX01,PRECISION GEAR,jpy,28482.0,27711.0,-771.0,cr,Alternative Material Substitution,Engineering-driven
forecast,2024-11,B1,UQ-B1-01,PANEL FRONT AS,domestic,483641.0,483641.0,0.0,,,
forecast,2024-12,B1,UQ-B1-01,PANEL FRONT AS,domestic,483641.0,494084.0,10443.0,cu,Yield/Scrap Rate Increase,Operational-driven
forecast,2025-01,B1,UQ-B1-01,PANEL FRONT AS,domestic,505264.0,518746.0,13482.0,cu,Raw Material Price Increase,Market-driven
forecast,2025-02,B1,UQ-B1-01,PANEL FRONT AS,domestic,530174.0,515594.0,-14580.0,cr,Alternative Material Substitution,Engineering-driven
forecast,2025-03,B1,UQ-B1-01,PANEL FRONT AS,domestic,480442.0,492898.0,12456.0,cu,Supplier Change (Higher Cost Source),Market-driven
forecast,2025-04,B1,UQ-B1-01,PANEL FRONT AS,domestic,523898.0,537731.0,13833.0,cu,Yield/Scrap Rate Increase,Operational-driven
forecast,2025-05,B1,UQ-B1-01,PANEL FRONT AS,domestic,555778.0,568458.0,12680.0,cu,Engineering Change / Spec Upgrade,Engineering-driven
forecast,2025-06,B1,UQ-B1-01,PANEL FRONT AS,domestic,581985.0,569769.0,-12216.0,cr,Supplier Negotiation,Operational-driven
forecast,2025-07,B1,UQ-B1-01,PANEL FRONT AS,domestic,571349.0,586594.0,15245.0,cu,Engineering Change / Spec Upgrade,Engineering-driven
forecast,2025-08,B1,UQ-B1-01,PANEL FRONT AS,domestic,604437.0,616921.0,12484.0,cu,Raw Material Price Increase,Market-driven
forecast,2025-09,B1,UQ-B1-01,PANEL FRONT AS,domestic,630372.0,646718.0,16346.0,cu,Supplier Change (Higher Cost Source),Market-driven
forecast,2025-10,B1,UQ-B1-01,PANEL FRONT AS,domestic,641566.0,654902.0,13336.0,cu,Raw Material Price Increase,Market-driven
forecast,2024-11,B1,UQ-B1-02,BRACKET SUPPORT,domestic,526228.0,539220.0,12992.0,cu,Supplier Change (Higher Cost Source),Market-driven
forecast,2024-12,B1,UQ-B1-02,BRACKET SUPPORT,domestic,567361.0,583696.0,16335.0,cu,Engineering Change / Spec Upgrade,Engineering-driven
forecast,2025-01,B1,UQ-B1-02,BRACKET SUPPORT,domestic,577649.0,577649.0,0.0,,,
forecast,2025-02,B1,UQ-B1-02,BRACKET SUPPORT,domestic,577649.0,594935.0,17286.0,cu,Logistics/Freight Cost Increase,Market-driven
forecast,2025-03,B1,UQ-B1-02,BRACKET SUPPORT,domestic,620886.0,633479.0,12593.0,cu,Supplier Change (Higher Cost Source),Market-driven
forecast,2025-04,B1,UQ-B1-02,BRACKET SUPPORT,domestic,668633.0,651289.0,-17344.0,cr,Localization / Local Sourcing,Operational-driven
forecast,2025-05,B1,UQ-B1-02,BRACKET SUPPORT,domestic,625939.0,643604.0,17665.0,cu,Raw Material Price Increase,Market-driven
forecast,2025-06,B1,UQ-B1-02,BRACKET SUPPORT,domestic,664278.0,645586.0,-18692.0,cr,Alternative Material Substitution,Engineering-driven
forecast,2025-07,B1,UQ-B1-02,BRACKET SUPPORT,domestic,608613.0,624824.0,16211.0,cu,Raw Material Price Increase,Market-driven
forecast,2025-08,B1,UQ-B1-02,BRACKET SUPPORT,domestic,628409.0,643876.0,15467.0,cu,Logistics/Freight Cost Increase,Market-driven
forecast,2025-09,B1,UQ-B1-02,BRACKET SUPPORT,domestic,655054.0,669949.0,14895.0,cu,Engineering Change / Spec Upgrade,Engineering-driven
forecast,2025-10,B1,UQ-B1-02,BRACKET SUPPORT,domestic,670622.0,689230.0,18608.0,cu,Engineering Change / Spec Upgrade,Engineering-driven
forecast,2024-11,B1,UQ-B1-03,IC CHIP CONTROL,usd,410894.0,400246.0,-10648.0,cr,Process Improvement (Yield Up),Operational-driven
forecast,2024-12,B1,UQ-B1-03,IC CHIP CONTROL,usd,385245.0,396591.0,11346.0,cu,Yield/Scrap Rate Increase,Operational-driven
forecast,2025-01,B1,UQ-B1-03,IC CHIP CONTROL,usd,411893.0,423601.0,11708.0,cu,Logistics/Freight Cost Increase,Market-driven
forecast,2025-02,B1,UQ-B1-03,IC CHIP CONTROL,usd,433922.0,443176.0,9254.0,cu,Logistics/Freight Cost Increase,Market-driven
forecast,2025-03,B1,UQ-B1-03,IC CHIP CONTROL,usd,458479.0,470233.0,11754.0,cu,Yield/Scrap Rate Increase,Operational-driven
forecast,2025-04,B1,UQ-B1-03,IC CHIP CONTROL,usd,493013.0,506095.0,13082.0,cu,Raw Material Price Increase,Market-driven
forecast,2025-05,B1,UQ-B1-03,IC CHIP CONTROL,usd,517318.0,504212.0,-13106.0,cr,Supplier Negotiation,Operational-driven
forecast,2025-06,B1,UQ-B1-03,IC CHIP CONTROL,usd,481983.0,492087.0,10104.0,cu,Supplier Change (Higher Cost Source),Market-driven
forecast,2025-07,B1,UQ-B1-03,IC CHIP CONTROL,usd,503320.0,513689.0,10369.0,cu,Logistics/Freight Cost Increase,Market-driven
forecast,2025-08,B1,UQ-B1-03,IC CHIP CONTROL,usd,531804.0,531804.0,0.0,,,
forecast,2025-09,B1,UQ-B1-03,IC CHIP CONTROL,usd,531804.0,544407.0,12603.0,cu,Logistics/Freight Cost Increase,Market-driven
forecast,2025-10,B1,UQ-B1-03,IC CHIP CONTROL,usd,561124.0,572951.0,11827.0,cu,Yield/Scrap Rate Increase,Operational-driven
forecast,2024-11,B1,UQ-B1-04,MOTOR UNIT,jpy,203188.0,198494.0,-4694.0,cr,Alternative Material Substitution,Engineering-driven
forecast,2024-12,B1,UQ-B1-04,MOTOR UNIT,jpy,199608.0,204081.0,4473.0,cu,Yield/Scrap Rate Increase,Operational-driven
forecast,2025-01,B1,UQ-B1-04,MOTOR UNIT,jpy,207292.0,202833.0,-4459.0,cr,Supplier Negotiation,Operational-driven
forecast,2025-02,B1,UQ-B1-04,MOTOR UNIT,jpy,196756.0,196756.0,0.0,,,
forecast,2025-03,B1,UQ-B1-04,MOTOR UNIT,jpy,196756.0,191175.0,-5581.0,cr,Alternative Material Substitution,Engineering-driven
forecast,2025-04,B1,UQ-B1-04,MOTOR UNIT,jpy,184946.0,181033.0,-3913.0,cr,Alternative Material Substitution,Engineering-driven
forecast,2025-05,B1,UQ-B1-04,MOTOR UNIT,jpy,178120.0,173138.0,-4982.0,cr,VA/VE Improvement,Engineering-driven
forecast,2025-06,B1,UQ-B1-04,MOTOR UNIT,jpy,171526.0,175575.0,4049.0,cu,Yield/Scrap Rate Increase,Operational-driven
forecast,2025-07,B1,UQ-B1-04,MOTOR UNIT,jpy,185719.0,180857.0,-4862.0,cr,Localization / Local Sourcing,Operational-driven
forecast,2025-08,B1,UQ-B1-04,MOTOR UNIT,jpy,176673.0,172524.0,-4149.0,cr,VA/VE Improvement,Engineering-driven
forecast,2025-09,B1,UQ-B1-04,MOTOR UNIT,jpy,171195.0,166186.0,-5009.0,cr,Localization / Local Sourcing,Operational-driven
forecast,2025-10,B1,UQ-B1-04,MOTOR UNIT,jpy,166904.0,162783.0,-4121.0,cr,Process Improvement (Yield Up),Operational-driven
forecast,2024-11,B1,UQ-B1-05,SENSOR MODULE,jpy,245458.0,251272.0,5814.0,cu,Supplier Change (Higher Cost Source),Market-driven
forecast,2024-12,B1,UQ-B1-05,SENSOR MODULE,jpy,251919.0,246753.0,-5166.0,cr,Alternative Material Substitution,Engineering-driven
forecast,2025-01,B1,UQ-B1-05,SENSOR MODULE,jpy,237726.0,232084.0,-5642.0,cr,VA/VE Improvement,Engineering-driven
forecast,2025-02,B1,UQ-B1-05,SENSOR MODULE,jpy,222655.0,216357.0,-6298.0,cr,Alternative Material Substitution,Engineering-driven
forecast,2025-03,B1,UQ-B1-05,SENSOR MODULE,jpy,209127.0,204577.0,-4550.0,cr,Localization / Local Sourcing,Operational-driven
forecast,2025-04,B1,UQ-B1-05,SENSOR MODULE,jpy,204847.0,204847.0,0.0,,,
forecast,2025-05,B1,UQ-B1-05,SENSOR MODULE,jpy,204847.0,199451.0,-5396.0,cr,Process Improvement (Yield Up),Operational-driven
forecast,2025-06,B1,UQ-B1-05,SENSOR MODULE,jpy,191600.0,187274.0,-4326.0,cr,Localization / Local Sourcing,Operational-driven
forecast,2025-07,B1,UQ-B1-05,SENSOR MODULE,jpy,183603.0,178196.0,-5407.0,cr,Localization / Local Sourcing,Operational-driven
forecast,2025-08,B1,UQ-B1-05,SENSOR MODULE,jpy,174987.0,171307.0,-3680.0,cr,Localization / Local Sourcing,Operational-driven
forecast,2025-09,B1,UQ-B1-05,SENSOR MODULE,jpy,167644.0,172323.0,4679.0,cu,Yield/Scrap Rate Increase,Operational-driven
forecast,2025-10,B1,UQ-B1-05,SENSOR MODULE,jpy,174961.0,170934.0,-4027.0,cr,Localization / Local Sourcing,Operational-driven
forecast,2024-11,B2,SH-CATB-D01,PANEL BOTTOM AS,domestic,134348.0,131013.0,-3335.0,cr,Localization / Local Sourcing,Operational-driven
forecast,2024-12,B2,SH-CATB-D01,PANEL BOTTOM AS,domestic,128910.0,126091.0,-2819.0,cr,Alternative Material Substitution,Engineering-driven
forecast,2025-01,B2,SH-CATB-D01,PANEL BOTTOM AS,domestic,123207.0,119645.0,-3562.0,cr,Alternative Material Substitution,Engineering-driven
forecast,2025-02,B2,SH-CATB-D01,PANEL BOTTOM AS,domestic,111757.0,109004.0,-2753.0,cr,VA/VE Improvement,Engineering-driven
forecast,2025-03,B2,SH-CATB-D01,PANEL BOTTOM AS,domestic,103982.0,101821.0,-2161.0,cr,Process Improvement (Yield Up),Operational-driven
forecast,2025-04,B2,SH-CATB-D01,PANEL BOTTOM AS,domestic,101708.0,99257.0,-2451.0,cr,Localization / Local Sourcing,Operational-driven
forecast,2025-05,B2,SH-CATB-D01,PANEL BOTTOM AS,domestic,94151.0,91752.0,-2399.0,cr,Process Improvement (Yield Up),Operational-driven
forecast,2025-06,B2,SH-CATB-D01,PANEL BOTTOM AS,domestic,87989.0,85689.0,-2300.0,cr,Localization / Local Sourcing,Operational-driven
forecast,2025-07,B2,SH-CATB-D01,PANEL BOTTOM AS,domestic,85585.0,83070.0,-2515.0,cr,Alternative Material Substitution,Engineering-driven
forecast,2025-08,B2,SH-CATB-D01,PANEL BOTTOM AS,domestic,78415.0,80245.0,1830.0,cu,Yield/Scrap Rate Increase,Operational-driven
forecast,2025-09,B2,SH-CATB-D01,PANEL BOTTOM AS,domestic,84428.0,84428.0,0.0,,,
forecast,2025-10,B2,SH-CATB-D01,PANEL BOTTOM AS,domestic,84428.0,86219.0,1791.0,cu,Raw Material Price Increase,Market-driven
forecast,2024-11,B2,SH-CATB-U01,CONNECTOR HOUSING,usd,58561.0,57064.0,-1497.0,cr,Localization / Local Sourcing,Operational-driven
forecast,2024-12,B2,SH-CATB-U01,CONNECTOR HOUSING,usd,54352.0,52832.0,-1520.0,cr,Process Improvement (Yield Up),Operational-driven
forecast,2025-01,B2,SH-CATB-U01,CONNECTOR HOUSING,usd,49649.0,48206.0,-1443.0,cr,Alternative Material Substitution,Engineering-driven
forecast,2025-02,B2,SH-CATB-U01,CONNECTOR HOUSING,usd,48318.0,47279.0,-1039.0,cr,Localization / Local Sourcing,Operational-driven
forecast,2025-03,B2,SH-CATB-U01,CONNECTOR HOUSING,usd,45900.0,44673.0,-1227.0,cr,Localization / Local Sourcing,Operational-driven
forecast,2025-04,B2,SH-CATB-U01,CONNECTOR HOUSING,usd,44561.0,43239.0,-1322.0,cr,Localization / Local Sourcing,Operational-driven
forecast,2025-05,B2,SH-CATB-U01,CONNECTOR HOUSING,usd,42100.0,42100.0,0.0,,,
forecast,2025-06,B2,SH-CATB-U01,CONNECTOR HOUSING,usd,42100.0,43348.0,1248.0,cu,Raw Material Price Increase,Market-driven
forecast,2025-07,B2,SH-CATB-U01,CONNECTOR HOUSING,usd,45835.0,44554.0,-1281.0,cr,Localization / Local Sourcing,Operational-driven
forecast,2025-08,B2,SH-CATB-U01,CONNECTOR HOUSING,usd,42153.0,41220.0,-933.0,cr,Supplier Negotiation,Operational-driven
forecast,2025-09,B2,SH-CATB-U01,CONNECTOR HOUSING,usd,39350.0,40394.0,1044.0,cu,Supplier Change (Higher Cost Source),Market-driven
forecast,2025-10,B2,SH-CATB-U01,CONNECTOR HOUSING,usd,40878.0,39856.0,-1022.0,cr,Supplier Negotiation,Operational-driven
forecast,2024-11,B2,SH-IDX02,PRECISION GEAR,jpy,42447.0,42447.0,0.0,,,
forecast,2024-12,B2,SH-IDX02,PRECISION GEAR,jpy,42447.0,41473.0,-974.0,cr,Alternative Material Substitution,Engineering-driven
forecast,2025-01,B2,SH-IDX02,PRECISION GEAR,jpy,39851.0,38664.0,-1187.0,cr,Localization / Local Sourcing,Operational-driven
forecast,2025-02,B2,SH-IDX02,PRECISION GEAR,jpy,36447.0,35591.0,-856.0,cr,Localization / Local Sourcing,Operational-driven
forecast,2025-03,B2,SH-IDX02,PRECISION GEAR,jpy,34626.0,33742.0,-884.0,cr,Localization / Local Sourcing,Operational-driven
forecast,2025-04,B2,SH-IDX02,PRECISION GEAR,jpy,33156.0,32368.0,-788.0,cr,Process Improvement (Yield Up),Operational-driven
forecast,2025-05,B2,SH-IDX02,PRECISION GEAR,jpy,31648.0,32572.0,924.0,cu,Logistics/Freight Cost Increase,Market-driven
forecast,2025-06,B2,SH-IDX02,PRECISION GEAR,jpy,34991.0,35825.0,834.0,cu,Engineering Change / Spec Upgrade,Engineering-driven
forecast,2025-07,B2,SH-IDX02,PRECISION GEAR,jpy,37140.0,36311.0,-829.0,cr,Alternative Material Substitution,Engineering-driven
forecast,2025-08,B2,SH-IDX02,PRECISION GEAR,jpy,36201.0,35215.0,-986.0,cr,VA/VE Improvement,Engineering-driven
forecast,2025-09,B2,SH-IDX02,PRECISION GEAR,jpy,32634.0,31737.0,-897.0,cr,VA/VE Improvement,Engineering-driven
forecast,2025-10,B2,SH-IDX02,PRECISION GEAR,jpy,30187.0,29291.0,-896.0,cr,VA/VE Improvement,Engineering-driven
forecast,2024-11,B2,UQ-B2-01,PANEL FRONT AS,domestic,520837.0,520837.0,0.0,,,
forecast,2024-12,B2,UQ-B2-01,PANEL FRONT AS,domestic,520837.0,535644.0,14807.0,cu,Engineering Change / Spec Upgrade,Engineering-driven
forecast,2025-01,B2,UQ-B2-01,PANEL FRONT AS,domestic,541525.0,557413.0,15888.0,cu,Engineering Change / Spec Upgrade,Engineering-driven
forecast,2025-02,B2,UQ-B2-01,PANEL FRONT AS,domestic,581462.0,566475.0,-14987.0,cr,Process Improvement (Yield Up),Operational-driven
forecast,2025-03,B2,UQ-B2-01,PANEL FRONT AS,domestic,542339.0,554447.0,12108.0,cu,Logistics/Freight Cost Increase,Market-driven
forecast,2025-04,B2,UQ-B2-01,PANEL FRONT AS,domestic,554630.0,568758.0,14128.0,cu,Engineering Change / Spec Upgrade,Engineering-driven
forecast,2025-05,B2,UQ-B2-01,PANEL FRONT AS,domestic,590621.0,607833.0,17212.0,cu,Supplier Change (Higher Cost Source),Market-driven
forecast,2025-06,B2,UQ-B2-01,PANEL FRONT AS,domestic,651728.0,636405.0,-15323.0,cr,VA/VE Improvement,Engineering-driven
forecast,2025-07,B2,UQ-B2-01,PANEL FRONT AS,domestic,633194.0,647576.0,14382.0,cu,Supplier Change (Higher Cost Source),Market-driven
forecast,2025-08,B2,UQ-B2-01,PANEL FRONT AS,domestic,677094.0,695033.0,17939.0,cu,Supplier Change (Higher Cost Source),Market-driven
forecast,2025-09,B2,UQ-B2-01,PANEL FRONT AS,domestic,720004.0,735540.0,15536.0,cu,Engineering Change / Spec Upgrade,Engineering-driven
forecast,2025-10,B2,UQ-B2-01,PANEL FRONT AS,domestic,732690.0,753076.0,20386.0,cu,Yield/Scrap Rate Increase,Operational-driven
forecast,2024-11,B2,UQ-B2-02,BRACKET SUPPORT,domestic,705477.0,725684.0,20207.0,cu,Raw Material Price Increase,Market-driven
forecast,2024-12,B2,UQ-B2-02,BRACKET SUPPORT,domestic,756716.0,771912.0,15196.0,cu,Raw Material Price Increase,Market-driven
forecast,2025-01,B2,UQ-B2-02,BRACKET SUPPORT,domestic,787305.0,787305.0,0.0,,,
forecast,2025-02,B2,UQ-B2-02,BRACKET SUPPORT,domestic,787305.0,806005.0,18700.0,cu,Raw Material Price Increase,Market-driven
forecast,2025-03,B2,UQ-B2-02,BRACKET SUPPORT,domestic,832186.0,852807.0,20621.0,cu,Supplier Change (Higher Cost Source),Market-driven
forecast,2025-04,B2,UQ-B2-02,BRACKET SUPPORT,domestic,905067.0,885106.0,-19961.0,cr,Localization / Local Sourcing,Operational-driven
forecast,2025-05,B2,UQ-B2-02,BRACKET SUPPORT,domestic,875267.0,892870.0,17603.0,cu,Yield/Scrap Rate Increase,Operational-driven
forecast,2025-06,B2,UQ-B2-02,BRACKET SUPPORT,domestic,901431.0,878211.0,-23220.0,cr,VA/VE Improvement,Engineering-driven
forecast,2025-07,B2,UQ-B2-02,BRACKET SUPPORT,domestic,876068.0,893756.0,17688.0,cu,Engineering Change / Spec Upgrade,Engineering-driven
forecast,2025-08,B2,UQ-B2-02,BRACKET SUPPORT,domestic,898570.0,920143.0,21573.0,cu,Engineering Change / Spec Upgrade,Engineering-driven
forecast,2025-09,B2,UQ-B2-02,BRACKET SUPPORT,domestic,933438.0,952174.0,18736.0,cu,Raw Material Price Increase,Market-driven
forecast,2025-10,B2,UQ-B2-02,BRACKET SUPPORT,domestic,983429.0,1011960.0,28531.0,cu,Logistics/Freight Cost Increase,Market-driven
forecast,2024-11,B2,UQ-B2-03,IC CHIP CONTROL,usd,344249.0,335618.0,-8631.0,cr,Alternative Material Substitution,Engineering-driven
forecast,2024-12,B2,UQ-B2-03,IC CHIP CONTROL,usd,324458.0,333810.0,9352.0,cu,Supplier Change (Higher Cost Source),Market-driven
forecast,2025-01,B2,UQ-B2-03,IC CHIP CONTROL,usd,350431.0,357495.0,7064.0,cu,Yield/Scrap Rate Increase,Operational-driven
forecast,2025-02,B2,UQ-B2-03,IC CHIP CONTROL,usd,367597.0,378184.0,10587.0,cu,Raw Material Price Increase,Market-driven
forecast,2025-03,B2,UQ-B2-03,IC CHIP CONTROL,usd,385063.0,393540.0,8477.0,cu,Logistics/Freight Cost Increase,Market-driven
forecast,2025-04,B2,UQ-B2-03,IC CHIP CONTROL,usd,401658.0,412349.0,10691.0,cu,Yield/Scrap Rate Increase,Operational-driven
forecast,2025-05,B2,UQ-B2-03,IC CHIP CONTROL,usd,415313.0,406833.0,-8480.0,cr,VA/VE Improvement,Engineering-driven
forecast,2025-06,B2,UQ-B2-03,IC CHIP CONTROL,usd,395516.0,406513.0,10997.0,cu,Supplier Change (Higher Cost Source),Market-driven
forecast,2025-07,B2,UQ-B2-03,IC CHIP CONTROL,usd,413546.0,423391.0,9845.0,cu,Raw Material Price Increase,Market-driven
forecast,2025-08,B2,UQ-B2-03,IC CHIP CONTROL,usd,444526.0,444526.0,0.0,,,
forecast,2025-09,B2,UQ-B2-03,IC CHIP CONTROL,usd,444526.0,456056.0,11530.0,cu,Supplier Change (Higher Cost Source),Market-driven
forecast,2025-10,B2,UQ-B2-03,IC CHIP CONTROL,usd,464224.0,473644.0,9420.0,cu,Logistics/Freight Cost Increase,Market-driven
forecast,2024-11,B2,UQ-B2-04,MOTOR UNIT,jpy,475985.0,461923.0,-14062.0,cr,Localization / Local Sourcing,Operational-driven
forecast,2024-12,B2,UQ-B2-04,MOTOR UNIT,jpy,450151.0,460801.0,10650.0,cu,Engineering Change / Spec Upgrade,Engineering-driven
forecast,2025-01,B2,UQ-B2-04,MOTOR UNIT,jpy,458792.0,449562.0,-9230.0,cr,VA/VE Improvement,Engineering-driven
forecast,2025-02,B2,UQ-B2-04,MOTOR UNIT,jpy,430679.0,430679.0,0.0,,,
forecast,2025-03,B2,UQ-B2-04,MOTOR UNIT,jpy,430679.0,421301.0,-9378.0,cr,Process Improvement (Yield Up),Operational-driven
forecast,2025-04,B2,UQ-B2-04,MOTOR UNIT,jpy,422698.0,411684.0,-11014.0,cr,Supplier Negotiation,Operational-driven
forecast,2025-05,B2,UQ-B2-04,MOTOR UNIT,jpy,403374.0,393140.0,-10234.0,cr,Localization / Local Sourcing,Operational-driven
forecast,2025-06,B2,UQ-B2-04,MOTOR UNIT,jpy,389155.0,398925.0,9770.0,cu,Engineering Change / Spec Upgrade,Engineering-driven
forecast,2025-07,B2,UQ-B2-04,MOTOR UNIT,jpy,421795.0,411315.0,-10480.0,cr,VA/VE Improvement,Engineering-driven
forecast,2025-08,B2,UQ-B2-04,MOTOR UNIT,jpy,400041.0,391065.0,-8976.0,cr,Supplier Negotiation,Operational-driven
forecast,2025-09,B2,UQ-B2-04,MOTOR UNIT,jpy,365798.0,355529.0,-10269.0,cr,Alternative Material Substitution,Engineering-driven
forecast,2025-10,B2,UQ-B2-04,MOTOR UNIT,jpy,340194.0,330186.0,-10008.0,cr,VA/VE Improvement,Engineering-driven
forecast,2024-11,B2,UQ-B2-05,SENSOR MODULE,jpy,528802.0,543660.0,14858.0,cu,Logistics/Freight Cost Increase,Market-driven
forecast,2024-12,B2,UQ-B2-05,SENSOR MODULE,jpy,554020.0,539827.0,-14193.0,cr,Process Improvement (Yield Up),Operational-driven
forecast,2025-01,B2,UQ-B2-05,SENSOR MODULE,jpy,519439.0,506267.0,-13172.0,cr,Process Improvement (Yield Up),Operational-driven
forecast,2025-02,B2,UQ-B2-05,SENSOR MODULE,jpy,508569.0,494584.0,-13985.0,cr,Process Improvement (Yield Up),Operational-driven
forecast,2025-03,B2,UQ-B2-05,SENSOR MODULE,jpy,479687.0,469385.0,-10302.0,cr,Supplier Negotiation,Operational-driven
forecast,2025-04,B2,UQ-B2-05,SENSOR MODULE,jpy,449481.0,449481.0,0.0,,,
forecast,2025-05,B2,UQ-B2-05,SENSOR MODULE,jpy,449481.0,437128.0,-12353.0,cr,Process Improvement (Yield Up),Operational-driven
forecast,2025-06,B2,UQ-B2-05,SENSOR MODULE,jpy,436033.0,425651.0,-10382.0,cr,Process Improvement (Yield Up),Operational-driven
forecast,2025-07,B2,UQ-B2-05,SENSOR MODULE,jpy,415572.0,406486.0,-9086.0,cr,VA/VE Improvement,Engineering-driven
forecast,2025-08,B2,UQ-B2-05,SENSOR MODULE,jpy,384705.0,375534.0,-9171.0,cr,Process Improvement (Yield Up),Operational-driven
forecast,2025-09,B2,UQ-B2-05,SENSOR MODULE,jpy,370562.0,378737.0,8175.0,cu,Supplier Change (Higher Cost Source),Market-driven
forecast,2025-10,B2,UQ-B2-05,SENSOR MODULE,jpy,387638.0,379263.0,-8375.0,cr,VA/VE Improvement,Engineering-driven
forecast,2024-11,B2,SH-EVEN-01,TAPE PU-F,domestic,70295.0,72153.0,1858.0,cu,Raw Material Price Increase,Market-driven
forecast,2024-12,B2,SH-EVEN-01,TAPE PU-F,domestic,75075.0,77289.0,2214.0,cu,Raw Material Price Increase,Market-driven
forecast,2025-01,B2,SH-EVEN-01,TAPE PU-F,domestic,80181.0,81820.0,1639.0,cu,Engineering Change / Spec Upgrade,Engineering-driven
forecast,2025-02,B2,SH-EVEN-01,TAPE PU-F,domestic,82639.0,85022.0,2383.0,cu,Engineering Change / Spec Upgrade,Engineering-driven
forecast,2025-03,B2,SH-EVEN-01,TAPE PU-F,domestic,87878.0,90500.0,2622.0,cu,Engineering Change / Spec Upgrade,Engineering-driven
forecast,2025-04,B2,SH-EVEN-01,TAPE PU-F,domestic,93563.0,90938.0,-2625.0,cr,VA/VE Improvement,Engineering-driven
forecast,2025-05,B2,SH-EVEN-01,TAPE PU-F,domestic,89152.0,91079.0,1927.0,cu,Supplier Change (Higher Cost Source),Market-driven
forecast,2025-06,B2,SH-EVEN-01,TAPE PU-F,domestic,94914.0,97552.0,2638.0,cu,Supplier Change (Higher Cost Source),Market-driven
forecast,2025-07,B2,SH-EVEN-01,TAPE PU-F,domestic,101876.0,99278.0,-2598.0,cr,Process Improvement (Yield Up),Operational-driven
forecast,2025-08,B2,SH-EVEN-01,TAPE PU-F,domestic,94152.0,96788.0,2636.0,cu,Supplier Change (Higher Cost Source),Market-driven
forecast,2025-09,B2,SH-EVEN-01,TAPE PU-F,domestic,96785.0,96785.0,0.0,,,
forecast,2025-10,B2,SH-EVEN-01,TAPE PU-F,domestic,96785.0,99648.0,2863.0,cu,Yield/Scrap Rate Increase,Operational-driven
forecast,2024-11,B2,SH-EVEN-02,RESIN COMPOUND,usd,19042.0,19548.0,506.0,cu,Supplier Change (Higher Cost Source),Market-driven
forecast,2024-12,B2,SH-EVEN-02,RESIN COMPOUND,usd,19491.0,20013.0,522.0,cu,Supplier Change (Higher Cost Source),Market-driven
forecast,2025-01,B2,SH-EVEN-02,RESIN COMPOUND,usd,20366.0,20818.0,452.0,cu,Raw Material Price Increase,Market-driven
forecast,2025-02,B2,SH-EVEN-02,RESIN COMPOUND,usd,20895.0,21394.0,499.0,cu,Logistics/Freight Cost Increase,Market-driven
forecast,2025-03,B2,SH-EVEN-02,RESIN COMPOUND,usd,21472.0,21914.0,442.0,cu,Logistics/Freight Cost Increase,Market-driven
forecast,2025-04,B2,SH-EVEN-02,RESIN COMPOUND,usd,22839.0,22839.0,0.0,,,
forecast,2025-05,B2,SH-EVEN-02,RESIN COMPOUND,usd,22839.0,22349.0,-490.0,cr,Localization / Local Sourcing,Operational-driven
forecast,2025-06,B2,SH-EVEN-02,RESIN COMPOUND,usd,21574.0,22093.0,519.0,cu,Logistics/Freight Cost Increase,Market-driven
forecast,2025-07,B2,SH-EVEN-02,RESIN COMPOUND,usd,22763.0,22214.0,-549.0,cr,Alternative Material Substitution,Engineering-driven
forecast,2025-08,B2,SH-EVEN-02,RESIN COMPOUND,usd,21147.0,21602.0,455.0,cu,Raw Material Price Increase,Market-driven
forecast,2025-09,B2,SH-EVEN-02,RESIN COMPOUND,usd,22059.0,22634.0,575.0,cu,Engineering Change / Spec Upgrade,Engineering-driven
forecast,2025-10,B2,SH-EVEN-02,RESIN COMPOUND,usd,23441.0,24025.0,584.0,cu,Yield/Scrap Rate Increase,Operational-driven
forecast,2024-11,B3,SH-CATB-D01,PANEL BOTTOM AS,domestic,134348.0,131013.0,-3335.0,cr,Localization / Local Sourcing,Operational-driven
forecast,2024-12,B3,SH-CATB-D01,PANEL BOTTOM AS,domestic,128910.0,126091.0,-2819.0,cr,Alternative Material Substitution,Engineering-driven
forecast,2025-01,B3,SH-CATB-D01,PANEL BOTTOM AS,domestic,123207.0,119645.0,-3562.0,cr,Alternative Material Substitution,Engineering-driven
forecast,2025-02,B3,SH-CATB-D01,PANEL BOTTOM AS,domestic,111757.0,109004.0,-2753.0,cr,VA/VE Improvement,Engineering-driven
forecast,2025-03,B3,SH-CATB-D01,PANEL BOTTOM AS,domestic,103982.0,101821.0,-2161.0,cr,Process Improvement (Yield Up),Operational-driven
forecast,2025-04,B3,SH-CATB-D01,PANEL BOTTOM AS,domestic,101708.0,99257.0,-2451.0,cr,Localization / Local Sourcing,Operational-driven
forecast,2025-05,B3,SH-CATB-D01,PANEL BOTTOM AS,domestic,94151.0,91752.0,-2399.0,cr,Process Improvement (Yield Up),Operational-driven
forecast,2025-06,B3,SH-CATB-D01,PANEL BOTTOM AS,domestic,87989.0,85689.0,-2300.0,cr,Localization / Local Sourcing,Operational-driven
forecast,2025-07,B3,SH-CATB-D01,PANEL BOTTOM AS,domestic,85585.0,83070.0,-2515.0,cr,Alternative Material Substitution,Engineering-driven
forecast,2025-08,B3,SH-CATB-D01,PANEL BOTTOM AS,domestic,78415.0,80245.0,1830.0,cu,Yield/Scrap Rate Increase,Operational-driven
forecast,2025-09,B3,SH-CATB-D01,PANEL BOTTOM AS,domestic,84428.0,84428.0,0.0,,,
forecast,2025-10,B3,SH-CATB-D01,PANEL BOTTOM AS,domestic,84428.0,86219.0,1791.0,cu,Raw Material Price Increase,Market-driven
forecast,2024-11,B3,SH-CATB-U01,CONNECTOR HOUSING,usd,58561.0,57064.0,-1497.0,cr,Localization / Local Sourcing,Operational-driven
forecast,2024-12,B3,SH-CATB-U01,CONNECTOR HOUSING,usd,54352.0,52832.0,-1520.0,cr,Process Improvement (Yield Up),Operational-driven
forecast,2025-01,B3,SH-CATB-U01,CONNECTOR HOUSING,usd,49649.0,48206.0,-1443.0,cr,Alternative Material Substitution,Engineering-driven
forecast,2025-02,B3,SH-CATB-U01,CONNECTOR HOUSING,usd,48318.0,47279.0,-1039.0,cr,Localization / Local Sourcing,Operational-driven
forecast,2025-03,B3,SH-CATB-U01,CONNECTOR HOUSING,usd,45900.0,44673.0,-1227.0,cr,Localization / Local Sourcing,Operational-driven
forecast,2025-04,B3,SH-CATB-U01,CONNECTOR HOUSING,usd,44561.0,43239.0,-1322.0,cr,Localization / Local Sourcing,Operational-driven
forecast,2025-05,B3,SH-CATB-U01,CONNECTOR HOUSING,usd,42100.0,42100.0,0.0,,,
forecast,2025-06,B3,SH-CATB-U01,CONNECTOR HOUSING,usd,42100.0,43348.0,1248.0,cu,Raw Material Price Increase,Market-driven
forecast,2025-07,B3,SH-CATB-U01,CONNECTOR HOUSING,usd,45835.0,44554.0,-1281.0,cr,Localization / Local Sourcing,Operational-driven
forecast,2025-08,B3,SH-CATB-U01,CONNECTOR HOUSING,usd,42153.0,41220.0,-933.0,cr,Supplier Negotiation,Operational-driven
forecast,2025-09,B3,SH-CATB-U01,CONNECTOR HOUSING,usd,39350.0,40394.0,1044.0,cu,Supplier Change (Higher Cost Source),Market-driven
forecast,2025-10,B3,SH-CATB-U01,CONNECTOR HOUSING,usd,40878.0,39856.0,-1022.0,cr,Supplier Negotiation,Operational-driven
forecast,2024-11,B3,SH-IDX03,PRECISION GEAR,jpy,110238.0,110238.0,0.0,,,
forecast,2024-12,B3,SH-IDX03,PRECISION GEAR,jpy,110238.0,107563.0,-2675.0,cr,Alternative Material Substitution,Engineering-driven
forecast,2025-01,B3,SH-IDX03,PRECISION GEAR,jpy,105176.0,102043.0,-3133.0,cr,Alternative Material Substitution,Engineering-driven
forecast,2025-02,B3,SH-IDX03,PRECISION GEAR,jpy,96942.0,94328.0,-2614.0,cr,Process Improvement (Yield Up),Operational-driven
forecast,2025-03,B3,SH-IDX03,PRECISION GEAR,jpy,94448.0,92284.0,-2164.0,cr,Process Improvement (Yield Up),Operational-driven
forecast,2025-04,B3,SH-IDX03,PRECISION GEAR,jpy,88401.0,86440.0,-1961.0,cr,Process Improvement (Yield Up),Operational-driven
forecast,2025-05,B3,SH-IDX03,PRECISION GEAR,jpy,83341.0,85550.0,2209.0,cu,Logistics/Freight Cost Increase,Market-driven
forecast,2025-06,B3,SH-IDX03,PRECISION GEAR,jpy,88426.0,90655.0,2229.0,cu,Yield/Scrap Rate Increase,Operational-driven
forecast,2025-07,B3,SH-IDX03,PRECISION GEAR,jpy,90488.0,88202.0,-2286.0,cr,Supplier Negotiation,Operational-driven
forecast,2025-08,B3,SH-IDX03,PRECISION GEAR,jpy,85504.0,83082.0,-2422.0,cr,Supplier Negotiation,Operational-driven
forecast,2025-09,B3,SH-IDX03,PRECISION GEAR,jpy,81232.0,79185.0,-2047.0,cr,Supplier Negotiation,Operational-driven
forecast,2025-10,B3,SH-IDX03,PRECISION GEAR,jpy,78288.0,76096.0,-2192.0,cr,Alternative Material Substitution,Engineering-driven
forecast,2024-11,B3,UQ-B3-01,PANEL FRONT AS,domestic,489098.0,489098.0,0.0,,,
forecast,2024-12,B3,UQ-B3-01,PANEL FRONT AS,domestic,489098.0,499240.0,10142.0,cu,Yield/Scrap Rate Increase,Operational-driven
forecast,2025-01,B3,UQ-B3-01,PANEL FRONT AS,domestic,509872.0,524216.0,14344.0,cu,Engineering Change / Spec Upgrade,Engineering-driven
forecast,2025-02,B3,UQ-B3-01,PANEL FRONT AS,domestic,552347.0,538604.0,-13743.0,cr,VA/VE Improvement,Engineering-driven
forecast,2025-03,B3,UQ-B3-01,PANEL FRONT AS,domestic,541053.0,556454.0,15401.0,cu,Supplier Change (Higher Cost Source),Market-driven
forecast,2025-04,B3,UQ-B3-01,PANEL FRONT AS,domestic,595850.0,613121.0,17271.0,cu,Yield/Scrap Rate Increase,Operational-driven
forecast,2025-05,B3,UQ-B3-01,PANEL FRONT AS,domestic,639831.0,658422.0,18591.0,cu,Yield/Scrap Rate Increase,Operational-driven
forecast,2025-06,B3,UQ-B3-01,PANEL FRONT AS,domestic,661934.0,642363.0,-19571.0,cr,Supplier Negotiation,Operational-driven
forecast,2025-07,B3,UQ-B3-01,PANEL FRONT AS,domestic,615332.0,631089.0,15757.0,cu,Raw Material Price Increase,Market-driven
forecast,2025-08,B3,UQ-B3-01,PANEL FRONT AS,domestic,624958.0,641795.0,16837.0,cu,Engineering Change / Spec Upgrade,Engineering-driven
forecast,2025-09,B3,UQ-B3-01,PANEL FRONT AS,domestic,677307.0,693644.0,16337.0,cu,Logistics/Freight Cost Increase,Market-driven
forecast,2025-10,B3,UQ-B3-01,PANEL FRONT AS,domestic,714917.0,733597.0,18680.0,cu,Yield/Scrap Rate Increase,Operational-driven
forecast,2024-11,B3,UQ-B3-02,BRACKET SUPPORT,domestic,400491.0,410406.0,9915.0,cu,Logistics/Freight Cost Increase,Market-driven
forecast,2024-12,B3,UQ-B3-02,BRACKET SUPPORT,domestic,436502.0,447632.0,11130.0,cu,Yield/Scrap Rate Increase,Operational-driven
forecast,2025-01,B3,UQ-B3-02,BRACKET SUPPORT,domestic,465390.0,465390.0,0.0,,,
forecast,2025-02,B3,UQ-B3-02,BRACKET SUPPORT,domestic,465390.0,478301.0,12911.0,cu,Raw Material Price Increase,Market-driven
forecast,2025-03,B3,UQ-B3-02,BRACKET SUPPORT,domestic,499161.0,511009.0,11848.0,cu,Engineering Change / Spec Upgrade,Engineering-driven
forecast,2025-04,B3,UQ-B3-02,BRACKET SUPPORT,domestic,530035.0,518810.0,-11225.0,cr,Localization / Local Sourcing,Operational-driven
forecast,2025-05,B3,UQ-B3-02,BRACKET SUPPORT,domestic,497291.0,508152.0,10861.0,cu,Yield/Scrap Rate Increase,Operational-driven
forecast,2025-06,B3,UQ-B3-02,BRACKET SUPPORT,domestic,534434.0,518783.0,-15651.0,cr,Alternative Material Substitution,Engineering-driven
forecast,2025-07,B3,UQ-B3-02,BRACKET SUPPORT,domestic,497525.0,512064.0,14539.0,cu,Supplier Change (Higher Cost Source),Market-driven
forecast,2025-08,B3,UQ-B3-02,BRACKET SUPPORT,domestic,518084.0,530701.0,12617.0,cu,Supplier Change (Higher Cost Source),Market-driven
forecast,2025-09,B3,UQ-B3-02,BRACKET SUPPORT,domestic,549524.0,560721.0,11197.0,cu,Logistics/Freight Cost Increase,Market-driven
forecast,2025-10,B3,UQ-B3-02,BRACKET SUPPORT,domestic,579653.0,591821.0,12168.0,cu,Yield/Scrap Rate Increase,Operational-driven
forecast,2024-11,B3,UQ-B3-03,IC CHIP CONTROL,usd,1295626.0,1263876.0,-31750.0,cr,Process Improvement (Yield Up),Operational-driven
forecast,2024-12,B3,UQ-B3-03,IC CHIP CONTROL,usd,1185428.0,1210545.0,25117.0,cu,Raw Material Price Increase,Market-driven
forecast,2025-01,B3,UQ-B3-03,IC CHIP CONTROL,usd,1232420.0,1268281.0,35861.0,cu,Raw Material Price Increase,Market-driven
forecast,2025-02,B3,UQ-B3-03,IC CHIP CONTROL,usd,1349622.0,1382802.0,33180.0,cu,Supplier Change (Higher Cost Source),Market-driven
forecast,2025-03,B3,UQ-B3-03,IC CHIP CONTROL,usd,1449566.0,1483436.0,33870.0,cu,Supplier Change (Higher Cost Source),Market-driven
forecast,2025-04,B3,UQ-B3-03,IC CHIP CONTROL,usd,1494100.0,1531419.0,37319.0,cu,Yield/Scrap Rate Increase,Operational-driven
forecast,2025-05,B3,UQ-B3-03,IC CHIP CONTROL,usd,1535133.0,1501447.0,-33686.0,cr,Supplier Negotiation,Operational-driven
forecast,2025-06,B3,UQ-B3-03,IC CHIP CONTROL,usd,1450413.0,1487712.0,37299.0,cu,Raw Material Price Increase,Market-driven
forecast,2025-07,B3,UQ-B3-03,IC CHIP CONTROL,usd,1486767.0,1522351.0,35584.0,cu,Logistics/Freight Cost Increase,Market-driven
forecast,2025-08,B3,UQ-B3-03,IC CHIP CONTROL,usd,1507284.0,1507284.0,0.0,,,
forecast,2025-09,B3,UQ-B3-03,IC CHIP CONTROL,usd,1507284.0,1546655.0,39371.0,cu,Raw Material Price Increase,Market-driven
forecast,2025-10,B3,UQ-B3-03,IC CHIP CONTROL,usd,1598522.0,1638946.0,40424.0,cu,Logistics/Freight Cost Increase,Market-driven
forecast,2024-11,B3,UQ-B3-04,MOTOR UNIT,jpy,401438.0,393071.0,-8367.0,cr,Supplier Negotiation,Operational-driven
forecast,2024-12,B3,UQ-B3-04,MOTOR UNIT,jpy,394517.0,405543.0,11026.0,cu,Supplier Change (Higher Cost Source),Market-driven
forecast,2025-01,B3,UQ-B3-04,MOTOR UNIT,jpy,418711.0,408141.0,-10570.0,cr,Supplier Negotiation,Operational-driven
forecast,2025-02,B3,UQ-B3-04,MOTOR UNIT,jpy,404599.0,404599.0,0.0,,,
forecast,2025-03,B3,UQ-B3-04,MOTOR UNIT,jpy,404599.0,395870.0,-8729.0,cr,Alternative Material Substitution,Engineering-driven
forecast,2025-04,B3,UQ-B3-04,MOTOR UNIT,jpy,378586.0,370019.0,-8567.0,cr,VA/VE Improvement,Engineering-driven
forecast,2025-05,B3,UQ-B3-04,MOTOR UNIT,jpy,349214.0,340249.0,-8965.0,cr,Localization / Local Sourcing,Operational-driven
forecast,2025-06,B3,UQ-B3-04,MOTOR UNIT,jpy,322588.0,330148.0,7560.0,cu,Supplier Change (Higher Cost Source),Market-driven
forecast,2025-07,B3,UQ-B3-04,MOTOR UNIT,jpy,335644.0,326634.0,-9010.0,cr,Process Improvement (Yield Up),Operational-driven
forecast,2025-08,B3,UQ-B3-04,MOTOR UNIT,jpy,314785.0,307746.0,-7039.0,cr,Localization / Local Sourcing,Operational-driven
forecast,2025-09,B3,UQ-B3-04,MOTOR UNIT,jpy,292698.0,284553.0,-8145.0,cr,Process Improvement (Yield Up),Operational-driven
forecast,2025-10,B3,UQ-B3-04,MOTOR UNIT,jpy,278824.0,272769.0,-6055.0,cr,VA/VE Improvement,Engineering-driven
forecast,2024-11,B3,UQ-B3-05,SENSOR MODULE,jpy,485851.0,499006.0,13155.0,cu,Engineering Change / Spec Upgrade,Engineering-driven
forecast,2024-12,B3,UQ-B3-05,SENSOR MODULE,jpy,516236.0,504024.0,-12212.0,cr,Supplier Negotiation,Operational-driven
forecast,2025-01,B3,UQ-B3-05,SENSOR MODULE,jpy,498283.0,485694.0,-12589.0,cr,Process Improvement (Yield Up),Operational-driven
forecast,2025-02,B3,UQ-B3-05,SENSOR MODULE,jpy,478729.0,465345.0,-13384.0,cr,Alternative Material Substitution,Engineering-driven
forecast,2025-03,B3,UQ-B3-05,SENSOR MODULE,jpy,460424.0,446792.0,-13632.0,cr,Process Improvement (Yield Up),Operational-driven
forecast,2025-04,B3,UQ-B3-05,SENSOR MODULE,jpy,446376.0,446376.0,0.0,,,
forecast,2025-05,B3,UQ-B3-05,SENSOR MODULE,jpy,446376.0,433287.0,-13089.0,cr,VA/VE Improvement,Engineering-driven
forecast,2025-06,B3,UQ-B3-05,SENSOR MODULE,jpy,422963.0,413271.0,-9692.0,cr,Process Improvement (Yield Up),Operational-driven
forecast,2025-07,B3,UQ-B3-05,SENSOR MODULE,jpy,399682.0,390744.0,-8938.0,cr,VA/VE Improvement,Engineering-driven
forecast,2025-08,B3,UQ-B3-05,SENSOR MODULE,jpy,387325.0,376821.0,-10504.0,cr,Alternative Material Substitution,Engineering-driven
forecast,2025-09,B3,UQ-B3-05,SENSOR MODULE,jpy,375052.0,384645.0,9593.0,cu,Logistics/Freight Cost Increase,Market-driven
forecast,2025-10,B3,UQ-B3-05,SENSOR MODULE,jpy,383185.0,372742.0,-10443.0,cr,Supplier Negotiation,Operational-driven
forecast,2024-11,B4,SH-CATB-D01,PANEL BOTTOM AS,domestic,134348.0,131013.0,-3335.0,cr,Localization / Local Sourcing,Operational-driven
forecast,2024-12,B4,SH-CATB-D01,PANEL BOTTOM AS,domestic,128910.0,126091.0,-2819.0,cr,Alternative Material Substitution,Engineering-driven
forecast,2025-01,B4,SH-CATB-D01,PANEL BOTTOM AS,domestic,123207.0,119645.0,-3562.0,cr,Alternative Material Substitution,Engineering-driven
forecast,2025-02,B4,SH-CATB-D01,PANEL BOTTOM AS,domestic,111757.0,109004.0,-2753.0,cr,VA/VE Improvement,Engineering-driven
forecast,2025-03,B4,SH-CATB-D01,PANEL BOTTOM AS,domestic,103982.0,101821.0,-2161.0,cr,Process Improvement (Yield Up),Operational-driven
forecast,2025-04,B4,SH-CATB-D01,PANEL BOTTOM AS,domestic,101708.0,99257.0,-2451.0,cr,Localization / Local Sourcing,Operational-driven
forecast,2025-05,B4,SH-CATB-D01,PANEL BOTTOM AS,domestic,94151.0,91752.0,-2399.0,cr,Process Improvement (Yield Up),Operational-driven
forecast,2025-06,B4,SH-CATB-D01,PANEL BOTTOM AS,domestic,87989.0,85689.0,-2300.0,cr,Localization / Local Sourcing,Operational-driven
forecast,2025-07,B4,SH-CATB-D01,PANEL BOTTOM AS,domestic,85585.0,83070.0,-2515.0,cr,Alternative Material Substitution,Engineering-driven
forecast,2025-08,B4,SH-CATB-D01,PANEL BOTTOM AS,domestic,78415.0,80245.0,1830.0,cu,Yield/Scrap Rate Increase,Operational-driven
forecast,2025-09,B4,SH-CATB-D01,PANEL BOTTOM AS,domestic,84428.0,84428.0,0.0,,,
forecast,2025-10,B4,SH-CATB-D01,PANEL BOTTOM AS,domestic,84428.0,86219.0,1791.0,cu,Raw Material Price Increase,Market-driven
forecast,2024-11,B4,SH-CATB-U01,CONNECTOR HOUSING,usd,58561.0,57064.0,-1497.0,cr,Localization / Local Sourcing,Operational-driven
forecast,2024-12,B4,SH-CATB-U01,CONNECTOR HOUSING,usd,54352.0,52832.0,-1520.0,cr,Process Improvement (Yield Up),Operational-driven
forecast,2025-01,B4,SH-CATB-U01,CONNECTOR HOUSING,usd,49649.0,48206.0,-1443.0,cr,Alternative Material Substitution,Engineering-driven
forecast,2025-02,B4,SH-CATB-U01,CONNECTOR HOUSING,usd,48318.0,47279.0,-1039.0,cr,Localization / Local Sourcing,Operational-driven
forecast,2025-03,B4,SH-CATB-U01,CONNECTOR HOUSING,usd,45900.0,44673.0,-1227.0,cr,Localization / Local Sourcing,Operational-driven
forecast,2025-04,B4,SH-CATB-U01,CONNECTOR HOUSING,usd,44561.0,43239.0,-1322.0,cr,Localization / Local Sourcing,Operational-driven
forecast,2025-05,B4,SH-CATB-U01,CONNECTOR HOUSING,usd,42100.0,42100.0,0.0,,,
forecast,2025-06,B4,SH-CATB-U01,CONNECTOR HOUSING,usd,42100.0,43348.0,1248.0,cu,Raw Material Price Increase,Market-driven
forecast,2025-07,B4,SH-CATB-U01,CONNECTOR HOUSING,usd,45835.0,44554.0,-1281.0,cr,Localization / Local Sourcing,Operational-driven
forecast,2025-08,B4,SH-CATB-U01,CONNECTOR HOUSING,usd,42153.0,41220.0,-933.0,cr,Supplier Negotiation,Operational-driven
forecast,2025-09,B4,SH-CATB-U01,CONNECTOR HOUSING,usd,39350.0,40394.0,1044.0,cu,Supplier Change (Higher Cost Source),Market-driven
forecast,2025-10,B4,SH-CATB-U01,CONNECTOR HOUSING,usd,40878.0,39856.0,-1022.0,cr,Supplier Negotiation,Operational-driven
forecast,2024-11,B4,SH-IDX04,PRECISION GEAR,jpy,26043.0,26043.0,0.0,,,
forecast,2024-12,B4,SH-IDX04,PRECISION GEAR,jpy,26043.0,25511.0,-532.0,cr,Process Improvement (Yield Up),Operational-driven
forecast,2025-01,B4,SH-IDX04,PRECISION GEAR,jpy,24553.0,23928.0,-625.0,cr,VA/VE Improvement,Engineering-driven
forecast,2025-02,B4,SH-IDX04,PRECISION GEAR,jpy,23382.0,22904.0,-478.0,cr,Localization / Local Sourcing,Operational-driven
forecast,2025-03,B4,SH-IDX04,PRECISION GEAR,jpy,22887.0,22374.0,-513.0,cr,Process Improvement (Yield Up),Operational-driven
forecast,2025-04,B4,SH-IDX04,PRECISION GEAR,jpy,21667.0,21055.0,-612.0,cr,Alternative Material Substitution,Engineering-driven
forecast,2025-05,B4,SH-IDX04,PRECISION GEAR,jpy,20320.0,20867.0,547.0,cu,Supplier Change (Higher Cost Source),Market-driven
forecast,2025-06,B4,SH-IDX04,PRECISION GEAR,jpy,21901.0,22508.0,607.0,cu,Logistics/Freight Cost Increase,Market-driven
forecast,2025-07,B4,SH-IDX04,PRECISION GEAR,jpy,23452.0,22761.0,-691.0,cr,VA/VE Improvement,Engineering-driven
forecast,2025-08,B4,SH-IDX04,PRECISION GEAR,jpy,21629.0,21123.0,-506.0,cr,Alternative Material Substitution,Engineering-driven
forecast,2025-09,B4,SH-IDX04,PRECISION GEAR,jpy,19802.0,19404.0,-398.0,cr,Localization / Local Sourcing,Operational-driven
forecast,2025-10,B4,SH-IDX04,PRECISION GEAR,jpy,18588.0,18195.0,-393.0,cr,Alternative Material Substitution,Engineering-driven
forecast,2024-11,B4,UQ-B4-01,PANEL FRONT AS,domestic,717536.0,717536.0,0.0,,,
forecast,2024-12,B4,UQ-B4-01,PANEL FRONT AS,domestic,717536.0,735540.0,18004.0,cu,Yield/Scrap Rate Increase,Operational-driven
forecast,2025-01,B4,UQ-B4-01,PANEL FRONT AS,domestic,730995.0,748516.0,17521.0,cu,Supplier Change (Higher Cost Source),Market-driven
forecast,2025-02,B4,UQ-B4-01,PANEL FRONT AS,domestic,792251.0,773002.0,-19249.0,cr,Supplier Negotiation,Operational-driven
forecast,2025-03,B4,UQ-B4-01,PANEL FRONT AS,domestic,748624.0,770849.0,22225.0,cu,Yield/Scrap Rate Increase,Operational-driven
forecast,2025-04,B4,UQ-B4-01,PANEL FRONT AS,domestic,815898.0,835136.0,19238.0,cu,Engineering Change / Spec Upgrade,Engineering-driven
forecast,2025-05,B4,UQ-B4-01,PANEL FRONT AS,domestic,842864.0,864354.0,21490.0,cu,Supplier Change (Higher Cost Source),Market-driven
forecast,2025-06,B4,UQ-B4-01,PANEL FRONT AS,domestic,903424.0,881783.0,-21641.0,cr,Alternative Material Substitution,Engineering-driven
forecast,2025-07,B4,UQ-B4-01,PANEL FRONT AS,domestic,840934.0,858274.0,17340.0,cu,Supplier Change (Higher Cost Source),Market-driven
forecast,2025-08,B4,UQ-B4-01,PANEL FRONT AS,domestic,895373.0,918618.0,23245.0,cu,Supplier Change (Higher Cost Source),Market-driven
forecast,2025-09,B4,UQ-B4-01,PANEL FRONT AS,domestic,952838.0,976947.0,24109.0,cu,Raw Material Price Increase,Market-driven
forecast,2025-10,B4,UQ-B4-01,PANEL FRONT AS,domestic,1008441.0,1037195.0,28754.0,cu,Engineering Change / Spec Upgrade,Engineering-driven
forecast,2024-11,B4,UQ-B4-02,BRACKET SUPPORT,domestic,789243.0,809841.0,20598.0,cu,Supplier Change (Higher Cost Source),Market-driven
forecast,2024-12,B4,UQ-B4-02,BRACKET SUPPORT,domestic,828319.0,845208.0,16889.0,cu,Supplier Change (Higher Cost Source),Market-driven
forecast,2025-01,B4,UQ-B4-02,BRACKET SUPPORT,domestic,880417.0,880417.0,0.0,,,
forecast,2025-02,B4,UQ-B4-02,BRACKET SUPPORT,domestic,880417.0,900868.0,20451.0,cu,Supplier Change (Higher Cost Source),Market-driven
forecast,2025-03,B4,UQ-B4-02,BRACKET SUPPORT,domestic,912166.0,932446.0,20280.0,cu,Yield/Scrap Rate Increase,Operational-driven
forecast,2025-04,B4,UQ-B4-02,BRACKET SUPPORT,domestic,979552.0,959575.0,-19977.0,cr,Alternative Material Substitution,Engineering-driven
forecast,2025-05,B4,UQ-B4-02,BRACKET SUPPORT,domestic,913587.0,934149.0,20562.0,cu,Logistics/Freight Cost Increase,Market-driven
forecast,2025-06,B4,UQ-B4-02,BRACKET SUPPORT,domestic,976849.0,948142.0,-28707.0,cr,VA/VE Improvement,Engineering-driven
forecast,2025-07,B4,UQ-B4-02,BRACKET SUPPORT,domestic,918378.0,944923.0,26545.0,cu,Raw Material Price Increase,Market-driven
forecast,2025-08,B4,UQ-B4-02,BRACKET SUPPORT,domestic,1003017.0,1031322.0,28305.0,cu,Logistics/Freight Cost Increase,Market-driven
forecast,2025-09,B4,UQ-B4-02,BRACKET SUPPORT,domestic,1050985.0,1081072.0,30087.0,cu,Yield/Scrap Rate Increase,Operational-driven
forecast,2025-10,B4,UQ-B4-02,BRACKET SUPPORT,domestic,1109219.0,1137941.0,28722.0,cu,Engineering Change / Spec Upgrade,Engineering-driven
forecast,2024-11,B4,UQ-B4-03,IC CHIP CONTROL,usd,1091958.0,1067030.0,-24928.0,cr,Alternative Material Substitution,Engineering-driven
forecast,2024-12,B4,UQ-B4-03,IC CHIP CONTROL,usd,1023921.0,1049717.0,25796.0,cu,Logistics/Freight Cost Increase,Market-driven
forecast,2025-01,B4,UQ-B4-03,IC CHIP CONTROL,usd,1089121.0,1115902.0,26781.0,cu,Logistics/Freight Cost Increase,Market-driven
forecast,2025-02,B4,UQ-B4-03,IC CHIP CONTROL,usd,1169150.0,1199290.0,30140.0,cu,Yield/Scrap Rate Increase,Operational-driven
forecast,2025-03,B4,UQ-B4-03,IC CHIP CONTROL,usd,1254232.0,1284062.0,29830.0,cu,Supplier Change (Higher Cost Source),Market-driven
forecast,2025-04,B4,UQ-B4-03,IC CHIP CONTROL,usd,1312485.0,1347767.0,35282.0,cu,Engineering Change / Spec Upgrade,Engineering-driven
forecast,2025-05,B4,UQ-B4-03,IC CHIP CONTROL,usd,1389990.0,1355418.0,-34572.0,cr,Process Improvement (Yield Up),Operational-driven
forecast,2025-06,B4,UQ-B4-03,IC CHIP CONTROL,usd,1312944.0,1345115.0,32171.0,cu,Logistics/Freight Cost Increase,Market-driven
forecast,2025-07,B4,UQ-B4-03,IC CHIP CONTROL,usd,1377951.0,1418588.0,40637.0,cu,Logistics/Freight Cost Increase,Market-driven
forecast,2025-08,B4,UQ-B4-03,IC CHIP CONTROL,usd,1458496.0,1458496.0,0.0,,,
forecast,2025-09,B4,UQ-B4-03,IC CHIP CONTROL,usd,1458496.0,1494436.0,35940.0,cu,Logistics/Freight Cost Increase,Market-driven
forecast,2025-10,B4,UQ-B4-03,IC CHIP CONTROL,usd,1535110.0,1567460.0,32350.0,cu,Supplier Change (Higher Cost Source),Market-driven
forecast,2024-11,B4,UQ-B4-04,MOTOR UNIT,jpy,218487.0,212634.0,-5853.0,cr,Localization / Local Sourcing,Operational-driven
forecast,2024-12,B4,UQ-B4-04,MOTOR UNIT,jpy,201711.0,206785.0,5074.0,cu,Supplier Change (Higher Cost Source),Market-driven
forecast,2025-01,B4,UQ-B4-04,MOTOR UNIT,jpy,218610.0,213744.0,-4866.0,cr,Localization / Local Sourcing,Operational-driven
forecast,2025-02,B4,UQ-B4-04,MOTOR UNIT,jpy,205154.0,205154.0,0.0,,,
forecast,2025-03,B4,UQ-B4-04,MOTOR UNIT,jpy,205154.0,199556.0,-5598.0,cr,VA/VE Improvement,Engineering-driven
forecast,2025-04,B4,UQ-B4-04,MOTOR UNIT,jpy,195653.0,191735.0,-3918.0,cr,Localization / Local Sourcing,Operational-driven
forecast,2025-05,B4,UQ-B4-04,MOTOR UNIT,jpy,182715.0,177834.0,-4881.0,cr,Supplier Negotiation,Operational-driven
forecast,2025-06,B4,UQ-B4-04,MOTOR UNIT,jpy,178930.0,182550.0,3620.0,cu,Logistics/Freight Cost Increase,Market-driven
forecast,2025-07,B4,UQ-B4-04,MOTOR UNIT,jpy,189211.0,183729.0,-5482.0,cr,Supplier Negotiation,Operational-driven
forecast,2025-08,B4,UQ-B4-04,MOTOR UNIT,jpy,185226.0,180770.0,-4456.0,cr,VA/VE Improvement,Engineering-driven
forecast,2025-09,B4,UQ-B4-04,MOTOR UNIT,jpy,179674.0,175732.0,-3942.0,cr,Supplier Negotiation,Operational-driven
forecast,2025-10,B4,UQ-B4-04,MOTOR UNIT,jpy,169502.0,165393.0,-4109.0,cr,VA/VE Improvement,Engineering-driven
forecast,2024-11,B4,UQ-B4-05,SENSOR MODULE,jpy,195542.0,200719.0,5177.0,cu,Raw Material Price Increase,Market-driven
forecast,2024-12,B4,UQ-B4-05,SENSOR MODULE,jpy,204662.0,199917.0,-4745.0,cr,Alternative Material Substitution,Engineering-driven
forecast,2025-01,B4,UQ-B4-05,SENSOR MODULE,jpy,186718.0,181381.0,-5337.0,cr,Localization / Local Sourcing,Operational-driven
forecast,2025-02,B4,UQ-B4-05,SENSOR MODULE,jpy,181539.0,176477.0,-5062.0,cr,Localization / Local Sourcing,Operational-driven
forecast,2025-03,B4,UQ-B4-05,SENSOR MODULE,jpy,177131.0,171827.0,-5304.0,cr,VA/VE Improvement,Engineering-driven
forecast,2025-04,B4,UQ-B4-05,SENSOR MODULE,jpy,173872.0,173872.0,0.0,,,
forecast,2025-05,B4,UQ-B4-05,SENSOR MODULE,jpy,173872.0,169317.0,-4555.0,cr,Supplier Negotiation,Operational-driven
forecast,2025-06,B4,UQ-B4-05,SENSOR MODULE,jpy,167429.0,162506.0,-4923.0,cr,Localization / Local Sourcing,Operational-driven
forecast,2025-07,B4,UQ-B4-05,SENSOR MODULE,jpy,161834.0,157979.0,-3855.0,cr,VA/VE Improvement,Engineering-driven
forecast,2025-08,B4,UQ-B4-05,SENSOR MODULE,jpy,149946.0,145726.0,-4220.0,cr,Alternative Material Substitution,Engineering-driven
forecast,2025-09,B4,UQ-B4-05,SENSOR MODULE,jpy,142521.0,146752.0,4231.0,cu,Engineering Change / Spec Upgrade,Engineering-driven
forecast,2025-10,B4,UQ-B4-05,SENSOR MODULE,jpy,150532.0,147351.0,-3181.0,cr,Process Improvement (Yield Up),Operational-driven
forecast,2024-11,B4,SH-EVEN-01,TAPE PU-F,domestic,70295.0,72153.0,1858.0,cu,Raw Material Price Increase,Market-driven
forecast,2024-12,B4,SH-EVEN-01,TAPE PU-F,domestic,75075.0,77289.0,2214.0,cu,Raw Material Price Increase,Market-driven
forecast,2025-01,B4,SH-EVEN-01,TAPE PU-F,domestic,80181.0,81820.0,1639.0,cu,Engineering Change / Spec Upgrade,Engineering-driven
forecast,2025-02,B4,SH-EVEN-01,TAPE PU-F,domestic,82639.0,85022.0,2383.0,cu,Engineering Change / Spec Upgrade,Engineering-driven
forecast,2025-03,B4,SH-EVEN-01,TAPE PU-F,domestic,87878.0,90500.0,2622.0,cu,Engineering Change / Spec Upgrade,Engineering-driven
forecast,2025-04,B4,SH-EVEN-01,TAPE PU-F,domestic,93563.0,90938.0,-2625.0,cr,VA/VE Improvement,Engineering-driven
forecast,2025-05,B4,SH-EVEN-01,TAPE PU-F,domestic,89152.0,91079.0,1927.0,cu,Supplier Change (Higher Cost Source),Market-driven
forecast,2025-06,B4,SH-EVEN-01,TAPE PU-F,domestic,94914.0,97552.0,2638.0,cu,Supplier Change (Higher Cost Source),Market-driven
forecast,2025-07,B4,SH-EVEN-01,TAPE PU-F,domestic,101876.0,99278.0,-2598.0,cr,Process Improvement (Yield Up),Operational-driven
forecast,2025-08,B4,SH-EVEN-01,TAPE PU-F,domestic,94152.0,96788.0,2636.0,cu,Supplier Change (Higher Cost Source),Market-driven
forecast,2025-09,B4,SH-EVEN-01,TAPE PU-F,domestic,96785.0,96785.0,0.0,,,
forecast,2025-10,B4,SH-EVEN-01,TAPE PU-F,domestic,96785.0,99648.0,2863.0,cu,Yield/Scrap Rate Increase,Operational-driven
forecast,2024-11,B4,SH-EVEN-02,RESIN COMPOUND,usd,19042.0,19548.0,506.0,cu,Supplier Change (Higher Cost Source),Market-driven
forecast,2024-12,B4,SH-EVEN-02,RESIN COMPOUND,usd,19491.0,20013.0,522.0,cu,Supplier Change (Higher Cost Source),Market-driven
forecast,2025-01,B4,SH-EVEN-02,RESIN COMPOUND,usd,20366.0,20818.0,452.0,cu,Raw Material Price Increase,Market-driven
forecast,2025-02,B4,SH-EVEN-02,RESIN COMPOUND,usd,20895.0,21394.0,499.0,cu,Logistics/Freight Cost Increase,Market-driven
forecast,2025-03,B4,SH-EVEN-02,RESIN COMPOUND,usd,21472.0,21914.0,442.0,cu,Logistics/Freight Cost Increase,Market-driven
forecast,2025-04,B4,SH-EVEN-02,RESIN COMPOUND,usd,22839.0,22839.0,0.0,,,
forecast,2025-05,B4,SH-EVEN-02,RESIN COMPOUND,usd,22839.0,22349.0,-490.0,cr,Localization / Local Sourcing,Operational-driven
forecast,2025-06,B4,SH-EVEN-02,RESIN COMPOUND,usd,21574.0,22093.0,519.0,cu,Logistics/Freight Cost Increase,Market-driven
forecast,2025-07,B4,SH-EVEN-02,RESIN COMPOUND,usd,22763.0,22214.0,-549.0,cr,Alternative Material Substitution,Engineering-driven
forecast,2025-08,B4,SH-EVEN-02,RESIN COMPOUND,usd,21147.0,21602.0,455.0,cu,Raw Material Price Increase,Market-driven
forecast,2025-09,B4,SH-EVEN-02,RESIN COMPOUND,usd,22059.0,22634.0,575.0,cu,Engineering Change / Spec Upgrade,Engineering-driven
forecast,2025-10,B4,SH-EVEN-02,RESIN COMPOUND,usd,23441.0,24025.0,584.0,cu,Yield/Scrap Rate Increase,Operational-driven
forecast,2024-11,B5,SH-CATB-D01,PANEL BOTTOM AS,domestic,134348.0,131013.0,-3335.0,cr,Localization / Local Sourcing,Operational-driven
forecast,2024-12,B5,SH-CATB-D01,PANEL BOTTOM AS,domestic,128910.0,126091.0,-2819.0,cr,Alternative Material Substitution,Engineering-driven
forecast,2025-01,B5,SH-CATB-D01,PANEL BOTTOM AS,domestic,123207.0,119645.0,-3562.0,cr,Alternative Material Substitution,Engineering-driven
forecast,2025-02,B5,SH-CATB-D01,PANEL BOTTOM AS,domestic,111757.0,109004.0,-2753.0,cr,VA/VE Improvement,Engineering-driven
forecast,2025-03,B5,SH-CATB-D01,PANEL BOTTOM AS,domestic,103982.0,101821.0,-2161.0,cr,Process Improvement (Yield Up),Operational-driven
forecast,2025-04,B5,SH-CATB-D01,PANEL BOTTOM AS,domestic,101708.0,99257.0,-2451.0,cr,Localization / Local Sourcing,Operational-driven
forecast,2025-05,B5,SH-CATB-D01,PANEL BOTTOM AS,domestic,94151.0,91752.0,-2399.0,cr,Process Improvement (Yield Up),Operational-driven
forecast,2025-06,B5,SH-CATB-D01,PANEL BOTTOM AS,domestic,87989.0,85689.0,-2300.0,cr,Localization / Local Sourcing,Operational-driven
forecast,2025-07,B5,SH-CATB-D01,PANEL BOTTOM AS,domestic,85585.0,83070.0,-2515.0,cr,Alternative Material Substitution,Engineering-driven
forecast,2025-08,B5,SH-CATB-D01,PANEL BOTTOM AS,domestic,78415.0,80245.0,1830.0,cu,Yield/Scrap Rate Increase,Operational-driven
forecast,2025-09,B5,SH-CATB-D01,PANEL BOTTOM AS,domestic,84428.0,84428.0,0.0,,,
forecast,2025-10,B5,SH-CATB-D01,PANEL BOTTOM AS,domestic,84428.0,86219.0,1791.0,cu,Raw Material Price Increase,Market-driven
forecast,2024-11,B5,SH-CATB-U01,CONNECTOR HOUSING,usd,58561.0,57064.0,-1497.0,cr,Localization / Local Sourcing,Operational-driven
forecast,2024-12,B5,SH-CATB-U01,CONNECTOR HOUSING,usd,54352.0,52832.0,-1520.0,cr,Process Improvement (Yield Up),Operational-driven
forecast,2025-01,B5,SH-CATB-U01,CONNECTOR HOUSING,usd,49649.0,48206.0,-1443.0,cr,Alternative Material Substitution,Engineering-driven
forecast,2025-02,B5,SH-CATB-U01,CONNECTOR HOUSING,usd,48318.0,47279.0,-1039.0,cr,Localization / Local Sourcing,Operational-driven
forecast,2025-03,B5,SH-CATB-U01,CONNECTOR HOUSING,usd,45900.0,44673.0,-1227.0,cr,Localization / Local Sourcing,Operational-driven
forecast,2025-04,B5,SH-CATB-U01,CONNECTOR HOUSING,usd,44561.0,43239.0,-1322.0,cr,Localization / Local Sourcing,Operational-driven
forecast,2025-05,B5,SH-CATB-U01,CONNECTOR HOUSING,usd,42100.0,42100.0,0.0,,,
forecast,2025-06,B5,SH-CATB-U01,CONNECTOR HOUSING,usd,42100.0,43348.0,1248.0,cu,Raw Material Price Increase,Market-driven
forecast,2025-07,B5,SH-CATB-U01,CONNECTOR HOUSING,usd,45835.0,44554.0,-1281.0,cr,Localization / Local Sourcing,Operational-driven
forecast,2025-08,B5,SH-CATB-U01,CONNECTOR HOUSING,usd,42153.0,41220.0,-933.0,cr,Supplier Negotiation,Operational-driven
forecast,2025-09,B5,SH-CATB-U01,CONNECTOR HOUSING,usd,39350.0,40394.0,1044.0,cu,Supplier Change (Higher Cost Source),Market-driven
forecast,2025-10,B5,SH-CATB-U01,CONNECTOR HOUSING,usd,40878.0,39856.0,-1022.0,cr,Supplier Negotiation,Operational-driven
forecast,2024-11,B5,SH-IDX05,PRECISION GEAR,jpy,152329.0,152329.0,0.0,,,
forecast,2024-12,B5,SH-IDX05,PRECISION GEAR,jpy,152329.0,148620.0,-3709.0,cr,Localization / Local Sourcing,Operational-driven
forecast,2025-01,B5,SH-IDX05,PRECISION GEAR,jpy,148294.0,144988.0,-3306.0,cr,Alternative Material Substitution,Engineering-driven
forecast,2025-02,B5,SH-IDX05,PRECISION GEAR,jpy,142104.0,138774.0,-3330.0,cr,Localization / Local Sourcing,Operational-driven
forecast,2025-03,B5,SH-IDX05,PRECISION GEAR,jpy,132705.0,129396.0,-3309.0,cr,Supplier Negotiation,Operational-driven
forecast,2025-04,B5,SH-IDX05,PRECISION GEAR,jpy,123674.0,121191.0,-2483.0,cr,Process Improvement (Yield Up),Operational-driven
forecast,2025-05,B5,SH-IDX05,PRECISION GEAR,jpy,117965.0,121222.0,3257.0,cu,Yield/Scrap Rate Increase,Operational-driven
forecast,2025-06,B5,SH-IDX05,PRECISION GEAR,jpy,125144.0,128196.0,3052.0,cu,Logistics/Freight Cost Increase,Market-driven
forecast,2025-07,B5,SH-IDX05,PRECISION GEAR,jpy,135054.0,131792.0,-3262.0,cr,Localization / Local Sourcing,Operational-driven
forecast,2025-08,B5,SH-IDX05,PRECISION GEAR,jpy,126022.0,122497.0,-3525.0,cr,Supplier Negotiation,Operational-driven
forecast,2025-09,B5,SH-IDX05,PRECISION GEAR,jpy,118229.0,115850.0,-2379.0,cr,Localization / Local Sourcing,Operational-driven
forecast,2025-10,B5,SH-IDX05,PRECISION GEAR,jpy,113088.0,110669.0,-2419.0,cr,VA/VE Improvement,Engineering-driven
forecast,2024-11,B5,UQ-B5-01,PANEL FRONT AS,domestic,496610.0,496610.0,0.0,,,
forecast,2024-12,B5,UQ-B5-01,PANEL FRONT AS,domestic,496610.0,510214.0,13604.0,cu,Supplier Change (Higher Cost Source),Market-driven
forecast,2025-01,B5,UQ-B5-01,PANEL FRONT AS,domestic,528008.0,540571.0,12563.0,cu,Yield/Scrap Rate Increase,Operational-driven
forecast,2025-02,B5,UQ-B5-01,PANEL FRONT AS,domestic,554379.0,539820.0,-14559.0,cr,Alternative Material Substitution,Engineering-driven
forecast,2025-03,B5,UQ-B5-01,PANEL FRONT AS,domestic,542379.0,556494.0,14115.0,cu,Yield/Scrap Rate Increase,Operational-driven
forecast,2025-04,B5,UQ-B5-01,PANEL FRONT AS,domestic,563213.0,579181.0,15968.0,cu,Engineering Change / Spec Upgrade,Engineering-driven
forecast,2025-05,B5,UQ-B5-01,PANEL FRONT AS,domestic,577628.0,591784.0,14156.0,cu,Yield/Scrap Rate Increase,Operational-driven
forecast,2025-06,B5,UQ-B5-01,PANEL FRONT AS,domestic,617457.0,602656.0,-14801.0,cr,Localization / Local Sourcing,Operational-driven
forecast,2025-07,B5,UQ-B5-01,PANEL FRONT AS,domestic,605507.0,621774.0,16267.0,cu,Engineering Change / Spec Upgrade,Engineering-driven
forecast,2025-08,B5,UQ-B5-01,PANEL FRONT AS,domestic,624607.0,641128.0,16521.0,cu,Raw Material Price Increase,Market-driven
forecast,2025-09,B5,UQ-B5-01,PANEL FRONT AS,domestic,642959.0,656845.0,13886.0,cu,Raw Material Price Increase,Market-driven
forecast,2025-10,B5,UQ-B5-01,PANEL FRONT AS,domestic,653217.0,667002.0,13785.0,cu,Logistics/Freight Cost Increase,Market-driven
forecast,2024-11,B5,UQ-B5-02,BRACKET SUPPORT,domestic,550440.0,564520.0,14080.0,cu,Engineering Change / Spec Upgrade,Engineering-driven
forecast,2024-12,B5,UQ-B5-02,BRACKET SUPPORT,domestic,573733.0,588118.0,14385.0,cu,Yield/Scrap Rate Increase,Operational-driven
forecast,2025-01,B5,UQ-B5-02,BRACKET SUPPORT,domestic,605021.0,605021.0,0.0,,,
forecast,2025-02,B5,UQ-B5-02,BRACKET SUPPORT,domestic,605021.0,622745.0,17724.0,cu,Logistics/Freight Cost Increase,Market-driven
forecast,2025-03,B5,UQ-B5-02,BRACKET SUPPORT,domestic,636122.0,652442.0,16320.0,cu,Engineering Change / Spec Upgrade,Engineering-driven
forecast,2025-04,B5,UQ-B5-02,BRACKET SUPPORT,domestic,656585.0,642862.0,-13723.0,cr,VA/VE Improvement,Engineering-driven
forecast,2025-05,B5,UQ-B5-02,BRACKET SUPPORT,domestic,644700.0,662065.0,17365.0,cu,Logistics/Freight Cost Increase,Market-driven
forecast,2025-06,B5,UQ-B5-02,BRACKET SUPPORT,domestic,687576.0,667783.0,-19793.0,cr,VA/VE Improvement,Engineering-driven
forecast,2025-07,B5,UQ-B5-02,BRACKET SUPPORT,domestic,673897.0,688404.0,14507.0,cu,Supplier Change (Higher Cost Source),Market-driven
forecast,2025-08,B5,UQ-B5-02,BRACKET SUPPORT,domestic,720448.0,740743.0,20295.0,cu,Yield/Scrap Rate Increase,Operational-driven
forecast,2025-09,B5,UQ-B5-02,BRACKET SUPPORT,domestic,789899.0,808574.0,18675.0,cu,Logistics/Freight Cost Increase,Market-driven
forecast,2025-10,B5,UQ-B5-02,BRACKET SUPPORT,domestic,823530.0,842976.0,19446.0,cu,Supplier Change (Higher Cost Source),Market-driven
forecast,2024-11,B5,UQ-B5-03,IC CHIP CONTROL,usd,233632.0,227268.0,-6364.0,cr,VA/VE Improvement,Engineering-driven
forecast,2024-12,B5,UQ-B5-03,IC CHIP CONTROL,usd,213891.0,219685.0,5794.0,cu,Supplier Change (Higher Cost Source),Market-driven
forecast,2025-01,B5,UQ-B5-03,IC CHIP CONTROL,usd,225299.0,231240.0,5941.0,cu,Logistics/Freight Cost Increase,Market-driven
forecast,2025-02,B5,UQ-B5-03,IC CHIP CONTROL,usd,230634.0,235248.0,4614.0,cu,Engineering Change / Spec Upgrade,Engineering-driven
forecast,2025-03,B5,UQ-B5-03,IC CHIP CONTROL,usd,236336.0,242824.0,6488.0,cu,Logistics/Freight Cost Increase,Market-driven
forecast,2025-04,B5,UQ-B5-03,IC CHIP CONTROL,usd,248033.0,254788.0,6755.0,cu,Supplier Change (Higher Cost Source),Market-driven
forecast,2025-05,B5,UQ-B5-03,IC CHIP CONTROL,usd,263934.0,257693.0,-6241.0,cr,Process Improvement (Yield Up),Operational-driven
forecast,2025-06,B5,UQ-B5-03,IC CHIP CONTROL,usd,243242.0,249982.0,6740.0,cu,Yield/Scrap Rate Increase,Operational-driven
forecast,2025-07,B5,UQ-B5-03,IC CHIP CONTROL,usd,262905.0,269029.0,6124.0,cu,Yield/Scrap Rate Increase,Operational-driven
forecast,2025-08,B5,UQ-B5-03,IC CHIP CONTROL,usd,268521.0,268521.0,0.0,,,
forecast,2025-09,B5,UQ-B5-03,IC CHIP CONTROL,usd,268521.0,274789.0,6268.0,cu,Engineering Change / Spec Upgrade,Engineering-driven
forecast,2025-10,B5,UQ-B5-03,IC CHIP CONTROL,usd,272731.0,278296.0,5565.0,cu,Supplier Change (Higher Cost Source),Market-driven
forecast,2024-11,B5,UQ-B5-04,MOTOR UNIT,jpy,598362.0,584400.0,-13962.0,cr,VA/VE Improvement,Engineering-driven
forecast,2024-12,B5,UQ-B5-04,MOTOR UNIT,jpy,562112.0,573448.0,11336.0,cu,Supplier Change (Higher Cost Source),Market-driven
forecast,2025-01,B5,UQ-B5-04,MOTOR UNIT,jpy,591683.0,574848.0,-16835.0,cr,Process Improvement (Yield Up),Operational-driven
forecast,2025-02,B5,UQ-B5-04,MOTOR UNIT,jpy,549949.0,549949.0,0.0,,,
forecast,2025-03,B5,UQ-B5-04,MOTOR UNIT,jpy,549949.0,537193.0,-12756.0,cr,Localization / Local Sourcing,Operational-driven
forecast,2025-04,B5,UQ-B5-04,MOTOR UNIT,jpy,514411.0,501773.0,-12638.0,cr,Process Improvement (Yield Up),Operational-driven
forecast,2025-05,B5,UQ-B5-04,MOTOR UNIT,jpy,487657.0,477081.0,-10576.0,cr,Process Improvement (Yield Up),Operational-driven
forecast,2025-06,B5,UQ-B5-04,MOTOR UNIT,jpy,465496.0,475193.0,9697.0,cu,Supplier Change (Higher Cost Source),Market-driven
forecast,2025-07,B5,UQ-B5-04,MOTOR UNIT,jpy,490143.0,477142.0,-13001.0,cr,VA/VE Improvement,Engineering-driven
forecast,2025-08,B5,UQ-B5-04,MOTOR UNIT,jpy,458295.0,446214.0,-12081.0,cr,Localization / Local Sourcing,Operational-driven
forecast,2025-09,B5,UQ-B5-04,MOTOR UNIT,jpy,425574.0,413911.0,-11663.0,cr,VA/VE Improvement,Engineering-driven
forecast,2025-10,B5,UQ-B5-04,MOTOR UNIT,jpy,402119.0,392529.0,-9590.0,cr,Alternative Material Substitution,Engineering-driven
forecast,2024-11,B5,UQ-B5-05,SENSOR MODULE,jpy,520140.0,535311.0,15171.0,cu,Supplier Change (Higher Cost Source),Market-driven
forecast,2024-12,B5,UQ-B5-05,SENSOR MODULE,jpy,565065.0,548227.0,-16838.0,cr,VA/VE Improvement,Engineering-driven
forecast,2025-01,B5,UQ-B5-05,SENSOR MODULE,jpy,528540.0,513435.0,-15105.0,cr,Localization / Local Sourcing,Operational-driven
forecast,2025-02,B5,UQ-B5-05,SENSOR MODULE,jpy,485132.0,472089.0,-13043.0,cr,Supplier Negotiation,Operational-driven
forecast,2025-03,B5,UQ-B5-05,SENSOR MODULE,jpy,447848.0,435890.0,-11958.0,cr,Process Improvement (Yield Up),Operational-driven
forecast,2025-04,B5,UQ-B5-05,SENSOR MODULE,jpy,419915.0,419915.0,0.0,,,
forecast,2025-05,B5,UQ-B5-05,SENSOR MODULE,jpy,419915.0,410586.0,-9329.0,cr,Alternative Material Substitution,Engineering-driven
forecast,2025-06,B5,UQ-B5-05,SENSOR MODULE,jpy,400025.0,391687.0,-8338.0,cr,Alternative Material Substitution,Engineering-driven
forecast,2025-07,B5,UQ-B5-05,SENSOR MODULE,jpy,381921.0,371227.0,-10694.0,cr,Supplier Negotiation,Operational-driven
forecast,2025-08,B5,UQ-B5-05,SENSOR MODULE,jpy,358706.0,349161.0,-9545.0,cr,Alternative Material Substitution,Engineering-driven
forecast,2025-09,B5,UQ-B5-05,SENSOR MODULE,jpy,335440.0,344784.0,9344.0,cu,Engineering Change / Spec Upgrade,Engineering-driven
forecast,2025-10,B5,UQ-B5-05,SENSOR MODULE,jpy,358033.0,349755.0,-8278.0,cr,Alternative Material Substitution,Engineering-driven
forecast,2024-11,B6,SH-CATB-D01,PANEL BOTTOM AS,domestic,134348.0,131013.0,-3335.0,cr,Localization / Local Sourcing,Operational-driven
forecast,2024-12,B6,SH-CATB-D01,PANEL BOTTOM AS,domestic,128910.0,126091.0,-2819.0,cr,Alternative Material Substitution,Engineering-driven
forecast,2025-01,B6,SH-CATB-D01,PANEL BOTTOM AS,domestic,123207.0,119645.0,-3562.0,cr,Alternative Material Substitution,Engineering-driven
forecast,2025-02,B6,SH-CATB-D01,PANEL BOTTOM AS,domestic,111757.0,109004.0,-2753.0,cr,VA/VE Improvement,Engineering-driven
forecast,2025-03,B6,SH-CATB-D01,PANEL BOTTOM AS,domestic,103982.0,101821.0,-2161.0,cr,Process Improvement (Yield Up),Operational-driven
forecast,2025-04,B6,SH-CATB-D01,PANEL BOTTOM AS,domestic,101708.0,99257.0,-2451.0,cr,Localization / Local Sourcing,Operational-driven
forecast,2025-05,B6,SH-CATB-D01,PANEL BOTTOM AS,domestic,94151.0,91752.0,-2399.0,cr,Process Improvement (Yield Up),Operational-driven
forecast,2025-06,B6,SH-CATB-D01,PANEL BOTTOM AS,domestic,87989.0,85689.0,-2300.0,cr,Localization / Local Sourcing,Operational-driven
forecast,2025-07,B6,SH-CATB-D01,PANEL BOTTOM AS,domestic,85585.0,83070.0,-2515.0,cr,Alternative Material Substitution,Engineering-driven
forecast,2025-08,B6,SH-CATB-D01,PANEL BOTTOM AS,domestic,78415.0,80245.0,1830.0,cu,Yield/Scrap Rate Increase,Operational-driven
forecast,2025-09,B6,SH-CATB-D01,PANEL BOTTOM AS,domestic,84428.0,84428.0,0.0,,,
forecast,2025-10,B6,SH-CATB-D01,PANEL BOTTOM AS,domestic,84428.0,86219.0,1791.0,cu,Raw Material Price Increase,Market-driven
forecast,2024-11,B6,SH-CATB-U01,CONNECTOR HOUSING,usd,58561.0,57064.0,-1497.0,cr,Localization / Local Sourcing,Operational-driven
forecast,2024-12,B6,SH-CATB-U01,CONNECTOR HOUSING,usd,54352.0,52832.0,-1520.0,cr,Process Improvement (Yield Up),Operational-driven
forecast,2025-01,B6,SH-CATB-U01,CONNECTOR HOUSING,usd,49649.0,48206.0,-1443.0,cr,Alternative Material Substitution,Engineering-driven
forecast,2025-02,B6,SH-CATB-U01,CONNECTOR HOUSING,usd,48318.0,47279.0,-1039.0,cr,Localization / Local Sourcing,Operational-driven
forecast,2025-03,B6,SH-CATB-U01,CONNECTOR HOUSING,usd,45900.0,44673.0,-1227.0,cr,Localization / Local Sourcing,Operational-driven
forecast,2025-04,B6,SH-CATB-U01,CONNECTOR HOUSING,usd,44561.0,43239.0,-1322.0,cr,Localization / Local Sourcing,Operational-driven
forecast,2025-05,B6,SH-CATB-U01,CONNECTOR HOUSING,usd,42100.0,42100.0,0.0,,,
forecast,2025-06,B6,SH-CATB-U01,CONNECTOR HOUSING,usd,42100.0,43348.0,1248.0,cu,Raw Material Price Increase,Market-driven
forecast,2025-07,B6,SH-CATB-U01,CONNECTOR HOUSING,usd,45835.0,44554.0,-1281.0,cr,Localization / Local Sourcing,Operational-driven
forecast,2025-08,B6,SH-CATB-U01,CONNECTOR HOUSING,usd,42153.0,41220.0,-933.0,cr,Supplier Negotiation,Operational-driven
forecast,2025-09,B6,SH-CATB-U01,CONNECTOR HOUSING,usd,39350.0,40394.0,1044.0,cu,Supplier Change (Higher Cost Source),Market-driven
forecast,2025-10,B6,SH-CATB-U01,CONNECTOR HOUSING,usd,40878.0,39856.0,-1022.0,cr,Supplier Negotiation,Operational-driven
forecast,2024-11,B6,SH-IDX06,PRECISION GEAR,jpy,48576.0,48576.0,0.0,,,
forecast,2024-12,B6,SH-IDX06,PRECISION GEAR,jpy,48576.0,47295.0,-1281.0,cr,Process Improvement (Yield Up),Operational-driven
forecast,2025-01,B6,SH-IDX06,PRECISION GEAR,jpy,45631.0,44593.0,-1038.0,cr,Localization / Local Sourcing,Operational-driven
forecast,2025-02,B6,SH-IDX06,PRECISION GEAR,jpy,44649.0,43683.0,-966.0,cr,Supplier Negotiation,Operational-driven
forecast,2025-03,B6,SH-IDX06,PRECISION GEAR,jpy,42313.0,41235.0,-1078.0,cr,Supplier Negotiation,Operational-driven
forecast,2025-04,B6,SH-IDX06,PRECISION GEAR,jpy,41202.0,40133.0,-1069.0,cr,Process Improvement (Yield Up),Operational-driven
forecast,2025-05,B6,SH-IDX06,PRECISION GEAR,jpy,39698.0,40718.0,1020.0,cu,Engineering Change / Spec Upgrade,Engineering-driven
forecast,2025-06,B6,SH-IDX06,PRECISION GEAR,jpy,42574.0,43822.0,1248.0,cu,Yield/Scrap Rate Increase,Operational-driven
forecast,2025-07,B6,SH-IDX06,PRECISION GEAR,jpy,44440.0,43295.0,-1145.0,cr,Alternative Material Substitution,Engineering-driven
forecast,2025-08,B6,SH-IDX06,PRECISION GEAR,jpy,41513.0,40422.0,-1091.0,cr,VA/VE Improvement,Engineering-driven
forecast,2025-09,B6,SH-IDX06,PRECISION GEAR,jpy,37740.0,36726.0,-1014.0,cr,Process Improvement (Yield Up),Operational-driven
forecast,2025-10,B6,SH-IDX06,PRECISION GEAR,jpy,36585.0,35844.0,-741.0,cr,VA/VE Improvement,Engineering-driven
forecast,2024-11,B6,UQ-B6-01,PANEL FRONT AS,domestic,370973.0,370973.0,0.0,,,
forecast,2024-12,B6,UQ-B6-01,PANEL FRONT AS,domestic,370973.0,381727.0,10754.0,cu,Raw Material Price Increase,Market-driven
forecast,2025-01,B6,UQ-B6-01,PANEL FRONT AS,domestic,395605.0,407153.0,11548.0,cu,Logistics/Freight Cost Increase,Market-driven
forecast,2025-02,B6,UQ-B6-01,PANEL FRONT AS,domestic,409664.0,400234.0,-9430.0,cr,Process Improvement (Yield Up),Operational-driven
forecast,2025-03,B6,UQ-B6-01,PANEL FRONT AS,domestic,398885.0,407921.0,9036.0,cu,Logistics/Freight Cost Increase,Market-driven
forecast,2025-04,B6,UQ-B6-01,PANEL FRONT AS,domestic,425587.0,434312.0,8725.0,cu,Logistics/Freight Cost Increase,Market-driven
forecast,2025-05,B6,UQ-B6-01,PANEL FRONT AS,domestic,453045.0,463735.0,10690.0,cu,Supplier Change (Higher Cost Source),Market-driven
forecast,2025-06,B6,UQ-B6-01,PANEL FRONT AS,domestic,490225.0,479208.0,-11017.0,cr,Process Improvement (Yield Up),Operational-driven
forecast,2025-07,B6,UQ-B6-01,PANEL FRONT AS,domestic,468826.0,481508.0,12682.0,cu,Yield/Scrap Rate Increase,Operational-driven
forecast,2025-08,B6,UQ-B6-01,PANEL FRONT AS,domestic,508296.0,520444.0,12148.0,cu,Yield/Scrap Rate Increase,Operational-driven
forecast,2025-09,B6,UQ-B6-01,PANEL FRONT AS,domestic,535324.0,546410.0,11086.0,cu,Logistics/Freight Cost Increase,Market-driven
forecast,2025-10,B6,UQ-B6-01,PANEL FRONT AS,domestic,565198.0,578804.0,13606.0,cu,Engineering Change / Spec Upgrade,Engineering-driven
forecast,2024-11,B6,UQ-B6-02,BRACKET SUPPORT,domestic,379536.0,389778.0,10242.0,cu,Engineering Change / Spec Upgrade,Engineering-driven
forecast,2024-12,B6,UQ-B6-02,BRACKET SUPPORT,domestic,399556.0,408608.0,9052.0,cu,Yield/Scrap Rate Increase,Operational-driven
forecast,2025-01,B6,UQ-B6-02,BRACKET SUPPORT,domestic,422124.0,422124.0,0.0,,,
forecast,2025-02,B6,UQ-B6-02,BRACKET SUPPORT,domestic,422124.0,432088.0,9964.0,cu,Raw Material Price Increase,Market-driven
forecast,2025-03,B6,UQ-B6-02,BRACKET SUPPORT,domestic,444505.0,454953.0,10448.0,cu,Raw Material Price Increase,Market-driven
forecast,2025-04,B6,UQ-B6-02,BRACKET SUPPORT,domestic,472344.0,458872.0,-13472.0,cr,Process Improvement (Yield Up),Operational-driven
forecast,2025-05,B6,UQ-B6-02,BRACKET SUPPORT,domestic,435135.0,445852.0,10717.0,cu,Supplier Change (Higher Cost Source),Market-driven
forecast,2025-06,B6,UQ-B6-02,BRACKET SUPPORT,domestic,464389.0,454514.0,-9875.0,cr,VA/VE Improvement,Engineering-driven
forecast,2025-07,B6,UQ-B6-02,BRACKET SUPPORT,domestic,436678.0,447290.0,10612.0,cu,Logistics/Freight Cost Increase,Market-driven
forecast,2025-08,B6,UQ-B6-02,BRACKET SUPPORT,domestic,464136.0,474373.0,10237.0,cu,Supplier Change (Higher Cost Source),Market-driven
forecast,2025-09,B6,UQ-B6-02,BRACKET SUPPORT,domestic,486245.0,498852.0,12607.0,cu,Supplier Change (Higher Cost Source),Market-driven
forecast,2025-10,B6,UQ-B6-02,BRACKET SUPPORT,domestic,515277.0,525941.0,10664.0,cu,Engineering Change / Spec Upgrade,Engineering-driven
forecast,2024-11,B6,UQ-B6-03,IC CHIP CONTROL,usd,749795.0,729484.0,-20311.0,cr,Localization / Local Sourcing,Operational-driven
forecast,2024-12,B6,UQ-B6-03,IC CHIP CONTROL,usd,719940.0,739532.0,19592.0,cu,Yield/Scrap Rate Increase,Operational-driven
forecast,2025-01,B6,UQ-B6-03,IC CHIP CONTROL,usd,758786.0,780549.0,21763.0,cu,Yield/Scrap Rate Increase,Operational-driven
forecast,2025-02,B6,UQ-B6-03,IC CHIP CONTROL,usd,802142.0,825435.0,23293.0,cu,Logistics/Freight Cost Increase,Market-driven
forecast,2025-03,B6,UQ-B6-03,IC CHIP CONTROL,usd,816782.0,833511.0,16729.0,cu,Engineering Change / Spec Upgrade,Engineering-driven
forecast,2025-04,B6,UQ-B6-03,IC CHIP CONTROL,usd,869628.0,889740.0,20112.0,cu,Raw Material Price Increase,Market-driven
forecast,2025-05,B6,UQ-B6-03,IC CHIP CONTROL,usd,886308.0,864266.0,-22042.0,cr,Localization / Local Sourcing,Operational-driven
forecast,2025-06,B6,UQ-B6-03,IC CHIP CONTROL,usd,863744.0,881266.0,17522.0,cu,Supplier Change (Higher Cost Source),Market-driven
forecast,2025-07,B6,UQ-B6-03,IC CHIP CONTROL,usd,923547.0,947235.0,23688.0,cu,Logistics/Freight Cost Increase,Market-driven
forecast,2025-08,B6,UQ-B6-03,IC CHIP CONTROL,usd,957083.0,957083.0,0.0,,,
forecast,2025-09,B6,UQ-B6-03,IC CHIP CONTROL,usd,957083.0,983375.0,26292.0,cu,Supplier Change (Higher Cost Source),Market-driven
forecast,2025-10,B6,UQ-B6-03,IC CHIP CONTROL,usd,987217.0,1010589.0,23372.0,cu,Raw Material Price Increase,Market-driven
forecast,2024-11,B6,UQ-B6-04,MOTOR UNIT,jpy,622198.0,607410.0,-14788.0,cr,Process Improvement (Yield Up),Operational-driven
forecast,2024-12,B6,UQ-B6-04,MOTOR UNIT,jpy,577888.0,592475.0,14587.0,cu,Yield/Scrap Rate Increase,Operational-driven
forecast,2025-01,B6,UQ-B6-04,MOTOR UNIT,jpy,619811.0,607126.0,-12685.0,cr,Localization / Local Sourcing,Operational-driven
forecast,2025-02,B6,UQ-B6-04,MOTOR UNIT,jpy,582748.0,582748.0,0.0,,,
forecast,2025-03,B6,UQ-B6-04,MOTOR UNIT,jpy,582748.0,565446.0,-17302.0,cr,Alternative Material Substitution,Engineering-driven
forecast,2025-04,B6,UQ-B6-04,MOTOR UNIT,jpy,548938.0,533797.0,-15141.0,cr,Localization / Local Sourcing,Operational-driven
forecast,2025-05,B6,UQ-B6-04,MOTOR UNIT,jpy,540707.0,526613.0,-14094.0,cr,Process Improvement (Yield Up),Operational-driven
forecast,2025-06,B6,UQ-B6-04,MOTOR UNIT,jpy,498633.0,510227.0,11594.0,cu,Engineering Change / Spec Upgrade,Engineering-driven
forecast,2025-07,B6,UQ-B6-04,MOTOR UNIT,jpy,523774.0,510379.0,-13395.0,cr,Localization / Local Sourcing,Operational-driven
forecast,2025-08,B6,UQ-B6-04,MOTOR UNIT,jpy,509630.0,495389.0,-14241.0,cr,Process Improvement (Yield Up),Operational-driven
forecast,2025-09,B6,UQ-B6-04,MOTOR UNIT,jpy,460088.0,450380.0,-9708.0,cr,Supplier Negotiation,Operational-driven
forecast,2025-10,B6,UQ-B6-04,MOTOR UNIT,jpy,451377.0,440130.0,-11247.0,cr,Localization / Local Sourcing,Operational-driven
forecast,2024-11,B6,UQ-B6-05,SENSOR MODULE,jpy,565408.0,580505.0,15097.0,cu,Yield/Scrap Rate Increase,Operational-driven
forecast,2024-12,B6,UQ-B6-05,SENSOR MODULE,jpy,581572.0,567729.0,-13843.0,cr,Supplier Negotiation,Operational-driven
forecast,2025-01,B6,UQ-B6-05,SENSOR MODULE,jpy,568013.0,555060.0,-12953.0,cr,VA/VE Improvement,Engineering-driven
forecast,2025-02,B6,UQ-B6-05,SENSOR MODULE,jpy,535821.0,521752.0,-14069.0,cr,Supplier Negotiation,Operational-driven
forecast,2025-03,B6,UQ-B6-05,SENSOR MODULE,jpy,507375.0,495306.0,-12069.0,cr,VA/VE Improvement,Engineering-driven
forecast,2025-04,B6,UQ-B6-05,SENSOR MODULE,jpy,486641.0,486641.0,0.0,,,
forecast,2025-05,B6,UQ-B6-05,SENSOR MODULE,jpy,486641.0,476227.0,-10414.0,cr,VA/VE Improvement,Engineering-driven
forecast,2025-06,B6,UQ-B6-05,SENSOR MODULE,jpy,474657.0,461030.0,-13627.0,cr,Process Improvement (Yield Up),Operational-driven
forecast,2025-07,B6,UQ-B6-05,SENSOR MODULE,jpy,445673.0,433018.0,-12655.0,cr,Supplier Negotiation,Operational-driven
forecast,2025-08,B6,UQ-B6-05,SENSOR MODULE,jpy,412915.0,400789.0,-12126.0,cr,Process Improvement (Yield Up),Operational-driven
forecast,2025-09,B6,UQ-B6-05,SENSOR MODULE,jpy,368627.0,378719.0,10092.0,cu,Logistics/Freight Cost Increase,Market-driven
forecast,2025-10,B6,UQ-B6-05,SENSOR MODULE,jpy,384464.0,374765.0,-9699.0,cr,Localization / Local Sourcing,Operational-driven
forecast,2024-11,B6,SH-EVEN-01,TAPE PU-F,domestic,70295.0,72153.0,1858.0,cu,Raw Material Price Increase,Market-driven
forecast,2024-12,B6,SH-EVEN-01,TAPE PU-F,domestic,75075.0,77289.0,2214.0,cu,Raw Material Price Increase,Market-driven
forecast,2025-01,B6,SH-EVEN-01,TAPE PU-F,domestic,80181.0,81820.0,1639.0,cu,Engineering Change / Spec Upgrade,Engineering-driven
forecast,2025-02,B6,SH-EVEN-01,TAPE PU-F,domestic,82639.0,85022.0,2383.0,cu,Engineering Change / Spec Upgrade,Engineering-driven
forecast,2025-03,B6,SH-EVEN-01,TAPE PU-F,domestic,87878.0,90500.0,2622.0,cu,Engineering Change / Spec Upgrade,Engineering-driven
forecast,2025-04,B6,SH-EVEN-01,TAPE PU-F,domestic,93563.0,90938.0,-2625.0,cr,VA/VE Improvement,Engineering-driven
forecast,2025-05,B6,SH-EVEN-01,TAPE PU-F,domestic,89152.0,91079.0,1927.0,cu,Supplier Change (Higher Cost Source),Market-driven
forecast,2025-06,B6,SH-EVEN-01,TAPE PU-F,domestic,94914.0,97552.0,2638.0,cu,Supplier Change (Higher Cost Source),Market-driven
forecast,2025-07,B6,SH-EVEN-01,TAPE PU-F,domestic,101876.0,99278.0,-2598.0,cr,Process Improvement (Yield Up),Operational-driven
forecast,2025-08,B6,SH-EVEN-01,TAPE PU-F,domestic,94152.0,96788.0,2636.0,cu,Supplier Change (Higher Cost Source),Market-driven
forecast,2025-09,B6,SH-EVEN-01,TAPE PU-F,domestic,96785.0,96785.0,0.0,,,
forecast,2025-10,B6,SH-EVEN-01,TAPE PU-F,domestic,96785.0,99648.0,2863.0,cu,Yield/Scrap Rate Increase,Operational-driven
forecast,2024-11,B6,SH-EVEN-02,RESIN COMPOUND,usd,19042.0,19548.0,506.0,cu,Supplier Change (Higher Cost Source),Market-driven
forecast,2024-12,B6,SH-EVEN-02,RESIN COMPOUND,usd,19491.0,20013.0,522.0,cu,Supplier Change (Higher Cost Source),Market-driven
forecast,2025-01,B6,SH-EVEN-02,RESIN COMPOUND,usd,20366.0,20818.0,452.0,cu,Raw Material Price Increase,Market-driven
forecast,2025-02,B6,SH-EVEN-02,RESIN COMPOUND,usd,20895.0,21394.0,499.0,cu,Logistics/Freight Cost Increase,Market-driven
forecast,2025-03,B6,SH-EVEN-02,RESIN COMPOUND,usd,21472.0,21914.0,442.0,cu,Logistics/Freight Cost Increase,Market-driven
forecast,2025-04,B6,SH-EVEN-02,RESIN COMPOUND,usd,22839.0,22839.0,0.0,,,
forecast,2025-05,B6,SH-EVEN-02,RESIN COMPOUND,usd,22839.0,22349.0,-490.0,cr,Localization / Local Sourcing,Operational-driven
forecast,2025-06,B6,SH-EVEN-02,RESIN COMPOUND,usd,21574.0,22093.0,519.0,cu,Logistics/Freight Cost Increase,Market-driven
forecast,2025-07,B6,SH-EVEN-02,RESIN COMPOUND,usd,22763.0,22214.0,-549.0,cr,Alternative Material Substitution,Engineering-driven
forecast,2025-08,B6,SH-EVEN-02,RESIN COMPOUND,usd,21147.0,21602.0,455.0,cu,Raw Material Price Increase,Market-driven
forecast,2025-09,B6,SH-EVEN-02,RESIN COMPOUND,usd,22059.0,22634.0,575.0,cu,Engineering Change / Spec Upgrade,Engineering-driven
forecast,2025-10,B6,SH-EVEN-02,RESIN COMPOUND,usd,23441.0,24025.0,584.0,cu,Yield/Scrap Rate Increase,Operational-driven
forecast,2024-11,B7,SH-CATB-D01,PANEL BOTTOM AS,domestic,134348.0,131013.0,-3335.0,cr,Localization / Local Sourcing,Operational-driven
forecast,2024-12,B7,SH-CATB-D01,PANEL BOTTOM AS,domestic,128910.0,126091.0,-2819.0,cr,Alternative Material Substitution,Engineering-driven
forecast,2025-01,B7,SH-CATB-D01,PANEL BOTTOM AS,domestic,123207.0,119645.0,-3562.0,cr,Alternative Material Substitution,Engineering-driven
forecast,2025-02,B7,SH-CATB-D01,PANEL BOTTOM AS,domestic,111757.0,109004.0,-2753.0,cr,VA/VE Improvement,Engineering-driven
forecast,2025-03,B7,SH-CATB-D01,PANEL BOTTOM AS,domestic,103982.0,101821.0,-2161.0,cr,Process Improvement (Yield Up),Operational-driven
forecast,2025-04,B7,SH-CATB-D01,PANEL BOTTOM AS,domestic,101708.0,99257.0,-2451.0,cr,Localization / Local Sourcing,Operational-driven
forecast,2025-05,B7,SH-CATB-D01,PANEL BOTTOM AS,domestic,94151.0,91752.0,-2399.0,cr,Process Improvement (Yield Up),Operational-driven
forecast,2025-06,B7,SH-CATB-D01,PANEL BOTTOM AS,domestic,87989.0,85689.0,-2300.0,cr,Localization / Local Sourcing,Operational-driven
forecast,2025-07,B7,SH-CATB-D01,PANEL BOTTOM AS,domestic,85585.0,83070.0,-2515.0,cr,Alternative Material Substitution,Engineering-driven
forecast,2025-08,B7,SH-CATB-D01,PANEL BOTTOM AS,domestic,78415.0,80245.0,1830.0,cu,Yield/Scrap Rate Increase,Operational-driven
forecast,2025-09,B7,SH-CATB-D01,PANEL BOTTOM AS,domestic,84428.0,84428.0,0.0,,,
forecast,2025-10,B7,SH-CATB-D01,PANEL BOTTOM AS,domestic,84428.0,86219.0,1791.0,cu,Raw Material Price Increase,Market-driven
forecast,2024-11,B7,SH-CATB-U01,CONNECTOR HOUSING,usd,58561.0,57064.0,-1497.0,cr,Localization / Local Sourcing,Operational-driven
forecast,2024-12,B7,SH-CATB-U01,CONNECTOR HOUSING,usd,54352.0,52832.0,-1520.0,cr,Process Improvement (Yield Up),Operational-driven
forecast,2025-01,B7,SH-CATB-U01,CONNECTOR HOUSING,usd,49649.0,48206.0,-1443.0,cr,Alternative Material Substitution,Engineering-driven
forecast,2025-02,B7,SH-CATB-U01,CONNECTOR HOUSING,usd,48318.0,47279.0,-1039.0,cr,Localization / Local Sourcing,Operational-driven
forecast,2025-03,B7,SH-CATB-U01,CONNECTOR HOUSING,usd,45900.0,44673.0,-1227.0,cr,Localization / Local Sourcing,Operational-driven
forecast,2025-04,B7,SH-CATB-U01,CONNECTOR HOUSING,usd,44561.0,43239.0,-1322.0,cr,Localization / Local Sourcing,Operational-driven
forecast,2025-05,B7,SH-CATB-U01,CONNECTOR HOUSING,usd,42100.0,42100.0,0.0,,,
forecast,2025-06,B7,SH-CATB-U01,CONNECTOR HOUSING,usd,42100.0,43348.0,1248.0,cu,Raw Material Price Increase,Market-driven
forecast,2025-07,B7,SH-CATB-U01,CONNECTOR HOUSING,usd,45835.0,44554.0,-1281.0,cr,Localization / Local Sourcing,Operational-driven
forecast,2025-08,B7,SH-CATB-U01,CONNECTOR HOUSING,usd,42153.0,41220.0,-933.0,cr,Supplier Negotiation,Operational-driven
forecast,2025-09,B7,SH-CATB-U01,CONNECTOR HOUSING,usd,39350.0,40394.0,1044.0,cu,Supplier Change (Higher Cost Source),Market-driven
forecast,2025-10,B7,SH-CATB-U01,CONNECTOR HOUSING,usd,40878.0,39856.0,-1022.0,cr,Supplier Negotiation,Operational-driven
forecast,2024-11,B7,SH-IDX07,PRECISION GEAR,jpy,203264.0,203264.0,0.0,,,
forecast,2024-12,B7,SH-IDX07,PRECISION GEAR,jpy,203264.0,197674.0,-5590.0,cr,Supplier Negotiation,Operational-driven
forecast,2025-01,B7,SH-IDX07,PRECISION GEAR,jpy,186811.0,181841.0,-4970.0,cr,VA/VE Improvement,Engineering-driven
forecast,2025-02,B7,SH-IDX07,PRECISION GEAR,jpy,173296.0,168874.0,-4422.0,cr,Process Improvement (Yield Up),Operational-driven
forecast,2025-03,B7,SH-IDX07,PRECISION GEAR,jpy,162366.0,157605.0,-4761.0,cr,Localization / Local Sourcing,Operational-driven
forecast,2025-04,B7,SH-IDX07,PRECISION GEAR,jpy,152465.0,149251.0,-3214.0,cr,Localization / Local Sourcing,Operational-driven
forecast,2025-05,B7,SH-IDX07,PRECISION GEAR,jpy,145383.0,149590.0,4207.0,cu,Yield/Scrap Rate Increase,Operational-driven
forecast,2025-06,B7,SH-IDX07,PRECISION GEAR,jpy,154399.0,157539.0,3140.0,cu,Yield/Scrap Rate Increase,Operational-driven
forecast,2025-07,B7,SH-IDX07,PRECISION GEAR,jpy,161975.0,158044.0,-3931.0,cr,Localization / Local Sourcing,Operational-driven
forecast,2025-08,B7,SH-IDX07,PRECISION GEAR,jpy,154112.0,150317.0,-3795.0,cr,Alternative Material Substitution,Engineering-driven
forecast,2025-09,B7,SH-IDX07,PRECISION GEAR,jpy,143056.0,139790.0,-3266.0,cr,Supplier Negotiation,Operational-driven
forecast,2025-10,B7,SH-IDX07,PRECISION GEAR,jpy,137044.0,133692.0,-3352.0,cr,Localization / Local Sourcing,Operational-driven
forecast,2024-11,B7,UQ-B7-01,PANEL FRONT AS,domestic,520063.0,520063.0,0.0,,,
forecast,2024-12,B7,UQ-B7-01,PANEL FRONT AS,domestic,520063.0,535396.0,15333.0,cu,Raw Material Price Increase,Market-driven
forecast,2025-01,B7,UQ-B7-01,PANEL FRONT AS,domestic,537007.0,547924.0,10917.0,cu,Supplier Change (Higher Cost Source),Market-driven
forecast,2025-02,B7,UQ-B7-01,PANEL FRONT AS,domestic,546500.0,535072.0,-11428.0,cr,Localization / Local Sourcing,Operational-driven
forecast,2025-03,B7,UQ-B7-01,PANEL FRONT AS,domestic,535604.0,550755.0,15151.0,cu,Yield/Scrap Rate Increase,Operational-driven
forecast,2025-04,B7,UQ-B7-01,PANEL FRONT AS,domestic,575973.0,588290.0,12317.0,cu,Logistics/Freight Cost Increase,Market-driven
forecast,2025-05,B7,UQ-B7-01,PANEL FRONT AS,domestic,594990.0,611254.0,16264.0,cu,Raw Material Price Increase,Market-driven
forecast,2025-06,B7,UQ-B7-01,PANEL FRONT AS,domestic,642609.0,628889.0,-13720.0,cr,VA/VE Improvement,Engineering-driven
forecast,2025-07,B7,UQ-B7-01,PANEL FRONT AS,domestic,626146.0,643462.0,17316.0,cu,Engineering Change / Spec Upgrade,Engineering-driven
forecast,2025-08,B7,UQ-B7-01,PANEL FRONT AS,domestic,682489.0,700116.0,17627.0,cu,Yield/Scrap Rate Increase,Operational-driven
forecast,2025-09,B7,UQ-B7-01,PANEL FRONT AS,domestic,748184.0,764799.0,16615.0,cu,Engineering Change / Spec Upgrade,Engineering-driven
forecast,2025-10,B7,UQ-B7-01,PANEL FRONT AS,domestic,785826.0,804645.0,18819.0,cu,Yield/Scrap Rate Increase,Operational-driven
forecast,2024-11,B7,UQ-B7-02,BRACKET SUPPORT,domestic,363445.0,373151.0,9706.0,cu,Yield/Scrap Rate Increase,Operational-driven
forecast,2024-12,B7,UQ-B7-02,BRACKET SUPPORT,domestic,381390.0,390700.0,9310.0,cu,Engineering Change / Spec Upgrade,Engineering-driven
forecast,2025-01,B7,UQ-B7-02,BRACKET SUPPORT,domestic,391489.0,391489.0,0.0,,,
forecast,2025-02,B7,UQ-B7-02,BRACKET SUPPORT,domestic,391489.0,401185.0,9696.0,cu,Logistics/Freight Cost Increase,Market-driven
forecast,2025-03,B7,UQ-B7-02,BRACKET SUPPORT,domestic,413453.0,424563.0,11110.0,cu,Logistics/Freight Cost Increase,Market-driven
forecast,2025-04,B7,UQ-B7-02,BRACKET SUPPORT,domestic,437017.0,424367.0,-12650.0,cr,VA/VE Improvement,Engineering-driven
forecast,2025-05,B7,UQ-B7-02,BRACKET SUPPORT,domestic,420900.0,433073.0,12173.0,cu,Yield/Scrap Rate Increase,Operational-driven
forecast,2025-06,B7,UQ-B7-02,BRACKET SUPPORT,domestic,452680.0,440921.0,-11759.0,cr,VA/VE Improvement,Engineering-driven
forecast,2025-07,B7,UQ-B7-02,BRACKET SUPPORT,domestic,431002.0,440929.0,9927.0,cu,Supplier Change (Higher Cost Source),Market-driven
forecast,2025-08,B7,UQ-B7-02,BRACKET SUPPORT,domestic,440736.0,451332.0,10596.0,cu,Logistics/Freight Cost Increase,Market-driven
forecast,2025-09,B7,UQ-B7-02,BRACKET SUPPORT,domestic,476715.0,486508.0,9793.0,cu,Engineering Change / Spec Upgrade,Engineering-driven
forecast,2025-10,B7,UQ-B7-02,BRACKET SUPPORT,domestic,486773.0,500118.0,13345.0,cu,Logistics/Freight Cost Increase,Market-driven
forecast,2024-11,B7,UQ-B7-03,IC CHIP CONTROL,usd,456656.0,445867.0,-10789.0,cr,Supplier Negotiation,Operational-driven
forecast,2024-12,B7,UQ-B7-03,IC CHIP CONTROL,usd,419976.0,431275.0,11299.0,cu,Engineering Change / Spec Upgrade,Engineering-driven
forecast,2025-01,B7,UQ-B7-03,IC CHIP CONTROL,usd,443143.0,452924.0,9781.0,cu,Logistics/Freight Cost Increase,Market-driven
forecast,2025-02,B7,UQ-B7-03,IC CHIP CONTROL,usd,471982.0,483873.0,11891.0,cu,Engineering Change / Spec Upgrade,Engineering-driven
forecast,2025-03,B7,UQ-B7-03,IC CHIP CONTROL,usd,478677.0,492076.0,13399.0,cu,Raw Material Price Increase,Market-driven
forecast,2025-04,B7,UQ-B7-03,IC CHIP CONTROL,usd,500638.0,514321.0,13683.0,cu,Supplier Change (Higher Cost Source),Market-driven
forecast,2025-05,B7,UQ-B7-03,IC CHIP CONTROL,usd,539600.0,524423.0,-15177.0,cr,VA/VE Improvement,Engineering-driven
forecast,2025-06,B7,UQ-B7-03,IC CHIP CONTROL,usd,514696.0,528283.0,13587.0,cu,Yield/Scrap Rate Increase,Operational-driven
forecast,2025-07,B7,UQ-B7-03,IC CHIP CONTROL,usd,536796.0,548541.0,11745.0,cu,Logistics/Freight Cost Increase,Market-driven
forecast,2025-08,B7,UQ-B7-03,IC CHIP CONTROL,usd,549701.0,549701.0,0.0,,,
forecast,2025-09,B7,UQ-B7-03,IC CHIP CONTROL,usd,549701.0,565796.0,16095.0,cu,Engineering Change / Spec Upgrade,Engineering-driven
forecast,2025-10,B7,UQ-B7-03,IC CHIP CONTROL,usd,565344.0,582164.0,16820.0,cu,Supplier Change (Higher Cost Source),Market-driven
forecast,2024-11,B7,UQ-B7-04,MOTOR UNIT,jpy,298118.0,291137.0,-6981.0,cr,Alternative Material Substitution,Engineering-driven
forecast,2024-12,B7,UQ-B7-04,MOTOR UNIT,jpy,283944.0,291359.0,7415.0,cu,Engineering Change / Spec Upgrade,Engineering-driven
forecast,2025-01,B7,UQ-B7-04,MOTOR UNIT,jpy,305057.0,296782.0,-8275.0,cr,Alternative Material Substitution,Engineering-driven
forecast,2025-02,B7,UQ-B7-04,MOTOR UNIT,jpy,280938.0,280938.0,0.0,,,
forecast,2025-03,B7,UQ-B7-04,MOTOR UNIT,jpy,280938.0,274424.0,-6514.0,cr,Localization / Local Sourcing,Operational-driven
forecast,2025-04,B7,UQ-B7-04,MOTOR UNIT,jpy,268633.0,262769.0,-5864.0,cr,Alternative Material Substitution,Engineering-driven
forecast,2025-05,B7,UQ-B7-04,MOTOR UNIT,jpy,255261.0,248650.0,-6611.0,cr,Localization / Local Sourcing,Operational-driven
forecast,2025-06,B7,UQ-B7-04,MOTOR UNIT,jpy,238985.0,244594.0,5609.0,cu,Yield/Scrap Rate Increase,Operational-driven
forecast,2025-07,B7,UQ-B7-04,MOTOR UNIT,jpy,250610.0,243687.0,-6923.0,cr,VA/VE Improvement,Engineering-driven
forecast,2025-08,B7,UQ-B7-04,MOTOR UNIT,jpy,233023.0,228217.0,-4806.0,cr,VA/VE Improvement,Engineering-driven
forecast,2025-09,B7,UQ-B7-04,MOTOR UNIT,jpy,218790.0,213597.0,-5193.0,cr,Alternative Material Substitution,Engineering-driven
forecast,2025-10,B7,UQ-B7-04,MOTOR UNIT,jpy,204957.0,199128.0,-5829.0,cr,Alternative Material Substitution,Engineering-driven
forecast,2024-11,B7,UQ-B7-05,SENSOR MODULE,jpy,342169.0,352434.0,10265.0,cu,Logistics/Freight Cost Increase,Market-driven
forecast,2024-12,B7,UQ-B7-05,SENSOR MODULE,jpy,351885.0,342258.0,-9627.0,cr,Localization / Local Sourcing,Operational-driven
forecast,2025-01,B7,UQ-B7-05,SENSOR MODULE,jpy,324619.0,317155.0,-7464.0,cr,VA/VE Improvement,Engineering-driven
forecast,2025-02,B7,UQ-B7-05,SENSOR MODULE,jpy,313107.0,304667.0,-8440.0,cr,Localization / Local Sourcing,Operational-driven
forecast,2025-03,B7,UQ-B7-05,SENSOR MODULE,jpy,282510.0,276379.0,-6131.0,cr,Alternative Material Substitution,Engineering-driven
forecast,2025-04,B7,UQ-B7-05,SENSOR MODULE,jpy,275478.0,275478.0,0.0,,,
forecast,2025-05,B7,UQ-B7-05,SENSOR MODULE,jpy,275478.0,268471.0,-7007.0,cr,VA/VE Improvement,Engineering-driven
forecast,2025-06,B7,UQ-B7-05,SENSOR MODULE,jpy,262348.0,256866.0,-5482.0,cr,Process Improvement (Yield Up),Operational-driven
forecast,2025-07,B7,UQ-B7-05,SENSOR MODULE,jpy,252700.0,246116.0,-6584.0,cr,VA/VE Improvement,Engineering-driven
forecast,2025-08,B7,UQ-B7-05,SENSOR MODULE,jpy,244906.0,240006.0,-4900.0,cr,VA/VE Improvement,Engineering-driven
forecast,2025-09,B7,UQ-B7-05,SENSOR MODULE,jpy,227859.0,233856.0,5997.0,cu,Supplier Change (Higher Cost Source),Market-driven
forecast,2025-10,B7,UQ-B7-05,SENSOR MODULE,jpy,234347.0,227696.0,-6651.0,cr,Alternative Material Substitution,Engineering-driven
forecast,2024-11,B8,SH-CATB-D01,PANEL BOTTOM AS,domestic,134348.0,131013.0,-3335.0,cr,Localization / Local Sourcing,Operational-driven
forecast,2024-12,B8,SH-CATB-D01,PANEL BOTTOM AS,domestic,128910.0,126091.0,-2819.0,cr,Alternative Material Substitution,Engineering-driven
forecast,2025-01,B8,SH-CATB-D01,PANEL BOTTOM AS,domestic,123207.0,119645.0,-3562.0,cr,Alternative Material Substitution,Engineering-driven
forecast,2025-02,B8,SH-CATB-D01,PANEL BOTTOM AS,domestic,111757.0,109004.0,-2753.0,cr,VA/VE Improvement,Engineering-driven
forecast,2025-03,B8,SH-CATB-D01,PANEL BOTTOM AS,domestic,103982.0,101821.0,-2161.0,cr,Process Improvement (Yield Up),Operational-driven
forecast,2025-04,B8,SH-CATB-D01,PANEL BOTTOM AS,domestic,101708.0,99257.0,-2451.0,cr,Localization / Local Sourcing,Operational-driven
forecast,2025-05,B8,SH-CATB-D01,PANEL BOTTOM AS,domestic,94151.0,91752.0,-2399.0,cr,Process Improvement (Yield Up),Operational-driven
forecast,2025-06,B8,SH-CATB-D01,PANEL BOTTOM AS,domestic,87989.0,85689.0,-2300.0,cr,Localization / Local Sourcing,Operational-driven
forecast,2025-07,B8,SH-CATB-D01,PANEL BOTTOM AS,domestic,85585.0,83070.0,-2515.0,cr,Alternative Material Substitution,Engineering-driven
forecast,2025-08,B8,SH-CATB-D01,PANEL BOTTOM AS,domestic,78415.0,80245.0,1830.0,cu,Yield/Scrap Rate Increase,Operational-driven
forecast,2025-09,B8,SH-CATB-D01,PANEL BOTTOM AS,domestic,84428.0,84428.0,0.0,,,
forecast,2025-10,B8,SH-CATB-D01,PANEL BOTTOM AS,domestic,84428.0,86219.0,1791.0,cu,Raw Material Price Increase,Market-driven
forecast,2024-11,B8,SH-CATB-U01,CONNECTOR HOUSING,usd,58561.0,57064.0,-1497.0,cr,Localization / Local Sourcing,Operational-driven
forecast,2024-12,B8,SH-CATB-U01,CONNECTOR HOUSING,usd,54352.0,52832.0,-1520.0,cr,Process Improvement (Yield Up),Operational-driven
forecast,2025-01,B8,SH-CATB-U01,CONNECTOR HOUSING,usd,49649.0,48206.0,-1443.0,cr,Alternative Material Substitution,Engineering-driven
forecast,2025-02,B8,SH-CATB-U01,CONNECTOR HOUSING,usd,48318.0,47279.0,-1039.0,cr,Localization / Local Sourcing,Operational-driven
forecast,2025-03,B8,SH-CATB-U01,CONNECTOR HOUSING,usd,45900.0,44673.0,-1227.0,cr,Localization / Local Sourcing,Operational-driven
forecast,2025-04,B8,SH-CATB-U01,CONNECTOR HOUSING,usd,44561.0,43239.0,-1322.0,cr,Localization / Local Sourcing,Operational-driven
forecast,2025-05,B8,SH-CATB-U01,CONNECTOR HOUSING,usd,42100.0,42100.0,0.0,,,
forecast,2025-06,B8,SH-CATB-U01,CONNECTOR HOUSING,usd,42100.0,43348.0,1248.0,cu,Raw Material Price Increase,Market-driven
forecast,2025-07,B8,SH-CATB-U01,CONNECTOR HOUSING,usd,45835.0,44554.0,-1281.0,cr,Localization / Local Sourcing,Operational-driven
forecast,2025-08,B8,SH-CATB-U01,CONNECTOR HOUSING,usd,42153.0,41220.0,-933.0,cr,Supplier Negotiation,Operational-driven
forecast,2025-09,B8,SH-CATB-U01,CONNECTOR HOUSING,usd,39350.0,40394.0,1044.0,cu,Supplier Change (Higher Cost Source),Market-driven
forecast,2025-10,B8,SH-CATB-U01,CONNECTOR HOUSING,usd,40878.0,39856.0,-1022.0,cr,Supplier Negotiation,Operational-driven
forecast,2024-11,B8,SH-IDX08,PRECISION GEAR,jpy,78230.0,78230.0,0.0,,,
forecast,2024-12,B8,SH-IDX08,PRECISION GEAR,jpy,78230.0,76554.0,-1676.0,cr,VA/VE Improvement,Engineering-driven
forecast,2025-01,B8,SH-IDX08,PRECISION GEAR,jpy,73299.0,71185.0,-2114.0,cr,Localization / Local Sourcing,Operational-driven
forecast,2025-02,B8,SH-IDX08,PRECISION GEAR,jpy,70357.0,68276.0,-2081.0,cr,Supplier Negotiation,Operational-driven
forecast,2025-03,B8,SH-IDX08,PRECISION GEAR,jpy,64084.0,62580.0,-1504.0,cr,Localization / Local Sourcing,Operational-driven
forecast,2025-04,B8,SH-IDX08,PRECISION GEAR,jpy,58979.0,57636.0,-1343.0,cr,Process Improvement (Yield Up),Operational-driven
forecast,2025-05,B8,SH-IDX08,PRECISION GEAR,jpy,54813.0,56374.0,1561.0,cu,Raw Material Price Increase,Market-driven
forecast,2025-06,B8,SH-IDX08,PRECISION GEAR,jpy,58412.0,59988.0,1576.0,cu,Yield/Scrap Rate Increase,Operational-driven
forecast,2025-07,B8,SH-IDX08,PRECISION GEAR,jpy,60313.0,58998.0,-1315.0,cr,Alternative Material Substitution,Engineering-driven
forecast,2025-08,B8,SH-IDX08,PRECISION GEAR,jpy,57606.0,56422.0,-1184.0,cr,VA/VE Improvement,Engineering-driven
forecast,2025-09,B8,SH-IDX08,PRECISION GEAR,jpy,55309.0,53860.0,-1449.0,cr,Localization / Local Sourcing,Operational-driven
forecast,2025-10,B8,SH-IDX08,PRECISION GEAR,jpy,50622.0,49302.0,-1320.0,cr,Supplier Negotiation,Operational-driven
forecast,2024-11,B8,UQ-B8-01,PANEL FRONT AS,domestic,820998.0,820998.0,0.0,,,
forecast,2024-12,B8,UQ-B8-01,PANEL FRONT AS,domestic,820998.0,841676.0,20678.0,cu,Yield/Scrap Rate Increase,Operational-driven
forecast,2025-01,B8,UQ-B8-01,PANEL FRONT AS,domestic,853493.0,877687.0,24194.0,cu,Engineering Change / Spec Upgrade,Engineering-driven
forecast,2025-02,B8,UQ-B8-01,PANEL FRONT AS,domestic,915979.0,893791.0,-22188.0,cr,Supplier Negotiation,Operational-driven
forecast,2025-03,B8,UQ-B8-01,PANEL FRONT AS,domestic,866736.0,884721.0,17985.0,cu,Raw Material Price Increase,Market-driven
forecast,2025-04,B8,UQ-B8-01,PANEL FRONT AS,domestic,902750.0,924926.0,22176.0,cu,Engineering Change / Spec Upgrade,Engineering-driven
forecast,2025-05,B8,UQ-B8-01,PANEL FRONT AS,domestic,958811.0,985420.0,26609.0,cu,Supplier Change (Higher Cost Source),Market-driven
forecast,2025-06,B8,UQ-B8-01,PANEL FRONT AS,domestic,1010587.0,987750.0,-22837.0,cr,Process Improvement (Yield Up),Operational-driven
forecast,2025-07,B8,UQ-B8-01,PANEL FRONT AS,domestic,994950.0,1017159.0,22209.0,cu,Raw Material Price Increase,Market-driven
forecast,2025-08,B8,UQ-B8-01,PANEL FRONT AS,domestic,1030389.0,1054698.0,24309.0,cu,Supplier Change (Higher Cost Source),Market-driven
forecast,2025-09,B8,UQ-B8-01,PANEL FRONT AS,domestic,1114241.0,1137943.0,23702.0,cu,Yield/Scrap Rate Increase,Operational-driven
forecast,2025-10,B8,UQ-B8-01,PANEL FRONT AS,domestic,1132311.0,1163036.0,30725.0,cu,Yield/Scrap Rate Increase,Operational-driven
forecast,2024-11,B8,UQ-B8-02,BRACKET SUPPORT,domestic,751746.0,773129.0,21383.0,cu,Raw Material Price Increase,Market-driven
forecast,2024-12,B8,UQ-B8-02,BRACKET SUPPORT,domestic,799410.0,820692.0,21282.0,cu,Yield/Scrap Rate Increase,Operational-driven
forecast,2025-01,B8,UQ-B8-02,BRACKET SUPPORT,domestic,835443.0,835443.0,0.0,,,
forecast,2025-02,B8,UQ-B8-02,BRACKET SUPPORT,domestic,835443.0,854065.0,18622.0,cu,Raw Material Price Increase,Market-driven
forecast,2025-03,B8,UQ-B8-02,BRACKET SUPPORT,domestic,885947.0,912395.0,26448.0,cu,Engineering Change / Spec Upgrade,Engineering-driven
forecast,2025-04,B8,UQ-B8-02,BRACKET SUPPORT,domestic,959583.0,935802.0,-23781.0,cr,Alternative Material Substitution,Engineering-driven
forecast,2025-05,B8,UQ-B8-02,BRACKET SUPPORT,domestic,901459.0,927524.0,26065.0,cu,Yield/Scrap Rate Increase,Operational-driven
forecast,2025-06,B8,UQ-B8-02,BRACKET SUPPORT,domestic,977190.0,952532.0,-24658.0,cr,Supplier Negotiation,Operational-driven
forecast,2025-07,B8,UQ-B8-02,BRACKET SUPPORT,domestic,937897.0,963109.0,25212.0,cu,Engineering Change / Spec Upgrade,Engineering-driven
forecast,2025-08,B8,UQ-B8-02,BRACKET SUPPORT,domestic,959724.0,981176.0,21452.0,cu,Yield/Scrap Rate Increase,Operational-driven
forecast,2025-09,B8,UQ-B8-02,BRACKET SUPPORT,domestic,1005392.0,1026872.0,21480.0,cu,Engineering Change / Spec Upgrade,Engineering-driven
forecast,2025-10,B8,UQ-B8-02,BRACKET SUPPORT,domestic,1046572.0,1075419.0,28847.0,cu,Engineering Change / Spec Upgrade,Engineering-driven
forecast,2024-11,B8,UQ-B8-03,IC CHIP CONTROL,usd,626448.0,610538.0,-15910.0,cr,VA/VE Improvement,Engineering-driven
forecast,2024-12,B8,UQ-B8-03,IC CHIP CONTROL,usd,615103.0,633290.0,18187.0,cu,Engineering Change / Spec Upgrade,Engineering-driven
forecast,2025-01,B8,UQ-B8-03,IC CHIP CONTROL,usd,673222.0,690326.0,17104.0,cu,Engineering Change / Spec Upgrade,Engineering-driven
forecast,2025-02,B8,UQ-B8-03,IC CHIP CONTROL,usd,722322.0,737508.0,15186.0,cu,Supplier Change (Higher Cost Source),Market-driven
forecast,2025-03,B8,UQ-B8-03,IC CHIP CONTROL,usd,747963.0,766148.0,18185.0,cu,Logistics/Freight Cost Increase,Market-driven
forecast,2025-04,B8,UQ-B8-03,IC CHIP CONTROL,usd,796125.0,818392.0,22267.0,cu,Raw Material Price Increase,Market-driven
forecast,2025-05,B8,UQ-B8-03,IC CHIP CONTROL,usd,815265.0,796587.0,-18678.0,cr,Alternative Material Substitution,Engineering-driven
forecast,2025-06,B8,UQ-B8-03,IC CHIP CONTROL,usd,777860.0,797067.0,19207.0,cu,Raw Material Price Increase,Market-driven
forecast,2025-07,B8,UQ-B8-03,IC CHIP CONTROL,usd,830997.0,854648.0,23651.0,cu,Engineering Change / Spec Upgrade,Engineering-driven
forecast,2025-08,B8,UQ-B8-03,IC CHIP CONTROL,usd,890617.0,890617.0,0.0,,,
forecast,2025-09,B8,UQ-B8-03,IC CHIP CONTROL,usd,890617.0,909954.0,19337.0,cu,Supplier Change (Higher Cost Source),Market-driven
forecast,2025-10,B8,UQ-B8-03,IC CHIP CONTROL,usd,914151.0,938528.0,24377.0,cu,Engineering Change / Spec Upgrade,Engineering-driven
forecast,2024-11,B8,UQ-B8-04,MOTOR UNIT,jpy,185347.0,181016.0,-4331.0,cr,VA/VE Improvement,Engineering-driven
forecast,2024-12,B8,UQ-B8-04,MOTOR UNIT,jpy,180897.0,185134.0,4237.0,cu,Supplier Change (Higher Cost Source),Market-driven
forecast,2025-01,B8,UQ-B8-04,MOTOR UNIT,jpy,192035.0,187926.0,-4109.0,cr,Localization / Local Sourcing,Operational-driven
forecast,2025-02,B8,UQ-B8-04,MOTOR UNIT,jpy,182367.0,182367.0,0.0,,,
forecast,2025-03,B8,UQ-B8-04,MOTOR UNIT,jpy,182367.0,177928.0,-4439.0,cr,Localization / Local Sourcing,Operational-driven
forecast,2025-04,B8,UQ-B8-04,MOTOR UNIT,jpy,178323.0,173461.0,-4862.0,cr,Supplier Negotiation,Operational-driven
forecast,2025-05,B8,UQ-B8-04,MOTOR UNIT,jpy,174331.0,170687.0,-3644.0,cr,Process Improvement (Yield Up),Operational-driven
forecast,2025-06,B8,UQ-B8-04,MOTOR UNIT,jpy,166865.0,171023.0,4158.0,cu,Engineering Change / Spec Upgrade,Engineering-driven
forecast,2025-07,B8,UQ-B8-04,MOTOR UNIT,jpy,173662.0,169539.0,-4123.0,cr,Alternative Material Substitution,Engineering-driven
forecast,2025-08,B8,UQ-B8-04,MOTOR UNIT,jpy,165500.0,161663.0,-3837.0,cr,Alternative Material Substitution,Engineering-driven
forecast,2025-09,B8,UQ-B8-04,MOTOR UNIT,jpy,157291.0,153681.0,-3610.0,cr,Supplier Negotiation,Operational-driven
forecast,2025-10,B8,UQ-B8-04,MOTOR UNIT,jpy,146962.0,143271.0,-3691.0,cr,Supplier Negotiation,Operational-driven
forecast,2024-11,B8,UQ-B8-05,SENSOR MODULE,jpy,164675.0,168589.0,3914.0,cu,Logistics/Freight Cost Increase,Market-driven
forecast,2024-12,B8,UQ-B8-05,SENSOR MODULE,jpy,170195.0,165314.0,-4881.0,cr,Process Improvement (Yield Up),Operational-driven
forecast,2025-01,B8,UQ-B8-05,SENSOR MODULE,jpy,157879.0,153183.0,-4696.0,cr,Localization / Local Sourcing,Operational-driven
forecast,2025-02,B8,UQ-B8-05,SENSOR MODULE,jpy,153375.0,149849.0,-3526.0,cr,Alternative Material Substitution,Engineering-driven
forecast,2025-03,B8,UQ-B8-05,SENSOR MODULE,jpy,142386.0,139246.0,-3140.0,cr,Supplier Negotiation,Operational-driven
forecast,2025-04,B8,UQ-B8-05,SENSOR MODULE,jpy,136552.0,136552.0,0.0,,,
forecast,2025-05,B8,UQ-B8-05,SENSOR MODULE,jpy,136552.0,132916.0,-3636.0,cr,VA/VE Improvement,Engineering-driven
forecast,2025-06,B8,UQ-B8-05,SENSOR MODULE,jpy,127569.0,124041.0,-3528.0,cr,Process Improvement (Yield Up),Operational-driven
forecast,2025-07,B8,UQ-B8-05,SENSOR MODULE,jpy,119511.0,116956.0,-2555.0,cr,Supplier Negotiation,Operational-driven
forecast,2025-08,B8,UQ-B8-05,SENSOR MODULE,jpy,116289.0,113457.0,-2832.0,cr,Supplier Negotiation,Operational-driven
forecast,2025-09,B8,UQ-B8-05,SENSOR MODULE,jpy,108241.0,111096.0,2855.0,cu,Yield/Scrap Rate Increase,Operational-driven
forecast,2025-10,B8,UQ-B8-05,SENSOR MODULE,jpy,117151.0,114681.0,-2470.0,cr,Process Improvement (Yield Up),Operational-driven
forecast,2024-11,B8,SH-EVEN-01,TAPE PU-F,domestic,70295.0,72153.0,1858.0,cu,Raw Material Price Increase,Market-driven
forecast,2024-12,B8,SH-EVEN-01,TAPE PU-F,domestic,75075.0,77289.0,2214.0,cu,Raw Material Price Increase,Market-driven
forecast,2025-01,B8,SH-EVEN-01,TAPE PU-F,domestic,80181.0,81820.0,1639.0,cu,Engineering Change / Spec Upgrade,Engineering-driven
forecast,2025-02,B8,SH-EVEN-01,TAPE PU-F,domestic,82639.0,85022.0,2383.0,cu,Engineering Change / Spec Upgrade,Engineering-driven
forecast,2025-03,B8,SH-EVEN-01,TAPE PU-F,domestic,87878.0,90500.0,2622.0,cu,Engineering Change / Spec Upgrade,Engineering-driven
forecast,2025-04,B8,SH-EVEN-01,TAPE PU-F,domestic,93563.0,90938.0,-2625.0,cr,VA/VE Improvement,Engineering-driven
forecast,2025-05,B8,SH-EVEN-01,TAPE PU-F,domestic,89152.0,91079.0,1927.0,cu,Supplier Change (Higher Cost Source),Market-driven
forecast,2025-06,B8,SH-EVEN-01,TAPE PU-F,domestic,94914.0,97552.0,2638.0,cu,Supplier Change (Higher Cost Source),Market-driven
forecast,2025-07,B8,SH-EVEN-01,TAPE PU-F,domestic,101876.0,99278.0,-2598.0,cr,Process Improvement (Yield Up),Operational-driven
forecast,2025-08,B8,SH-EVEN-01,TAPE PU-F,domestic,94152.0,96788.0,2636.0,cu,Supplier Change (Higher Cost Source),Market-driven
forecast,2025-09,B8,SH-EVEN-01,TAPE PU-F,domestic,96785.0,96785.0,0.0,,,
forecast,2025-10,B8,SH-EVEN-01,TAPE PU-F,domestic,96785.0,99648.0,2863.0,cu,Yield/Scrap Rate Increase,Operational-driven
forecast,2024-11,B8,SH-EVEN-02,RESIN COMPOUND,usd,19042.0,19548.0,506.0,cu,Supplier Change (Higher Cost Source),Market-driven
forecast,2024-12,B8,SH-EVEN-02,RESIN COMPOUND,usd,19491.0,20013.0,522.0,cu,Supplier Change (Higher Cost Source),Market-driven
forecast,2025-01,B8,SH-EVEN-02,RESIN COMPOUND,usd,20366.0,20818.0,452.0,cu,Raw Material Price Increase,Market-driven
forecast,2025-02,B8,SH-EVEN-02,RESIN COMPOUND,usd,20895.0,21394.0,499.0,cu,Logistics/Freight Cost Increase,Market-driven
forecast,2025-03,B8,SH-EVEN-02,RESIN COMPOUND,usd,21472.0,21914.0,442.0,cu,Logistics/Freight Cost Increase,Market-driven
forecast,2025-04,B8,SH-EVEN-02,RESIN COMPOUND,usd,22839.0,22839.0,0.0,,,
forecast,2025-05,B8,SH-EVEN-02,RESIN COMPOUND,usd,22839.0,22349.0,-490.0,cr,Localization / Local Sourcing,Operational-driven
forecast,2025-06,B8,SH-EVEN-02,RESIN COMPOUND,usd,21574.0,22093.0,519.0,cu,Logistics/Freight Cost Increase,Market-driven
forecast,2025-07,B8,SH-EVEN-02,RESIN COMPOUND,usd,22763.0,22214.0,-549.0,cr,Alternative Material Substitution,Engineering-driven
forecast,2025-08,B8,SH-EVEN-02,RESIN COMPOUND,usd,21147.0,21602.0,455.0,cu,Raw Material Price Increase,Market-driven
forecast,2025-09,B8,SH-EVEN-02,RESIN COMPOUND,usd,22059.0,22634.0,575.0,cu,Engineering Change / Spec Upgrade,Engineering-driven
forecast,2025-10,B8,SH-EVEN-02,RESIN COMPOUND,usd,23441.0,24025.0,584.0,cu,Yield/Scrap Rate Increase,Operational-driven
forecast,2024-11,B9,SH-CATB-D01,PANEL BOTTOM AS,domestic,134348.0,131013.0,-3335.0,cr,Localization / Local Sourcing,Operational-driven
forecast,2024-12,B9,SH-CATB-D01,PANEL BOTTOM AS,domestic,128910.0,126091.0,-2819.0,cr,Alternative Material Substitution,Engineering-driven
forecast,2025-01,B9,SH-CATB-D01,PANEL BOTTOM AS,domestic,123207.0,119645.0,-3562.0,cr,Alternative Material Substitution,Engineering-driven
forecast,2025-02,B9,SH-CATB-D01,PANEL BOTTOM AS,domestic,111757.0,109004.0,-2753.0,cr,VA/VE Improvement,Engineering-driven
forecast,2025-03,B9,SH-CATB-D01,PANEL BOTTOM AS,domestic,103982.0,101821.0,-2161.0,cr,Process Improvement (Yield Up),Operational-driven
forecast,2025-04,B9,SH-CATB-D01,PANEL BOTTOM AS,domestic,101708.0,99257.0,-2451.0,cr,Localization / Local Sourcing,Operational-driven
forecast,2025-05,B9,SH-CATB-D01,PANEL BOTTOM AS,domestic,94151.0,91752.0,-2399.0,cr,Process Improvement (Yield Up),Operational-driven
forecast,2025-06,B9,SH-CATB-D01,PANEL BOTTOM AS,domestic,87989.0,85689.0,-2300.0,cr,Localization / Local Sourcing,Operational-driven
forecast,2025-07,B9,SH-CATB-D01,PANEL BOTTOM AS,domestic,85585.0,83070.0,-2515.0,cr,Alternative Material Substitution,Engineering-driven
forecast,2025-08,B9,SH-CATB-D01,PANEL BOTTOM AS,domestic,78415.0,80245.0,1830.0,cu,Yield/Scrap Rate Increase,Operational-driven
forecast,2025-09,B9,SH-CATB-D01,PANEL BOTTOM AS,domestic,84428.0,84428.0,0.0,,,
forecast,2025-10,B9,SH-CATB-D01,PANEL BOTTOM AS,domestic,84428.0,86219.0,1791.0,cu,Raw Material Price Increase,Market-driven
forecast,2024-11,B9,SH-CATB-U01,CONNECTOR HOUSING,usd,58561.0,57064.0,-1497.0,cr,Localization / Local Sourcing,Operational-driven
forecast,2024-12,B9,SH-CATB-U01,CONNECTOR HOUSING,usd,54352.0,52832.0,-1520.0,cr,Process Improvement (Yield Up),Operational-driven
forecast,2025-01,B9,SH-CATB-U01,CONNECTOR HOUSING,usd,49649.0,48206.0,-1443.0,cr,Alternative Material Substitution,Engineering-driven
forecast,2025-02,B9,SH-CATB-U01,CONNECTOR HOUSING,usd,48318.0,47279.0,-1039.0,cr,Localization / Local Sourcing,Operational-driven
forecast,2025-03,B9,SH-CATB-U01,CONNECTOR HOUSING,usd,45900.0,44673.0,-1227.0,cr,Localization / Local Sourcing,Operational-driven
forecast,2025-04,B9,SH-CATB-U01,CONNECTOR HOUSING,usd,44561.0,43239.0,-1322.0,cr,Localization / Local Sourcing,Operational-driven
forecast,2025-05,B9,SH-CATB-U01,CONNECTOR HOUSING,usd,42100.0,42100.0,0.0,,,
forecast,2025-06,B9,SH-CATB-U01,CONNECTOR HOUSING,usd,42100.0,43348.0,1248.0,cu,Raw Material Price Increase,Market-driven
forecast,2025-07,B9,SH-CATB-U01,CONNECTOR HOUSING,usd,45835.0,44554.0,-1281.0,cr,Localization / Local Sourcing,Operational-driven
forecast,2025-08,B9,SH-CATB-U01,CONNECTOR HOUSING,usd,42153.0,41220.0,-933.0,cr,Supplier Negotiation,Operational-driven
forecast,2025-09,B9,SH-CATB-U01,CONNECTOR HOUSING,usd,39350.0,40394.0,1044.0,cu,Supplier Change (Higher Cost Source),Market-driven
forecast,2025-10,B9,SH-CATB-U01,CONNECTOR HOUSING,usd,40878.0,39856.0,-1022.0,cr,Supplier Negotiation,Operational-driven
forecast,2024-11,B9,SH-IDX09,PRECISION GEAR,jpy,56507.0,56507.0,0.0,,,
forecast,2024-12,B9,SH-IDX09,PRECISION GEAR,jpy,56507.0,55129.0,-1378.0,cr,Supplier Negotiation,Operational-driven
forecast,2025-01,B9,SH-IDX09,PRECISION GEAR,jpy,55041.0,53903.0,-1138.0,cr,VA/VE Improvement,Engineering-driven
forecast,2025-02,B9,SH-IDX09,PRECISION GEAR,jpy,53874.0,52457.0,-1417.0,cr,Supplier Negotiation,Operational-driven
forecast,2025-03,B9,SH-IDX09,PRECISION GEAR,jpy,50143.0,49139.0,-1004.0,cr,Alternative Material Substitution,Engineering-driven
forecast,2025-04,B9,SH-IDX09,PRECISION GEAR,jpy,46939.0,45878.0,-1061.0,cr,Process Improvement (Yield Up),Operational-driven
forecast,2025-05,B9,SH-IDX09,PRECISION GEAR,jpy,45715.0,46641.0,926.0,cu,Logistics/Freight Cost Increase,Market-driven
forecast,2025-06,B9,SH-IDX09,PRECISION GEAR,jpy,46848.0,47802.0,954.0,cu,Logistics/Freight Cost Increase,Market-driven
forecast,2025-07,B9,SH-IDX09,PRECISION GEAR,jpy,49533.0,48217.0,-1316.0,cr,VA/VE Improvement,Engineering-driven
forecast,2025-08,B9,SH-IDX09,PRECISION GEAR,jpy,45057.0,43829.0,-1228.0,cr,Process Improvement (Yield Up),Operational-driven
forecast,2025-09,B9,SH-IDX09,PRECISION GEAR,jpy,42057.0,40940.0,-1117.0,cr,Supplier Negotiation,Operational-driven
forecast,2025-10,B9,SH-IDX09,PRECISION GEAR,jpy,38411.0,37557.0,-854.0,cr,Process Improvement (Yield Up),Operational-driven
forecast,2024-11,B9,UQ-B9-01,PANEL FRONT AS,domestic,355644.0,355644.0,0.0,,,
forecast,2024-12,B9,UQ-B9-01,PANEL FRONT AS,domestic,355644.0,363441.0,7797.0,cu,Logistics/Freight Cost Increase,Market-driven
forecast,2025-01,B9,UQ-B9-01,PANEL FRONT AS,domestic,367469.0,375671.0,8202.0,cu,Raw Material Price Increase,Market-driven
forecast,2025-02,B9,UQ-B9-01,PANEL FRONT AS,domestic,381800.0,371288.0,-10512.0,cr,Supplier Negotiation,Operational-driven
forecast,2025-03,B9,UQ-B9-01,PANEL FRONT AS,domestic,354402.0,363454.0,9052.0,cu,Yield/Scrap Rate Increase,Operational-driven
forecast,2025-04,B9,UQ-B9-01,PANEL FRONT AS,domestic,369054.0,379798.0,10744.0,cu,Engineering Change / Spec Upgrade,Engineering-driven
forecast,2025-05,B9,UQ-B9-01,PANEL FRONT AS,domestic,398999.0,410000.0,11001.0,cu,Logistics/Freight Cost Increase,Market-driven
forecast,2025-06,B9,UQ-B9-01,PANEL FRONT AS,domestic,422170.0,410363.0,-11807.0,cr,VA/VE Improvement,Engineering-driven
forecast,2025-07,B9,UQ-B9-01,PANEL FRONT AS,domestic,402909.0,412613.0,9704.0,cu,Raw Material Price Increase,Market-driven
forecast,2025-08,B9,UQ-B9-01,PANEL FRONT AS,domestic,434004.0,444745.0,10741.0,cu,Logistics/Freight Cost Increase,Market-driven
forecast,2025-09,B9,UQ-B9-01,PANEL FRONT AS,domestic,460969.0,472853.0,11884.0,cu,Yield/Scrap Rate Increase,Operational-driven
forecast,2025-10,B9,UQ-B9-01,PANEL FRONT AS,domestic,496423.0,507497.0,11074.0,cu,Logistics/Freight Cost Increase,Market-driven
forecast,2024-11,B9,UQ-B9-02,BRACKET SUPPORT,domestic,319099.0,327692.0,8593.0,cu,Yield/Scrap Rate Increase,Operational-driven
forecast,2024-12,B9,UQ-B9-02,BRACKET SUPPORT,domestic,346080.0,354035.0,7955.0,cu,Supplier Change (Higher Cost Source),Market-driven
forecast,2025-01,B9,UQ-B9-02,BRACKET SUPPORT,domestic,369276.0,369276.0,0.0,,,
forecast,2025-02,B9,UQ-B9-02,BRACKET SUPPORT,domestic,369276.0,379162.0,9886.0,cu,Raw Material Price Increase,Market-driven
forecast,2025-03,B9,UQ-B9-02,BRACKET SUPPORT,domestic,389531.0,398418.0,8887.0,cu,Logistics/Freight Cost Increase,Market-driven
forecast,2025-04,B9,UQ-B9-02,BRACKET SUPPORT,domestic,400347.0,389624.0,-10723.0,cr,Supplier Negotiation,Operational-driven
forecast,2025-05,B9,UQ-B9-02,BRACKET SUPPORT,domestic,375676.0,383863.0,8187.0,cu,Yield/Scrap Rate Increase,Operational-driven
forecast,2025-06,B9,UQ-B9-02,BRACKET SUPPORT,domestic,399527.0,389891.0,-9636.0,cr,VA/VE Improvement,Engineering-driven
forecast,2025-07,B9,UQ-B9-02,BRACKET SUPPORT,domestic,381346.0,392596.0,11250.0,cu,Logistics/Freight Cost Increase,Market-driven
forecast,2025-08,B9,UQ-B9-02,BRACKET SUPPORT,domestic,410554.0,422227.0,11673.0,cu,Supplier Change (Higher Cost Source),Market-driven
forecast,2025-09,B9,UQ-B9-02,BRACKET SUPPORT,domestic,448281.0,457634.0,9353.0,cu,Yield/Scrap Rate Increase,Operational-driven
forecast,2025-10,B9,UQ-B9-02,BRACKET SUPPORT,domestic,467152.0,479942.0,12790.0,cu,Raw Material Price Increase,Market-driven
forecast,2024-11,B9,UQ-B9-03,IC CHIP CONTROL,usd,209962.0,205415.0,-4547.0,cr,Alternative Material Substitution,Engineering-driven
forecast,2024-12,B9,UQ-B9-03,IC CHIP CONTROL,usd,206246.0,211825.0,5579.0,cu,Engineering Change / Spec Upgrade,Engineering-driven
forecast,2025-01,B9,UQ-B9-03,IC CHIP CONTROL,usd,214680.0,220625.0,5945.0,cu,Yield/Scrap Rate Increase,Operational-driven
forecast,2025-02,B9,UQ-B9-03,IC CHIP CONTROL,usd,225274.0,229799.0,4525.0,cu,Logistics/Freight Cost Increase,Market-driven
forecast,2025-03,B9,UQ-B9-03,IC CHIP CONTROL,usd,233977.0,239576.0,5599.0,cu,Yield/Scrap Rate Increase,Operational-driven
forecast,2025-04,B9,UQ-B9-03,IC CHIP CONTROL,usd,252652.0,259674.0,7022.0,cu,Yield/Scrap Rate Increase,Operational-driven
forecast,2025-05,B9,UQ-B9-03,IC CHIP CONTROL,usd,256593.0,248978.0,-7615.0,cr,Alternative Material Substitution,Engineering-driven
forecast,2025-06,B9,UQ-B9-03,IC CHIP CONTROL,usd,232450.0,237680.0,5230.0,cu,Engineering Change / Spec Upgrade,Engineering-driven
forecast,2025-07,B9,UQ-B9-03,IC CHIP CONTROL,usd,249395.0,256848.0,7453.0,cu,Logistics/Freight Cost Increase,Market-driven
forecast,2025-08,B9,UQ-B9-03,IC CHIP CONTROL,usd,254096.0,254096.0,0.0,,,
forecast,2025-09,B9,UQ-B9-03,IC CHIP CONTROL,usd,254096.0,261708.0,7612.0,cu,Yield/Scrap Rate Increase,Operational-driven
forecast,2025-10,B9,UQ-B9-03,IC CHIP CONTROL,usd,267955.0,273386.0,5431.0,cu,Logistics/Freight Cost Increase,Market-driven
forecast,2024-11,B9,UQ-B9-04,MOTOR UNIT,jpy,117542.0,114763.0,-2779.0,cr,Supplier Negotiation,Operational-driven
forecast,2024-12,B9,UQ-B9-04,MOTOR UNIT,jpy,107947.0,110482.0,2535.0,cu,Supplier Change (Higher Cost Source),Market-driven
forecast,2025-01,B9,UQ-B9-04,MOTOR UNIT,jpy,111754.0,108654.0,-3100.0,cr,Localization / Local Sourcing,Operational-driven
forecast,2025-02,B9,UQ-B9-04,MOTOR UNIT,jpy,103829.0,103829.0,0.0,,,
forecast,2025-03,B9,UQ-B9-04,MOTOR UNIT,jpy,103829.0,101593.0,-2236.0,cr,Process Improvement (Yield Up),Operational-driven
forecast,2025-04,B9,UQ-B9-04,MOTOR UNIT,jpy,102273.0,99528.0,-2745.0,cr,Supplier Negotiation,Operational-driven
forecast,2025-05,B9,UQ-B9-04,MOTOR UNIT,jpy,96981.0,95002.0,-1979.0,cr,Alternative Material Substitution,Engineering-driven
forecast,2025-06,B9,UQ-B9-04,MOTOR UNIT,jpy,94455.0,96552.0,2097.0,cu,Raw Material Price Increase,Market-driven
forecast,2025-07,B9,UQ-B9-04,MOTOR UNIT,jpy,98800.0,95908.0,-2892.0,cr,Alternative Material Substitution,Engineering-driven
forecast,2025-08,B9,UQ-B9-04,MOTOR UNIT,jpy,90172.0,88229.0,-1943.0,cr,Supplier Negotiation,Operational-driven
forecast,2025-09,B9,UQ-B9-04,MOTOR UNIT,jpy,87419.0,85266.0,-2153.0,cr,Localization / Local Sourcing,Operational-driven
forecast,2025-10,B9,UQ-B9-04,MOTOR UNIT,jpy,81700.0,79511.0,-2189.0,cr,Supplier Negotiation,Operational-driven
forecast,2024-11,B9,UQ-B9-05,SENSOR MODULE,jpy,120951.0,124109.0,3158.0,cu,Engineering Change / Spec Upgrade,Engineering-driven
forecast,2024-12,B9,UQ-B9-05,SENSOR MODULE,jpy,125669.0,122435.0,-3234.0,cr,VA/VE Improvement,Engineering-driven
forecast,2025-01,B9,UQ-B9-05,SENSOR MODULE,jpy,119428.0,116104.0,-3324.0,cr,Alternative Material Substitution,Engineering-driven
forecast,2025-02,B9,UQ-B9-05,SENSOR MODULE,jpy,112321.0,109263.0,-3058.0,cr,Supplier Negotiation,Operational-driven
forecast,2025-03,B9,UQ-B9-05,SENSOR MODULE,jpy,101860.0,99734.0,-2126.0,cr,VA/VE Improvement,Engineering-driven
forecast,2025-04,B9,UQ-B9-05,SENSOR MODULE,jpy,97403.0,97403.0,0.0,,,
forecast,2025-05,B9,UQ-B9-05,SENSOR MODULE,jpy,97403.0,95197.0,-2206.0,cr,Supplier Negotiation,Operational-driven
forecast,2025-06,B9,UQ-B9-05,SENSOR MODULE,jpy,95906.0,93758.0,-2148.0,cr,VA/VE Improvement,Engineering-driven
forecast,2025-07,B9,UQ-B9-05,SENSOR MODULE,jpy,89460.0,87232.0,-2228.0,cr,Process Improvement (Yield Up),Operational-driven
forecast,2025-08,B9,UQ-B9-05,SENSOR MODULE,jpy,82672.0,80959.0,-1713.0,cr,Localization / Local Sourcing,Operational-driven
forecast,2025-09,B9,UQ-B9-05,SENSOR MODULE,jpy,80133.0,82326.0,2193.0,cu,Logistics/Freight Cost Increase,Market-driven
forecast,2025-10,B9,UQ-B9-05,SENSOR MODULE,jpy,82763.0,80592.0,-2171.0,cr,Localization / Local Sourcing,Operational-driven
forecast,2024-11,B10,SH-CATB-D01,PANEL BOTTOM AS,domestic,134348.0,131013.0,-3335.0,cr,Localization / Local Sourcing,Operational-driven
forecast,2024-12,B10,SH-CATB-D01,PANEL BOTTOM AS,domestic,128910.0,126091.0,-2819.0,cr,Alternative Material Substitution,Engineering-driven
forecast,2025-01,B10,SH-CATB-D01,PANEL BOTTOM AS,domestic,123207.0,119645.0,-3562.0,cr,Alternative Material Substitution,Engineering-driven
forecast,2025-02,B10,SH-CATB-D01,PANEL BOTTOM AS,domestic,111757.0,109004.0,-2753.0,cr,VA/VE Improvement,Engineering-driven
forecast,2025-03,B10,SH-CATB-D01,PANEL BOTTOM AS,domestic,103982.0,101821.0,-2161.0,cr,Process Improvement (Yield Up),Operational-driven
forecast,2025-04,B10,SH-CATB-D01,PANEL BOTTOM AS,domestic,101708.0,99257.0,-2451.0,cr,Localization / Local Sourcing,Operational-driven
forecast,2025-05,B10,SH-CATB-D01,PANEL BOTTOM AS,domestic,94151.0,91752.0,-2399.0,cr,Process Improvement (Yield Up),Operational-driven
forecast,2025-06,B10,SH-CATB-D01,PANEL BOTTOM AS,domestic,87989.0,85689.0,-2300.0,cr,Localization / Local Sourcing,Operational-driven
forecast,2025-07,B10,SH-CATB-D01,PANEL BOTTOM AS,domestic,85585.0,83070.0,-2515.0,cr,Alternative Material Substitution,Engineering-driven
forecast,2025-08,B10,SH-CATB-D01,PANEL BOTTOM AS,domestic,78415.0,80245.0,1830.0,cu,Yield/Scrap Rate Increase,Operational-driven
forecast,2025-09,B10,SH-CATB-D01,PANEL BOTTOM AS,domestic,84428.0,84428.0,0.0,,,
forecast,2025-10,B10,SH-CATB-D01,PANEL BOTTOM AS,domestic,84428.0,86219.0,1791.0,cu,Raw Material Price Increase,Market-driven
forecast,2024-11,B10,SH-CATB-U01,CONNECTOR HOUSING,usd,58561.0,57064.0,-1497.0,cr,Localization / Local Sourcing,Operational-driven
forecast,2024-12,B10,SH-CATB-U01,CONNECTOR HOUSING,usd,54352.0,52832.0,-1520.0,cr,Process Improvement (Yield Up),Operational-driven
forecast,2025-01,B10,SH-CATB-U01,CONNECTOR HOUSING,usd,49649.0,48206.0,-1443.0,cr,Alternative Material Substitution,Engineering-driven
forecast,2025-02,B10,SH-CATB-U01,CONNECTOR HOUSING,usd,48318.0,47279.0,-1039.0,cr,Localization / Local Sourcing,Operational-driven
forecast,2025-03,B10,SH-CATB-U01,CONNECTOR HOUSING,usd,45900.0,44673.0,-1227.0,cr,Localization / Local Sourcing,Operational-driven
forecast,2025-04,B10,SH-CATB-U01,CONNECTOR HOUSING,usd,44561.0,43239.0,-1322.0,cr,Localization / Local Sourcing,Operational-driven
forecast,2025-05,B10,SH-CATB-U01,CONNECTOR HOUSING,usd,42100.0,42100.0,0.0,,,
forecast,2025-06,B10,SH-CATB-U01,CONNECTOR HOUSING,usd,42100.0,43348.0,1248.0,cu,Raw Material Price Increase,Market-driven
forecast,2025-07,B10,SH-CATB-U01,CONNECTOR HOUSING,usd,45835.0,44554.0,-1281.0,cr,Localization / Local Sourcing,Operational-driven
forecast,2025-08,B10,SH-CATB-U01,CONNECTOR HOUSING,usd,42153.0,41220.0,-933.0,cr,Supplier Negotiation,Operational-driven
forecast,2025-09,B10,SH-CATB-U01,CONNECTOR HOUSING,usd,39350.0,40394.0,1044.0,cu,Supplier Change (Higher Cost Source),Market-driven
forecast,2025-10,B10,SH-CATB-U01,CONNECTOR HOUSING,usd,40878.0,39856.0,-1022.0,cr,Supplier Negotiation,Operational-driven
forecast,2024-11,B10,SH-IDX10,PRECISION GEAR,jpy,121193.0,121193.0,0.0,,,
forecast,2024-12,B10,SH-IDX10,PRECISION GEAR,jpy,121193.0,117826.0,-3367.0,cr,Process Improvement (Yield Up),Operational-driven
forecast,2025-01,B10,SH-IDX10,PRECISION GEAR,jpy,113669.0,110716.0,-2953.0,cr,Localization / Local Sourcing,Operational-driven
forecast,2025-02,B10,SH-IDX10,PRECISION GEAR,jpy,107486.0,104872.0,-2614.0,cr,Localization / Local Sourcing,Operational-driven
forecast,2025-03,B10,SH-IDX10,PRECISION GEAR,jpy,100468.0,97728.0,-2740.0,cr,Localization / Local Sourcing,Operational-driven
forecast,2025-04,B10,SH-IDX10,PRECISION GEAR,jpy,94861.0,92473.0,-2388.0,cr,Supplier Negotiation,Operational-driven
forecast,2025-05,B10,SH-IDX10,PRECISION GEAR,jpy,87984.0,89793.0,1809.0,cu,Supplier Change (Higher Cost Source),Market-driven
forecast,2025-06,B10,SH-IDX10,PRECISION GEAR,jpy,92869.0,95632.0,2763.0,cu,Raw Material Price Increase,Market-driven
forecast,2025-07,B10,SH-IDX10,PRECISION GEAR,jpy,101147.0,98676.0,-2471.0,cr,Process Improvement (Yield Up),Operational-driven
forecast,2025-08,B10,SH-IDX10,PRECISION GEAR,jpy,94023.0,92125.0,-1898.0,cr,VA/VE Improvement,Engineering-driven
forecast,2025-09,B10,SH-IDX10,PRECISION GEAR,jpy,89045.0,86696.0,-2349.0,cr,Localization / Local Sourcing,Operational-driven
forecast,2025-10,B10,SH-IDX10,PRECISION GEAR,jpy,84573.0,82811.0,-1762.0,cr,Alternative Material Substitution,Engineering-driven
forecast,2024-11,B10,UQ-B10-01,PANEL FRONT AS,domestic,654227.0,654227.0,0.0,,,
forecast,2024-12,B10,UQ-B10-01,PANEL FRONT AS,domestic,654227.0,673724.0,19497.0,cu,Supplier Change (Higher Cost Source),Market-driven
forecast,2025-01,B10,UQ-B10-01,PANEL FRONT AS,domestic,711656.0,728421.0,16765.0,cu,Engineering Change / Spec Upgrade,Engineering-driven
forecast,2025-02,B10,UQ-B10-01,PANEL FRONT AS,domestic,750521.0,730887.0,-19634.0,cr,Alternative Material Substitution,Engineering-driven
forecast,2025-03,B10,UQ-B10-01,PANEL FRONT AS,domestic,694918.0,709490.0,14572.0,cu,Logistics/Freight Cost Increase,Market-driven
forecast,2025-04,B10,UQ-B10-01,PANEL FRONT AS,domestic,724135.0,742152.0,18017.0,cu,Engineering Change / Spec Upgrade,Engineering-driven
forecast,2025-05,B10,UQ-B10-01,PANEL FRONT AS,domestic,766093.0,782999.0,16906.0,cu,Supplier Change (Higher Cost Source),Market-driven
forecast,2025-06,B10,UQ-B10-01,PANEL FRONT AS,domestic,804397.0,782802.0,-21595.0,cr,Process Improvement (Yield Up),Operational-driven
forecast,2025-07,B10,UQ-B10-01,PANEL FRONT AS,domestic,748722.0,770342.0,21620.0,cu,Engineering Change / Spec Upgrade,Engineering-driven
forecast,2025-08,B10,UQ-B10-01,PANEL FRONT AS,domestic,798142.0,821168.0,23026.0,cu,Engineering Change / Spec Upgrade,Engineering-driven
forecast,2025-09,B10,UQ-B10-01,PANEL FRONT AS,domestic,866529.0,887622.0,21093.0,cu,Logistics/Freight Cost Increase,Market-driven
forecast,2025-10,B10,UQ-B10-01,PANEL FRONT AS,domestic,927070.0,950432.0,23362.0,cu,Engineering Change / Spec Upgrade,Engineering-driven
forecast,2024-11,B10,UQ-B10-02,BRACKET SUPPORT,domestic,556821.0,569289.0,12468.0,cu,Engineering Change / Spec Upgrade,Engineering-driven
forecast,2024-12,B10,UQ-B10-02,BRACKET SUPPORT,domestic,601155.0,618015.0,16860.0,cu,Supplier Change (Higher Cost Source),Market-driven
forecast,2025-01,B10,UQ-B10-02,BRACKET SUPPORT,domestic,612905.0,612905.0,0.0,,,
forecast,2025-02,B10,UQ-B10-02,BRACKET SUPPORT,domestic,612905.0,625694.0,12789.0,cu,Raw Material Price Increase,Market-driven
forecast,2025-03,B10,UQ-B10-02,BRACKET SUPPORT,domestic,626110.0,640459.0,14349.0,cu,Raw Material Price Increase,Market-driven
forecast,2025-04,B10,UQ-B10-02,BRACKET SUPPORT,domestic,659235.0,645633.0,-13602.0,cr,Process Improvement (Yield Up),Operational-driven
forecast,2025-05,B10,UQ-B10-02,BRACKET SUPPORT,domestic,649831.0,668792.0,18961.0,cu,Raw Material Price Increase,Market-driven
forecast,2025-06,B10,UQ-B10-02,BRACKET SUPPORT,domestic,666681.0,649801.0,-16880.0,cr,Process Improvement (Yield Up),Operational-driven
forecast,2025-07,B10,UQ-B10-02,BRACKET SUPPORT,domestic,636432.0,649427.0,12995.0,cu,Engineering Change / Spec Upgrade,Engineering-driven
forecast,2025-08,B10,UQ-B10-02,BRACKET SUPPORT,domestic,671320.0,685658.0,14338.0,cu,Logistics/Freight Cost Increase,Market-driven
forecast,2025-09,B10,UQ-B10-02,BRACKET SUPPORT,domestic,712746.0,731219.0,18473.0,cu,Logistics/Freight Cost Increase,Market-driven
forecast,2025-10,B10,UQ-B10-02,BRACKET SUPPORT,domestic,770965.0,787941.0,16976.0,cu,Engineering Change / Spec Upgrade,Engineering-driven
forecast,2024-11,B10,UQ-B10-03,IC CHIP CONTROL,usd,608301.0,594955.0,-13346.0,cr,VA/VE Improvement,Engineering-driven
forecast,2024-12,B10,UQ-B10-03,IC CHIP CONTROL,usd,561085.0,577667.0,16582.0,cu,Raw Material Price Increase,Market-driven
forecast,2025-01,B10,UQ-B10-03,IC CHIP CONTROL,usd,586872.0,602598.0,15726.0,cu,Engineering Change / Spec Upgrade,Engineering-driven
forecast,2025-02,B10,UQ-B10-03,IC CHIP CONTROL,usd,600992.0,613752.0,12760.0,cu,Engineering Change / Spec Upgrade,Engineering-driven
forecast,2025-03,B10,UQ-B10-03,IC CHIP CONTROL,usd,621879.0,635035.0,13156.0,cu,Engineering Change / Spec Upgrade,Engineering-driven
forecast,2025-04,B10,UQ-B10-03,IC CHIP CONTROL,usd,653065.0,671797.0,18732.0,cu,Yield/Scrap Rate Increase,Operational-driven
forecast,2025-05,B10,UQ-B10-03,IC CHIP CONTROL,usd,703487.0,684855.0,-18632.0,cr,Localization / Local Sourcing,Operational-driven
forecast,2025-06,B10,UQ-B10-03,IC CHIP CONTROL,usd,656357.0,675086.0,18729.0,cu,Logistics/Freight Cost Increase,Market-driven
forecast,2025-07,B10,UQ-B10-03,IC CHIP CONTROL,usd,676541.0,692738.0,16197.0,cu,Yield/Scrap Rate Increase,Operational-driven
forecast,2025-08,B10,UQ-B10-03,IC CHIP CONTROL,usd,712906.0,712906.0,0.0,,,
forecast,2025-09,B10,UQ-B10-03,IC CHIP CONTROL,usd,712906.0,733568.0,20662.0,cu,Engineering Change / Spec Upgrade,Engineering-driven
forecast,2025-10,B10,UQ-B10-03,IC CHIP CONTROL,usd,781126.0,798792.0,17666.0,cu,Supplier Change (Higher Cost Source),Market-driven
forecast,2024-11,B10,UQ-B10-04,MOTOR UNIT,jpy,404959.0,394990.0,-9969.0,cr,Process Improvement (Yield Up),Operational-driven
forecast,2024-12,B10,UQ-B10-04,MOTOR UNIT,jpy,377706.0,386931.0,9225.0,cu,Supplier Change (Higher Cost Source),Market-driven
forecast,2025-01,B10,UQ-B10-04,MOTOR UNIT,jpy,402584.0,392042.0,-10542.0,cr,Supplier Negotiation,Operational-driven
forecast,2025-02,B10,UQ-B10-04,MOTOR UNIT,jpy,374587.0,374587.0,0.0,,,
forecast,2025-03,B10,UQ-B10-04,MOTOR UNIT,jpy,374587.0,363743.0,-10844.0,cr,Process Improvement (Yield Up),Operational-driven
forecast,2025-04,B10,UQ-B10-04,MOTOR UNIT,jpy,353882.0,344764.0,-9118.0,cr,VA/VE Improvement,Engineering-driven
forecast,2025-05,B10,UQ-B10-04,MOTOR UNIT,jpy,335019.0,326572.0,-8447.0,cr,Process Improvement (Yield Up),Operational-driven
forecast,2025-06,B10,UQ-B10-04,MOTOR UNIT,jpy,311352.0,317923.0,6571.0,cu,Engineering Change / Spec Upgrade,Engineering-driven
forecast,2025-07,B10,UQ-B10-04,MOTOR UNIT,jpy,328051.0,319767.0,-8284.0,cr,Localization / Local Sourcing,Operational-driven
forecast,2025-08,B10,UQ-B10-04,MOTOR UNIT,jpy,307964.0,300524.0,-7440.0,cr,Alternative Material Substitution,Engineering-driven
forecast,2025-09,B10,UQ-B10-04,MOTOR UNIT,jpy,286594.0,280747.0,-5847.0,cr,Alternative Material Substitution,Engineering-driven
forecast,2025-10,B10,UQ-B10-04,MOTOR UNIT,jpy,270923.0,264040.0,-6883.0,cr,Localization / Local Sourcing,Operational-driven
forecast,2024-11,B10,UQ-B10-05,SENSOR MODULE,jpy,359334.0,368328.0,8994.0,cu,Engineering Change / Spec Upgrade,Engineering-driven
forecast,2024-12,B10,UQ-B10-05,SENSOR MODULE,jpy,392149.0,383467.0,-8682.0,cr,VA/VE Improvement,Engineering-driven
forecast,2025-01,B10,UQ-B10-05,SENSOR MODULE,jpy,377099.0,369248.0,-7851.0,cr,Supplier Negotiation,Operational-driven
forecast,2025-02,B10,UQ-B10-05,SENSOR MODULE,jpy,361203.0,352428.0,-8775.0,cr,Supplier Negotiation,Operational-driven
forecast,2025-03,B10,UQ-B10-05,SENSOR MODULE,jpy,347598.0,338755.0,-8843.0,cr,Supplier Negotiation,Operational-driven
forecast,2025-04,B10,UQ-B10-05,SENSOR MODULE,jpy,332822.0,332822.0,0.0,,,
forecast,2025-05,B10,UQ-B10-05,SENSOR MODULE,jpy,332822.0,325289.0,-7533.0,cr,VA/VE Improvement,Engineering-driven
forecast,2025-06,B10,UQ-B10-05,SENSOR MODULE,jpy,316187.0,309003.0,-7184.0,cr,VA/VE Improvement,Engineering-driven
forecast,2025-07,B10,UQ-B10-05,SENSOR MODULE,jpy,301259.0,293873.0,-7386.0,cr,Localization / Local Sourcing,Operational-driven
forecast,2025-08,B10,UQ-B10-05,SENSOR MODULE,jpy,278468.0,270962.0,-7506.0,cr,Alternative Material Substitution,Engineering-driven
forecast,2025-09,B10,UQ-B10-05,SENSOR MODULE,jpy,258586.0,265062.0,6476.0,cu,Engineering Change / Spec Upgrade,Engineering-driven
forecast,2025-10,B10,UQ-B10-05,SENSOR MODULE,jpy,271900.0,266376.0,-5524.0,cr,Alternative Material Substitution,Engineering-driven
forecast,2024-11,B10,SH-EVEN-01,TAPE PU-F,domestic,70295.0,72153.0,1858.0,cu,Raw Material Price Increase,Market-driven
forecast,2024-12,B10,SH-EVEN-01,TAPE PU-F,domestic,75075.0,77289.0,2214.0,cu,Raw Material Price Increase,Market-driven
forecast,2025-01,B10,SH-EVEN-01,TAPE PU-F,domestic,80181.0,81820.0,1639.0,cu,Engineering Change / Spec Upgrade,Engineering-driven
forecast,2025-02,B10,SH-EVEN-01,TAPE PU-F,domestic,82639.0,85022.0,2383.0,cu,Engineering Change / Spec Upgrade,Engineering-driven
forecast,2025-03,B10,SH-EVEN-01,TAPE PU-F,domestic,87878.0,90500.0,2622.0,cu,Engineering Change / Spec Upgrade,Engineering-driven
forecast,2025-04,B10,SH-EVEN-01,TAPE PU-F,domestic,93563.0,90938.0,-2625.0,cr,VA/VE Improvement,Engineering-driven
forecast,2025-05,B10,SH-EVEN-01,TAPE PU-F,domestic,89152.0,91079.0,1927.0,cu,Supplier Change (Higher Cost Source),Market-driven
forecast,2025-06,B10,SH-EVEN-01,TAPE PU-F,domestic,94914.0,97552.0,2638.0,cu,Supplier Change (Higher Cost Source),Market-driven
forecast,2025-07,B10,SH-EVEN-01,TAPE PU-F,domestic,101876.0,99278.0,-2598.0,cr,Process Improvement (Yield Up),Operational-driven
forecast,2025-08,B10,SH-EVEN-01,TAPE PU-F,domestic,94152.0,96788.0,2636.0,cu,Supplier Change (Higher Cost Source),Market-driven
forecast,2025-09,B10,SH-EVEN-01,TAPE PU-F,domestic,96785.0,96785.0,0.0,,,
forecast,2025-10,B10,SH-EVEN-01,TAPE PU-F,domestic,96785.0,99648.0,2863.0,cu,Yield/Scrap Rate Increase,Operational-driven
forecast,2024-11,B10,SH-EVEN-02,RESIN COMPOUND,usd,19042.0,19548.0,506.0,cu,Supplier Change (Higher Cost Source),Market-driven
forecast,2024-12,B10,SH-EVEN-02,RESIN COMPOUND,usd,19491.0,20013.0,522.0,cu,Supplier Change (Higher Cost Source),Market-driven
forecast,2025-01,B10,SH-EVEN-02,RESIN COMPOUND,usd,20366.0,20818.0,452.0,cu,Raw Material Price Increase,Market-driven
forecast,2025-02,B10,SH-EVEN-02,RESIN COMPOUND,usd,20895.0,21394.0,499.0,cu,Logistics/Freight Cost Increase,Market-driven
forecast,2025-03,B10,SH-EVEN-02,RESIN COMPOUND,usd,21472.0,21914.0,442.0,cu,Logistics/Freight Cost Increase,Market-driven
forecast,2025-04,B10,SH-EVEN-02,RESIN COMPOUND,usd,22839.0,22839.0,0.0,,,
forecast,2025-05,B10,SH-EVEN-02,RESIN COMPOUND,usd,22839.0,22349.0,-490.0,cr,Localization / Local Sourcing,Operational-driven
forecast,2025-06,B10,SH-EVEN-02,RESIN COMPOUND,usd,21574.0,22093.0,519.0,cu,Logistics/Freight Cost Increase,Market-driven
forecast,2025-07,B10,SH-EVEN-02,RESIN COMPOUND,usd,22763.0,22214.0,-549.0,cr,Alternative Material Substitution,Engineering-driven
forecast,2025-08,B10,SH-EVEN-02,RESIN COMPOUND,usd,21147.0,21602.0,455.0,cu,Raw Material Price Increase,Market-driven
forecast,2025-09,B10,SH-EVEN-02,RESIN COMPOUND,usd,22059.0,22634.0,575.0,cu,Engineering Change / Spec Upgrade,Engineering-driven
forecast,2025-10,B10,SH-EVEN-02,RESIN COMPOUND,usd,23441.0,24025.0,584.0,cu,Yield/Scrap Rate Increase,Operational-driven
forecast,2024-11,C1,SH-CATC-D01,PANEL BOTTOM AS,domestic,113259.0,110344.0,-2915.0,cr,Alternative Material Substitution,Engineering-driven
forecast,2024-12,C1,SH-CATC-D01,PANEL BOTTOM AS,domestic,104374.0,101528.0,-2846.0,cr,Localization / Local Sourcing,Operational-driven
forecast,2025-01,C1,SH-CATC-D01,PANEL BOTTOM AS,domestic,98578.0,95656.0,-2922.0,cr,VA/VE Improvement,Engineering-driven
forecast,2025-02,C1,SH-CATC-D01,PANEL BOTTOM AS,domestic,95470.0,93279.0,-2191.0,cr,Localization / Local Sourcing,Operational-driven
forecast,2025-03,C1,SH-CATC-D01,PANEL BOTTOM AS,domestic,92816.0,90213.0,-2603.0,cr,Localization / Local Sourcing,Operational-driven
forecast,2025-04,C1,SH-CATC-D01,PANEL BOTTOM AS,domestic,84185.0,82390.0,-1795.0,cr,Supplier Negotiation,Operational-driven
forecast,2025-05,C1,SH-CATC-D01,PANEL BOTTOM AS,domestic,79911.0,77565.0,-2346.0,cr,Supplier Negotiation,Operational-driven
forecast,2025-06,C1,SH-CATC-D01,PANEL BOTTOM AS,domestic,77487.0,75299.0,-2188.0,cr,Alternative Material Substitution,Engineering-driven
forecast,2025-07,C1,SH-CATC-D01,PANEL BOTTOM AS,domestic,70423.0,68827.0,-1596.0,cr,Localization / Local Sourcing,Operational-driven
forecast,2025-08,C1,SH-CATC-D01,PANEL BOTTOM AS,domestic,66105.0,67595.0,1490.0,cu,Raw Material Price Increase,Market-driven
forecast,2025-09,C1,SH-CATC-D01,PANEL BOTTOM AS,domestic,68892.0,68892.0,0.0,,,
forecast,2025-10,C1,SH-CATC-D01,PANEL BOTTOM AS,domestic,68892.0,70909.0,2017.0,cu,Logistics/Freight Cost Increase,Market-driven
forecast,2024-11,C1,SH-CATC-U01,CONNECTOR HOUSING,usd,54607.0,52983.0,-1624.0,cr,VA/VE Improvement,Engineering-driven
forecast,2024-12,C1,SH-CATC-U01,CONNECTOR HOUSING,usd,50488.0,48976.0,-1512.0,cr,Supplier Negotiation,Operational-driven
forecast,2025-01,C1,SH-CATC-U01,CONNECTOR HOUSING,usd,46777.0,45439.0,-1338.0,cr,Localization / Local Sourcing,Operational-driven
forecast,2025-02,C1,SH-CATC-U01,CONNECTOR HOUSING,usd,44082.0,42786.0,-1296.0,cr,Supplier Negotiation,Operational-driven
forecast,2025-03,C1,SH-CATC-U01,CONNECTOR HOUSING,usd,41207.0,40354.0,-853.0,cr,Alternative Material Substitution,Engineering-driven
forecast,2025-04,C1,SH-CATC-U01,CONNECTOR HOUSING,usd,38785.0,38006.0,-779.0,cr,Process Improvement (Yield Up),Operational-driven
forecast,2025-05,C1,SH-CATC-U01,CONNECTOR HOUSING,usd,36814.0,36814.0,0.0,,,
forecast,2025-06,C1,SH-CATC-U01,CONNECTOR HOUSING,usd,36814.0,37711.0,897.0,cu,Raw Material Price Increase,Market-driven
forecast,2025-07,C1,SH-CATC-U01,CONNECTOR HOUSING,usd,38712.0,37615.0,-1097.0,cr,Localization / Local Sourcing,Operational-driven
forecast,2025-08,C1,SH-CATC-U01,CONNECTOR HOUSING,usd,35494.0,34604.0,-890.0,cr,Process Improvement (Yield Up),Operational-driven
forecast,2025-09,C1,SH-CATC-U01,CONNECTOR HOUSING,usd,33073.0,33823.0,750.0,cu,Raw Material Price Increase,Market-driven
forecast,2025-10,C1,SH-CATC-U01,CONNECTOR HOUSING,usd,34653.0,33704.0,-949.0,cr,VA/VE Improvement,Engineering-driven
forecast,2024-11,C1,SH-IDX01,PRECISION GEAR,jpy,37408.0,37408.0,0.0,,,
forecast,2024-12,C1,SH-IDX01,PRECISION GEAR,jpy,37408.0,36540.0,-868.0,cr,Localization / Local Sourcing,Operational-driven
forecast,2025-01,C1,SH-IDX01,PRECISION GEAR,jpy,35794.0,34886.0,-908.0,cr,VA/VE Improvement,Engineering-driven
forecast,2025-02,C1,SH-IDX01,PRECISION GEAR,jpy,34755.0,33941.0,-814.0,cr,Supplier Negotiation,Operational-driven
forecast,2025-03,C1,SH-IDX01,PRECISION GEAR,jpy,32826.0,31916.0,-910.0,cr,Process Improvement (Yield Up),Operational-driven
forecast,2025-04,C1,SH-IDX01,PRECISION GEAR,jpy,31458.0,30532.0,-926.0,cr,Process Improvement (Yield Up),Operational-driven
forecast,2025-05,C1,SH-IDX01,PRECISION GEAR,jpy,29867.0,30651.0,784.0,cu,Supplier Change (Higher Cost Source),Market-driven
forecast,2025-06,C1,SH-IDX01,PRECISION GEAR,jpy,32093.0,32854.0,761.0,cu,Yield/Scrap Rate Increase,Operational-driven
forecast,2025-07,C1,SH-IDX01,PRECISION GEAR,jpy,32785.0,31814.0,-971.0,cr,Localization / Local Sourcing,Operational-driven
forecast,2025-08,C1,SH-IDX01,PRECISION GEAR,jpy,32049.0,31372.0,-677.0,cr,Process Improvement (Yield Up),Operational-driven
forecast,2025-09,C1,SH-IDX01,PRECISION GEAR,jpy,30671.0,29878.0,-793.0,cr,Alternative Material Substitution,Engineering-driven
forecast,2025-10,C1,SH-IDX01,PRECISION GEAR,jpy,28482.0,27711.0,-771.0,cr,Alternative Material Substitution,Engineering-driven
forecast,2024-11,C1,UQ-C1-01,PANEL FRONT AS,domestic,741698.0,741698.0,0.0,,,
forecast,2024-12,C1,UQ-C1-01,PANEL FRONT AS,domestic,741698.0,760700.0,19002.0,cu,Supplier Change (Higher Cost Source),Market-driven
forecast,2025-01,C1,UQ-C1-01,PANEL FRONT AS,domestic,761042.0,782229.0,21187.0,cu,Logistics/Freight Cost Increase,Market-driven
forecast,2025-02,C1,UQ-C1-01,PANEL FRONT AS,domestic,819810.0,798129.0,-21681.0,cr,Supplier Negotiation,Operational-driven
forecast,2025-03,C1,UQ-C1-01,PANEL FRONT AS,domestic,768271.0,786567.0,18296.0,cu,Logistics/Freight Cost Increase,Market-driven
forecast,2025-04,C1,UQ-C1-01,PANEL FRONT AS,domestic,808457.0,832353.0,23896.0,cu,Supplier Change (Higher Cost Source),Market-driven
forecast,2025-05,C1,UQ-C1-01,PANEL FRONT AS,domestic,855305.0,875633.0,20328.0,cu,Engineering Change / Spec Upgrade,Engineering-driven
forecast,2025-06,C1,UQ-C1-01,PANEL FRONT AS,domestic,895667.0,874882.0,-20785.0,cr,Supplier Negotiation,Operational-driven
forecast,2025-07,C1,UQ-C1-01,PANEL FRONT AS,domestic,879381.0,899129.0,19748.0,cu,Yield/Scrap Rate Increase,Operational-driven
forecast,2025-08,C1,UQ-C1-01,PANEL FRONT AS,domestic,912921.0,935328.0,22407.0,cu,Engineering Change / Spec Upgrade,Engineering-driven
forecast,2025-09,C1,UQ-C1-01,PANEL FRONT AS,domestic,969103.0,993130.0,24027.0,cu,Raw Material Price Increase,Market-driven
forecast,2025-10,C1,UQ-C1-01,PANEL FRONT AS,domestic,1013120.0,1034589.0,21469.0,cu,Engineering Change / Spec Upgrade,Engineering-driven
forecast,2024-11,C1,UQ-C1-02,BRACKET SUPPORT,domestic,1010337.0,1038797.0,28460.0,cu,Yield/Scrap Rate Increase,Operational-driven
forecast,2024-12,C1,UQ-C1-02,BRACKET SUPPORT,domestic,1043480.0,1070774.0,27294.0,cu,Yield/Scrap Rate Increase,Operational-driven
forecast,2025-01,C1,UQ-C1-02,BRACKET SUPPORT,domestic,1079048.0,1079048.0,0.0,,,
forecast,2025-02,C1,UQ-C1-02,BRACKET SUPPORT,domestic,1079048.0,1107103.0,28055.0,cu,Yield/Scrap Rate Increase,Operational-driven
forecast,2025-03,C1,UQ-C1-02,BRACKET SUPPORT,domestic,1116889.0,1142168.0,25279.0,cu,Engineering Change / Spec Upgrade,Engineering-driven
forecast,2025-04,C1,UQ-C1-02,BRACKET SUPPORT,domestic,1160103.0,1128917.0,-31186.0,cr,VA/VE Improvement,Engineering-driven
forecast,2025-05,C1,UQ-C1-02,BRACKET SUPPORT,domestic,1135074.0,1165191.0,30117.0,cu,Raw Material Price Increase,Market-driven
forecast,2025-06,C1,UQ-C1-02,BRACKET SUPPORT,domestic,1205499.0,1174940.0,-30559.0,cr,Supplier Negotiation,Operational-driven
forecast,2025-07,C1,UQ-C1-02,BRACKET SUPPORT,domestic,1101179.0,1131298.0,30119.0,cu,Yield/Scrap Rate Increase,Operational-driven
forecast,2025-08,C1,UQ-C1-02,BRACKET SUPPORT,domestic,1149184.0,1177340.0,28156.0,cu,Supplier Change (Higher Cost Source),Market-driven
forecast,2025-09,C1,UQ-C1-02,BRACKET SUPPORT,domestic,1193177.0,1219910.0,26733.0,cu,Yield/Scrap Rate Increase,Operational-driven
forecast,2025-10,C1,UQ-C1-02,BRACKET SUPPORT,domestic,1266654.0,1296754.0,30100.0,cu,Engineering Change / Spec Upgrade,Engineering-driven
forecast,2024-11,C1,UQ-C1-03,IC CHIP CONTROL,usd,1219891.0,1192443.0,-27448.0,cr,Alternative Material Substitution,Engineering-driven
forecast,2024-12,C1,UQ-C1-03,IC CHIP CONTROL,usd,1131966.0,1155180.0,23214.0,cu,Yield/Scrap Rate Increase,Operational-driven
forecast,2025-01,C1,UQ-C1-03,IC CHIP CONTROL,usd,1164557.0,1191536.0,26979.0,cu,Raw Material Price Increase,Market-driven
forecast,2025-02,C1,UQ-C1-03,IC CHIP CONTROL,usd,1191558.0,1226605.0,35047.0,cu,Raw Material Price Increase,Market-driven
forecast,2025-03,C1,UQ-C1-03,IC CHIP CONTROL,usd,1294330.0,1331051.0,36721.0,cu,Yield/Scrap Rate Increase,Operational-driven
forecast,2025-04,C1,UQ-C1-03,IC CHIP CONTROL,usd,1329339.0,1364722.0,35383.0,cu,Logistics/Freight Cost Increase,Market-driven
forecast,2025-05,C1,UQ-C1-03,IC CHIP CONTROL,usd,1396282.0,1363102.0,-33180.0,cr,Supplier Negotiation,Operational-driven
forecast,2025-06,C1,UQ-C1-03,IC CHIP CONTROL,usd,1328903.0,1359230.0,30327.0,cu,Logistics/Freight Cost Increase,Market-driven
forecast,2025-07,C1,UQ-C1-03,IC CHIP CONTROL,usd,1416886.0,1456065.0,39179.0,cu,Raw Material Price Increase,Market-driven
forecast,2025-08,C1,UQ-C1-03,IC CHIP CONTROL,usd,1456729.0,1456729.0,0.0,,,
forecast,2025-09,C1,UQ-C1-03,IC CHIP CONTROL,usd,1456729.0,1495961.0,39232.0,cu,Engineering Change / Spec Upgrade,Engineering-driven
forecast,2025-10,C1,UQ-C1-03,IC CHIP CONTROL,usd,1583894.0,1618373.0,34479.0,cu,Supplier Change (Higher Cost Source),Market-driven
forecast,2024-11,C1,UQ-C1-04,MOTOR UNIT,jpy,56626.0,55179.0,-1447.0,cr,Localization / Local Sourcing,Operational-driven
forecast,2024-12,C1,UQ-C1-04,MOTOR UNIT,jpy,52772.0,53950.0,1178.0,cu,Raw Material Price Increase,Market-driven
forecast,2025-01,C1,UQ-C1-04,MOTOR UNIT,jpy,55005.0,53386.0,-1619.0,cr,Alternative Material Substitution,Engineering-driven
forecast,2025-02,C1,UQ-C1-04,MOTOR UNIT,jpy,52211.0,52211.0,0.0,,,
forecast,2025-03,C1,UQ-C1-04,MOTOR UNIT,jpy,52211.0,50774.0,-1437.0,cr,Localization / Local Sourcing,Operational-driven
forecast,2025-04,C1,UQ-C1-04,MOTOR UNIT,jpy,51053.0,49693.0,-1360.0,cr,Alternative Material Substitution,Engineering-driven
forecast,2025-05,C1,UQ-C1-04,MOTOR UNIT,jpy,49746.0,48576.0,-1170.0,cr,Process Improvement (Yield Up),Operational-driven
forecast,2025-06,C1,UQ-C1-04,MOTOR UNIT,jpy,47465.0,48759.0,1294.0,cu,Logistics/Freight Cost Increase,Market-driven
forecast,2025-07,C1,UQ-C1-04,MOTOR UNIT,jpy,48720.0,47531.0,-1189.0,cr,Process Improvement (Yield Up),Operational-driven
forecast,2025-08,C1,UQ-C1-04,MOTOR UNIT,jpy,45408.0,44307.0,-1101.0,cr,Localization / Local Sourcing,Operational-driven
forecast,2025-09,C1,UQ-C1-04,MOTOR UNIT,jpy,42545.0,41638.0,-907.0,cr,Process Improvement (Yield Up),Operational-driven
forecast,2025-10,C1,UQ-C1-04,MOTOR UNIT,jpy,41365.0,40470.0,-895.0,cr,Alternative Material Substitution,Engineering-driven
forecast,2024-11,C1,UQ-C1-05,SENSOR MODULE,jpy,81800.0,83858.0,2058.0,cu,Raw Material Price Increase,Market-driven
forecast,2024-12,C1,UQ-C1-05,SENSOR MODULE,jpy,85235.0,82919.0,-2316.0,cr,Localization / Local Sourcing,Operational-driven
forecast,2025-01,C1,UQ-C1-05,SENSOR MODULE,jpy,78830.0,77041.0,-1789.0,cr,Supplier Negotiation,Operational-driven
forecast,2025-02,C1,UQ-C1-05,SENSOR MODULE,jpy,76848.0,74805.0,-2043.0,cr,Process Improvement (Yield Up),Operational-driven
forecast,2025-03,C1,UQ-C1-05,SENSOR MODULE,jpy,74060.0,72324.0,-1736.0,cr,VA/VE Improvement,Engineering-driven
forecast,2025-04,C1,UQ-C1-05,SENSOR MODULE,jpy,70870.0,70870.0,0.0,,,
forecast,2025-05,C1,UQ-C1-05,SENSOR MODULE,jpy,70870.0,69111.0,-1759.0,cr,VA/VE Improvement,Engineering-driven
forecast,2025-06,C1,UQ-C1-05,SENSOR MODULE,jpy,69931.0,68522.0,-1409.0,cr,Supplier Negotiation,Operational-driven
forecast,2025-07,C1,UQ-C1-05,SENSOR MODULE,jpy,67517.0,65974.0,-1543.0,cr,Supplier Negotiation,Operational-driven
forecast,2025-08,C1,UQ-C1-05,SENSOR MODULE,jpy,64744.0,62901.0,-1843.0,cr,Supplier Negotiation,Operational-driven
forecast,2025-09,C1,UQ-C1-05,SENSOR MODULE,jpy,59460.0,61243.0,1783.0,cu,Raw Material Price Increase,Market-driven
forecast,2025-10,C1,UQ-C1-05,SENSOR MODULE,jpy,62738.0,61034.0,-1704.0,cr,Alternative Material Substitution,Engineering-driven
forecast,2024-11,C2,SH-CATC-D01,PANEL BOTTOM AS,domestic,113259.0,110344.0,-2915.0,cr,Alternative Material Substitution,Engineering-driven
forecast,2024-12,C2,SH-CATC-D01,PANEL BOTTOM AS,domestic,104374.0,101528.0,-2846.0,cr,Localization / Local Sourcing,Operational-driven
forecast,2025-01,C2,SH-CATC-D01,PANEL BOTTOM AS,domestic,98578.0,95656.0,-2922.0,cr,VA/VE Improvement,Engineering-driven
forecast,2025-02,C2,SH-CATC-D01,PANEL BOTTOM AS,domestic,95470.0,93279.0,-2191.0,cr,Localization / Local Sourcing,Operational-driven
forecast,2025-03,C2,SH-CATC-D01,PANEL BOTTOM AS,domestic,92816.0,90213.0,-2603.0,cr,Localization / Local Sourcing,Operational-driven
forecast,2025-04,C2,SH-CATC-D01,PANEL BOTTOM AS,domestic,84185.0,82390.0,-1795.0,cr,Supplier Negotiation,Operational-driven
forecast,2025-05,C2,SH-CATC-D01,PANEL BOTTOM AS,domestic,79911.0,77565.0,-2346.0,cr,Supplier Negotiation,Operational-driven
forecast,2025-06,C2,SH-CATC-D01,PANEL BOTTOM AS,domestic,77487.0,75299.0,-2188.0,cr,Alternative Material Substitution,Engineering-driven
forecast,2025-07,C2,SH-CATC-D01,PANEL BOTTOM AS,domestic,70423.0,68827.0,-1596.0,cr,Localization / Local Sourcing,Operational-driven
forecast,2025-08,C2,SH-CATC-D01,PANEL BOTTOM AS,domestic,66105.0,67595.0,1490.0,cu,Raw Material Price Increase,Market-driven
forecast,2025-09,C2,SH-CATC-D01,PANEL BOTTOM AS,domestic,68892.0,68892.0,0.0,,,
forecast,2025-10,C2,SH-CATC-D01,PANEL BOTTOM AS,domestic,68892.0,70909.0,2017.0,cu,Logistics/Freight Cost Increase,Market-driven
forecast,2024-11,C2,SH-CATC-U01,CONNECTOR HOUSING,usd,54607.0,52983.0,-1624.0,cr,VA/VE Improvement,Engineering-driven
forecast,2024-12,C2,SH-CATC-U01,CONNECTOR HOUSING,usd,50488.0,48976.0,-1512.0,cr,Supplier Negotiation,Operational-driven
forecast,2025-01,C2,SH-CATC-U01,CONNECTOR HOUSING,usd,46777.0,45439.0,-1338.0,cr,Localization / Local Sourcing,Operational-driven
forecast,2025-02,C2,SH-CATC-U01,CONNECTOR HOUSING,usd,44082.0,42786.0,-1296.0,cr,Supplier Negotiation,Operational-driven
forecast,2025-03,C2,SH-CATC-U01,CONNECTOR HOUSING,usd,41207.0,40354.0,-853.0,cr,Alternative Material Substitution,Engineering-driven
forecast,2025-04,C2,SH-CATC-U01,CONNECTOR HOUSING,usd,38785.0,38006.0,-779.0,cr,Process Improvement (Yield Up),Operational-driven
forecast,2025-05,C2,SH-CATC-U01,CONNECTOR HOUSING,usd,36814.0,36814.0,0.0,,,
forecast,2025-06,C2,SH-CATC-U01,CONNECTOR HOUSING,usd,36814.0,37711.0,897.0,cu,Raw Material Price Increase,Market-driven
forecast,2025-07,C2,SH-CATC-U01,CONNECTOR HOUSING,usd,38712.0,37615.0,-1097.0,cr,Localization / Local Sourcing,Operational-driven
forecast,2025-08,C2,SH-CATC-U01,CONNECTOR HOUSING,usd,35494.0,34604.0,-890.0,cr,Process Improvement (Yield Up),Operational-driven
forecast,2025-09,C2,SH-CATC-U01,CONNECTOR HOUSING,usd,33073.0,33823.0,750.0,cu,Raw Material Price Increase,Market-driven
forecast,2025-10,C2,SH-CATC-U01,CONNECTOR HOUSING,usd,34653.0,33704.0,-949.0,cr,VA/VE Improvement,Engineering-driven
forecast,2024-11,C2,SH-IDX02,PRECISION GEAR,jpy,42447.0,42447.0,0.0,,,
forecast,2024-12,C2,SH-IDX02,PRECISION GEAR,jpy,42447.0,41473.0,-974.0,cr,Alternative Material Substitution,Engineering-driven
forecast,2025-01,C2,SH-IDX02,PRECISION GEAR,jpy,39851.0,38664.0,-1187.0,cr,Localization / Local Sourcing,Operational-driven
forecast,2025-02,C2,SH-IDX02,PRECISION GEAR,jpy,36447.0,35591.0,-856.0,cr,Localization / Local Sourcing,Operational-driven
forecast,2025-03,C2,SH-IDX02,PRECISION GEAR,jpy,34626.0,33742.0,-884.0,cr,Localization / Local Sourcing,Operational-driven
forecast,2025-04,C2,SH-IDX02,PRECISION GEAR,jpy,33156.0,32368.0,-788.0,cr,Process Improvement (Yield Up),Operational-driven
forecast,2025-05,C2,SH-IDX02,PRECISION GEAR,jpy,31648.0,32572.0,924.0,cu,Logistics/Freight Cost Increase,Market-driven
forecast,2025-06,C2,SH-IDX02,PRECISION GEAR,jpy,34991.0,35825.0,834.0,cu,Engineering Change / Spec Upgrade,Engineering-driven
forecast,2025-07,C2,SH-IDX02,PRECISION GEAR,jpy,37140.0,36311.0,-829.0,cr,Alternative Material Substitution,Engineering-driven
forecast,2025-08,C2,SH-IDX02,PRECISION GEAR,jpy,36201.0,35215.0,-986.0,cr,VA/VE Improvement,Engineering-driven
forecast,2025-09,C2,SH-IDX02,PRECISION GEAR,jpy,32634.0,31737.0,-897.0,cr,VA/VE Improvement,Engineering-driven
forecast,2025-10,C2,SH-IDX02,PRECISION GEAR,jpy,30187.0,29291.0,-896.0,cr,VA/VE Improvement,Engineering-driven
forecast,2024-11,C2,UQ-C2-01,PANEL FRONT AS,domestic,586213.0,586213.0,0.0,,,
forecast,2024-12,C2,UQ-C2-01,PANEL FRONT AS,domestic,586213.0,598743.0,12530.0,cu,Yield/Scrap Rate Increase,Operational-driven
forecast,2025-01,C2,UQ-C2-01,PANEL FRONT AS,domestic,630808.0,646143.0,15335.0,cu,Yield/Scrap Rate Increase,Operational-driven
forecast,2025-02,C2,UQ-C2-01,PANEL FRONT AS,domestic,666298.0,648928.0,-17370.0,cr,Supplier Negotiation,Operational-driven
forecast,2025-03,C2,UQ-C2-01,PANEL FRONT AS,domestic,615043.0,631996.0,16953.0,cu,Logistics/Freight Cost Increase,Market-driven
forecast,2025-04,C2,UQ-C2-01,PANEL FRONT AS,domestic,655727.0,674261.0,18534.0,cu,Yield/Scrap Rate Increase,Operational-driven
forecast,2025-05,C2,UQ-C2-01,PANEL FRONT AS,domestic,667396.0,686631.0,19235.0,cu,Engineering Change / Spec Upgrade,Engineering-driven
forecast,2025-06,C2,UQ-C2-01,PANEL FRONT AS,domestic,691662.0,675674.0,-15988.0,cr,Alternative Material Substitution,Engineering-driven
forecast,2025-07,C2,UQ-C2-01,PANEL FRONT AS,domestic,635132.0,651729.0,16597.0,cu,Raw Material Price Increase,Market-driven
forecast,2025-08,C2,UQ-C2-01,PANEL FRONT AS,domestic,676434.0,691784.0,15350.0,cu,Yield/Scrap Rate Increase,Operational-driven
forecast,2025-09,C2,UQ-C2-01,PANEL FRONT AS,domestic,717014.0,733540.0,16526.0,cu,Engineering Change / Spec Upgrade,Engineering-driven
forecast,2025-10,C2,UQ-C2-01,PANEL FRONT AS,domestic,767247.0,786956.0,19709.0,cu,Engineering Change / Spec Upgrade,Engineering-driven
forecast,2024-11,C2,UQ-C2-02,BRACKET SUPPORT,domestic,852551.0,876108.0,23557.0,cu,Supplier Change (Higher Cost Source),Market-driven
forecast,2024-12,C2,UQ-C2-02,BRACKET SUPPORT,domestic,901529.0,920983.0,19454.0,cu,Engineering Change / Spec Upgrade,Engineering-driven
forecast,2025-01,C2,UQ-C2-02,BRACKET SUPPORT,domestic,942418.0,942418.0,0.0,,,
forecast,2025-02,C2,UQ-C2-02,BRACKET SUPPORT,domestic,942418.0,964052.0,21634.0,cu,Raw Material Price Increase,Market-driven
forecast,2025-03,C2,UQ-C2-02,BRACKET SUPPORT,domestic,1004109.0,1032634.0,28525.0,cu,Yield/Scrap Rate Increase,Operational-driven
forecast,2025-04,C2,UQ-C2-02,BRACKET SUPPORT,domestic,1060810.0,1032769.0,-28041.0,cr,Supplier Negotiation,Operational-driven
forecast,2025-05,C2,UQ-C2-02,BRACKET SUPPORT,domestic,1004735.0,1025604.0,20869.0,cu,Supplier Change (Higher Cost Source),Market-driven
forecast,2025-06,C2,UQ-C2-02,BRACKET SUPPORT,domestic,1039352.0,1013746.0,-25606.0,cr,Localization / Local Sourcing,Operational-driven
forecast,2025-07,C2,UQ-C2-02,BRACKET SUPPORT,domestic,999253.0,1028268.0,29015.0,cu,Engineering Change / Spec Upgrade,Engineering-driven
forecast,2025-08,C2,UQ-C2-02,BRACKET SUPPORT,domestic,1082108.0,1104112.0,22004.0,cu,Raw Material Price Increase,Market-driven
forecast,2025-09,C2,UQ-C2-02,BRACKET SUPPORT,domestic,1141981.0,1173354.0,31373.0,cu,Raw Material Price Increase,Market-driven
forecast,2025-10,C2,UQ-C2-02,BRACKET SUPPORT,domestic,1245843.0,1279299.0,33456.0,cu,Yield/Scrap Rate Increase,Operational-driven
forecast,2024-11,C2,UQ-C2-03,IC CHIP CONTROL,usd,557288.0,543281.0,-14007.0,cr,Alternative Material Substitution,Engineering-driven
forecast,2024-12,C2,UQ-C2-03,IC CHIP CONTROL,usd,545034.0,557022.0,11988.0,cu,Supplier Change (Higher Cost Source),Market-driven
forecast,2025-01,C2,UQ-C2-03,IC CHIP CONTROL,usd,564658.0,578255.0,13597.0,cu,Raw Material Price Increase,Market-driven
forecast,2025-02,C2,UQ-C2-03,IC CHIP CONTROL,usd,577864.0,594008.0,16144.0,cu,Logistics/Freight Cost Increase,Market-driven
forecast,2025-03,C2,UQ-C2-03,IC CHIP CONTROL,usd,608996.0,624437.0,15441.0,cu,Engineering Change / Spec Upgrade,Engineering-driven
forecast,2025-04,C2,UQ-C2-03,IC CHIP CONTROL,usd,647841.0,663838.0,15997.0,cu,Engineering Change / Spec Upgrade,Engineering-driven
forecast,2025-05,C2,UQ-C2-03,IC CHIP CONTROL,usd,696574.0,681341.0,-15233.0,cr,Process Improvement (Yield Up),Operational-driven
forecast,2025-06,C2,UQ-C2-03,IC CHIP CONTROL,usd,661285.0,680089.0,18804.0,cu,Logistics/Freight Cost Increase,Market-driven
forecast,2025-07,C2,UQ-C2-03,IC CHIP CONTROL,usd,677194.0,693797.0,16603.0,cu,Yield/Scrap Rate Increase,Operational-driven
forecast,2025-08,C2,UQ-C2-03,IC CHIP CONTROL,usd,691164.0,691164.0,0.0,,,
forecast,2025-09,C2,UQ-C2-03,IC CHIP CONTROL,usd,691164.0,708193.0,17029.0,cu,Logistics/Freight Cost Increase,Market-driven
forecast,2025-10,C2,UQ-C2-03,IC CHIP CONTROL,usd,743234.0,762278.0,19044.0,cu,Logistics/Freight Cost Increase,Market-driven
forecast,2024-11,C2,UQ-C2-04,MOTOR UNIT,jpy,285109.0,276811.0,-8298.0,cr,Alternative Material Substitution,Engineering-driven
forecast,2024-12,C2,UQ-C2-04,MOTOR UNIT,jpy,259345.0,266207.0,6862.0,cu,Raw Material Price Increase,Market-driven
forecast,2025-01,C2,UQ-C2-04,MOTOR UNIT,jpy,276466.0,269404.0,-7062.0,cr,VA/VE Improvement,Engineering-driven
forecast,2025-02,C2,UQ-C2-04,MOTOR UNIT,jpy,258776.0,258776.0,0.0,,,
forecast,2025-03,C2,UQ-C2-04,MOTOR UNIT,jpy,258776.0,252991.0,-5785.0,cr,Process Improvement (Yield Up),Operational-driven
forecast,2025-04,C2,UQ-C2-04,MOTOR UNIT,jpy,253614.0,248352.0,-5262.0,cr,Alternative Material Substitution,Engineering-driven
forecast,2025-05,C2,UQ-C2-04,MOTOR UNIT,jpy,245288.0,238378.0,-6910.0,cr,Supplier Negotiation,Operational-driven
forecast,2025-06,C2,UQ-C2-04,MOTOR UNIT,jpy,233763.0,240251.0,6488.0,cu,Raw Material Price Increase,Market-driven
forecast,2025-07,C2,UQ-C2-04,MOTOR UNIT,jpy,248511.0,241606.0,-6905.0,cr,VA/VE Improvement,Engineering-driven
forecast,2025-08,C2,UQ-C2-04,MOTOR UNIT,jpy,242430.0,235873.0,-6557.0,cr,Localization / Local Sourcing,Operational-driven
forecast,2025-09,C2,UQ-C2-04,MOTOR UNIT,jpy,225896.0,220462.0,-5434.0,cr,Process Improvement (Yield Up),Operational-driven
forecast,2025-10,C2,UQ-C2-04,MOTOR UNIT,jpy,213030.0,207936.0,-5094.0,cr,Alternative Material Substitution,Engineering-driven
forecast,2024-11,C2,UQ-C2-05,SENSOR MODULE,jpy,190718.0,196307.0,5589.0,cu,Engineering Change / Spec Upgrade,Engineering-driven
forecast,2024-12,C2,UQ-C2-05,SENSOR MODULE,jpy,195703.0,191334.0,-4369.0,cr,Localization / Local Sourcing,Operational-driven
forecast,2025-01,C2,UQ-C2-05,SENSOR MODULE,jpy,180025.0,175840.0,-4185.0,cr,Alternative Material Substitution,Engineering-driven
forecast,2025-02,C2,UQ-C2-05,SENSOR MODULE,jpy,176373.0,172647.0,-3726.0,cr,Alternative Material Substitution,Engineering-driven
forecast,2025-03,C2,UQ-C2-05,SENSOR MODULE,jpy,165970.0,161152.0,-4818.0,cr,Localization / Local Sourcing,Operational-driven
forecast,2025-04,C2,UQ-C2-05,SENSOR MODULE,jpy,156383.0,156383.0,0.0,,,
forecast,2025-05,C2,UQ-C2-05,SENSOR MODULE,jpy,156383.0,152739.0,-3644.0,cr,Localization / Local Sourcing,Operational-driven
forecast,2025-06,C2,UQ-C2-05,SENSOR MODULE,jpy,149320.0,146062.0,-3258.0,cr,Process Improvement (Yield Up),Operational-driven
forecast,2025-07,C2,UQ-C2-05,SENSOR MODULE,jpy,139403.0,136038.0,-3365.0,cr,Alternative Material Substitution,Engineering-driven
forecast,2025-08,C2,UQ-C2-05,SENSOR MODULE,jpy,137319.0,133252.0,-4067.0,cr,Localization / Local Sourcing,Operational-driven
forecast,2025-09,C2,UQ-C2-05,SENSOR MODULE,jpy,132492.0,136074.0,3582.0,cu,Raw Material Price Increase,Market-driven
forecast,2025-10,C2,UQ-C2-05,SENSOR MODULE,jpy,143167.0,139763.0,-3404.0,cr,Process Improvement (Yield Up),Operational-driven
forecast,2024-11,C2,SH-EVEN-01,TAPE PU-F,domestic,70295.0,72153.0,1858.0,cu,Raw Material Price Increase,Market-driven
forecast,2024-12,C2,SH-EVEN-01,TAPE PU-F,domestic,75075.0,77289.0,2214.0,cu,Raw Material Price Increase,Market-driven
forecast,2025-01,C2,SH-EVEN-01,TAPE PU-F,domestic,80181.0,81820.0,1639.0,cu,Engineering Change / Spec Upgrade,Engineering-driven
forecast,2025-02,C2,SH-EVEN-01,TAPE PU-F,domestic,82639.0,85022.0,2383.0,cu,Engineering Change / Spec Upgrade,Engineering-driven
forecast,2025-03,C2,SH-EVEN-01,TAPE PU-F,domestic,87878.0,90500.0,2622.0,cu,Engineering Change / Spec Upgrade,Engineering-driven
forecast,2025-04,C2,SH-EVEN-01,TAPE PU-F,domestic,93563.0,90938.0,-2625.0,cr,VA/VE Improvement,Engineering-driven
forecast,2025-05,C2,SH-EVEN-01,TAPE PU-F,domestic,89152.0,91079.0,1927.0,cu,Supplier Change (Higher Cost Source),Market-driven
forecast,2025-06,C2,SH-EVEN-01,TAPE PU-F,domestic,94914.0,97552.0,2638.0,cu,Supplier Change (Higher Cost Source),Market-driven
forecast,2025-07,C2,SH-EVEN-01,TAPE PU-F,domestic,101876.0,99278.0,-2598.0,cr,Process Improvement (Yield Up),Operational-driven
forecast,2025-08,C2,SH-EVEN-01,TAPE PU-F,domestic,94152.0,96788.0,2636.0,cu,Supplier Change (Higher Cost Source),Market-driven
forecast,2025-09,C2,SH-EVEN-01,TAPE PU-F,domestic,96785.0,96785.0,0.0,,,
forecast,2025-10,C2,SH-EVEN-01,TAPE PU-F,domestic,96785.0,99648.0,2863.0,cu,Yield/Scrap Rate Increase,Operational-driven
forecast,2024-11,C2,SH-EVEN-02,RESIN COMPOUND,usd,19042.0,19548.0,506.0,cu,Supplier Change (Higher Cost Source),Market-driven
forecast,2024-12,C2,SH-EVEN-02,RESIN COMPOUND,usd,19491.0,20013.0,522.0,cu,Supplier Change (Higher Cost Source),Market-driven
forecast,2025-01,C2,SH-EVEN-02,RESIN COMPOUND,usd,20366.0,20818.0,452.0,cu,Raw Material Price Increase,Market-driven
forecast,2025-02,C2,SH-EVEN-02,RESIN COMPOUND,usd,20895.0,21394.0,499.0,cu,Logistics/Freight Cost Increase,Market-driven
forecast,2025-03,C2,SH-EVEN-02,RESIN COMPOUND,usd,21472.0,21914.0,442.0,cu,Logistics/Freight Cost Increase,Market-driven
forecast,2025-04,C2,SH-EVEN-02,RESIN COMPOUND,usd,22839.0,22839.0,0.0,,,
forecast,2025-05,C2,SH-EVEN-02,RESIN COMPOUND,usd,22839.0,22349.0,-490.0,cr,Localization / Local Sourcing,Operational-driven
forecast,2025-06,C2,SH-EVEN-02,RESIN COMPOUND,usd,21574.0,22093.0,519.0,cu,Logistics/Freight Cost Increase,Market-driven
forecast,2025-07,C2,SH-EVEN-02,RESIN COMPOUND,usd,22763.0,22214.0,-549.0,cr,Alternative Material Substitution,Engineering-driven
forecast,2025-08,C2,SH-EVEN-02,RESIN COMPOUND,usd,21147.0,21602.0,455.0,cu,Raw Material Price Increase,Market-driven
forecast,2025-09,C2,SH-EVEN-02,RESIN COMPOUND,usd,22059.0,22634.0,575.0,cu,Engineering Change / Spec Upgrade,Engineering-driven
forecast,2025-10,C2,SH-EVEN-02,RESIN COMPOUND,usd,23441.0,24025.0,584.0,cu,Yield/Scrap Rate Increase,Operational-driven
forecast,2024-11,C3,SH-CATC-D01,PANEL BOTTOM AS,domestic,113259.0,110344.0,-2915.0,cr,Alternative Material Substitution,Engineering-driven
forecast,2024-12,C3,SH-CATC-D01,PANEL BOTTOM AS,domestic,104374.0,101528.0,-2846.0,cr,Localization / Local Sourcing,Operational-driven
forecast,2025-01,C3,SH-CATC-D01,PANEL BOTTOM AS,domestic,98578.0,95656.0,-2922.0,cr,VA/VE Improvement,Engineering-driven
forecast,2025-02,C3,SH-CATC-D01,PANEL BOTTOM AS,domestic,95470.0,93279.0,-2191.0,cr,Localization / Local Sourcing,Operational-driven
forecast,2025-03,C3,SH-CATC-D01,PANEL BOTTOM AS,domestic,92816.0,90213.0,-2603.0,cr,Localization / Local Sourcing,Operational-driven
forecast,2025-04,C3,SH-CATC-D01,PANEL BOTTOM AS,domestic,84185.0,82390.0,-1795.0,cr,Supplier Negotiation,Operational-driven
forecast,2025-05,C3,SH-CATC-D01,PANEL BOTTOM AS,domestic,79911.0,77565.0,-2346.0,cr,Supplier Negotiation,Operational-driven
forecast,2025-06,C3,SH-CATC-D01,PANEL BOTTOM AS,domestic,77487.0,75299.0,-2188.0,cr,Alternative Material Substitution,Engineering-driven
forecast,2025-07,C3,SH-CATC-D01,PANEL BOTTOM AS,domestic,70423.0,68827.0,-1596.0,cr,Localization / Local Sourcing,Operational-driven
forecast,2025-08,C3,SH-CATC-D01,PANEL BOTTOM AS,domestic,66105.0,67595.0,1490.0,cu,Raw Material Price Increase,Market-driven
forecast,2025-09,C3,SH-CATC-D01,PANEL BOTTOM AS,domestic,68892.0,68892.0,0.0,,,
forecast,2025-10,C3,SH-CATC-D01,PANEL BOTTOM AS,domestic,68892.0,70909.0,2017.0,cu,Logistics/Freight Cost Increase,Market-driven
forecast,2024-11,C3,SH-CATC-U01,CONNECTOR HOUSING,usd,54607.0,52983.0,-1624.0,cr,VA/VE Improvement,Engineering-driven
forecast,2024-12,C3,SH-CATC-U01,CONNECTOR HOUSING,usd,50488.0,48976.0,-1512.0,cr,Supplier Negotiation,Operational-driven
forecast,2025-01,C3,SH-CATC-U01,CONNECTOR HOUSING,usd,46777.0,45439.0,-1338.0,cr,Localization / Local Sourcing,Operational-driven
forecast,2025-02,C3,SH-CATC-U01,CONNECTOR HOUSING,usd,44082.0,42786.0,-1296.0,cr,Supplier Negotiation,Operational-driven
forecast,2025-03,C3,SH-CATC-U01,CONNECTOR HOUSING,usd,41207.0,40354.0,-853.0,cr,Alternative Material Substitution,Engineering-driven
forecast,2025-04,C3,SH-CATC-U01,CONNECTOR HOUSING,usd,38785.0,38006.0,-779.0,cr,Process Improvement (Yield Up),Operational-driven
forecast,2025-05,C3,SH-CATC-U01,CONNECTOR HOUSING,usd,36814.0,36814.0,0.0,,,
forecast,2025-06,C3,SH-CATC-U01,CONNECTOR HOUSING,usd,36814.0,37711.0,897.0,cu,Raw Material Price Increase,Market-driven
forecast,2025-07,C3,SH-CATC-U01,CONNECTOR HOUSING,usd,38712.0,37615.0,-1097.0,cr,Localization / Local Sourcing,Operational-driven
forecast,2025-08,C3,SH-CATC-U01,CONNECTOR HOUSING,usd,35494.0,34604.0,-890.0,cr,Process Improvement (Yield Up),Operational-driven
forecast,2025-09,C3,SH-CATC-U01,CONNECTOR HOUSING,usd,33073.0,33823.0,750.0,cu,Raw Material Price Increase,Market-driven
forecast,2025-10,C3,SH-CATC-U01,CONNECTOR HOUSING,usd,34653.0,33704.0,-949.0,cr,VA/VE Improvement,Engineering-driven
forecast,2024-11,C3,SH-IDX03,PRECISION GEAR,jpy,110238.0,110238.0,0.0,,,
forecast,2024-12,C3,SH-IDX03,PRECISION GEAR,jpy,110238.0,107563.0,-2675.0,cr,Alternative Material Substitution,Engineering-driven
forecast,2025-01,C3,SH-IDX03,PRECISION GEAR,jpy,105176.0,102043.0,-3133.0,cr,Alternative Material Substitution,Engineering-driven
forecast,2025-02,C3,SH-IDX03,PRECISION GEAR,jpy,96942.0,94328.0,-2614.0,cr,Process Improvement (Yield Up),Operational-driven
forecast,2025-03,C3,SH-IDX03,PRECISION GEAR,jpy,94448.0,92284.0,-2164.0,cr,Process Improvement (Yield Up),Operational-driven
forecast,2025-04,C3,SH-IDX03,PRECISION GEAR,jpy,88401.0,86440.0,-1961.0,cr,Process Improvement (Yield Up),Operational-driven
forecast,2025-05,C3,SH-IDX03,PRECISION GEAR,jpy,83341.0,85550.0,2209.0,cu,Logistics/Freight Cost Increase,Market-driven
forecast,2025-06,C3,SH-IDX03,PRECISION GEAR,jpy,88426.0,90655.0,2229.0,cu,Yield/Scrap Rate Increase,Operational-driven
forecast,2025-07,C3,SH-IDX03,PRECISION GEAR,jpy,90488.0,88202.0,-2286.0,cr,Supplier Negotiation,Operational-driven
forecast,2025-08,C3,SH-IDX03,PRECISION GEAR,jpy,85504.0,83082.0,-2422.0,cr,Supplier Negotiation,Operational-driven
forecast,2025-09,C3,SH-IDX03,PRECISION GEAR,jpy,81232.0,79185.0,-2047.0,cr,Supplier Negotiation,Operational-driven
forecast,2025-10,C3,SH-IDX03,PRECISION GEAR,jpy,78288.0,76096.0,-2192.0,cr,Alternative Material Substitution,Engineering-driven
forecast,2024-11,C3,UQ-C3-01,PANEL FRONT AS,domestic,732736.0,732736.0,0.0,,,
forecast,2024-12,C3,UQ-C3-01,PANEL FRONT AS,domestic,732736.0,748673.0,15937.0,cu,Logistics/Freight Cost Increase,Market-driven
forecast,2025-01,C3,UQ-C3-01,PANEL FRONT AS,domestic,787253.0,806256.0,19003.0,cu,Raw Material Price Increase,Market-driven
forecast,2025-02,C3,UQ-C3-01,PANEL FRONT AS,domestic,840687.0,823276.0,-17411.0,cr,Localization / Local Sourcing,Operational-driven
forecast,2025-03,C3,UQ-C3-01,PANEL FRONT AS,domestic,774169.0,796623.0,22454.0,cu,Yield/Scrap Rate Increase,Operational-driven
forecast,2025-04,C3,UQ-C3-01,PANEL FRONT AS,domestic,835350.0,854821.0,19471.0,cu,Supplier Change (Higher Cost Source),Market-driven
forecast,2025-05,C3,UQ-C3-01,PANEL FRONT AS,domestic,848908.0,869951.0,21043.0,cu,Logistics/Freight Cost Increase,Market-driven
forecast,2025-06,C3,UQ-C3-01,PANEL FRONT AS,domestic,903734.0,878174.0,-25560.0,cr,Localization / Local Sourcing,Operational-driven
forecast,2025-07,C3,UQ-C3-01,PANEL FRONT AS,domestic,817620.0,837682.0,20062.0,cu,Logistics/Freight Cost Increase,Market-driven
forecast,2025-08,C3,UQ-C3-01,PANEL FRONT AS,domestic,879256.0,903271.0,24015.0,cu,Supplier Change (Higher Cost Source),Market-driven
forecast,2025-09,C3,UQ-C3-01,PANEL FRONT AS,domestic,931440.0,950727.0,19287.0,cu,Supplier Change (Higher Cost Source),Market-driven
forecast,2025-10,C3,UQ-C3-01,PANEL FRONT AS,domestic,972761.0,994983.0,22222.0,cu,Raw Material Price Increase,Market-driven
forecast,2024-11,C3,UQ-C3-02,BRACKET SUPPORT,domestic,998584.0,1023569.0,24985.0,cu,Logistics/Freight Cost Increase,Market-driven
forecast,2024-12,C3,UQ-C3-02,BRACKET SUPPORT,domestic,1047717.0,1069052.0,21335.0,cu,Engineering Change / Spec Upgrade,Engineering-driven
forecast,2025-01,C3,UQ-C3-02,BRACKET SUPPORT,domestic,1112558.0,1112558.0,0.0,,,
forecast,2025-02,C3,UQ-C3-02,BRACKET SUPPORT,domestic,1112558.0,1145200.0,32642.0,cu,Logistics/Freight Cost Increase,Market-driven
forecast,2025-03,C3,UQ-C3-02,BRACKET SUPPORT,domestic,1164664.0,1195181.0,30517.0,cu,Raw Material Price Increase,Market-driven
forecast,2025-04,C3,UQ-C3-02,BRACKET SUPPORT,domestic,1274015.0,1245697.0,-28318.0,cr,Alternative Material Substitution,Engineering-driven
forecast,2025-05,C3,UQ-C3-02,BRACKET SUPPORT,domestic,1223463.0,1255851.0,32388.0,cu,Engineering Change / Spec Upgrade,Engineering-driven
forecast,2025-06,C3,UQ-C3-02,BRACKET SUPPORT,domestic,1252834.0,1218824.0,-34010.0,cr,Alternative Material Substitution,Engineering-driven
forecast,2025-07,C3,UQ-C3-02,BRACKET SUPPORT,domestic,1157680.0,1181878.0,24198.0,cu,Supplier Change (Higher Cost Source),Market-driven
forecast,2025-08,C3,UQ-C3-02,BRACKET SUPPORT,domestic,1220369.0,1245731.0,25362.0,cu,Yield/Scrap Rate Increase,Operational-driven
forecast,2025-09,C3,UQ-C3-02,BRACKET SUPPORT,domestic,1253565.0,1282354.0,28789.0,cu,Supplier Change (Higher Cost Source),Market-driven
forecast,2025-10,C3,UQ-C3-02,BRACKET SUPPORT,domestic,1327773.0,1354928.0,27155.0,cu,Supplier Change (Higher Cost Source),Market-driven
forecast,2024-11,C3,UQ-C3-03,IC CHIP CONTROL,usd,1238564.0,1212782.0,-25782.0,cr,Supplier Negotiation,Operational-driven
forecast,2024-12,C3,UQ-C3-03,IC CHIP CONTROL,usd,1218038.0,1244668.0,26630.0,cu,Supplier Change (Higher Cost Source),Market-driven
forecast,2025-01,C3,UQ-C3-03,IC CHIP CONTROL,usd,1304633.0,1338026.0,33393.0,cu,Logistics/Freight Cost Increase,Market-driven
forecast,2025-02,C3,UQ-C3-03,IC CHIP CONTROL,usd,1382566.0,1421817.0,39251.0,cu,Engineering Change / Spec Upgrade,Engineering-driven
forecast,2025-03,C3,UQ-C3-03,IC CHIP CONTROL,usd,1443274.0,1478620.0,35346.0,cu,Logistics/Freight Cost Increase,Market-driven
forecast,2025-04,C3,UQ-C3-03,IC CHIP CONTROL,usd,1574082.0,1609263.0,35181.0,cu,Engineering Change / Spec Upgrade,Engineering-driven
forecast,2025-05,C3,UQ-C3-03,IC CHIP CONTROL,usd,1639441.0,1605945.0,-33496.0,cr,VA/VE Improvement,Engineering-driven
forecast,2025-06,C3,UQ-C3-03,IC CHIP CONTROL,usd,1561674.0,1599825.0,38151.0,cu,Raw Material Price Increase,Market-driven
forecast,2025-07,C3,UQ-C3-03,IC CHIP CONTROL,usd,1613439.0,1660344.0,46905.0,cu,Logistics/Freight Cost Increase,Market-driven
forecast,2025-08,C3,UQ-C3-03,IC CHIP CONTROL,usd,1732192.0,1732192.0,0.0,,,
forecast,2025-09,C3,UQ-C3-03,IC CHIP CONTROL,usd,1732192.0,1777446.0,45254.0,cu,Yield/Scrap Rate Increase,Operational-driven
forecast,2025-10,C3,UQ-C3-03,IC CHIP CONTROL,usd,1859015.0,1909990.0,50975.0,cu,Raw Material Price Increase,Market-driven
forecast,2024-11,C3,UQ-C3-04,MOTOR UNIT,jpy,166021.0,161155.0,-4866.0,cr,Process Improvement (Yield Up),Operational-driven
forecast,2024-12,C3,UQ-C3-04,MOTOR UNIT,jpy,152244.0,155303.0,3059.0,cu,Yield/Scrap Rate Increase,Operational-driven
forecast,2025-01,C3,UQ-C3-04,MOTOR UNIT,jpy,159925.0,156455.0,-3470.0,cr,Alternative Material Substitution,Engineering-driven
forecast,2025-02,C3,UQ-C3-04,MOTOR UNIT,jpy,155133.0,155133.0,0.0,,,
forecast,2025-03,C3,UQ-C3-04,MOTOR UNIT,jpy,155133.0,150776.0,-4357.0,cr,Supplier Negotiation,Operational-driven
forecast,2025-04,C3,UQ-C3-04,MOTOR UNIT,jpy,152204.0,148288.0,-3916.0,cr,Localization / Local Sourcing,Operational-driven
forecast,2025-05,C3,UQ-C3-04,MOTOR UNIT,jpy,140340.0,137344.0,-2996.0,cr,VA/VE Improvement,Engineering-driven
forecast,2025-06,C3,UQ-C3-04,MOTOR UNIT,jpy,138255.0,142037.0,3782.0,cu,Raw Material Price Increase,Market-driven
forecast,2025-07,C3,UQ-C3-04,MOTOR UNIT,jpy,146643.0,143529.0,-3114.0,cr,Localization / Local Sourcing,Operational-driven
forecast,2025-08,C3,UQ-C3-04,MOTOR UNIT,jpy,138372.0,134951.0,-3421.0,cr,Localization / Local Sourcing,Operational-driven
forecast,2025-09,C3,UQ-C3-04,MOTOR UNIT,jpy,128478.0,124896.0,-3582.0,cr,Localization / Local Sourcing,Operational-driven
forecast,2025-10,C3,UQ-C3-04,MOTOR UNIT,jpy,120284.0,117126.0,-3158.0,cr,Alternative Material Substitution,Engineering-driven
forecast,2024-11,C3,UQ-C3-05,SENSOR MODULE,jpy,205424.0,209815.0,4391.0,cu,Supplier Change (Higher Cost Source),Market-driven
forecast,2024-12,C3,UQ-C3-05,SENSOR MODULE,jpy,221383.0,214900.0,-6483.0,cr,Process Improvement (Yield Up),Operational-driven
forecast,2025-01,C3,UQ-C3-05,SENSOR MODULE,jpy,211233.0,206440.0,-4793.0,cr,Process Improvement (Yield Up),Operational-driven
forecast,2025-02,C3,UQ-C3-05,SENSOR MODULE,jpy,200281.0,194908.0,-5373.0,cr,Alternative Material Substitution,Engineering-driven
forecast,2025-03,C3,UQ-C3-05,SENSOR MODULE,jpy,181311.0,177543.0,-3768.0,cr,Alternative Material Substitution,Engineering-driven
forecast,2025-04,C3,UQ-C3-05,SENSOR MODULE,jpy,176444.0,176444.0,0.0,,,
forecast,2025-05,C3,UQ-C3-05,SENSOR MODULE,jpy,176444.0,171905.0,-4539.0,cr,Localization / Local Sourcing,Operational-driven
forecast,2025-06,C3,UQ-C3-05,SENSOR MODULE,jpy,171984.0,166855.0,-5129.0,cr,Alternative Material Substitution,Engineering-driven
forecast,2025-07,C3,UQ-C3-05,SENSOR MODULE,jpy,163530.0,159223.0,-4307.0,cr,Localization / Local Sourcing,Operational-driven
forecast,2025-08,C3,UQ-C3-05,SENSOR MODULE,jpy,154792.0,150862.0,-3930.0,cr,VA/VE Improvement,Engineering-driven
forecast,2025-09,C3,UQ-C3-05,SENSOR MODULE,jpy,147744.0,151195.0,3451.0,cu,Raw Material Price Increase,Market-driven
forecast,2025-10,C3,UQ-C3-05,SENSOR MODULE,jpy,154779.0,151149.0,-3630.0,cr,Process Improvement (Yield Up),Operational-driven
forecast,2024-11,C4,SH-CATC-D01,PANEL BOTTOM AS,domestic,113259.0,110344.0,-2915.0,cr,Alternative Material Substitution,Engineering-driven
forecast,2024-12,C4,SH-CATC-D01,PANEL BOTTOM AS,domestic,104374.0,101528.0,-2846.0,cr,Localization / Local Sourcing,Operational-driven
forecast,2025-01,C4,SH-CATC-D01,PANEL BOTTOM AS,domestic,98578.0,95656.0,-2922.0,cr,VA/VE Improvement,Engineering-driven
forecast,2025-02,C4,SH-CATC-D01,PANEL BOTTOM AS,domestic,95470.0,93279.0,-2191.0,cr,Localization / Local Sourcing,Operational-driven
forecast,2025-03,C4,SH-CATC-D01,PANEL BOTTOM AS,domestic,92816.0,90213.0,-2603.0,cr,Localization / Local Sourcing,Operational-driven
forecast,2025-04,C4,SH-CATC-D01,PANEL BOTTOM AS,domestic,84185.0,82390.0,-1795.0,cr,Supplier Negotiation,Operational-driven
forecast,2025-05,C4,SH-CATC-D01,PANEL BOTTOM AS,domestic,79911.0,77565.0,-2346.0,cr,Supplier Negotiation,Operational-driven
forecast,2025-06,C4,SH-CATC-D01,PANEL BOTTOM AS,domestic,77487.0,75299.0,-2188.0,cr,Alternative Material Substitution,Engineering-driven
forecast,2025-07,C4,SH-CATC-D01,PANEL BOTTOM AS,domestic,70423.0,68827.0,-1596.0,cr,Localization / Local Sourcing,Operational-driven
forecast,2025-08,C4,SH-CATC-D01,PANEL BOTTOM AS,domestic,66105.0,67595.0,1490.0,cu,Raw Material Price Increase,Market-driven
forecast,2025-09,C4,SH-CATC-D01,PANEL BOTTOM AS,domestic,68892.0,68892.0,0.0,,,
forecast,2025-10,C4,SH-CATC-D01,PANEL BOTTOM AS,domestic,68892.0,70909.0,2017.0,cu,Logistics/Freight Cost Increase,Market-driven
forecast,2024-11,C4,SH-CATC-U01,CONNECTOR HOUSING,usd,54607.0,52983.0,-1624.0,cr,VA/VE Improvement,Engineering-driven
forecast,2024-12,C4,SH-CATC-U01,CONNECTOR HOUSING,usd,50488.0,48976.0,-1512.0,cr,Supplier Negotiation,Operational-driven
forecast,2025-01,C4,SH-CATC-U01,CONNECTOR HOUSING,usd,46777.0,45439.0,-1338.0,cr,Localization / Local Sourcing,Operational-driven
forecast,2025-02,C4,SH-CATC-U01,CONNECTOR HOUSING,usd,44082.0,42786.0,-1296.0,cr,Supplier Negotiation,Operational-driven
forecast,2025-03,C4,SH-CATC-U01,CONNECTOR HOUSING,usd,41207.0,40354.0,-853.0,cr,Alternative Material Substitution,Engineering-driven
forecast,2025-04,C4,SH-CATC-U01,CONNECTOR HOUSING,usd,38785.0,38006.0,-779.0,cr,Process Improvement (Yield Up),Operational-driven
forecast,2025-05,C4,SH-CATC-U01,CONNECTOR HOUSING,usd,36814.0,36814.0,0.0,,,
forecast,2025-06,C4,SH-CATC-U01,CONNECTOR HOUSING,usd,36814.0,37711.0,897.0,cu,Raw Material Price Increase,Market-driven
forecast,2025-07,C4,SH-CATC-U01,CONNECTOR HOUSING,usd,38712.0,37615.0,-1097.0,cr,Localization / Local Sourcing,Operational-driven
forecast,2025-08,C4,SH-CATC-U01,CONNECTOR HOUSING,usd,35494.0,34604.0,-890.0,cr,Process Improvement (Yield Up),Operational-driven
forecast,2025-09,C4,SH-CATC-U01,CONNECTOR HOUSING,usd,33073.0,33823.0,750.0,cu,Raw Material Price Increase,Market-driven
forecast,2025-10,C4,SH-CATC-U01,CONNECTOR HOUSING,usd,34653.0,33704.0,-949.0,cr,VA/VE Improvement,Engineering-driven
forecast,2024-11,C4,SH-IDX04,PRECISION GEAR,jpy,26043.0,26043.0,0.0,,,
forecast,2024-12,C4,SH-IDX04,PRECISION GEAR,jpy,26043.0,25511.0,-532.0,cr,Process Improvement (Yield Up),Operational-driven
forecast,2025-01,C4,SH-IDX04,PRECISION GEAR,jpy,24553.0,23928.0,-625.0,cr,VA/VE Improvement,Engineering-driven
forecast,2025-02,C4,SH-IDX04,PRECISION GEAR,jpy,23382.0,22904.0,-478.0,cr,Localization / Local Sourcing,Operational-driven
forecast,2025-03,C4,SH-IDX04,PRECISION GEAR,jpy,22887.0,22374.0,-513.0,cr,Process Improvement (Yield Up),Operational-driven
forecast,2025-04,C4,SH-IDX04,PRECISION GEAR,jpy,21667.0,21055.0,-612.0,cr,Alternative Material Substitution,Engineering-driven
forecast,2025-05,C4,SH-IDX04,PRECISION GEAR,jpy,20320.0,20867.0,547.0,cu,Supplier Change (Higher Cost Source),Market-driven
forecast,2025-06,C4,SH-IDX04,PRECISION GEAR,jpy,21901.0,22508.0,607.0,cu,Logistics/Freight Cost Increase,Market-driven
forecast,2025-07,C4,SH-IDX04,PRECISION GEAR,jpy,23452.0,22761.0,-691.0,cr,VA/VE Improvement,Engineering-driven
forecast,2025-08,C4,SH-IDX04,PRECISION GEAR,jpy,21629.0,21123.0,-506.0,cr,Alternative Material Substitution,Engineering-driven
forecast,2025-09,C4,SH-IDX04,PRECISION GEAR,jpy,19802.0,19404.0,-398.0,cr,Localization / Local Sourcing,Operational-driven
forecast,2025-10,C4,SH-IDX04,PRECISION GEAR,jpy,18588.0,18195.0,-393.0,cr,Alternative Material Substitution,Engineering-driven
forecast,2024-11,C4,UQ-C4-01,PANEL FRONT AS,domestic,571285.0,571285.0,0.0,,,
forecast,2024-12,C4,UQ-C4-01,PANEL FRONT AS,domestic,571285.0,588361.0,17076.0,cu,Yield/Scrap Rate Increase,Operational-driven
forecast,2025-01,C4,UQ-C4-01,PANEL FRONT AS,domestic,606566.0,619081.0,12515.0,cu,Engineering Change / Spec Upgrade,Engineering-driven
forecast,2025-02,C4,UQ-C4-01,PANEL FRONT AS,domestic,626762.0,609398.0,-17364.0,cr,Localization / Local Sourcing,Operational-driven
forecast,2025-03,C4,UQ-C4-01,PANEL FRONT AS,domestic,584305.0,600797.0,16492.0,cu,Logistics/Freight Cost Increase,Market-driven
forecast,2025-04,C4,UQ-C4-01,PANEL FRONT AS,domestic,637030.0,652619.0,15589.0,cu,Raw Material Price Increase,Market-driven
forecast,2025-05,C4,UQ-C4-01,PANEL FRONT AS,domestic,689610.0,709763.0,20153.0,cu,Yield/Scrap Rate Increase,Operational-driven
forecast,2025-06,C4,UQ-C4-01,PANEL FRONT AS,domestic,761169.0,738629.0,-22540.0,cr,Process Improvement (Yield Up),Operational-driven
forecast,2025-07,C4,UQ-C4-01,PANEL FRONT AS,domestic,739016.0,756635.0,17619.0,cu,Yield/Scrap Rate Increase,Operational-driven
forecast,2025-08,C4,UQ-C4-01,PANEL FRONT AS,domestic,779539.0,795541.0,16002.0,cu,Supplier Change (Higher Cost Source),Market-driven
forecast,2025-09,C4,UQ-C4-01,PANEL FRONT AS,domestic,821397.0,845300.0,23903.0,cu,Supplier Change (Higher Cost Source),Market-driven
forecast,2025-10,C4,UQ-C4-01,PANEL FRONT AS,domestic,893892.0,912274.0,18382.0,cu,Logistics/Freight Cost Increase,Market-driven
forecast,2024-11,C4,UQ-C4-02,BRACKET SUPPORT,domestic,554379.0,568086.0,13707.0,cu,Logistics/Freight Cost Increase,Market-driven
forecast,2024-12,C4,UQ-C4-02,BRACKET SUPPORT,domestic,596270.0,613498.0,17228.0,cu,Logistics/Freight Cost Increase,Market-driven
forecast,2025-01,C4,UQ-C4-02,BRACKET SUPPORT,domestic,648455.0,648455.0,0.0,,,
forecast,2025-02,C4,UQ-C4-02,BRACKET SUPPORT,domestic,648455.0,661514.0,13059.0,cu,Logistics/Freight Cost Increase,Market-driven
forecast,2025-03,C4,UQ-C4-02,BRACKET SUPPORT,domestic,658393.0,673259.0,14866.0,cu,Raw Material Price Increase,Market-driven
forecast,2025-04,C4,UQ-C4-02,BRACKET SUPPORT,domestic,676233.0,657669.0,-18564.0,cr,Localization / Local Sourcing,Operational-driven
forecast,2025-05,C4,UQ-C4-02,BRACKET SUPPORT,domestic,661100.0,678284.0,17184.0,cu,Yield/Scrap Rate Increase,Operational-driven
forecast,2025-06,C4,UQ-C4-02,BRACKET SUPPORT,domestic,707575.0,688271.0,-19304.0,cr,VA/VE Improvement,Engineering-driven
forecast,2025-07,C4,UQ-C4-02,BRACKET SUPPORT,domestic,667622.0,682042.0,14420.0,cu,Yield/Scrap Rate Increase,Operational-driven
forecast,2025-08,C4,UQ-C4-02,BRACKET SUPPORT,domestic,691744.0,705653.0,13909.0,cu,Engineering Change / Spec Upgrade,Engineering-driven
forecast,2025-09,C4,UQ-C4-02,BRACKET SUPPORT,domestic,727505.0,742862.0,15357.0,cu,Supplier Change (Higher Cost Source),Market-driven
forecast,2025-10,C4,UQ-C4-02,BRACKET SUPPORT,domestic,757339.0,777394.0,20055.0,cu,Yield/Scrap Rate Increase,Operational-driven
forecast,2024-11,C4,UQ-C4-03,IC CHIP CONTROL,usd,268251.0,261628.0,-6623.0,cr,VA/VE Improvement,Engineering-driven
forecast,2024-12,C4,UQ-C4-03,IC CHIP CONTROL,usd,264057.0,270574.0,6517.0,cu,Logistics/Freight Cost Increase,Market-driven
forecast,2025-01,C4,UQ-C4-03,IC CHIP CONTROL,usd,283512.0,290032.0,6520.0,cu,Raw Material Price Increase,Market-driven
forecast,2025-02,C4,UQ-C4-03,IC CHIP CONTROL,usd,295166.0,301248.0,6082.0,cu,Engineering Change / Spec Upgrade,Engineering-driven
forecast,2025-03,C4,UQ-C4-03,IC CHIP CONTROL,usd,307952.0,315824.0,7872.0,cu,Yield/Scrap Rate Increase,Operational-driven
forecast,2025-04,C4,UQ-C4-03,IC CHIP CONTROL,usd,322078.0,329848.0,7770.0,cu,Yield/Scrap Rate Increase,Operational-driven
forecast,2025-05,C4,UQ-C4-03,IC CHIP CONTROL,usd,338609.0,328862.0,-9747.0,cr,Process Improvement (Yield Up),Operational-driven
forecast,2025-06,C4,UQ-C4-03,IC CHIP CONTROL,usd,307373.0,314299.0,6926.0,cu,Supplier Change (Higher Cost Source),Market-driven
forecast,2025-07,C4,UQ-C4-03,IC CHIP CONTROL,usd,317157.0,325937.0,8780.0,cu,Supplier Change (Higher Cost Source),Market-driven
forecast,2025-08,C4,UQ-C4-03,IC CHIP CONTROL,usd,335647.0,335647.0,0.0,,,
forecast,2025-09,C4,UQ-C4-03,IC CHIP CONTROL,usd,335647.0,342497.0,6850.0,cu,Supplier Change (Higher Cost Source),Market-driven
forecast,2025-10,C4,UQ-C4-03,IC CHIP CONTROL,usd,343308.0,352536.0,9228.0,cu,Supplier Change (Higher Cost Source),Market-driven
forecast,2024-11,C4,UQ-C4-04,MOTOR UNIT,jpy,427675.0,418783.0,-8892.0,cr,Process Improvement (Yield Up),Operational-driven
forecast,2024-12,C4,UQ-C4-04,MOTOR UNIT,jpy,415755.0,425445.0,9690.0,cu,Engineering Change / Spec Upgrade,Engineering-driven
forecast,2025-01,C4,UQ-C4-04,MOTOR UNIT,jpy,440479.0,427510.0,-12969.0,cr,Alternative Material Substitution,Engineering-driven
forecast,2025-02,C4,UQ-C4-04,MOTOR UNIT,jpy,409304.0,409304.0,0.0,,,
forecast,2025-03,C4,UQ-C4-04,MOTOR UNIT,jpy,409304.0,399987.0,-9317.0,cr,Alternative Material Substitution,Engineering-driven
forecast,2025-04,C4,UQ-C4-04,MOTOR UNIT,jpy,378437.0,367743.0,-10694.0,cr,VA/VE Improvement,Engineering-driven
forecast,2025-05,C4,UQ-C4-04,MOTOR UNIT,jpy,343160.0,335554.0,-7606.0,cr,VA/VE Improvement,Engineering-driven
forecast,2025-06,C4,UQ-C4-04,MOTOR UNIT,jpy,316968.0,326121.0,9153.0,cu,Logistics/Freight Cost Increase,Market-driven
forecast,2025-07,C4,UQ-C4-04,MOTOR UNIT,jpy,348977.0,339696.0,-9281.0,cr,Supplier Negotiation,Operational-driven
forecast,2025-08,C4,UQ-C4-04,MOTOR UNIT,jpy,339920.0,331527.0,-8393.0,cr,Process Improvement (Yield Up),Operational-driven
forecast,2025-09,C4,UQ-C4-04,MOTOR UNIT,jpy,322040.0,313800.0,-8240.0,cr,Localization / Local Sourcing,Operational-driven
forecast,2025-10,C4,UQ-C4-04,MOTOR UNIT,jpy,304331.0,297728.0,-6603.0,cr,VA/VE Improvement,Engineering-driven
forecast,2024-11,C4,UQ-C4-05,SENSOR MODULE,jpy,467550.0,477600.0,10050.0,cu,Yield/Scrap Rate Increase,Operational-driven
forecast,2024-12,C4,UQ-C4-05,SENSOR MODULE,jpy,492671.0,479277.0,-13394.0,cr,Localization / Local Sourcing,Operational-driven
forecast,2025-01,C4,UQ-C4-05,SENSOR MODULE,jpy,453479.0,443523.0,-9956.0,cr,Localization / Local Sourcing,Operational-driven
forecast,2025-02,C4,UQ-C4-05,SENSOR MODULE,jpy,440804.0,429217.0,-11587.0,cr,VA/VE Improvement,Engineering-driven
forecast,2025-03,C4,UQ-C4-05,SENSOR MODULE,jpy,406031.0,397860.0,-8171.0,cr,VA/VE Improvement,Engineering-driven
forecast,2025-04,C4,UQ-C4-05,SENSOR MODULE,jpy,386177.0,386177.0,0.0,,,
forecast,2025-05,C4,UQ-C4-05,SENSOR MODULE,jpy,386177.0,375104.0,-11073.0,cr,Supplier Negotiation,Operational-driven
forecast,2025-06,C4,UQ-C4-05,SENSOR MODULE,jpy,374050.0,365686.0,-8364.0,cr,Alternative Material Substitution,Engineering-driven
forecast,2025-07,C4,UQ-C4-05,SENSOR MODULE,jpy,360659.0,352924.0,-7735.0,cr,Localization / Local Sourcing,Operational-driven
forecast,2025-08,C4,UQ-C4-05,SENSOR MODULE,jpy,346582.0,336321.0,-10261.0,cr,Process Improvement (Yield Up),Operational-driven
forecast,2025-09,C4,UQ-C4-05,SENSOR MODULE,jpy,330024.0,339177.0,9153.0,cu,Logistics/Freight Cost Increase,Market-driven
forecast,2025-10,C4,UQ-C4-05,SENSOR MODULE,jpy,360421.0,351551.0,-8870.0,cr,Alternative Material Substitution,Engineering-driven
forecast,2024-11,C4,SH-EVEN-01,TAPE PU-F,domestic,70295.0,72153.0,1858.0,cu,Raw Material Price Increase,Market-driven
forecast,2024-12,C4,SH-EVEN-01,TAPE PU-F,domestic,75075.0,77289.0,2214.0,cu,Raw Material Price Increase,Market-driven
forecast,2025-01,C4,SH-EVEN-01,TAPE PU-F,domestic,80181.0,81820.0,1639.0,cu,Engineering Change / Spec Upgrade,Engineering-driven
forecast,2025-02,C4,SH-EVEN-01,TAPE PU-F,domestic,82639.0,85022.0,2383.0,cu,Engineering Change / Spec Upgrade,Engineering-driven
forecast,2025-03,C4,SH-EVEN-01,TAPE PU-F,domestic,87878.0,90500.0,2622.0,cu,Engineering Change / Spec Upgrade,Engineering-driven
forecast,2025-04,C4,SH-EVEN-01,TAPE PU-F,domestic,93563.0,90938.0,-2625.0,cr,VA/VE Improvement,Engineering-driven
forecast,2025-05,C4,SH-EVEN-01,TAPE PU-F,domestic,89152.0,91079.0,1927.0,cu,Supplier Change (Higher Cost Source),Market-driven
forecast,2025-06,C4,SH-EVEN-01,TAPE PU-F,domestic,94914.0,97552.0,2638.0,cu,Supplier Change (Higher Cost Source),Market-driven
forecast,2025-07,C4,SH-EVEN-01,TAPE PU-F,domestic,101876.0,99278.0,-2598.0,cr,Process Improvement (Yield Up),Operational-driven
forecast,2025-08,C4,SH-EVEN-01,TAPE PU-F,domestic,94152.0,96788.0,2636.0,cu,Supplier Change (Higher Cost Source),Market-driven
forecast,2025-09,C4,SH-EVEN-01,TAPE PU-F,domestic,96785.0,96785.0,0.0,,,
forecast,2025-10,C4,SH-EVEN-01,TAPE PU-F,domestic,96785.0,99648.0,2863.0,cu,Yield/Scrap Rate Increase,Operational-driven
forecast,2024-11,C4,SH-EVEN-02,RESIN COMPOUND,usd,19042.0,19548.0,506.0,cu,Supplier Change (Higher Cost Source),Market-driven
forecast,2024-12,C4,SH-EVEN-02,RESIN COMPOUND,usd,19491.0,20013.0,522.0,cu,Supplier Change (Higher Cost Source),Market-driven
forecast,2025-01,C4,SH-EVEN-02,RESIN COMPOUND,usd,20366.0,20818.0,452.0,cu,Raw Material Price Increase,Market-driven
forecast,2025-02,C4,SH-EVEN-02,RESIN COMPOUND,usd,20895.0,21394.0,499.0,cu,Logistics/Freight Cost Increase,Market-driven
forecast,2025-03,C4,SH-EVEN-02,RESIN COMPOUND,usd,21472.0,21914.0,442.0,cu,Logistics/Freight Cost Increase,Market-driven
forecast,2025-04,C4,SH-EVEN-02,RESIN COMPOUND,usd,22839.0,22839.0,0.0,,,
forecast,2025-05,C4,SH-EVEN-02,RESIN COMPOUND,usd,22839.0,22349.0,-490.0,cr,Localization / Local Sourcing,Operational-driven
forecast,2025-06,C4,SH-EVEN-02,RESIN COMPOUND,usd,21574.0,22093.0,519.0,cu,Logistics/Freight Cost Increase,Market-driven
forecast,2025-07,C4,SH-EVEN-02,RESIN COMPOUND,usd,22763.0,22214.0,-549.0,cr,Alternative Material Substitution,Engineering-driven
forecast,2025-08,C4,SH-EVEN-02,RESIN COMPOUND,usd,21147.0,21602.0,455.0,cu,Raw Material Price Increase,Market-driven
forecast,2025-09,C4,SH-EVEN-02,RESIN COMPOUND,usd,22059.0,22634.0,575.0,cu,Engineering Change / Spec Upgrade,Engineering-driven
forecast,2025-10,C4,SH-EVEN-02,RESIN COMPOUND,usd,23441.0,24025.0,584.0,cu,Yield/Scrap Rate Increase,Operational-driven
forecast,2024-11,C5,SH-CATC-D01,PANEL BOTTOM AS,domestic,113259.0,110344.0,-2915.0,cr,Alternative Material Substitution,Engineering-driven
forecast,2024-12,C5,SH-CATC-D01,PANEL BOTTOM AS,domestic,104374.0,101528.0,-2846.0,cr,Localization / Local Sourcing,Operational-driven
forecast,2025-01,C5,SH-CATC-D01,PANEL BOTTOM AS,domestic,98578.0,95656.0,-2922.0,cr,VA/VE Improvement,Engineering-driven
forecast,2025-02,C5,SH-CATC-D01,PANEL BOTTOM AS,domestic,95470.0,93279.0,-2191.0,cr,Localization / Local Sourcing,Operational-driven
forecast,2025-03,C5,SH-CATC-D01,PANEL BOTTOM AS,domestic,92816.0,90213.0,-2603.0,cr,Localization / Local Sourcing,Operational-driven
forecast,2025-04,C5,SH-CATC-D01,PANEL BOTTOM AS,domestic,84185.0,82390.0,-1795.0,cr,Supplier Negotiation,Operational-driven
forecast,2025-05,C5,SH-CATC-D01,PANEL BOTTOM AS,domestic,79911.0,77565.0,-2346.0,cr,Supplier Negotiation,Operational-driven
forecast,2025-06,C5,SH-CATC-D01,PANEL BOTTOM AS,domestic,77487.0,75299.0,-2188.0,cr,Alternative Material Substitution,Engineering-driven
forecast,2025-07,C5,SH-CATC-D01,PANEL BOTTOM AS,domestic,70423.0,68827.0,-1596.0,cr,Localization / Local Sourcing,Operational-driven
forecast,2025-08,C5,SH-CATC-D01,PANEL BOTTOM AS,domestic,66105.0,67595.0,1490.0,cu,Raw Material Price Increase,Market-driven
forecast,2025-09,C5,SH-CATC-D01,PANEL BOTTOM AS,domestic,68892.0,68892.0,0.0,,,
forecast,2025-10,C5,SH-CATC-D01,PANEL BOTTOM AS,domestic,68892.0,70909.0,2017.0,cu,Logistics/Freight Cost Increase,Market-driven
forecast,2024-11,C5,SH-CATC-U01,CONNECTOR HOUSING,usd,54607.0,52983.0,-1624.0,cr,VA/VE Improvement,Engineering-driven
forecast,2024-12,C5,SH-CATC-U01,CONNECTOR HOUSING,usd,50488.0,48976.0,-1512.0,cr,Supplier Negotiation,Operational-driven
forecast,2025-01,C5,SH-CATC-U01,CONNECTOR HOUSING,usd,46777.0,45439.0,-1338.0,cr,Localization / Local Sourcing,Operational-driven
forecast,2025-02,C5,SH-CATC-U01,CONNECTOR HOUSING,usd,44082.0,42786.0,-1296.0,cr,Supplier Negotiation,Operational-driven
forecast,2025-03,C5,SH-CATC-U01,CONNECTOR HOUSING,usd,41207.0,40354.0,-853.0,cr,Alternative Material Substitution,Engineering-driven
forecast,2025-04,C5,SH-CATC-U01,CONNECTOR HOUSING,usd,38785.0,38006.0,-779.0,cr,Process Improvement (Yield Up),Operational-driven
forecast,2025-05,C5,SH-CATC-U01,CONNECTOR HOUSING,usd,36814.0,36814.0,0.0,,,
forecast,2025-06,C5,SH-CATC-U01,CONNECTOR HOUSING,usd,36814.0,37711.0,897.0,cu,Raw Material Price Increase,Market-driven
forecast,2025-07,C5,SH-CATC-U01,CONNECTOR HOUSING,usd,38712.0,37615.0,-1097.0,cr,Localization / Local Sourcing,Operational-driven
forecast,2025-08,C5,SH-CATC-U01,CONNECTOR HOUSING,usd,35494.0,34604.0,-890.0,cr,Process Improvement (Yield Up),Operational-driven
forecast,2025-09,C5,SH-CATC-U01,CONNECTOR HOUSING,usd,33073.0,33823.0,750.0,cu,Raw Material Price Increase,Market-driven
forecast,2025-10,C5,SH-CATC-U01,CONNECTOR HOUSING,usd,34653.0,33704.0,-949.0,cr,VA/VE Improvement,Engineering-driven
forecast,2024-11,C5,SH-IDX05,PRECISION GEAR,jpy,152329.0,152329.0,0.0,,,
forecast,2024-12,C5,SH-IDX05,PRECISION GEAR,jpy,152329.0,148620.0,-3709.0,cr,Localization / Local Sourcing,Operational-driven
forecast,2025-01,C5,SH-IDX05,PRECISION GEAR,jpy,148294.0,144988.0,-3306.0,cr,Alternative Material Substitution,Engineering-driven
forecast,2025-02,C5,SH-IDX05,PRECISION GEAR,jpy,142104.0,138774.0,-3330.0,cr,Localization / Local Sourcing,Operational-driven
forecast,2025-03,C5,SH-IDX05,PRECISION GEAR,jpy,132705.0,129396.0,-3309.0,cr,Supplier Negotiation,Operational-driven
forecast,2025-04,C5,SH-IDX05,PRECISION GEAR,jpy,123674.0,121191.0,-2483.0,cr,Process Improvement (Yield Up),Operational-driven
forecast,2025-05,C5,SH-IDX05,PRECISION GEAR,jpy,117965.0,121222.0,3257.0,cu,Yield/Scrap Rate Increase,Operational-driven
forecast,2025-06,C5,SH-IDX05,PRECISION GEAR,jpy,125144.0,128196.0,3052.0,cu,Logistics/Freight Cost Increase,Market-driven
forecast,2025-07,C5,SH-IDX05,PRECISION GEAR,jpy,135054.0,131792.0,-3262.0,cr,Localization / Local Sourcing,Operational-driven
forecast,2025-08,C5,SH-IDX05,PRECISION GEAR,jpy,126022.0,122497.0,-3525.0,cr,Supplier Negotiation,Operational-driven
forecast,2025-09,C5,SH-IDX05,PRECISION GEAR,jpy,118229.0,115850.0,-2379.0,cr,Localization / Local Sourcing,Operational-driven
forecast,2025-10,C5,SH-IDX05,PRECISION GEAR,jpy,113088.0,110669.0,-2419.0,cr,VA/VE Improvement,Engineering-driven
forecast,2024-11,C5,UQ-C5-01,PANEL FRONT AS,domestic,365206.0,365206.0,0.0,,,
forecast,2024-12,C5,UQ-C5-01,PANEL FRONT AS,domestic,365206.0,375398.0,10192.0,cu,Yield/Scrap Rate Increase,Operational-driven
forecast,2025-01,C5,UQ-C5-01,PANEL FRONT AS,domestic,391023.0,398870.0,7847.0,cu,Engineering Change / Spec Upgrade,Engineering-driven
forecast,2025-02,C5,UQ-C5-01,PANEL FRONT AS,domestic,405124.0,395306.0,-9818.0,cr,Alternative Material Substitution,Engineering-driven
forecast,2025-03,C5,UQ-C5-01,PANEL FRONT AS,domestic,394592.0,405568.0,10976.0,cu,Raw Material Price Increase,Market-driven
forecast,2025-04,C5,UQ-C5-01,PANEL FRONT AS,domestic,416434.0,427418.0,10984.0,cu,Yield/Scrap Rate Increase,Operational-driven
forecast,2025-05,C5,UQ-C5-01,PANEL FRONT AS,domestic,439816.0,450419.0,10603.0,cu,Logistics/Freight Cost Increase,Market-driven
forecast,2025-06,C5,UQ-C5-01,PANEL FRONT AS,domestic,473946.0,463674.0,-10272.0,cr,Process Improvement (Yield Up),Operational-driven
forecast,2025-07,C5,UQ-C5-01,PANEL FRONT AS,domestic,449567.0,459950.0,10383.0,cu,Engineering Change / Spec Upgrade,Engineering-driven
forecast,2025-08,C5,UQ-C5-01,PANEL FRONT AS,domestic,463855.0,473296.0,9441.0,cu,Yield/Scrap Rate Increase,Operational-driven
forecast,2025-09,C5,UQ-C5-01,PANEL FRONT AS,domestic,494498.0,505568.0,11070.0,cu,Raw Material Price Increase,Market-driven
forecast,2025-10,C5,UQ-C5-01,PANEL FRONT AS,domestic,521589.0,536722.0,15133.0,cu,Supplier Change (Higher Cost Source),Market-driven
forecast,2024-11,C5,UQ-C5-02,BRACKET SUPPORT,domestic,404942.0,413491.0,8549.0,cu,Supplier Change (Higher Cost Source),Market-driven
forecast,2024-12,C5,UQ-C5-02,BRACKET SUPPORT,domestic,422768.0,432040.0,9272.0,cu,Yield/Scrap Rate Increase,Operational-driven
forecast,2025-01,C5,UQ-C5-02,BRACKET SUPPORT,domestic,448983.0,448983.0,0.0,,,
forecast,2025-02,C5,UQ-C5-02,BRACKET SUPPORT,domestic,448983.0,460372.0,11389.0,cu,Yield/Scrap Rate Increase,Operational-driven
forecast,2025-03,C5,UQ-C5-02,BRACKET SUPPORT,domestic,471570.0,481700.0,10130.0,cu,Yield/Scrap Rate Increase,Operational-driven
forecast,2025-04,C5,UQ-C5-02,BRACKET SUPPORT,domestic,496887.0,483697.0,-13190.0,cr,Alternative Material Substitution,Engineering-driven
forecast,2025-05,C5,UQ-C5-02,BRACKET SUPPORT,domestic,458103.0,471024.0,12921.0,cu,Logistics/Freight Cost Increase,Market-driven
forecast,2025-06,C5,UQ-C5-02,BRACKET SUPPORT,domestic,491024.0,479260.0,-11764.0,cr,Supplier Negotiation,Operational-driven
forecast,2025-07,C5,UQ-C5-02,BRACKET SUPPORT,domestic,469723.0,479966.0,10243.0,cu,Logistics/Freight Cost Increase,Market-driven
forecast,2025-08,C5,UQ-C5-02,BRACKET SUPPORT,domestic,499966.0,513600.0,13634.0,cu,Yield/Scrap Rate Increase,Operational-driven
forecast,2025-09,C5,UQ-C5-02,BRACKET SUPPORT,domestic,528768.0,543242.0,14474.0,cu,Yield/Scrap Rate Increase,Operational-driven
forecast,2025-10,C5,UQ-C5-02,BRACKET SUPPORT,domestic,569952.0,584028.0,14076.0,cu,Raw Material Price Increase,Market-driven
forecast,2024-11,C5,UQ-C5-03,IC CHIP CONTROL,usd,1098385.0,1075079.0,-23306.0,cr,Supplier Negotiation,Operational-driven
forecast,2024-12,C5,UQ-C5-03,IC CHIP CONTROL,usd,1053632.0,1084156.0,30524.0,cu,Engineering Change / Spec Upgrade,Engineering-driven
forecast,2025-01,C5,UQ-C5-03,IC CHIP CONTROL,usd,1116330.0,1145580.0,29250.0,cu,Supplier Change (Higher Cost Source),Market-driven
forecast,2025-02,C5,UQ-C5-03,IC CHIP CONTROL,usd,1173030.0,1197471.0,24441.0,cu,Raw Material Price Increase,Market-driven
forecast,2025-03,C5,UQ-C5-03,IC CHIP CONTROL,usd,1224602.0,1260909.0,36307.0,cu,Raw Material Price Increase,Market-driven
forecast,2025-04,C5,UQ-C5-03,IC CHIP CONTROL,usd,1349057.0,1380940.0,31883.0,cu,Raw Material Price Increase,Market-driven
forecast,2025-05,C5,UQ-C5-03,IC CHIP CONTROL,usd,1441908.0,1405705.0,-36203.0,cr,Supplier Negotiation,Operational-driven
forecast,2025-06,C5,UQ-C5-03,IC CHIP CONTROL,usd,1347412.0,1374926.0,27514.0,cu,Engineering Change / Spec Upgrade,Engineering-driven
forecast,2025-07,C5,UQ-C5-03,IC CHIP CONTROL,usd,1427449.0,1456048.0,28599.0,cu,Supplier Change (Higher Cost Source),Market-driven
forecast,2025-08,C5,UQ-C5-03,IC CHIP CONTROL,usd,1445783.0,1445783.0,0.0,,,
forecast,2025-09,C5,UQ-C5-03,IC CHIP CONTROL,usd,1445783.0,1484860.0,39077.0,cu,Logistics/Freight Cost Increase,Market-driven
forecast,2025-10,C5,UQ-C5-03,IC CHIP CONTROL,usd,1501058.0,1536749.0,35691.0,cu,Engineering Change / Spec Upgrade,Engineering-driven
forecast,2024-11,C5,UQ-C5-04,MOTOR UNIT,jpy,391977.0,381026.0,-10951.0,cr,Alternative Material Substitution,Engineering-driven
forecast,2024-12,C5,UQ-C5-04,MOTOR UNIT,jpy,383874.0,391884.0,8010.0,cu,Raw Material Price Increase,Market-driven
forecast,2025-01,C5,UQ-C5-04,MOTOR UNIT,jpy,394080.0,384501.0,-9579.0,cr,VA/VE Improvement,Engineering-driven
forecast,2025-02,C5,UQ-C5-04,MOTOR UNIT,jpy,382590.0,382590.0,0.0,,,
forecast,2025-03,C5,UQ-C5-04,MOTOR UNIT,jpy,382590.0,372785.0,-9805.0,cr,Localization / Local Sourcing,Operational-driven
forecast,2025-04,C5,UQ-C5-04,MOTOR UNIT,jpy,354449.0,344367.0,-10082.0,cr,Process Improvement (Yield Up),Operational-driven
forecast,2025-05,C5,UQ-C5-04,MOTOR UNIT,jpy,333001.0,325200.0,-7801.0,cr,Alternative Material Substitution,Engineering-driven
forecast,2025-06,C5,UQ-C5-04,MOTOR UNIT,jpy,315297.0,322092.0,6795.0,cu,Raw Material Price Increase,Market-driven
forecast,2025-07,C5,UQ-C5-04,MOTOR UNIT,jpy,326109.0,317964.0,-8145.0,cr,Alternative Material Substitution,Engineering-driven
forecast,2025-08,C5,UQ-C5-04,MOTOR UNIT,jpy,308938.0,300815.0,-8123.0,cr,VA/VE Improvement,Engineering-driven
forecast,2025-09,C5,UQ-C5-04,MOTOR UNIT,jpy,297969.0,289334.0,-8635.0,cr,VA/VE Improvement,Engineering-driven
forecast,2025-10,C5,UQ-C5-04,MOTOR UNIT,jpy,276847.0,271040.0,-5807.0,cr,Alternative Material Substitution,Engineering-driven
forecast,2024-11,C5,UQ-C5-05,SENSOR MODULE,jpy,272530.0,280261.0,7731.0,cu,Engineering Change / Spec Upgrade,Engineering-driven
forecast,2024-12,C5,UQ-C5-05,SENSOR MODULE,jpy,291773.0,285527.0,-6246.0,cr,Process Improvement (Yield Up),Operational-driven
forecast,2025-01,C5,UQ-C5-05,SENSOR MODULE,jpy,268725.0,262489.0,-6236.0,cr,Supplier Negotiation,Operational-driven
forecast,2025-02,C5,UQ-C5-05,SENSOR MODULE,jpy,254836.0,249221.0,-5615.0,cr,Supplier Negotiation,Operational-driven
forecast,2025-03,C5,UQ-C5-05,SENSOR MODULE,jpy,241009.0,234098.0,-6911.0,cr,Process Improvement (Yield Up),Operational-driven
forecast,2025-04,C5,UQ-C5-05,SENSOR MODULE,jpy,219688.0,219688.0,0.0,,,
forecast,2025-05,C5,UQ-C5-05,SENSOR MODULE,jpy,219688.0,215143.0,-4545.0,cr,Alternative Material Substitution,Engineering-driven
forecast,2025-06,C5,UQ-C5-05,SENSOR MODULE,jpy,211891.0,206594.0,-5297.0,cr,VA/VE Improvement,Engineering-driven
forecast,2025-07,C5,UQ-C5-05,SENSOR MODULE,jpy,203509.0,199427.0,-4082.0,cr,Alternative Material Substitution,Engineering-driven
forecast,2025-08,C5,UQ-C5-05,SENSOR MODULE,jpy,198089.0,194025.0,-4064.0,cr,Process Improvement (Yield Up),Operational-driven
forecast,2025-09,C5,UQ-C5-05,SENSOR MODULE,jpy,184191.0,188385.0,4194.0,cu,Raw Material Price Increase,Market-driven
forecast,2025-10,C5,UQ-C5-05,SENSOR MODULE,jpy,191062.0,185951.0,-5111.0,cr,Process Improvement (Yield Up),Operational-driven
forecast,2024-11,C6,SH-CATC-D01,PANEL BOTTOM AS,domestic,113259.0,110344.0,-2915.0,cr,Alternative Material Substitution,Engineering-driven
forecast,2024-12,C6,SH-CATC-D01,PANEL BOTTOM AS,domestic,104374.0,101528.0,-2846.0,cr,Localization / Local Sourcing,Operational-driven
forecast,2025-01,C6,SH-CATC-D01,PANEL BOTTOM AS,domestic,98578.0,95656.0,-2922.0,cr,VA/VE Improvement,Engineering-driven
forecast,2025-02,C6,SH-CATC-D01,PANEL BOTTOM AS,domestic,95470.0,93279.0,-2191.0,cr,Localization / Local Sourcing,Operational-driven
forecast,2025-03,C6,SH-CATC-D01,PANEL BOTTOM AS,domestic,92816.0,90213.0,-2603.0,cr,Localization / Local Sourcing,Operational-driven
forecast,2025-04,C6,SH-CATC-D01,PANEL BOTTOM AS,domestic,84185.0,82390.0,-1795.0,cr,Supplier Negotiation,Operational-driven
forecast,2025-05,C6,SH-CATC-D01,PANEL BOTTOM AS,domestic,79911.0,77565.0,-2346.0,cr,Supplier Negotiation,Operational-driven
forecast,2025-06,C6,SH-CATC-D01,PANEL BOTTOM AS,domestic,77487.0,75299.0,-2188.0,cr,Alternative Material Substitution,Engineering-driven
forecast,2025-07,C6,SH-CATC-D01,PANEL BOTTOM AS,domestic,70423.0,68827.0,-1596.0,cr,Localization / Local Sourcing,Operational-driven
forecast,2025-08,C6,SH-CATC-D01,PANEL BOTTOM AS,domestic,66105.0,67595.0,1490.0,cu,Raw Material Price Increase,Market-driven
forecast,2025-09,C6,SH-CATC-D01,PANEL BOTTOM AS,domestic,68892.0,68892.0,0.0,,,
forecast,2025-10,C6,SH-CATC-D01,PANEL BOTTOM AS,domestic,68892.0,70909.0,2017.0,cu,Logistics/Freight Cost Increase,Market-driven
forecast,2024-11,C6,SH-CATC-U01,CONNECTOR HOUSING,usd,54607.0,52983.0,-1624.0,cr,VA/VE Improvement,Engineering-driven
forecast,2024-12,C6,SH-CATC-U01,CONNECTOR HOUSING,usd,50488.0,48976.0,-1512.0,cr,Supplier Negotiation,Operational-driven
forecast,2025-01,C6,SH-CATC-U01,CONNECTOR HOUSING,usd,46777.0,45439.0,-1338.0,cr,Localization / Local Sourcing,Operational-driven
forecast,2025-02,C6,SH-CATC-U01,CONNECTOR HOUSING,usd,44082.0,42786.0,-1296.0,cr,Supplier Negotiation,Operational-driven
forecast,2025-03,C6,SH-CATC-U01,CONNECTOR HOUSING,usd,41207.0,40354.0,-853.0,cr,Alternative Material Substitution,Engineering-driven
forecast,2025-04,C6,SH-CATC-U01,CONNECTOR HOUSING,usd,38785.0,38006.0,-779.0,cr,Process Improvement (Yield Up),Operational-driven
forecast,2025-05,C6,SH-CATC-U01,CONNECTOR HOUSING,usd,36814.0,36814.0,0.0,,,
forecast,2025-06,C6,SH-CATC-U01,CONNECTOR HOUSING,usd,36814.0,37711.0,897.0,cu,Raw Material Price Increase,Market-driven
forecast,2025-07,C6,SH-CATC-U01,CONNECTOR HOUSING,usd,38712.0,37615.0,-1097.0,cr,Localization / Local Sourcing,Operational-driven
forecast,2025-08,C6,SH-CATC-U01,CONNECTOR HOUSING,usd,35494.0,34604.0,-890.0,cr,Process Improvement (Yield Up),Operational-driven
forecast,2025-09,C6,SH-CATC-U01,CONNECTOR HOUSING,usd,33073.0,33823.0,750.0,cu,Raw Material Price Increase,Market-driven
forecast,2025-10,C6,SH-CATC-U01,CONNECTOR HOUSING,usd,34653.0,33704.0,-949.0,cr,VA/VE Improvement,Engineering-driven
forecast,2024-11,C6,SH-IDX06,PRECISION GEAR,jpy,48576.0,48576.0,0.0,,,
forecast,2024-12,C6,SH-IDX06,PRECISION GEAR,jpy,48576.0,47295.0,-1281.0,cr,Process Improvement (Yield Up),Operational-driven
forecast,2025-01,C6,SH-IDX06,PRECISION GEAR,jpy,45631.0,44593.0,-1038.0,cr,Localization / Local Sourcing,Operational-driven
forecast,2025-02,C6,SH-IDX06,PRECISION GEAR,jpy,44649.0,43683.0,-966.0,cr,Supplier Negotiation,Operational-driven
forecast,2025-03,C6,SH-IDX06,PRECISION GEAR,jpy,42313.0,41235.0,-1078.0,cr,Supplier Negotiation,Operational-driven
forecast,2025-04,C6,SH-IDX06,PRECISION GEAR,jpy,41202.0,40133.0,-1069.0,cr,Process Improvement (Yield Up),Operational-driven
forecast,2025-05,C6,SH-IDX06,PRECISION GEAR,jpy,39698.0,40718.0,1020.0,cu,Engineering Change / Spec Upgrade,Engineering-driven
forecast,2025-06,C6,SH-IDX06,PRECISION GEAR,jpy,42574.0,43822.0,1248.0,cu,Yield/Scrap Rate Increase,Operational-driven
forecast,2025-07,C6,SH-IDX06,PRECISION GEAR,jpy,44440.0,43295.0,-1145.0,cr,Alternative Material Substitution,Engineering-driven
forecast,2025-08,C6,SH-IDX06,PRECISION GEAR,jpy,41513.0,40422.0,-1091.0,cr,VA/VE Improvement,Engineering-driven
forecast,2025-09,C6,SH-IDX06,PRECISION GEAR,jpy,37740.0,36726.0,-1014.0,cr,Process Improvement (Yield Up),Operational-driven
forecast,2025-10,C6,SH-IDX06,PRECISION GEAR,jpy,36585.0,35844.0,-741.0,cr,VA/VE Improvement,Engineering-driven
forecast,2024-11,C6,UQ-C6-01,PANEL FRONT AS,domestic,666129.0,666129.0,0.0,,,
forecast,2024-12,C6,UQ-C6-01,PANEL FRONT AS,domestic,666129.0,679497.0,13368.0,cu,Engineering Change / Spec Upgrade,Engineering-driven
forecast,2025-01,C6,UQ-C6-01,PANEL FRONT AS,domestic,685469.0,700396.0,14927.0,cu,Engineering Change / Spec Upgrade,Engineering-driven
forecast,2025-02,C6,UQ-C6-01,PANEL FRONT AS,domestic,738987.0,721320.0,-17667.0,cr,Localization / Local Sourcing,Operational-driven
forecast,2025-03,C6,UQ-C6-01,PANEL FRONT AS,domestic,708190.0,724224.0,16034.0,cu,Engineering Change / Spec Upgrade,Engineering-driven
forecast,2025-04,C6,UQ-C6-01,PANEL FRONT AS,domestic,749946.0,769593.0,19647.0,cu,Engineering Change / Spec Upgrade,Engineering-driven
forecast,2025-05,C6,UQ-C6-01,PANEL FRONT AS,domestic,800615.0,817497.0,16882.0,cu,Logistics/Freight Cost Increase,Market-driven
forecast,2025-06,C6,UQ-C6-01,PANEL FRONT AS,domestic,843615.0,818563.0,-25052.0,cr,Localization / Local Sourcing,Operational-driven
forecast,2025-07,C6,UQ-C6-01,PANEL FRONT AS,domestic,826203.0,847592.0,21389.0,cu,Engineering Change / Spec Upgrade,Engineering-driven
forecast,2025-08,C6,UQ-C6-01,PANEL FRONT AS,domestic,864857.0,887554.0,22697.0,cu,Supplier Change (Higher Cost Source),Market-driven
forecast,2025-09,C6,UQ-C6-01,PANEL FRONT AS,domestic,916152.0,938620.0,22468.0,cu,Yield/Scrap Rate Increase,Operational-driven
forecast,2025-10,C6,UQ-C6-01,PANEL FRONT AS,domestic,962253.0,989306.0,27053.0,cu,Supplier Change (Higher Cost Source),Market-driven
forecast,2024-11,C6,UQ-C6-02,BRACKET SUPPORT,domestic,569051.0,580526.0,11475.0,cu,Yield/Scrap Rate Increase,Operational-driven
forecast,2024-12,C6,UQ-C6-02,BRACKET SUPPORT,domestic,599965.0,616487.0,16522.0,cu,Supplier Change (Higher Cost Source),Market-driven
forecast,2025-01,C6,UQ-C6-02,BRACKET SUPPORT,domestic,624076.0,624076.0,0.0,,,
forecast,2025-02,C6,UQ-C6-02,BRACKET SUPPORT,domestic,624076.0,639288.0,15212.0,cu,Logistics/Freight Cost Increase,Market-driven
forecast,2025-03,C6,UQ-C6-02,BRACKET SUPPORT,domestic,635008.0,650712.0,15704.0,cu,Logistics/Freight Cost Increase,Market-driven
forecast,2025-04,C6,UQ-C6-02,BRACKET SUPPORT,domestic,661275.0,645647.0,-15628.0,cr,Alternative Material Substitution,Engineering-driven
forecast,2025-05,C6,UQ-C6-02,BRACKET SUPPORT,domestic,646965.0,665787.0,18822.0,cu,Engineering Change / Spec Upgrade,Engineering-driven
forecast,2025-06,C6,UQ-C6-02,BRACKET SUPPORT,domestic,706665.0,687977.0,-18688.0,cr,VA/VE Improvement,Engineering-driven
forecast,2025-07,C6,UQ-C6-02,BRACKET SUPPORT,domestic,653054.0,669001.0,15947.0,cu,Yield/Scrap Rate Increase,Operational-driven
forecast,2025-08,C6,UQ-C6-02,BRACKET SUPPORT,domestic,689017.0,703671.0,14654.0,cu,Raw Material Price Increase,Market-driven
forecast,2025-09,C6,UQ-C6-02,BRACKET SUPPORT,domestic,740303.0,756017.0,15714.0,cu,Yield/Scrap Rate Increase,Operational-driven
forecast,2025-10,C6,UQ-C6-02,BRACKET SUPPORT,domestic,780492.0,798440.0,17948.0,cu,Engineering Change / Spec Upgrade,Engineering-driven
forecast,2024-11,C6,UQ-C6-03,IC CHIP CONTROL,usd,740599.0,720465.0,-20134.0,cr,Process Improvement (Yield Up),Operational-driven
forecast,2024-12,C6,UQ-C6-03,IC CHIP CONTROL,usd,704051.0,723221.0,19170.0,cu,Raw Material Price Increase,Market-driven
forecast,2025-01,C6,UQ-C6-03,IC CHIP CONTROL,usd,729886.0,746611.0,16725.0,cu,Engineering Change / Spec Upgrade,Engineering-driven
forecast,2025-02,C6,UQ-C6-03,IC CHIP CONTROL,usd,789242.0,805707.0,16465.0,cu,Engineering Change / Spec Upgrade,Engineering-driven
forecast,2025-03,C6,UQ-C6-03,IC CHIP CONTROL,usd,805097.0,822357.0,17260.0,cu,Yield/Scrap Rate Increase,Operational-driven
forecast,2025-04,C6,UQ-C6-03,IC CHIP CONTROL,usd,856310.0,879938.0,23628.0,cu,Logistics/Freight Cost Increase,Market-driven
forecast,2025-05,C6,UQ-C6-03,IC CHIP CONTROL,usd,867812.0,845201.0,-22611.0,cr,Supplier Negotiation,Operational-driven
forecast,2025-06,C6,UQ-C6-03,IC CHIP CONTROL,usd,825413.0,842960.0,17547.0,cu,Logistics/Freight Cost Increase,Market-driven
forecast,2025-07,C6,UQ-C6-03,IC CHIP CONTROL,usd,856981.0,876218.0,19237.0,cu,Yield/Scrap Rate Increase,Operational-driven
forecast,2025-08,C6,UQ-C6-03,IC CHIP CONTROL,usd,883102.0,883102.0,0.0,,,
forecast,2025-09,C6,UQ-C6-03,IC CHIP CONTROL,usd,883102.0,905470.0,22368.0,cu,Supplier Change (Higher Cost Source),Market-driven
forecast,2025-10,C6,UQ-C6-03,IC CHIP CONTROL,usd,923851.0,948199.0,24348.0,cu,Raw Material Price Increase,Market-driven
forecast,2024-11,C6,UQ-C6-04,MOTOR UNIT,jpy,126591.0,123281.0,-3310.0,cr,Supplier Negotiation,Operational-driven
forecast,2024-12,C6,UQ-C6-04,MOTOR UNIT,jpy,119163.0,121975.0,2812.0,cu,Logistics/Freight Cost Increase,Market-driven
forecast,2025-01,C6,UQ-C6-04,MOTOR UNIT,jpy,121538.0,118157.0,-3381.0,cr,Process Improvement (Yield Up),Operational-driven
forecast,2025-02,C6,UQ-C6-04,MOTOR UNIT,jpy,115431.0,115431.0,0.0,,,
forecast,2025-03,C6,UQ-C6-04,MOTOR UNIT,jpy,115431.0,112659.0,-2772.0,cr,Alternative Material Substitution,Engineering-driven
forecast,2025-04,C6,UQ-C6-04,MOTOR UNIT,jpy,106549.0,104040.0,-2509.0,cr,Process Improvement (Yield Up),Operational-driven
forecast,2025-05,C6,UQ-C6-04,MOTOR UNIT,jpy,101092.0,98449.0,-2643.0,cr,Localization / Local Sourcing,Operational-driven
forecast,2025-06,C6,UQ-C6-04,MOTOR UNIT,jpy,93059.0,95440.0,2381.0,cu,Supplier Change (Higher Cost Source),Market-driven
forecast,2025-07,C6,UQ-C6-04,MOTOR UNIT,jpy,100403.0,97764.0,-2639.0,cr,Supplier Negotiation,Operational-driven
forecast,2025-08,C6,UQ-C6-04,MOTOR UNIT,jpy,98681.0,96433.0,-2248.0,cr,Supplier Negotiation,Operational-driven
forecast,2025-09,C6,UQ-C6-04,MOTOR UNIT,jpy,92470.0,90280.0,-2190.0,cr,Localization / Local Sourcing,Operational-driven
forecast,2025-10,C6,UQ-C6-04,MOTOR UNIT,jpy,90054.0,87770.0,-2284.0,cr,Process Improvement (Yield Up),Operational-driven
forecast,2024-11,C6,UQ-C6-05,SENSOR MODULE,jpy,122585.0,125266.0,2681.0,cu,Raw Material Price Increase,Market-driven
forecast,2024-12,C6,UQ-C6-05,SENSOR MODULE,jpy,129213.0,126476.0,-2737.0,cr,Process Improvement (Yield Up),Operational-driven
forecast,2025-01,C6,UQ-C6-05,SENSOR MODULE,jpy,125248.0,121720.0,-3528.0,cr,Alternative Material Substitution,Engineering-driven
forecast,2025-02,C6,UQ-C6-05,SENSOR MODULE,jpy,119015.0,115906.0,-3109.0,cr,Localization / Local Sourcing,Operational-driven
forecast,2025-03,C6,UQ-C6-05,SENSOR MODULE,jpy,113799.0,111146.0,-2653.0,cr,Supplier Negotiation,Operational-driven
forecast,2025-04,C6,UQ-C6-05,SENSOR MODULE,jpy,111721.0,111721.0,0.0,,,
forecast,2025-05,C6,UQ-C6-05,SENSOR MODULE,jpy,111721.0,108893.0,-2828.0,cr,Localization / Local Sourcing,Operational-driven
forecast,2025-06,C6,UQ-C6-05,SENSOR MODULE,jpy,109524.0,106853.0,-2671.0,cr,Supplier Negotiation,Operational-driven
forecast,2025-07,C6,UQ-C6-05,SENSOR MODULE,jpy,107720.0,105406.0,-2314.0,cr,Process Improvement (Yield Up),Operational-driven
forecast,2025-08,C6,UQ-C6-05,SENSOR MODULE,jpy,106080.0,103666.0,-2414.0,cr,Process Improvement (Yield Up),Operational-driven
forecast,2025-09,C6,UQ-C6-05,SENSOR MODULE,jpy,103619.0,106607.0,2988.0,cu,Raw Material Price Increase,Market-driven
forecast,2025-10,C6,UQ-C6-05,SENSOR MODULE,jpy,105691.0,103263.0,-2428.0,cr,VA/VE Improvement,Engineering-driven
forecast,2024-11,C6,SH-EVEN-01,TAPE PU-F,domestic,70295.0,72153.0,1858.0,cu,Raw Material Price Increase,Market-driven
forecast,2024-12,C6,SH-EVEN-01,TAPE PU-F,domestic,75075.0,77289.0,2214.0,cu,Raw Material Price Increase,Market-driven
forecast,2025-01,C6,SH-EVEN-01,TAPE PU-F,domestic,80181.0,81820.0,1639.0,cu,Engineering Change / Spec Upgrade,Engineering-driven
forecast,2025-02,C6,SH-EVEN-01,TAPE PU-F,domestic,82639.0,85022.0,2383.0,cu,Engineering Change / Spec Upgrade,Engineering-driven
forecast,2025-03,C6,SH-EVEN-01,TAPE PU-F,domestic,87878.0,90500.0,2622.0,cu,Engineering Change / Spec Upgrade,Engineering-driven
forecast,2025-04,C6,SH-EVEN-01,TAPE PU-F,domestic,93563.0,90938.0,-2625.0,cr,VA/VE Improvement,Engineering-driven
forecast,2025-05,C6,SH-EVEN-01,TAPE PU-F,domestic,89152.0,91079.0,1927.0,cu,Supplier Change (Higher Cost Source),Market-driven
forecast,2025-06,C6,SH-EVEN-01,TAPE PU-F,domestic,94914.0,97552.0,2638.0,cu,Supplier Change (Higher Cost Source),Market-driven
forecast,2025-07,C6,SH-EVEN-01,TAPE PU-F,domestic,101876.0,99278.0,-2598.0,cr,Process Improvement (Yield Up),Operational-driven
forecast,2025-08,C6,SH-EVEN-01,TAPE PU-F,domestic,94152.0,96788.0,2636.0,cu,Supplier Change (Higher Cost Source),Market-driven
forecast,2025-09,C6,SH-EVEN-01,TAPE PU-F,domestic,96785.0,96785.0,0.0,,,
forecast,2025-10,C6,SH-EVEN-01,TAPE PU-F,domestic,96785.0,99648.0,2863.0,cu,Yield/Scrap Rate Increase,Operational-driven
forecast,2024-11,C6,SH-EVEN-02,RESIN COMPOUND,usd,19042.0,19548.0,506.0,cu,Supplier Change (Higher Cost Source),Market-driven
forecast,2024-12,C6,SH-EVEN-02,RESIN COMPOUND,usd,19491.0,20013.0,522.0,cu,Supplier Change (Higher Cost Source),Market-driven
forecast,2025-01,C6,SH-EVEN-02,RESIN COMPOUND,usd,20366.0,20818.0,452.0,cu,Raw Material Price Increase,Market-driven
forecast,2025-02,C6,SH-EVEN-02,RESIN COMPOUND,usd,20895.0,21394.0,499.0,cu,Logistics/Freight Cost Increase,Market-driven
forecast,2025-03,C6,SH-EVEN-02,RESIN COMPOUND,usd,21472.0,21914.0,442.0,cu,Logistics/Freight Cost Increase,Market-driven
forecast,2025-04,C6,SH-EVEN-02,RESIN COMPOUND,usd,22839.0,22839.0,0.0,,,
forecast,2025-05,C6,SH-EVEN-02,RESIN COMPOUND,usd,22839.0,22349.0,-490.0,cr,Localization / Local Sourcing,Operational-driven
forecast,2025-06,C6,SH-EVEN-02,RESIN COMPOUND,usd,21574.0,22093.0,519.0,cu,Logistics/Freight Cost Increase,Market-driven
forecast,2025-07,C6,SH-EVEN-02,RESIN COMPOUND,usd,22763.0,22214.0,-549.0,cr,Alternative Material Substitution,Engineering-driven
forecast,2025-08,C6,SH-EVEN-02,RESIN COMPOUND,usd,21147.0,21602.0,455.0,cu,Raw Material Price Increase,Market-driven
forecast,2025-09,C6,SH-EVEN-02,RESIN COMPOUND,usd,22059.0,22634.0,575.0,cu,Engineering Change / Spec Upgrade,Engineering-driven
forecast,2025-10,C6,SH-EVEN-02,RESIN COMPOUND,usd,23441.0,24025.0,584.0,cu,Yield/Scrap Rate Increase,Operational-driven
forecast,2024-11,C7,SH-CATC-D01,PANEL BOTTOM AS,domestic,113259.0,110344.0,-2915.0,cr,Alternative Material Substitution,Engineering-driven
forecast,2024-12,C7,SH-CATC-D01,PANEL BOTTOM AS,domestic,104374.0,101528.0,-2846.0,cr,Localization / Local Sourcing,Operational-driven
forecast,2025-01,C7,SH-CATC-D01,PANEL BOTTOM AS,domestic,98578.0,95656.0,-2922.0,cr,VA/VE Improvement,Engineering-driven
forecast,2025-02,C7,SH-CATC-D01,PANEL BOTTOM AS,domestic,95470.0,93279.0,-2191.0,cr,Localization / Local Sourcing,Operational-driven
forecast,2025-03,C7,SH-CATC-D01,PANEL BOTTOM AS,domestic,92816.0,90213.0,-2603.0,cr,Localization / Local Sourcing,Operational-driven
forecast,2025-04,C7,SH-CATC-D01,PANEL BOTTOM AS,domestic,84185.0,82390.0,-1795.0,cr,Supplier Negotiation,Operational-driven
forecast,2025-05,C7,SH-CATC-D01,PANEL BOTTOM AS,domestic,79911.0,77565.0,-2346.0,cr,Supplier Negotiation,Operational-driven
forecast,2025-06,C7,SH-CATC-D01,PANEL BOTTOM AS,domestic,77487.0,75299.0,-2188.0,cr,Alternative Material Substitution,Engineering-driven
forecast,2025-07,C7,SH-CATC-D01,PANEL BOTTOM AS,domestic,70423.0,68827.0,-1596.0,cr,Localization / Local Sourcing,Operational-driven
forecast,2025-08,C7,SH-CATC-D01,PANEL BOTTOM AS,domestic,66105.0,67595.0,1490.0,cu,Raw Material Price Increase,Market-driven
forecast,2025-09,C7,SH-CATC-D01,PANEL BOTTOM AS,domestic,68892.0,68892.0,0.0,,,
forecast,2025-10,C7,SH-CATC-D01,PANEL BOTTOM AS,domestic,68892.0,70909.0,2017.0,cu,Logistics/Freight Cost Increase,Market-driven
forecast,2024-11,C7,SH-CATC-U01,CONNECTOR HOUSING,usd,54607.0,52983.0,-1624.0,cr,VA/VE Improvement,Engineering-driven
forecast,2024-12,C7,SH-CATC-U01,CONNECTOR HOUSING,usd,50488.0,48976.0,-1512.0,cr,Supplier Negotiation,Operational-driven
forecast,2025-01,C7,SH-CATC-U01,CONNECTOR HOUSING,usd,46777.0,45439.0,-1338.0,cr,Localization / Local Sourcing,Operational-driven
forecast,2025-02,C7,SH-CATC-U01,CONNECTOR HOUSING,usd,44082.0,42786.0,-1296.0,cr,Supplier Negotiation,Operational-driven
forecast,2025-03,C7,SH-CATC-U01,CONNECTOR HOUSING,usd,41207.0,40354.0,-853.0,cr,Alternative Material Substitution,Engineering-driven
forecast,2025-04,C7,SH-CATC-U01,CONNECTOR HOUSING,usd,38785.0,38006.0,-779.0,cr,Process Improvement (Yield Up),Operational-driven
forecast,2025-05,C7,SH-CATC-U01,CONNECTOR HOUSING,usd,36814.0,36814.0,0.0,,,
forecast,2025-06,C7,SH-CATC-U01,CONNECTOR HOUSING,usd,36814.0,37711.0,897.0,cu,Raw Material Price Increase,Market-driven
forecast,2025-07,C7,SH-CATC-U01,CONNECTOR HOUSING,usd,38712.0,37615.0,-1097.0,cr,Localization / Local Sourcing,Operational-driven
forecast,2025-08,C7,SH-CATC-U01,CONNECTOR HOUSING,usd,35494.0,34604.0,-890.0,cr,Process Improvement (Yield Up),Operational-driven
forecast,2025-09,C7,SH-CATC-U01,CONNECTOR HOUSING,usd,33073.0,33823.0,750.0,cu,Raw Material Price Increase,Market-driven
forecast,2025-10,C7,SH-CATC-U01,CONNECTOR HOUSING,usd,34653.0,33704.0,-949.0,cr,VA/VE Improvement,Engineering-driven
forecast,2024-11,C7,SH-IDX07,PRECISION GEAR,jpy,203264.0,203264.0,0.0,,,
forecast,2024-12,C7,SH-IDX07,PRECISION GEAR,jpy,203264.0,197674.0,-5590.0,cr,Supplier Negotiation,Operational-driven
forecast,2025-01,C7,SH-IDX07,PRECISION GEAR,jpy,186811.0,181841.0,-4970.0,cr,VA/VE Improvement,Engineering-driven
forecast,2025-02,C7,SH-IDX07,PRECISION GEAR,jpy,173296.0,168874.0,-4422.0,cr,Process Improvement (Yield Up),Operational-driven
forecast,2025-03,C7,SH-IDX07,PRECISION GEAR,jpy,162366.0,157605.0,-4761.0,cr,Localization / Local Sourcing,Operational-driven
forecast,2025-04,C7,SH-IDX07,PRECISION GEAR,jpy,152465.0,149251.0,-3214.0,cr,Localization / Local Sourcing,Operational-driven
forecast,2025-05,C7,SH-IDX07,PRECISION GEAR,jpy,145383.0,149590.0,4207.0,cu,Yield/Scrap Rate Increase,Operational-driven
forecast,2025-06,C7,SH-IDX07,PRECISION GEAR,jpy,154399.0,157539.0,3140.0,cu,Yield/Scrap Rate Increase,Operational-driven
forecast,2025-07,C7,SH-IDX07,PRECISION GEAR,jpy,161975.0,158044.0,-3931.0,cr,Localization / Local Sourcing,Operational-driven
forecast,2025-08,C7,SH-IDX07,PRECISION GEAR,jpy,154112.0,150317.0,-3795.0,cr,Alternative Material Substitution,Engineering-driven
forecast,2025-09,C7,SH-IDX07,PRECISION GEAR,jpy,143056.0,139790.0,-3266.0,cr,Supplier Negotiation,Operational-driven
forecast,2025-10,C7,SH-IDX07,PRECISION GEAR,jpy,137044.0,133692.0,-3352.0,cr,Localization / Local Sourcing,Operational-driven
forecast,2024-11,C7,UQ-C7-01,PANEL FRONT AS,domestic,452311.0,452311.0,0.0,,,
forecast,2024-12,C7,UQ-C7-01,PANEL FRONT AS,domestic,452311.0,464460.0,12149.0,cu,Supplier Change (Higher Cost Source),Market-driven
forecast,2025-01,C7,UQ-C7-01,PANEL FRONT AS,domestic,483871.0,498058.0,14187.0,cu,Logistics/Freight Cost Increase,Market-driven
forecast,2025-02,C7,UQ-C7-01,PANEL FRONT AS,domestic,516778.0,502610.0,-14168.0,cr,Supplier Negotiation,Operational-driven
forecast,2025-03,C7,UQ-C7-01,PANEL FRONT AS,domestic,501265.0,513672.0,12407.0,cu,Supplier Change (Higher Cost Source),Market-driven
forecast,2025-04,C7,UQ-C7-01,PANEL FRONT AS,domestic,544375.0,557298.0,12923.0,cu,Raw Material Price Increase,Market-driven
forecast,2025-05,C7,UQ-C7-01,PANEL FRONT AS,domestic,553097.0,567806.0,14709.0,cu,Yield/Scrap Rate Increase,Operational-driven
forecast,2025-06,C7,UQ-C7-01,PANEL FRONT AS,domestic,588432.0,574440.0,-13992.0,cr,Supplier Negotiation,Operational-driven
forecast,2025-07,C7,UQ-C7-01,PANEL FRONT AS,domestic,569492.0,585744.0,16252.0,cu,Yield/Scrap Rate Increase,Operational-driven
forecast,2025-08,C7,UQ-C7-01,PANEL FRONT AS,domestic,616383.0,629398.0,13015.0,cu,Logistics/Freight Cost Increase,Market-driven
forecast,2025-09,C7,UQ-C7-01,PANEL FRONT AS,domestic,664236.0,683485.0,19249.0,cu,Supplier Change (Higher Cost Source),Market-driven
forecast,2025-10,C7,UQ-C7-01,PANEL FRONT AS,domestic,726568.0,742741.0,16173.0,cu,Raw Material Price Increase,Market-driven
forecast,2024-11,C7,UQ-C7-02,BRACKET SUPPORT,domestic,421773.0,431729.0,9956.0,cu,Yield/Scrap Rate Increase,Operational-driven
forecast,2024-12,C7,UQ-C7-02,BRACKET SUPPORT,domestic,446357.0,458135.0,11778.0,cu,Supplier Change (Higher Cost Source),Market-driven
forecast,2025-01,C7,UQ-C7-02,BRACKET SUPPORT,domestic,466034.0,466034.0,0.0,,,
forecast,2025-02,C7,UQ-C7-02,BRACKET SUPPORT,domestic,466034.0,478654.0,12620.0,cu,Raw Material Price Increase,Market-driven
forecast,2025-03,C7,UQ-C7-02,BRACKET SUPPORT,domestic,478412.0,488077.0,9665.0,cu,Supplier Change (Higher Cost Source),Market-driven
forecast,2025-04,C7,UQ-C7-02,BRACKET SUPPORT,domestic,497250.0,486489.0,-10761.0,cr,Supplier Negotiation,Operational-driven
forecast,2025-05,C7,UQ-C7-02,BRACKET SUPPORT,domestic,464827.0,474129.0,9302.0,cu,Engineering Change / Spec Upgrade,Engineering-driven
forecast,2025-06,C7,UQ-C7-02,BRACKET SUPPORT,domestic,488967.0,478995.0,-9972.0,cr,Alternative Material Substitution,Engineering-driven
forecast,2025-07,C7,UQ-C7-02,BRACKET SUPPORT,domestic,465681.0,476384.0,10703.0,cu,Raw Material Price Increase,Market-driven
forecast,2025-08,C7,UQ-C7-02,BRACKET SUPPORT,domestic,472991.0,485946.0,12955.0,cu,Engineering Change / Spec Upgrade,Engineering-driven
forecast,2025-09,C7,UQ-C7-02,BRACKET SUPPORT,domestic,497540.0,507874.0,10334.0,cu,Logistics/Freight Cost Increase,Market-driven
forecast,2025-10,C7,UQ-C7-02,BRACKET SUPPORT,domestic,512022.0,525223.0,13201.0,cu,Yield/Scrap Rate Increase,Operational-driven
forecast,2024-11,C7,UQ-C7-03,IC CHIP CONTROL,usd,453509.0,440872.0,-12637.0,cr,VA/VE Improvement,Engineering-driven
forecast,2024-12,C7,UQ-C7-03,IC CHIP CONTROL,usd,426137.0,435601.0,9464.0,cu,Logistics/Freight Cost Increase,Market-driven
forecast,2025-01,C7,UQ-C7-03,IC CHIP CONTROL,usd,445883.0,457234.0,11351.0,cu,Yield/Scrap Rate Increase,Operational-driven
forecast,2025-02,C7,UQ-C7-03,IC CHIP CONTROL,usd,454468.0,467889.0,13421.0,cu,Yield/Scrap Rate Increase,Operational-driven
forecast,2025-03,C7,UQ-C7-03,IC CHIP CONTROL,usd,480934.0,494606.0,13672.0,cu,Raw Material Price Increase,Market-driven
forecast,2025-04,C7,UQ-C7-03,IC CHIP CONTROL,usd,530064.0,544601.0,14537.0,cu,Engineering Change / Spec Upgrade,Engineering-driven
forecast,2025-05,C7,UQ-C7-03,IC CHIP CONTROL,usd,541591.0,528753.0,-12838.0,cr,Localization / Local Sourcing,Operational-driven
forecast,2025-06,C7,UQ-C7-03,IC CHIP CONTROL,usd,508758.0,521694.0,12936.0,cu,Engineering Change / Spec Upgrade,Engineering-driven
forecast,2025-07,C7,UQ-C7-03,IC CHIP CONTROL,usd,525613.0,538317.0,12704.0,cu,Logistics/Freight Cost Increase,Market-driven
forecast,2025-08,C7,UQ-C7-03,IC CHIP CONTROL,usd,538152.0,538152.0,0.0,,,
forecast,2025-09,C7,UQ-C7-03,IC CHIP CONTROL,usd,538152.0,552666.0,14514.0,cu,Engineering Change / Spec Upgrade,Engineering-driven
forecast,2025-10,C7,UQ-C7-03,IC CHIP CONTROL,usd,551540.0,562942.0,11402.0,cu,Yield/Scrap Rate Increase,Operational-driven
forecast,2024-11,C7,UQ-C7-04,MOTOR UNIT,jpy,353134.0,344692.0,-8442.0,cr,Alternative Material Substitution,Engineering-driven
forecast,2024-12,C7,UQ-C7-04,MOTOR UNIT,jpy,346708.0,355220.0,8512.0,cu,Yield/Scrap Rate Increase,Operational-driven
forecast,2025-01,C7,UQ-C7-04,MOTOR UNIT,jpy,361400.0,351544.0,-9856.0,cr,Supplier Negotiation,Operational-driven
forecast,2025-02,C7,UQ-C7-04,MOTOR UNIT,jpy,341692.0,341692.0,0.0,,,
forecast,2025-03,C7,UQ-C7-04,MOTOR UNIT,jpy,341692.0,334079.0,-7613.0,cr,Process Improvement (Yield Up),Operational-driven
forecast,2025-04,C7,UQ-C7-04,MOTOR UNIT,jpy,315119.0,306892.0,-8227.0,cr,Supplier Negotiation,Operational-driven
forecast,2025-05,C7,UQ-C7-04,MOTOR UNIT,jpy,307804.0,300328.0,-7476.0,cr,Alternative Material Substitution,Engineering-driven
forecast,2025-06,C7,UQ-C7-04,MOTOR UNIT,jpy,286770.0,293041.0,6271.0,cu,Supplier Change (Higher Cost Source),Market-driven
forecast,2025-07,C7,UQ-C7-04,MOTOR UNIT,jpy,298042.0,291234.0,-6808.0,cr,VA/VE Improvement,Engineering-driven
forecast,2025-08,C7,UQ-C7-04,MOTOR UNIT,jpy,282847.0,276694.0,-6153.0,cr,Supplier Negotiation,Operational-driven
forecast,2025-09,C7,UQ-C7-04,MOTOR UNIT,jpy,267926.0,262020.0,-5906.0,cr,Localization / Local Sourcing,Operational-driven
forecast,2025-10,C7,UQ-C7-04,MOTOR UNIT,jpy,259414.0,253682.0,-5732.0,cr,Localization / Local Sourcing,Operational-driven
forecast,2024-11,C7,UQ-C7-05,SENSOR MODULE,jpy,294439.0,301467.0,7028.0,cu,Supplier Change (Higher Cost Source),Market-driven
forecast,2024-12,C7,UQ-C7-05,SENSOR MODULE,jpy,305812.0,297549.0,-8263.0,cr,Alternative Material Substitution,Engineering-driven
forecast,2025-01,C7,UQ-C7-05,SENSOR MODULE,jpy,281102.0,274661.0,-6441.0,cr,Localization / Local Sourcing,Operational-driven
forecast,2025-02,C7,UQ-C7-05,SENSOR MODULE,jpy,260346.0,252998.0,-7348.0,cr,Process Improvement (Yield Up),Operational-driven
forecast,2025-03,C7,UQ-C7-05,SENSOR MODULE,jpy,251424.0,245281.0,-6143.0,cr,Process Improvement (Yield Up),Operational-driven
forecast,2025-04,C7,UQ-C7-05,SENSOR MODULE,jpy,242844.0,242844.0,0.0,,,
forecast,2025-05,C7,UQ-C7-05,SENSOR MODULE,jpy,242844.0,237061.0,-5783.0,cr,VA/VE Improvement,Engineering-driven
forecast,2025-06,C7,UQ-C7-05,SENSOR MODULE,jpy,226272.0,220687.0,-5585.0,cr,VA/VE Improvement,Engineering-driven
forecast,2025-07,C7,UQ-C7-05,SENSOR MODULE,jpy,208069.0,202738.0,-5331.0,cr,Alternative Material Substitution,Engineering-driven
forecast,2025-08,C7,UQ-C7-05,SENSOR MODULE,jpy,193706.0,188283.0,-5423.0,cr,Localization / Local Sourcing,Operational-driven
forecast,2025-09,C7,UQ-C7-05,SENSOR MODULE,jpy,183901.0,189362.0,5461.0,cu,Yield/Scrap Rate Increase,Operational-driven
forecast,2025-10,C7,UQ-C7-05,SENSOR MODULE,jpy,201117.0,196488.0,-4629.0,cr,Process Improvement (Yield Up),Operational-driven
forecast,2024-11,C8,SH-CATC-D01,PANEL BOTTOM AS,domestic,113259.0,110344.0,-2915.0,cr,Alternative Material Substitution,Engineering-driven
forecast,2024-12,C8,SH-CATC-D01,PANEL BOTTOM AS,domestic,104374.0,101528.0,-2846.0,cr,Localization / Local Sourcing,Operational-driven
forecast,2025-01,C8,SH-CATC-D01,PANEL BOTTOM AS,domestic,98578.0,95656.0,-2922.0,cr,VA/VE Improvement,Engineering-driven
forecast,2025-02,C8,SH-CATC-D01,PANEL BOTTOM AS,domestic,95470.0,93279.0,-2191.0,cr,Localization / Local Sourcing,Operational-driven
forecast,2025-03,C8,SH-CATC-D01,PANEL BOTTOM AS,domestic,92816.0,90213.0,-2603.0,cr,Localization / Local Sourcing,Operational-driven
forecast,2025-04,C8,SH-CATC-D01,PANEL BOTTOM AS,domestic,84185.0,82390.0,-1795.0,cr,Supplier Negotiation,Operational-driven
forecast,2025-05,C8,SH-CATC-D01,PANEL BOTTOM AS,domestic,79911.0,77565.0,-2346.0,cr,Supplier Negotiation,Operational-driven
forecast,2025-06,C8,SH-CATC-D01,PANEL BOTTOM AS,domestic,77487.0,75299.0,-2188.0,cr,Alternative Material Substitution,Engineering-driven
forecast,2025-07,C8,SH-CATC-D01,PANEL BOTTOM AS,domestic,70423.0,68827.0,-1596.0,cr,Localization / Local Sourcing,Operational-driven
forecast,2025-08,C8,SH-CATC-D01,PANEL BOTTOM AS,domestic,66105.0,67595.0,1490.0,cu,Raw Material Price Increase,Market-driven
forecast,2025-09,C8,SH-CATC-D01,PANEL BOTTOM AS,domestic,68892.0,68892.0,0.0,,,
forecast,2025-10,C8,SH-CATC-D01,PANEL BOTTOM AS,domestic,68892.0,70909.0,2017.0,cu,Logistics/Freight Cost Increase,Market-driven
forecast,2024-11,C8,SH-CATC-U01,CONNECTOR HOUSING,usd,54607.0,52983.0,-1624.0,cr,VA/VE Improvement,Engineering-driven
forecast,2024-12,C8,SH-CATC-U01,CONNECTOR HOUSING,usd,50488.0,48976.0,-1512.0,cr,Supplier Negotiation,Operational-driven
forecast,2025-01,C8,SH-CATC-U01,CONNECTOR HOUSING,usd,46777.0,45439.0,-1338.0,cr,Localization / Local Sourcing,Operational-driven
forecast,2025-02,C8,SH-CATC-U01,CONNECTOR HOUSING,usd,44082.0,42786.0,-1296.0,cr,Supplier Negotiation,Operational-driven
forecast,2025-03,C8,SH-CATC-U01,CONNECTOR HOUSING,usd,41207.0,40354.0,-853.0,cr,Alternative Material Substitution,Engineering-driven
forecast,2025-04,C8,SH-CATC-U01,CONNECTOR HOUSING,usd,38785.0,38006.0,-779.0,cr,Process Improvement (Yield Up),Operational-driven
forecast,2025-05,C8,SH-CATC-U01,CONNECTOR HOUSING,usd,36814.0,36814.0,0.0,,,
forecast,2025-06,C8,SH-CATC-U01,CONNECTOR HOUSING,usd,36814.0,37711.0,897.0,cu,Raw Material Price Increase,Market-driven
forecast,2025-07,C8,SH-CATC-U01,CONNECTOR HOUSING,usd,38712.0,37615.0,-1097.0,cr,Localization / Local Sourcing,Operational-driven
forecast,2025-08,C8,SH-CATC-U01,CONNECTOR HOUSING,usd,35494.0,34604.0,-890.0,cr,Process Improvement (Yield Up),Operational-driven
forecast,2025-09,C8,SH-CATC-U01,CONNECTOR HOUSING,usd,33073.0,33823.0,750.0,cu,Raw Material Price Increase,Market-driven
forecast,2025-10,C8,SH-CATC-U01,CONNECTOR HOUSING,usd,34653.0,33704.0,-949.0,cr,VA/VE Improvement,Engineering-driven
forecast,2024-11,C8,SH-IDX08,PRECISION GEAR,jpy,78230.0,78230.0,0.0,,,
forecast,2024-12,C8,SH-IDX08,PRECISION GEAR,jpy,78230.0,76554.0,-1676.0,cr,VA/VE Improvement,Engineering-driven
forecast,2025-01,C8,SH-IDX08,PRECISION GEAR,jpy,73299.0,71185.0,-2114.0,cr,Localization / Local Sourcing,Operational-driven
forecast,2025-02,C8,SH-IDX08,PRECISION GEAR,jpy,70357.0,68276.0,-2081.0,cr,Supplier Negotiation,Operational-driven
forecast,2025-03,C8,SH-IDX08,PRECISION GEAR,jpy,64084.0,62580.0,-1504.0,cr,Localization / Local Sourcing,Operational-driven
forecast,2025-04,C8,SH-IDX08,PRECISION GEAR,jpy,58979.0,57636.0,-1343.0,cr,Process Improvement (Yield Up),Operational-driven
forecast,2025-05,C8,SH-IDX08,PRECISION GEAR,jpy,54813.0,56374.0,1561.0,cu,Raw Material Price Increase,Market-driven
forecast,2025-06,C8,SH-IDX08,PRECISION GEAR,jpy,58412.0,59988.0,1576.0,cu,Yield/Scrap Rate Increase,Operational-driven
forecast,2025-07,C8,SH-IDX08,PRECISION GEAR,jpy,60313.0,58998.0,-1315.0,cr,Alternative Material Substitution,Engineering-driven
forecast,2025-08,C8,SH-IDX08,PRECISION GEAR,jpy,57606.0,56422.0,-1184.0,cr,VA/VE Improvement,Engineering-driven
forecast,2025-09,C8,SH-IDX08,PRECISION GEAR,jpy,55309.0,53860.0,-1449.0,cr,Localization / Local Sourcing,Operational-driven
forecast,2025-10,C8,SH-IDX08,PRECISION GEAR,jpy,50622.0,49302.0,-1320.0,cr,Supplier Negotiation,Operational-driven
forecast,2024-11,C8,UQ-C8-01,PANEL FRONT AS,domestic,863128.0,863128.0,0.0,,,
forecast,2024-12,C8,UQ-C8-01,PANEL FRONT AS,domestic,863128.0,887313.0,24185.0,cu,Logistics/Freight Cost Increase,Market-driven
forecast,2025-01,C8,UQ-C8-01,PANEL FRONT AS,domestic,930477.0,956490.0,26013.0,cu,Engineering Change / Spec Upgrade,Engineering-driven
forecast,2025-02,C8,UQ-C8-01,PANEL FRONT AS,domestic,997543.0,976326.0,-21217.0,cr,Process Improvement (Yield Up),Operational-driven
forecast,2025-03,C8,UQ-C8-01,PANEL FRONT AS,domestic,932588.0,955127.0,22539.0,cu,Raw Material Price Increase,Market-driven
forecast,2025-04,C8,UQ-C8-01,PANEL FRONT AS,domestic,964975.0,992498.0,27523.0,cu,Logistics/Freight Cost Increase,Market-driven
forecast,2025-05,C8,UQ-C8-01,PANEL FRONT AS,domestic,1014336.0,1043831.0,29495.0,cu,Yield/Scrap Rate Increase,Operational-driven
forecast,2025-06,C8,UQ-C8-01,PANEL FRONT AS,domestic,1045561.0,1018852.0,-26709.0,cr,Localization / Local Sourcing,Operational-driven
forecast,2025-07,C8,UQ-C8-01,PANEL FRONT AS,domestic,988658.0,1011992.0,23334.0,cu,Raw Material Price Increase,Market-driven
forecast,2025-08,C8,UQ-C8-01,PANEL FRONT AS,domestic,1007309.0,1028305.0,20996.0,cu,Logistics/Freight Cost Increase,Market-driven
forecast,2025-09,C8,UQ-C8-01,PANEL FRONT AS,domestic,1065608.0,1091970.0,26362.0,cu,Engineering Change / Spec Upgrade,Engineering-driven
forecast,2025-10,C8,UQ-C8-01,PANEL FRONT AS,domestic,1113270.0,1141546.0,28276.0,cu,Logistics/Freight Cost Increase,Market-driven
forecast,2024-11,C8,UQ-C8-02,BRACKET SUPPORT,domestic,632546.0,645300.0,12754.0,cu,Raw Material Price Increase,Market-driven
forecast,2024-12,C8,UQ-C8-02,BRACKET SUPPORT,domestic,658391.0,676038.0,17647.0,cu,Yield/Scrap Rate Increase,Operational-driven
forecast,2025-01,C8,UQ-C8-02,BRACKET SUPPORT,domestic,713609.0,713609.0,0.0,,,
forecast,2025-02,C8,UQ-C8-02,BRACKET SUPPORT,domestic,713609.0,728724.0,15115.0,cu,Raw Material Price Increase,Market-driven
forecast,2025-03,C8,UQ-C8-02,BRACKET SUPPORT,domestic,737645.0,753957.0,16312.0,cu,Engineering Change / Spec Upgrade,Engineering-driven
forecast,2025-04,C8,UQ-C8-02,BRACKET SUPPORT,domestic,788445.0,766515.0,-21930.0,cr,Process Improvement (Yield Up),Operational-driven
forecast,2025-05,C8,UQ-C8-02,BRACKET SUPPORT,domestic,770361.0,786800.0,16439.0,cu,Engineering Change / Spec Upgrade,Engineering-driven
forecast,2025-06,C8,UQ-C8-02,BRACKET SUPPORT,domestic,823643.0,803469.0,-20174.0,cr,Process Improvement (Yield Up),Operational-driven
forecast,2025-07,C8,UQ-C8-02,BRACKET SUPPORT,domestic,779626.0,797552.0,17926.0,cu,Supplier Change (Higher Cost Source),Market-driven
forecast,2025-08,C8,UQ-C8-02,BRACKET SUPPORT,domestic,835975.0,859564.0,23589.0,cu,Engineering Change / Spec Upgrade,Engineering-driven
forecast,2025-09,C8,UQ-C8-02,BRACKET SUPPORT,domestic,906375.0,930346.0,23971.0,cu,Supplier Change (Higher Cost Source),Market-driven
forecast,2025-10,C8,UQ-C8-02,BRACKET SUPPORT,domestic,931350.0,952317.0,20967.0,cu,Yield/Scrap Rate Increase,Operational-driven
forecast,2024-11,C8,UQ-C8-03,IC CHIP CONTROL,usd,1345762.0,1308983.0,-36779.0,cr,Localization / Local Sourcing,Operational-driven
forecast,2024-12,C8,UQ-C8-03,IC CHIP CONTROL,usd,1242585.0,1268454.0,25869.0,cu,Engineering Change / Spec Upgrade,Engineering-driven
forecast,2025-01,C8,UQ-C8-03,IC CHIP CONTROL,usd,1301346.0,1329184.0,27838.0,cu,Supplier Change (Higher Cost Source),Market-driven
forecast,2025-02,C8,UQ-C8-03,IC CHIP CONTROL,usd,1342825.0,1375447.0,32622.0,cu,Yield/Scrap Rate Increase,Operational-driven
forecast,2025-03,C8,UQ-C8-03,IC CHIP CONTROL,usd,1366882.0,1404601.0,37719.0,cu,Supplier Change (Higher Cost Source),Market-driven
forecast,2025-04,C8,UQ-C8-03,IC CHIP CONTROL,usd,1486622.0,1522516.0,35894.0,cu,Yield/Scrap Rate Increase,Operational-driven
forecast,2025-05,C8,UQ-C8-03,IC CHIP CONTROL,usd,1518642.0,1474448.0,-44194.0,cr,Localization / Local Sourcing,Operational-driven
forecast,2025-06,C8,UQ-C8-03,IC CHIP CONTROL,usd,1462284.0,1498170.0,35886.0,cu,Yield/Scrap Rate Increase,Operational-driven
forecast,2025-07,C8,UQ-C8-03,IC CHIP CONTROL,usd,1529583.0,1572721.0,43138.0,cu,Engineering Change / Spec Upgrade,Engineering-driven
forecast,2025-08,C8,UQ-C8-03,IC CHIP CONTROL,usd,1654891.0,1654891.0,0.0,,,
forecast,2025-09,C8,UQ-C8-03,IC CHIP CONTROL,usd,1654891.0,1688354.0,33463.0,cu,Logistics/Freight Cost Increase,Market-driven
forecast,2025-10,C8,UQ-C8-03,IC CHIP CONTROL,usd,1756491.0,1805031.0,48540.0,cu,Logistics/Freight Cost Increase,Market-driven
forecast,2024-11,C8,UQ-C8-04,MOTOR UNIT,jpy,387890.0,377280.0,-10610.0,cr,Process Improvement (Yield Up),Operational-driven
forecast,2024-12,C8,UQ-C8-04,MOTOR UNIT,jpy,377763.0,386685.0,8922.0,cu,Yield/Scrap Rate Increase,Operational-driven
forecast,2025-01,C8,UQ-C8-04,MOTOR UNIT,jpy,386590.0,376312.0,-10278.0,cr,Alternative Material Substitution,Engineering-driven
forecast,2025-02,C8,UQ-C8-04,MOTOR UNIT,jpy,355421.0,355421.0,0.0,,,
forecast,2025-03,C8,UQ-C8-04,MOTOR UNIT,jpy,355421.0,346481.0,-8940.0,cr,Supplier Negotiation,Operational-driven
forecast,2025-04,C8,UQ-C8-04,MOTOR UNIT,jpy,348350.0,338277.0,-10073.0,cr,Alternative Material Substitution,Engineering-driven
forecast,2025-05,C8,UQ-C8-04,MOTOR UNIT,jpy,324115.0,314791.0,-9324.0,cr,Alternative Material Substitution,Engineering-driven
forecast,2025-06,C8,UQ-C8-04,MOTOR UNIT,jpy,312875.0,319713.0,6838.0,cu,Raw Material Price Increase,Market-driven
forecast,2025-07,C8,UQ-C8-04,MOTOR UNIT,jpy,331040.0,324204.0,-6836.0,cr,Alternative Material Substitution,Engineering-driven
forecast,2025-08,C8,UQ-C8-04,MOTOR UNIT,jpy,324117.0,316296.0,-7821.0,cr,Alternative Material Substitution,Engineering-driven
forecast,2025-09,C8,UQ-C8-04,MOTOR UNIT,jpy,311461.0,303613.0,-7848.0,cr,Process Improvement (Yield Up),Operational-driven
forecast,2025-10,C8,UQ-C8-04,MOTOR UNIT,jpy,297936.0,290107.0,-7829.0,cr,VA/VE Improvement,Engineering-driven
forecast,2024-11,C8,UQ-C8-05,SENSOR MODULE,jpy,342621.0,350680.0,8059.0,cu,Supplier Change (Higher Cost Source),Market-driven
forecast,2024-12,C8,UQ-C8-05,SENSOR MODULE,jpy,368840.0,358406.0,-10434.0,cr,VA/VE Improvement,Engineering-driven
forecast,2025-01,C8,UQ-C8-05,SENSOR MODULE,jpy,354762.0,347404.0,-7358.0,cr,VA/VE Improvement,Engineering-driven
forecast,2025-02,C8,UQ-C8-05,SENSOR MODULE,jpy,337723.0,328563.0,-9160.0,cr,VA/VE Improvement,Engineering-driven
forecast,2025-03,C8,UQ-C8-05,SENSOR MODULE,jpy,314133.0,305621.0,-8512.0,cr,Alternative Material Substitution,Engineering-driven
forecast,2025-04,C8,UQ-C8-05,SENSOR MODULE,jpy,305977.0,305977.0,0.0,,,
forecast,2025-05,C8,UQ-C8-05,SENSOR MODULE,jpy,305977.0,299841.0,-6136.0,cr,Localization / Local Sourcing,Operational-driven
forecast,2025-06,C8,UQ-C8-05,SENSOR MODULE,jpy,291928.0,285027.0,-6901.0,cr,VA/VE Improvement,Engineering-driven
forecast,2025-07,C8,UQ-C8-05,SENSOR MODULE,jpy,282804.0,275184.0,-7620.0,cr,Process Improvement (Yield Up),Operational-driven
forecast,2025-08,C8,UQ-C8-05,SENSOR MODULE,jpy,271716.0,265086.0,-6630.0,cr,Supplier Negotiation,Operational-driven
forecast,2025-09,C8,UQ-C8-05,SENSOR MODULE,jpy,261569.0,267697.0,6128.0,cu,Supplier Change (Higher Cost Source),Market-driven
forecast,2025-10,C8,UQ-C8-05,SENSOR MODULE,jpy,273544.0,266495.0,-7049.0,cr,Supplier Negotiation,Operational-driven
forecast,2024-11,C8,SH-EVEN-01,TAPE PU-F,domestic,70295.0,72153.0,1858.0,cu,Raw Material Price Increase,Market-driven
forecast,2024-12,C8,SH-EVEN-01,TAPE PU-F,domestic,75075.0,77289.0,2214.0,cu,Raw Material Price Increase,Market-driven
forecast,2025-01,C8,SH-EVEN-01,TAPE PU-F,domestic,80181.0,81820.0,1639.0,cu,Engineering Change / Spec Upgrade,Engineering-driven
forecast,2025-02,C8,SH-EVEN-01,TAPE PU-F,domestic,82639.0,85022.0,2383.0,cu,Engineering Change / Spec Upgrade,Engineering-driven
forecast,2025-03,C8,SH-EVEN-01,TAPE PU-F,domestic,87878.0,90500.0,2622.0,cu,Engineering Change / Spec Upgrade,Engineering-driven
forecast,2025-04,C8,SH-EVEN-01,TAPE PU-F,domestic,93563.0,90938.0,-2625.0,cr,VA/VE Improvement,Engineering-driven
forecast,2025-05,C8,SH-EVEN-01,TAPE PU-F,domestic,89152.0,91079.0,1927.0,cu,Supplier Change (Higher Cost Source),Market-driven
forecast,2025-06,C8,SH-EVEN-01,TAPE PU-F,domestic,94914.0,97552.0,2638.0,cu,Supplier Change (Higher Cost Source),Market-driven
forecast,2025-07,C8,SH-EVEN-01,TAPE PU-F,domestic,101876.0,99278.0,-2598.0,cr,Process Improvement (Yield Up),Operational-driven
forecast,2025-08,C8,SH-EVEN-01,TAPE PU-F,domestic,94152.0,96788.0,2636.0,cu,Supplier Change (Higher Cost Source),Market-driven
forecast,2025-09,C8,SH-EVEN-01,TAPE PU-F,domestic,96785.0,96785.0,0.0,,,
forecast,2025-10,C8,SH-EVEN-01,TAPE PU-F,domestic,96785.0,99648.0,2863.0,cu,Yield/Scrap Rate Increase,Operational-driven
forecast,2024-11,C8,SH-EVEN-02,RESIN COMPOUND,usd,19042.0,19548.0,506.0,cu,Supplier Change (Higher Cost Source),Market-driven
forecast,2024-12,C8,SH-EVEN-02,RESIN COMPOUND,usd,19491.0,20013.0,522.0,cu,Supplier Change (Higher Cost Source),Market-driven
forecast,2025-01,C8,SH-EVEN-02,RESIN COMPOUND,usd,20366.0,20818.0,452.0,cu,Raw Material Price Increase,Market-driven
forecast,2025-02,C8,SH-EVEN-02,RESIN COMPOUND,usd,20895.0,21394.0,499.0,cu,Logistics/Freight Cost Increase,Market-driven
forecast,2025-03,C8,SH-EVEN-02,RESIN COMPOUND,usd,21472.0,21914.0,442.0,cu,Logistics/Freight Cost Increase,Market-driven
forecast,2025-04,C8,SH-EVEN-02,RESIN COMPOUND,usd,22839.0,22839.0,0.0,,,
forecast,2025-05,C8,SH-EVEN-02,RESIN COMPOUND,usd,22839.0,22349.0,-490.0,cr,Localization / Local Sourcing,Operational-driven
forecast,2025-06,C8,SH-EVEN-02,RESIN COMPOUND,usd,21574.0,22093.0,519.0,cu,Logistics/Freight Cost Increase,Market-driven
forecast,2025-07,C8,SH-EVEN-02,RESIN COMPOUND,usd,22763.0,22214.0,-549.0,cr,Alternative Material Substitution,Engineering-driven
forecast,2025-08,C8,SH-EVEN-02,RESIN COMPOUND,usd,21147.0,21602.0,455.0,cu,Raw Material Price Increase,Market-driven
forecast,2025-09,C8,SH-EVEN-02,RESIN COMPOUND,usd,22059.0,22634.0,575.0,cu,Engineering Change / Spec Upgrade,Engineering-driven
forecast,2025-10,C8,SH-EVEN-02,RESIN COMPOUND,usd,23441.0,24025.0,584.0,cu,Yield/Scrap Rate Increase,Operational-driven
forecast,2024-11,C9,SH-CATC-D01,PANEL BOTTOM AS,domestic,113259.0,110344.0,-2915.0,cr,Alternative Material Substitution,Engineering-driven
forecast,2024-12,C9,SH-CATC-D01,PANEL BOTTOM AS,domestic,104374.0,101528.0,-2846.0,cr,Localization / Local Sourcing,Operational-driven
forecast,2025-01,C9,SH-CATC-D01,PANEL BOTTOM AS,domestic,98578.0,95656.0,-2922.0,cr,VA/VE Improvement,Engineering-driven
forecast,2025-02,C9,SH-CATC-D01,PANEL BOTTOM AS,domestic,95470.0,93279.0,-2191.0,cr,Localization / Local Sourcing,Operational-driven
forecast,2025-03,C9,SH-CATC-D01,PANEL BOTTOM AS,domestic,92816.0,90213.0,-2603.0,cr,Localization / Local Sourcing,Operational-driven
forecast,2025-04,C9,SH-CATC-D01,PANEL BOTTOM AS,domestic,84185.0,82390.0,-1795.0,cr,Supplier Negotiation,Operational-driven
forecast,2025-05,C9,SH-CATC-D01,PANEL BOTTOM AS,domestic,79911.0,77565.0,-2346.0,cr,Supplier Negotiation,Operational-driven
forecast,2025-06,C9,SH-CATC-D01,PANEL BOTTOM AS,domestic,77487.0,75299.0,-2188.0,cr,Alternative Material Substitution,Engineering-driven
forecast,2025-07,C9,SH-CATC-D01,PANEL BOTTOM AS,domestic,70423.0,68827.0,-1596.0,cr,Localization / Local Sourcing,Operational-driven
forecast,2025-08,C9,SH-CATC-D01,PANEL BOTTOM AS,domestic,66105.0,67595.0,1490.0,cu,Raw Material Price Increase,Market-driven
forecast,2025-09,C9,SH-CATC-D01,PANEL BOTTOM AS,domestic,68892.0,68892.0,0.0,,,
forecast,2025-10,C9,SH-CATC-D01,PANEL BOTTOM AS,domestic,68892.0,70909.0,2017.0,cu,Logistics/Freight Cost Increase,Market-driven
forecast,2024-11,C9,SH-CATC-U01,CONNECTOR HOUSING,usd,54607.0,52983.0,-1624.0,cr,VA/VE Improvement,Engineering-driven
forecast,2024-12,C9,SH-CATC-U01,CONNECTOR HOUSING,usd,50488.0,48976.0,-1512.0,cr,Supplier Negotiation,Operational-driven
forecast,2025-01,C9,SH-CATC-U01,CONNECTOR HOUSING,usd,46777.0,45439.0,-1338.0,cr,Localization / Local Sourcing,Operational-driven
forecast,2025-02,C9,SH-CATC-U01,CONNECTOR HOUSING,usd,44082.0,42786.0,-1296.0,cr,Supplier Negotiation,Operational-driven
forecast,2025-03,C9,SH-CATC-U01,CONNECTOR HOUSING,usd,41207.0,40354.0,-853.0,cr,Alternative Material Substitution,Engineering-driven
forecast,2025-04,C9,SH-CATC-U01,CONNECTOR HOUSING,usd,38785.0,38006.0,-779.0,cr,Process Improvement (Yield Up),Operational-driven
forecast,2025-05,C9,SH-CATC-U01,CONNECTOR HOUSING,usd,36814.0,36814.0,0.0,,,
forecast,2025-06,C9,SH-CATC-U01,CONNECTOR HOUSING,usd,36814.0,37711.0,897.0,cu,Raw Material Price Increase,Market-driven
forecast,2025-07,C9,SH-CATC-U01,CONNECTOR HOUSING,usd,38712.0,37615.0,-1097.0,cr,Localization / Local Sourcing,Operational-driven
forecast,2025-08,C9,SH-CATC-U01,CONNECTOR HOUSING,usd,35494.0,34604.0,-890.0,cr,Process Improvement (Yield Up),Operational-driven
forecast,2025-09,C9,SH-CATC-U01,CONNECTOR HOUSING,usd,33073.0,33823.0,750.0,cu,Raw Material Price Increase,Market-driven
forecast,2025-10,C9,SH-CATC-U01,CONNECTOR HOUSING,usd,34653.0,33704.0,-949.0,cr,VA/VE Improvement,Engineering-driven
forecast,2024-11,C9,SH-IDX09,PRECISION GEAR,jpy,56507.0,56507.0,0.0,,,
forecast,2024-12,C9,SH-IDX09,PRECISION GEAR,jpy,56507.0,55129.0,-1378.0,cr,Supplier Negotiation,Operational-driven
forecast,2025-01,C9,SH-IDX09,PRECISION GEAR,jpy,55041.0,53903.0,-1138.0,cr,VA/VE Improvement,Engineering-driven
forecast,2025-02,C9,SH-IDX09,PRECISION GEAR,jpy,53874.0,52457.0,-1417.0,cr,Supplier Negotiation,Operational-driven
forecast,2025-03,C9,SH-IDX09,PRECISION GEAR,jpy,50143.0,49139.0,-1004.0,cr,Alternative Material Substitution,Engineering-driven
forecast,2025-04,C9,SH-IDX09,PRECISION GEAR,jpy,46939.0,45878.0,-1061.0,cr,Process Improvement (Yield Up),Operational-driven
forecast,2025-05,C9,SH-IDX09,PRECISION GEAR,jpy,45715.0,46641.0,926.0,cu,Logistics/Freight Cost Increase,Market-driven
forecast,2025-06,C9,SH-IDX09,PRECISION GEAR,jpy,46848.0,47802.0,954.0,cu,Logistics/Freight Cost Increase,Market-driven
forecast,2025-07,C9,SH-IDX09,PRECISION GEAR,jpy,49533.0,48217.0,-1316.0,cr,VA/VE Improvement,Engineering-driven
forecast,2025-08,C9,SH-IDX09,PRECISION GEAR,jpy,45057.0,43829.0,-1228.0,cr,Process Improvement (Yield Up),Operational-driven
forecast,2025-09,C9,SH-IDX09,PRECISION GEAR,jpy,42057.0,40940.0,-1117.0,cr,Supplier Negotiation,Operational-driven
forecast,2025-10,C9,SH-IDX09,PRECISION GEAR,jpy,38411.0,37557.0,-854.0,cr,Process Improvement (Yield Up),Operational-driven
forecast,2024-11,C9,UQ-C9-01,PANEL FRONT AS,domestic,976467.0,976467.0,0.0,,,
forecast,2024-12,C9,UQ-C9-01,PANEL FRONT AS,domestic,976467.0,1001237.0,24770.0,cu,Logistics/Freight Cost Increase,Market-driven
forecast,2025-01,C9,UQ-C9-01,PANEL FRONT AS,domestic,1015519.0,1039900.0,24381.0,cu,Yield/Scrap Rate Increase,Operational-driven
forecast,2025-02,C9,UQ-C9-01,PANEL FRONT AS,domestic,1098202.0,1070789.0,-27413.0,cr,VA/VE Improvement,Engineering-driven
forecast,2025-03,C9,UQ-C9-01,PANEL FRONT AS,domestic,1047306.0,1077168.0,29862.0,cu,Yield/Scrap Rate Increase,Operational-driven
forecast,2025-04,C9,UQ-C9-01,PANEL FRONT AS,domestic,1072844.0,1104559.0,31715.0,cu,Logistics/Freight Cost Increase,Market-driven
forecast,2025-05,C9,UQ-C9-01,PANEL FRONT AS,domestic,1175926.0,1200830.0,24904.0,cu,Raw Material Price Increase,Market-driven
forecast,2025-06,C9,UQ-C9-01,PANEL FRONT AS,domestic,1228592.0,1195162.0,-33430.0,cr,VA/VE Improvement,Engineering-driven
forecast,2025-07,C9,UQ-C9-01,PANEL FRONT AS,domestic,1130460.0,1157747.0,27287.0,cu,Logistics/Freight Cost Increase,Market-driven
forecast,2025-08,C9,UQ-C9-01,PANEL FRONT AS,domestic,1199704.0,1232508.0,32804.0,cu,Supplier Change (Higher Cost Source),Market-driven
forecast,2025-09,C9,UQ-C9-01,PANEL FRONT AS,domestic,1231898.0,1264739.0,32841.0,cu,Yield/Scrap Rate Increase,Operational-driven
forecast,2025-10,C9,UQ-C9-01,PANEL FRONT AS,domestic,1328189.0,1365696.0,37507.0,cu,Engineering Change / Spec Upgrade,Engineering-driven
forecast,2024-11,C9,UQ-C9-02,BRACKET SUPPORT,domestic,746492.0,762729.0,16237.0,cu,Engineering Change / Spec Upgrade,Engineering-driven
forecast,2024-12,C9,UQ-C9-02,BRACKET SUPPORT,domestic,808245.0,828616.0,20371.0,cu,Raw Material Price Increase,Market-driven
forecast,2025-01,C9,UQ-C9-02,BRACKET SUPPORT,domestic,861236.0,861236.0,0.0,,,
forecast,2025-02,C9,UQ-C9-02,BRACKET SUPPORT,domestic,861236.0,882764.0,21528.0,cu,Yield/Scrap Rate Increase,Operational-driven
forecast,2025-03,C9,UQ-C9-02,BRACKET SUPPORT,domestic,883269.0,902637.0,19368.0,cu,Logistics/Freight Cost Increase,Market-driven
forecast,2025-04,C9,UQ-C9-02,BRACKET SUPPORT,domestic,949122.0,930098.0,-19024.0,cr,Localization / Local Sourcing,Operational-driven
forecast,2025-05,C9,UQ-C9-02,BRACKET SUPPORT,domestic,905820.0,925797.0,19977.0,cu,Supplier Change (Higher Cost Source),Market-driven
forecast,2025-06,C9,UQ-C9-02,BRACKET SUPPORT,domestic,949290.0,928502.0,-20788.0,cr,Alternative Material Substitution,Engineering-driven
forecast,2025-07,C9,UQ-C9-02,BRACKET SUPPORT,domestic,889162.0,912387.0,23225.0,cu,Raw Material Price Increase,Market-driven
forecast,2025-08,C9,UQ-C9-02,BRACKET SUPPORT,domestic,938975.0,960237.0,21262.0,cu,Raw Material Price Increase,Market-driven
forecast,2025-09,C9,UQ-C9-02,BRACKET SUPPORT,domestic,962925.0,986471.0,23546.0,cu,Supplier Change (Higher Cost Source),Market-driven
forecast,2025-10,C9,UQ-C9-02,BRACKET SUPPORT,domestic,1014038.0,1040788.0,26750.0,cu,Yield/Scrap Rate Increase,Operational-driven
forecast,2024-11,C9,UQ-C9-03,IC CHIP CONTROL,usd,359881.0,350961.0,-8920.0,cr,Supplier Negotiation,Operational-driven
forecast,2024-12,C9,UQ-C9-03,IC CHIP CONTROL,usd,333395.0,342453.0,9058.0,cu,Engineering Change / Spec Upgrade,Engineering-driven
forecast,2025-01,C9,UQ-C9-03,IC CHIP CONTROL,usd,341130.0,350919.0,9789.0,cu,Engineering Change / Spec Upgrade,Engineering-driven
forecast,2025-02,C9,UQ-C9-03,IC CHIP CONTROL,usd,362564.0,370386.0,7822.0,cu,Raw Material Price Increase,Market-driven
forecast,2025-03,C9,UQ-C9-03,IC CHIP CONTROL,usd,387615.0,396334.0,8719.0,cu,Engineering Change / Spec Upgrade,Engineering-driven
forecast,2025-04,C9,UQ-C9-03,IC CHIP CONTROL,usd,397184.0,406847.0,9663.0,cu,Yield/Scrap Rate Increase,Operational-driven
forecast,2025-05,C9,UQ-C9-03,IC CHIP CONTROL,usd,415852.0,407092.0,-8760.0,cr,Alternative Material Substitution,Engineering-driven
forecast,2025-06,C9,UQ-C9-03,IC CHIP CONTROL,usd,394142.0,402632.0,8490.0,cu,Supplier Change (Higher Cost Source),Market-driven
forecast,2025-07,C9,UQ-C9-03,IC CHIP CONTROL,usd,409474.0,421674.0,12200.0,cu,Yield/Scrap Rate Increase,Operational-driven
forecast,2025-08,C9,UQ-C9-03,IC CHIP CONTROL,usd,449769.0,449769.0,0.0,,,
forecast,2025-09,C9,UQ-C9-03,IC CHIP CONTROL,usd,449769.0,462805.0,13036.0,cu,Supplier Change (Higher Cost Source),Market-driven
forecast,2025-10,C9,UQ-C9-03,IC CHIP CONTROL,usd,462247.0,475684.0,13437.0,cu,Yield/Scrap Rate Increase,Operational-driven
forecast,2024-11,C9,UQ-C9-04,MOTOR UNIT,jpy,390382.0,382328.0,-8054.0,cr,Alternative Material Substitution,Engineering-driven
forecast,2024-12,C9,UQ-C9-04,MOTOR UNIT,jpy,383720.0,393353.0,9633.0,cu,Raw Material Price Increase,Market-driven
forecast,2025-01,C9,UQ-C9-04,MOTOR UNIT,jpy,402461.0,391229.0,-11232.0,cr,Process Improvement (Yield Up),Operational-driven
forecast,2025-02,C9,UQ-C9-04,MOTOR UNIT,jpy,371590.0,371590.0,0.0,,,
forecast,2025-03,C9,UQ-C9-04,MOTOR UNIT,jpy,371590.0,362819.0,-8771.0,cr,Supplier Negotiation,Operational-driven
forecast,2025-04,C9,UQ-C9-04,MOTOR UNIT,jpy,359064.0,350057.0,-9007.0,cr,Supplier Negotiation,Operational-driven
forecast,2025-05,C9,UQ-C9-04,MOTOR UNIT,jpy,335977.0,328405.0,-7572.0,cr,VA/VE Improvement,Engineering-driven
forecast,2025-06,C9,UQ-C9-04,MOTOR UNIT,jpy,322460.0,330976.0,8516.0,cu,Raw Material Price Increase,Market-driven
forecast,2025-07,C9,UQ-C9-04,MOTOR UNIT,jpy,331039.0,322817.0,-8222.0,cr,VA/VE Improvement,Engineering-driven
forecast,2025-08,C9,UQ-C9-04,MOTOR UNIT,jpy,304377.0,296877.0,-7500.0,cr,Alternative Material Substitution,Engineering-driven
forecast,2025-09,C9,UQ-C9-04,MOTOR UNIT,jpy,290990.0,284414.0,-6576.0,cr,Alternative Material Substitution,Engineering-driven
forecast,2025-10,C9,UQ-C9-04,MOTOR UNIT,jpy,280091.0,274321.0,-5770.0,cr,Supplier Negotiation,Operational-driven
forecast,2024-11,C9,UQ-C9-05,SENSOR MODULE,jpy,355860.0,363695.0,7835.0,cu,Logistics/Freight Cost Increase,Market-driven
forecast,2024-12,C9,UQ-C9-05,SENSOR MODULE,jpy,383418.0,373782.0,-9636.0,cr,Alternative Material Substitution,Engineering-driven
forecast,2025-01,C9,UQ-C9-05,SENSOR MODULE,jpy,359505.0,349395.0,-10110.0,cr,VA/VE Improvement,Engineering-driven
forecast,2025-02,C9,UQ-C9-05,SENSOR MODULE,jpy,333625.0,324703.0,-8922.0,cr,Localization / Local Sourcing,Operational-driven
forecast,2025-03,C9,UQ-C9-05,SENSOR MODULE,jpy,320891.0,311831.0,-9060.0,cr,VA/VE Improvement,Engineering-driven
forecast,2025-04,C9,UQ-C9-05,SENSOR MODULE,jpy,305515.0,305515.0,0.0,,,
forecast,2025-05,C9,UQ-C9-05,SENSOR MODULE,jpy,305515.0,298288.0,-7227.0,cr,Process Improvement (Yield Up),Operational-driven
forecast,2025-06,C9,UQ-C9-05,SENSOR MODULE,jpy,280861.0,273393.0,-7468.0,cr,Localization / Local Sourcing,Operational-driven
forecast,2025-07,C9,UQ-C9-05,SENSOR MODULE,jpy,258509.0,250789.0,-7720.0,cr,Process Improvement (Yield Up),Operational-driven
forecast,2025-08,C9,UQ-C9-05,SENSOR MODULE,jpy,245387.0,238648.0,-6739.0,cr,VA/VE Improvement,Engineering-driven
forecast,2025-09,C9,UQ-C9-05,SENSOR MODULE,jpy,235243.0,240626.0,5383.0,cu,Raw Material Price Increase,Market-driven
forecast,2025-10,C9,UQ-C9-05,SENSOR MODULE,jpy,240546.0,235380.0,-5166.0,cr,Supplier Negotiation,Operational-driven
forecast,2024-11,C10,SH-CATC-D01,PANEL BOTTOM AS,domestic,113259.0,110344.0,-2915.0,cr,Alternative Material Substitution,Engineering-driven
forecast,2024-12,C10,SH-CATC-D01,PANEL BOTTOM AS,domestic,104374.0,101528.0,-2846.0,cr,Localization / Local Sourcing,Operational-driven
forecast,2025-01,C10,SH-CATC-D01,PANEL BOTTOM AS,domestic,98578.0,95656.0,-2922.0,cr,VA/VE Improvement,Engineering-driven
forecast,2025-02,C10,SH-CATC-D01,PANEL BOTTOM AS,domestic,95470.0,93279.0,-2191.0,cr,Localization / Local Sourcing,Operational-driven
forecast,2025-03,C10,SH-CATC-D01,PANEL BOTTOM AS,domestic,92816.0,90213.0,-2603.0,cr,Localization / Local Sourcing,Operational-driven
forecast,2025-04,C10,SH-CATC-D01,PANEL BOTTOM AS,domestic,84185.0,82390.0,-1795.0,cr,Supplier Negotiation,Operational-driven
forecast,2025-05,C10,SH-CATC-D01,PANEL BOTTOM AS,domestic,79911.0,77565.0,-2346.0,cr,Supplier Negotiation,Operational-driven
forecast,2025-06,C10,SH-CATC-D01,PANEL BOTTOM AS,domestic,77487.0,75299.0,-2188.0,cr,Alternative Material Substitution,Engineering-driven
forecast,2025-07,C10,SH-CATC-D01,PANEL BOTTOM AS,domestic,70423.0,68827.0,-1596.0,cr,Localization / Local Sourcing,Operational-driven
forecast,2025-08,C10,SH-CATC-D01,PANEL BOTTOM AS,domestic,66105.0,67595.0,1490.0,cu,Raw Material Price Increase,Market-driven
forecast,2025-09,C10,SH-CATC-D01,PANEL BOTTOM AS,domestic,68892.0,68892.0,0.0,,,
forecast,2025-10,C10,SH-CATC-D01,PANEL BOTTOM AS,domestic,68892.0,70909.0,2017.0,cu,Logistics/Freight Cost Increase,Market-driven
forecast,2024-11,C10,SH-CATC-U01,CONNECTOR HOUSING,usd,54607.0,52983.0,-1624.0,cr,VA/VE Improvement,Engineering-driven
forecast,2024-12,C10,SH-CATC-U01,CONNECTOR HOUSING,usd,50488.0,48976.0,-1512.0,cr,Supplier Negotiation,Operational-driven
forecast,2025-01,C10,SH-CATC-U01,CONNECTOR HOUSING,usd,46777.0,45439.0,-1338.0,cr,Localization / Local Sourcing,Operational-driven
forecast,2025-02,C10,SH-CATC-U01,CONNECTOR HOUSING,usd,44082.0,42786.0,-1296.0,cr,Supplier Negotiation,Operational-driven
forecast,2025-03,C10,SH-CATC-U01,CONNECTOR HOUSING,usd,41207.0,40354.0,-853.0,cr,Alternative Material Substitution,Engineering-driven
forecast,2025-04,C10,SH-CATC-U01,CONNECTOR HOUSING,usd,38785.0,38006.0,-779.0,cr,Process Improvement (Yield Up),Operational-driven
forecast,2025-05,C10,SH-CATC-U01,CONNECTOR HOUSING,usd,36814.0,36814.0,0.0,,,
forecast,2025-06,C10,SH-CATC-U01,CONNECTOR HOUSING,usd,36814.0,37711.0,897.0,cu,Raw Material Price Increase,Market-driven
forecast,2025-07,C10,SH-CATC-U01,CONNECTOR HOUSING,usd,38712.0,37615.0,-1097.0,cr,Localization / Local Sourcing,Operational-driven
forecast,2025-08,C10,SH-CATC-U01,CONNECTOR HOUSING,usd,35494.0,34604.0,-890.0,cr,Process Improvement (Yield Up),Operational-driven
forecast,2025-09,C10,SH-CATC-U01,CONNECTOR HOUSING,usd,33073.0,33823.0,750.0,cu,Raw Material Price Increase,Market-driven
forecast,2025-10,C10,SH-CATC-U01,CONNECTOR HOUSING,usd,34653.0,33704.0,-949.0,cr,VA/VE Improvement,Engineering-driven
forecast,2024-11,C10,SH-IDX10,PRECISION GEAR,jpy,121193.0,121193.0,0.0,,,
forecast,2024-12,C10,SH-IDX10,PRECISION GEAR,jpy,121193.0,117826.0,-3367.0,cr,Process Improvement (Yield Up),Operational-driven
forecast,2025-01,C10,SH-IDX10,PRECISION GEAR,jpy,113669.0,110716.0,-2953.0,cr,Localization / Local Sourcing,Operational-driven
forecast,2025-02,C10,SH-IDX10,PRECISION GEAR,jpy,107486.0,104872.0,-2614.0,cr,Localization / Local Sourcing,Operational-driven
forecast,2025-03,C10,SH-IDX10,PRECISION GEAR,jpy,100468.0,97728.0,-2740.0,cr,Localization / Local Sourcing,Operational-driven
forecast,2025-04,C10,SH-IDX10,PRECISION GEAR,jpy,94861.0,92473.0,-2388.0,cr,Supplier Negotiation,Operational-driven
forecast,2025-05,C10,SH-IDX10,PRECISION GEAR,jpy,87984.0,89793.0,1809.0,cu,Supplier Change (Higher Cost Source),Market-driven
forecast,2025-06,C10,SH-IDX10,PRECISION GEAR,jpy,92869.0,95632.0,2763.0,cu,Raw Material Price Increase,Market-driven
forecast,2025-07,C10,SH-IDX10,PRECISION GEAR,jpy,101147.0,98676.0,-2471.0,cr,Process Improvement (Yield Up),Operational-driven
forecast,2025-08,C10,SH-IDX10,PRECISION GEAR,jpy,94023.0,92125.0,-1898.0,cr,VA/VE Improvement,Engineering-driven
forecast,2025-09,C10,SH-IDX10,PRECISION GEAR,jpy,89045.0,86696.0,-2349.0,cr,Localization / Local Sourcing,Operational-driven
forecast,2025-10,C10,SH-IDX10,PRECISION GEAR,jpy,84573.0,82811.0,-1762.0,cr,Alternative Material Substitution,Engineering-driven
forecast,2024-11,C10,UQ-C10-01,PANEL FRONT AS,domestic,958803.0,958803.0,0.0,,,
forecast,2024-12,C10,UQ-C10-01,PANEL FRONT AS,domestic,958803.0,983337.0,24534.0,cu,Supplier Change (Higher Cost Source),Market-driven
forecast,2025-01,C10,UQ-C10-01,PANEL FRONT AS,domestic,1025487.0,1046868.0,21381.0,cu,Logistics/Freight Cost Increase,Market-driven
forecast,2025-02,C10,UQ-C10-01,PANEL FRONT AS,domestic,1083496.0,1056313.0,-27183.0,cr,Localization / Local Sourcing,Operational-driven
forecast,2025-03,C10,UQ-C10-01,PANEL FRONT AS,domestic,993822.0,1022872.0,29050.0,cu,Raw Material Price Increase,Market-driven
forecast,2025-04,C10,UQ-C10-01,PANEL FRONT AS,domestic,1036130.0,1058652.0,22522.0,cu,Logistics/Freight Cost Increase,Market-driven
forecast,2025-05,C10,UQ-C10-01,PANEL FRONT AS,domestic,1056021.0,1081339.0,25318.0,cu,Logistics/Freight Cost Increase,Market-driven
forecast,2025-06,C10,UQ-C10-01,PANEL FRONT AS,domestic,1109629.0,1085996.0,-23633.0,cr,Localization / Local Sourcing,Operational-driven
forecast,2025-07,C10,UQ-C10-01,PANEL FRONT AS,domestic,1079521.0,1110264.0,30743.0,cu,Supplier Change (Higher Cost Source),Market-driven
forecast,2025-08,C10,UQ-C10-01,PANEL FRONT AS,domestic,1140373.0,1170975.0,30602.0,cu,Engineering Change / Spec Upgrade,Engineering-driven
forecast,2025-09,C10,UQ-C10-01,PANEL FRONT AS,domestic,1208122.0,1235720.0,27598.0,cu,Logistics/Freight Cost Increase,Market-driven
forecast,2025-10,C10,UQ-C10-01,PANEL FRONT AS,domestic,1272970.0,1308174.0,35204.0,cu,Engineering Change / Spec Upgrade,Engineering-driven
forecast,2024-11,C10,UQ-C10-02,BRACKET SUPPORT,domestic,672339.0,687908.0,15569.0,cu,Supplier Change (Higher Cost Source),Market-driven
forecast,2024-12,C10,UQ-C10-02,BRACKET SUPPORT,domestic,709725.0,726730.0,17005.0,cu,Raw Material Price Increase,Market-driven
forecast,2025-01,C10,UQ-C10-02,BRACKET SUPPORT,domestic,757657.0,757657.0,0.0,,,
forecast,2025-02,C10,UQ-C10-02,BRACKET SUPPORT,domestic,757657.0,772903.0,15246.0,cu,Raw Material Price Increase,Market-driven
forecast,2025-03,C10,UQ-C10-02,BRACKET SUPPORT,domestic,788364.0,807985.0,19621.0,cu,Engineering Change / Spec Upgrade,Engineering-driven
forecast,2025-04,C10,UQ-C10-02,BRACKET SUPPORT,domestic,815520.0,793847.0,-21673.0,cr,VA/VE Improvement,Engineering-driven
forecast,2025-05,C10,UQ-C10-02,BRACKET SUPPORT,domestic,748526.0,769363.0,20837.0,cu,Engineering Change / Spec Upgrade,Engineering-driven
forecast,2025-06,C10,UQ-C10-02,BRACKET SUPPORT,domestic,776107.0,756818.0,-19289.0,cr,Localization / Local Sourcing,Operational-driven
forecast,2025-07,C10,UQ-C10-02,BRACKET SUPPORT,domestic,762680.0,785522.0,22842.0,cu,Supplier Change (Higher Cost Source),Market-driven
forecast,2025-08,C10,UQ-C10-02,BRACKET SUPPORT,domestic,834104.0,851997.0,17893.0,cu,Engineering Change / Spec Upgrade,Engineering-driven
forecast,2025-09,C10,UQ-C10-02,BRACKET SUPPORT,domestic,853018.0,871450.0,18432.0,cu,Yield/Scrap Rate Increase,Operational-driven
forecast,2025-10,C10,UQ-C10-02,BRACKET SUPPORT,domestic,878988.0,904129.0,25141.0,cu,Raw Material Price Increase,Market-driven
forecast,2024-11,C10,UQ-C10-03,IC CHIP CONTROL,usd,1070401.0,1038405.0,-31996.0,cr,VA/VE Improvement,Engineering-driven
forecast,2024-12,C10,UQ-C10-03,IC CHIP CONTROL,usd,994632.0,1020277.0,25645.0,cu,Raw Material Price Increase,Market-driven
forecast,2025-01,C10,UQ-C10-03,IC CHIP CONTROL,usd,1053832.0,1078650.0,24818.0,cu,Yield/Scrap Rate Increase,Operational-driven
forecast,2025-02,C10,UQ-C10-03,IC CHIP CONTROL,usd,1099824.0,1126033.0,26209.0,cu,Logistics/Freight Cost Increase,Market-driven
forecast,2025-03,C10,UQ-C10-03,IC CHIP CONTROL,usd,1152629.0,1185715.0,33086.0,cu,Yield/Scrap Rate Increase,Operational-driven
forecast,2025-04,C10,UQ-C10-03,IC CHIP CONTROL,usd,1234074.0,1264977.0,30903.0,cu,Engineering Change / Spec Upgrade,Engineering-driven
forecast,2025-05,C10,UQ-C10-03,IC CHIP CONTROL,usd,1305225.0,1271823.0,-33402.0,cr,Alternative Material Substitution,Engineering-driven
forecast,2025-06,C10,UQ-C10-03,IC CHIP CONTROL,usd,1234929.0,1267553.0,32624.0,cu,Engineering Change / Spec Upgrade,Engineering-driven
forecast,2025-07,C10,UQ-C10-03,IC CHIP CONTROL,usd,1319409.0,1353902.0,34493.0,cu,Engineering Change / Spec Upgrade,Engineering-driven
forecast,2025-08,C10,UQ-C10-03,IC CHIP CONTROL,usd,1403008.0,1403008.0,0.0,,,
forecast,2025-09,C10,UQ-C10-03,IC CHIP CONTROL,usd,1403008.0,1444722.0,41714.0,cu,Logistics/Freight Cost Increase,Market-driven
forecast,2025-10,C10,UQ-C10-03,IC CHIP CONTROL,usd,1486165.0,1528461.0,42296.0,cu,Supplier Change (Higher Cost Source),Market-driven
forecast,2024-11,C10,UQ-C10-04,MOTOR UNIT,jpy,400523.0,392366.0,-8157.0,cr,Supplier Negotiation,Operational-driven
forecast,2024-12,C10,UQ-C10-04,MOTOR UNIT,jpy,387817.0,398290.0,10473.0,cu,Yield/Scrap Rate Increase,Operational-driven
forecast,2025-01,C10,UQ-C10-04,MOTOR UNIT,jpy,424223.0,411566.0,-12657.0,cr,Alternative Material Substitution,Engineering-driven
forecast,2025-02,C10,UQ-C10-04,MOTOR UNIT,jpy,380204.0,380204.0,0.0,,,
forecast,2025-03,C10,UQ-C10-04,MOTOR UNIT,jpy,380204.0,371291.0,-8913.0,cr,Process Improvement (Yield Up),Operational-driven
forecast,2025-04,C10,UQ-C10-04,MOTOR UNIT,jpy,355166.0,345900.0,-9266.0,cr,Supplier Negotiation,Operational-driven
forecast,2025-05,C10,UQ-C10-04,MOTOR UNIT,jpy,342817.0,334909.0,-7908.0,cr,Process Improvement (Yield Up),Operational-driven
forecast,2025-06,C10,UQ-C10-04,MOTOR UNIT,jpy,320742.0,328843.0,8101.0,cu,Yield/Scrap Rate Increase,Operational-driven
forecast,2025-07,C10,UQ-C10-04,MOTOR UNIT,jpy,332887.0,324126.0,-8761.0,cr,Alternative Material Substitution,Engineering-driven
forecast,2025-08,C10,UQ-C10-04,MOTOR UNIT,jpy,307891.0,298878.0,-9013.0,cr,Alternative Material Substitution,Engineering-driven
forecast,2025-09,C10,UQ-C10-04,MOTOR UNIT,jpy,290852.0,284695.0,-6157.0,cr,Process Improvement (Yield Up),Operational-driven
forecast,2025-10,C10,UQ-C10-04,MOTOR UNIT,jpy,276830.0,269505.0,-7325.0,cr,Process Improvement (Yield Up),Operational-driven
forecast,2024-11,C10,UQ-C10-05,SENSOR MODULE,jpy,477917.0,491596.0,13679.0,cu,Raw Material Price Increase,Market-driven
forecast,2024-12,C10,UQ-C10-05,SENSOR MODULE,jpy,516751.0,501587.0,-15164.0,cr,Localization / Local Sourcing,Operational-driven
forecast,2025-01,C10,UQ-C10-05,SENSOR MODULE,jpy,471511.0,460517.0,-10994.0,cr,Alternative Material Substitution,Engineering-driven
forecast,2025-02,C10,UQ-C10-05,SENSOR MODULE,jpy,450324.0,436993.0,-13331.0,cr,Localization / Local Sourcing,Operational-driven
forecast,2025-03,C10,UQ-C10-05,SENSOR MODULE,jpy,417484.0,406258.0,-11226.0,cr,Process Improvement (Yield Up),Operational-driven
forecast,2025-04,C10,UQ-C10-05,SENSOR MODULE,jpy,396907.0,396907.0,0.0,,,
forecast,2025-05,C10,UQ-C10-05,SENSOR MODULE,jpy,396907.0,387389.0,-9518.0,cr,Supplier Negotiation,Operational-driven
forecast,2025-06,C10,UQ-C10-05,SENSOR MODULE,jpy,370009.0,361253.0,-8756.0,cr,VA/VE Improvement,Engineering-driven
forecast,2025-07,C10,UQ-C10-05,SENSOR MODULE,jpy,346706.0,336708.0,-9998.0,cr,Supplier Negotiation,Operational-driven
forecast,2025-08,C10,UQ-C10-05,SENSOR MODULE,jpy,320208.0,312793.0,-7415.0,cr,VA/VE Improvement,Engineering-driven
forecast,2025-09,C10,UQ-C10-05,SENSOR MODULE,jpy,300785.0,308127.0,7342.0,cu,Supplier Change (Higher Cost Source),Market-driven
forecast,2025-10,C10,UQ-C10-05,SENSOR MODULE,jpy,315626.0,308568.0,-7058.0,cr,Supplier Negotiation,Operational-driven
forecast,2024-11,C10,SH-EVEN-01,TAPE PU-F,domestic,70295.0,72153.0,1858.0,cu,Raw Material Price Increase,Market-driven
forecast,2024-12,C10,SH-EVEN-01,TAPE PU-F,domestic,75075.0,77289.0,2214.0,cu,Raw Material Price Increase,Market-driven
forecast,2025-01,C10,SH-EVEN-01,TAPE PU-F,domestic,80181.0,81820.0,1639.0,cu,Engineering Change / Spec Upgrade,Engineering-driven
forecast,2025-02,C10,SH-EVEN-01,TAPE PU-F,domestic,82639.0,85022.0,2383.0,cu,Engineering Change / Spec Upgrade,Engineering-driven
forecast,2025-03,C10,SH-EVEN-01,TAPE PU-F,domestic,87878.0,90500.0,2622.0,cu,Engineering Change / Spec Upgrade,Engineering-driven
forecast,2025-04,C10,SH-EVEN-01,TAPE PU-F,domestic,93563.0,90938.0,-2625.0,cr,VA/VE Improvement,Engineering-driven
forecast,2025-05,C10,SH-EVEN-01,TAPE PU-F,domestic,89152.0,91079.0,1927.0,cu,Supplier Change (Higher Cost Source),Market-driven
forecast,2025-06,C10,SH-EVEN-01,TAPE PU-F,domestic,94914.0,97552.0,2638.0,cu,Supplier Change (Higher Cost Source),Market-driven
forecast,2025-07,C10,SH-EVEN-01,TAPE PU-F,domestic,101876.0,99278.0,-2598.0,cr,Process Improvement (Yield Up),Operational-driven
forecast,2025-08,C10,SH-EVEN-01,TAPE PU-F,domestic,94152.0,96788.0,2636.0,cu,Supplier Change (Higher Cost Source),Market-driven
forecast,2025-09,C10,SH-EVEN-01,TAPE PU-F,domestic,96785.0,96785.0,0.0,,,
forecast,2025-10,C10,SH-EVEN-01,TAPE PU-F,domestic,96785.0,99648.0,2863.0,cu,Yield/Scrap Rate Increase,Operational-driven
forecast,2024-11,C10,SH-EVEN-02,RESIN COMPOUND,usd,19042.0,19548.0,506.0,cu,Supplier Change (Higher Cost Source),Market-driven
forecast,2024-12,C10,SH-EVEN-02,RESIN COMPOUND,usd,19491.0,20013.0,522.0,cu,Supplier Change (Higher Cost Source),Market-driven
forecast,2025-01,C10,SH-EVEN-02,RESIN COMPOUND,usd,20366.0,20818.0,452.0,cu,Raw Material Price Increase,Market-driven
forecast,2025-02,C10,SH-EVEN-02,RESIN COMPOUND,usd,20895.0,21394.0,499.0,cu,Logistics/Freight Cost Increase,Market-driven
forecast,2025-03,C10,SH-EVEN-02,RESIN COMPOUND,usd,21472.0,21914.0,442.0,cu,Logistics/Freight Cost Increase,Market-driven
forecast,2025-04,C10,SH-EVEN-02,RESIN COMPOUND,usd,22839.0,22839.0,0.0,,,
forecast,2025-05,C10,SH-EVEN-02,RESIN COMPOUND,usd,22839.0,22349.0,-490.0,cr,Localization / Local Sourcing,Operational-driven
forecast,2025-06,C10,SH-EVEN-02,RESIN COMPOUND,usd,21574.0,22093.0,519.0,cu,Logistics/Freight Cost Increase,Market-driven
forecast,2025-07,C10,SH-EVEN-02,RESIN COMPOUND,usd,22763.0,22214.0,-549.0,cr,Alternative Material Substitution,Engineering-driven
forecast,2025-08,C10,SH-EVEN-02,RESIN COMPOUND,usd,21147.0,21602.0,455.0,cu,Raw Material Price Increase,Market-driven
forecast,2025-09,C10,SH-EVEN-02,RESIN COMPOUND,usd,22059.0,22634.0,575.0,cu,Engineering Change / Spec Upgrade,Engineering-driven
forecast,2025-10,C10,SH-EVEN-02,RESIN COMPOUND,usd,23441.0,24025.0,584.0,cu,Yield/Scrap Rate Increase,Operational-driven
actual,2024-11,A1,SH-CATA-D01,PANEL BOTTOM AS,domestic,98579.0,94374.0,-4205.0,cr,VA/VE Improvement,Engineering-driven
actual,2024-12,A1,SH-CATA-D01,PANEL BOTTOM AS,domestic,94374.0,87563.0,-6811.0,cr,Alternative Material Substitution,Engineering-driven
actual,2025-01,A1,SH-CATA-D01,PANEL BOTTOM AS,domestic,87563.0,81633.0,-5930.0,cr,Supplier Negotiation,Operational-driven
actual,2025-02,A1,SH-CATA-D01,PANEL BOTTOM AS,domestic,81633.0,76183.0,-5450.0,cr,VA/VE Improvement,Engineering-driven
actual,2025-03,A1,SH-CATA-D01,PANEL BOTTOM AS,domestic,76183.0,73712.0,-2471.0,cr,Process Improvement (Yield Up),Operational-driven
actual,2025-04,A1,SH-CATA-D01,PANEL BOTTOM AS,domestic,73712.0,67569.0,-6143.0,cr,Supplier Negotiation,Operational-driven
actual,2025-05,A1,SH-CATA-D01,PANEL BOTTOM AS,domestic,67569.0,66044.0,-1525.0,cr,Supplier Negotiation,Operational-driven
actual,2025-06,A1,SH-CATA-D01,PANEL BOTTOM AS,domestic,66044.0,64585.0,-1459.0,cr,Supplier Negotiation,Operational-driven
actual,2025-07,A1,SH-CATA-D01,PANEL BOTTOM AS,domestic,64585.0,61389.0,-3196.0,cr,Localization / Local Sourcing,Operational-driven
actual,2025-08,A1,SH-CATA-D01,PANEL BOTTOM AS,domestic,61389.0,65387.0,3998.0,cu,Raw Material Price Increase,Market-driven
actual,2025-09,A1,SH-CATA-D01,PANEL BOTTOM AS,domestic,65387.0,65387.0,0.0,,,
actual,2025-10,A1,SH-CATA-D01,PANEL BOTTOM AS,domestic,65387.0,67210.0,1823.0,cu,Supplier Change (Higher Cost Source),Market-driven
actual,2024-11,A1,SH-CATA-U01,CONNECTOR HOUSING,usd,56296.0,58809.0,2513.0,cu,Raw Material Price Increase,Market-driven
actual,2024-12,A1,SH-CATA-U01,CONNECTOR HOUSING,usd,58809.0,61760.0,2951.0,cu,Supplier Change (Higher Cost Source),Market-driven
actual,2025-01,A1,SH-CATA-U01,CONNECTOR HOUSING,usd,61760.0,64924.0,3164.0,cu,Supplier Change (Higher Cost Source),Market-driven
actual,2025-02,A1,SH-CATA-U01,CONNECTOR HOUSING,usd,64924.0,68250.0,3326.0,cu,Supplier Change (Higher Cost Source),Market-driven
actual,2025-03,A1,SH-CATA-U01,CONNECTOR HOUSING,usd,68250.0,71535.0,3285.0,cu,Supplier Change (Higher Cost Source),Market-driven
actual,2025-04,A1,SH-CATA-U01,CONNECTOR HOUSING,usd,71535.0,74974.0,3439.0,cu,Raw Material Price Increase,Market-driven
actual,2025-05,A1,SH-CATA-U01,CONNECTOR HOUSING,usd,74974.0,79869.0,4895.0,cu,Supplier Change (Higher Cost Source),Market-driven
actual,2025-06,A1,SH-CATA-U01,CONNECTOR HOUSING,usd,79869.0,84983.0,5114.0,cu,Supplier Change (Higher Cost Source),Market-driven
actual,2025-07,A1,SH-CATA-U01,CONNECTOR HOUSING,usd,84983.0,89805.0,4822.0,cu,Supplier Change (Higher Cost Source),Market-driven
actual,2025-08,A1,SH-CATA-U01,CONNECTOR HOUSING,usd,89805.0,94513.0,4708.0,cu,Supplier Change (Higher Cost Source),Market-driven
actual,2025-09,A1,SH-CATA-U01,CONNECTOR HOUSING,usd,94513.0,100024.0,5511.0,cu,Supplier Change (Higher Cost Source),Market-driven
actual,2025-10,A1,SH-CATA-U01,CONNECTOR HOUSING,usd,100024.0,105626.0,5602.0,cu,Raw Material Price Increase,Market-driven
actual,2024-11,A1,SH-IDX01,PRECISION GEAR,jpy,37408.0,37408.0,0.0,,,
actual,2024-12,A1,SH-IDX01,PRECISION GEAR,jpy,37408.0,35794.0,-1614.0,cr,Localization / Local Sourcing,Operational-driven
actual,2025-01,A1,SH-IDX01,PRECISION GEAR,jpy,35794.0,34755.0,-1039.0,cr,VA/VE Improvement,Engineering-driven
actual,2025-02,A1,SH-IDX01,PRECISION GEAR,jpy,34755.0,32826.0,-1929.0,cr,Supplier Negotiation,Operational-driven
actual,2025-03,A1,SH-IDX01,PRECISION GEAR,jpy,32826.0,31458.0,-1368.0,cr,Process Improvement (Yield Up),Operational-driven
actual,2025-04,A1,SH-IDX01,PRECISION GEAR,jpy,31458.0,29867.0,-1591.0,cr,Process Improvement (Yield Up),Operational-driven
actual,2025-05,A1,SH-IDX01,PRECISION GEAR,jpy,29867.0,32093.0,2226.0,cu,Supplier Change (Higher Cost Source),Market-driven
actual,2025-06,A1,SH-IDX01,PRECISION GEAR,jpy,32093.0,32785.0,692.0,cu,Yield/Scrap Rate Increase,Operational-driven
actual,2025-07,A1,SH-IDX01,PRECISION GEAR,jpy,32785.0,32049.0,-736.0,cr,Localization / Local Sourcing,Operational-driven
actual,2025-08,A1,SH-IDX01,PRECISION GEAR,jpy,32049.0,30671.0,-1378.0,cr,Process Improvement (Yield Up),Operational-driven
actual,2025-09,A1,SH-IDX01,PRECISION GEAR,jpy,30671.0,28482.0,-2189.0,cr,Alternative Material Substitution,Engineering-driven
actual,2025-10,A1,SH-IDX01,PRECISION GEAR,jpy,28482.0,25842.0,-2640.0,cr,Alternative Material Substitution,Engineering-driven
actual,2024-11,A1,UQ-A1-01,PANEL FRONT AS,domestic,298777.0,298777.0,0.0,,,
actual,2024-12,A1,UQ-A1-01,PANEL FRONT AS,domestic,298777.0,306878.0,8101.0,cu,Yield/Scrap Rate Increase,Operational-driven
actual,2025-01,A1,UQ-A1-01,PANEL FRONT AS,domestic,306878.0,334046.0,27168.0,cu,Logistics/Freight Cost Increase,Market-driven
actual,2025-02,A1,UQ-A1-01,PANEL FRONT AS,domestic,334046.0,311794.0,-22252.0,cr,Localization / Local Sourcing,Operational-driven
actual,2025-03,A1,UQ-A1-01,PANEL FRONT AS,domestic,311794.0,335396.0,23602.0,cu,Logistics/Freight Cost Increase,Market-driven
actual,2025-04,A1,UQ-A1-01,PANEL FRONT AS,domestic,335396.0,355968.0,20572.0,cu,Logistics/Freight Cost Increase,Market-driven
actual,2025-05,A1,UQ-A1-01,PANEL FRONT AS,domestic,355968.0,364540.0,8572.0,cu,Yield/Scrap Rate Increase,Operational-driven
actual,2025-06,A1,UQ-A1-01,PANEL FRONT AS,domestic,364540.0,332383.0,-32157.0,cr,Localization / Local Sourcing,Operational-driven
actual,2025-07,A1,UQ-A1-01,PANEL FRONT AS,domestic,332383.0,349135.0,16752.0,cu,Logistics/Freight Cost Increase,Market-driven
actual,2025-08,A1,UQ-A1-01,PANEL FRONT AS,domestic,349135.0,377134.0,27999.0,cu,Yield/Scrap Rate Increase,Operational-driven
actual,2025-09,A1,UQ-A1-01,PANEL FRONT AS,domestic,377134.0,407627.0,30493.0,cu,Yield/Scrap Rate Increase,Operational-driven
actual,2025-10,A1,UQ-A1-01,PANEL FRONT AS,domestic,407627.0,429029.0,21402.0,cu,Supplier Change (Higher Cost Source),Market-driven
actual,2024-11,A1,UQ-A1-02,BRACKET SUPPORT,domestic,332657.0,359837.0,27180.0,cu,Supplier Change (Higher Cost Source),Market-driven
actual,2024-12,A1,UQ-A1-02,BRACKET SUPPORT,domestic,359837.0,381525.0,21688.0,cu,Supplier Change (Higher Cost Source),Market-driven
actual,2025-01,A1,UQ-A1-02,BRACKET SUPPORT,domestic,381525.0,381525.0,0.0,,,
actual,2025-02,A1,UQ-A1-02,BRACKET SUPPORT,domestic,381525.0,392576.0,11051.0,cu,Yield/Scrap Rate Increase,Operational-driven
actual,2025-03,A1,UQ-A1-02,BRACKET SUPPORT,domestic,392576.0,414231.0,21655.0,cu,Supplier Change (Higher Cost Source),Market-driven
actual,2025-04,A1,UQ-A1-02,BRACKET SUPPORT,domestic,414231.0,400108.0,-14123.0,cr,Process Improvement (Yield Up),Operational-driven
actual,2025-05,A1,UQ-A1-02,BRACKET SUPPORT,domestic,400108.0,429207.0,29099.0,cu,Raw Material Price Increase,Market-driven
actual,2025-06,A1,UQ-A1-02,BRACKET SUPPORT,domestic,429207.0,393701.0,-35506.0,cr,VA/VE Improvement,Engineering-driven
actual,2025-07,A1,UQ-A1-02,BRACKET SUPPORT,domestic,393701.0,421971.0,28270.0,cu,Yield/Scrap Rate Increase,Operational-driven
actual,2025-08,A1,UQ-A1-02,BRACKET SUPPORT,domestic,421971.0,437303.0,15332.0,cu,Engineering Change / Spec Upgrade,Engineering-driven
actual,2025-09,A1,UQ-A1-02,BRACKET SUPPORT,domestic,437303.0,462085.0,24782.0,cu,Raw Material Price Increase,Market-driven
actual,2025-10,A1,UQ-A1-02,BRACKET SUPPORT,domestic,462085.0,484013.0,21928.0,cu,Engineering Change / Spec Upgrade,Engineering-driven
actual,2024-11,A1,UQ-A1-03,IC CHIP CONTROL,usd,494163.0,457374.0,-36789.0,cr,Supplier Negotiation,Operational-driven
actual,2024-12,A1,UQ-A1-03,IC CHIP CONTROL,usd,457374.0,465268.0,7894.0,cu,Raw Material Price Increase,Market-driven
actual,2025-01,A1,UQ-A1-03,IC CHIP CONTROL,usd,465268.0,494671.0,29403.0,cu,Supplier Change (Higher Cost Source),Market-driven
actual,2025-02,A1,UQ-A1-03,IC CHIP CONTROL,usd,494671.0,505058.0,10387.0,cu,Engineering Change / Spec Upgrade,Engineering-driven
actual,2025-03,A1,UQ-A1-03,IC CHIP CONTROL,usd,505058.0,519959.0,14901.0,cu,Yield/Scrap Rate Increase,Operational-driven
actual,2025-04,A1,UQ-A1-03,IC CHIP CONTROL,usd,519959.0,553543.0,33584.0,cu,Engineering Change / Spec Upgrade,Engineering-driven
actual,2025-05,A1,UQ-A1-03,IC CHIP CONTROL,usd,553543.0,509219.0,-44324.0,cr,VA/VE Improvement,Engineering-driven
actual,2025-06,A1,UQ-A1-03,IC CHIP CONTROL,usd,509219.0,526711.0,17492.0,cu,Supplier Change (Higher Cost Source),Market-driven
actual,2025-07,A1,UQ-A1-03,IC CHIP CONTROL,usd,526711.0,548643.0,21932.0,cu,Engineering Change / Spec Upgrade,Engineering-driven
actual,2025-08,A1,UQ-A1-03,IC CHIP CONTROL,usd,548643.0,548643.0,0.0,,,
actual,2025-09,A1,UQ-A1-03,IC CHIP CONTROL,usd,548643.0,579271.0,30628.0,cu,Engineering Change / Spec Upgrade,Engineering-driven
actual,2025-10,A1,UQ-A1-03,IC CHIP CONTROL,usd,579271.0,603445.0,24174.0,cu,Supplier Change (Higher Cost Source),Market-driven
actual,2024-11,A1,UQ-A1-04,MOTOR UNIT,jpy,197912.0,193848.0,-4064.0,cr,Alternative Material Substitution,Engineering-driven
actual,2024-12,A1,UQ-A1-04,MOTOR UNIT,jpy,193848.0,201610.0,7762.0,cu,Yield/Scrap Rate Increase,Operational-driven
actual,2025-01,A1,UQ-A1-04,MOTOR UNIT,jpy,201610.0,193757.0,-7853.0,cr,Process Improvement (Yield Up),Operational-driven
actual,2025-02,A1,UQ-A1-04,MOTOR UNIT,jpy,193757.0,193757.0,0.0,,,
actual,2025-03,A1,UQ-A1-04,MOTOR UNIT,jpy,193757.0,190006.0,-3751.0,cr,Alternative Material Substitution,Engineering-driven
actual,2025-04,A1,UQ-A1-04,MOTOR UNIT,jpy,190006.0,175723.0,-14283.0,cr,VA/VE Improvement,Engineering-driven
actual,2025-05,A1,UQ-A1-04,MOTOR UNIT,jpy,175723.0,167997.0,-7726.0,cr,VA/VE Improvement,Engineering-driven
actual,2025-06,A1,UQ-A1-04,MOTOR UNIT,jpy,167997.0,184704.0,16707.0,cu,Engineering Change / Spec Upgrade,Engineering-driven
actual,2025-07,A1,UQ-A1-04,MOTOR UNIT,jpy,184704.0,169646.0,-15058.0,cr,Localization / Local Sourcing,Operational-driven
actual,2025-08,A1,UQ-A1-04,MOTOR UNIT,jpy,169646.0,158552.0,-11094.0,cr,Process Improvement (Yield Up),Operational-driven
actual,2025-09,A1,UQ-A1-04,MOTOR UNIT,jpy,158552.0,147701.0,-10851.0,cr,Alternative Material Substitution,Engineering-driven
actual,2025-10,A1,UQ-A1-04,MOTOR UNIT,jpy,147701.0,135814.0,-11887.0,cr,Alternative Material Substitution,Engineering-driven
actual,2024-11,A1,UQ-A1-05,SENSOR MODULE,jpy,197628.0,203303.0,5675.0,cu,Raw Material Price Increase,Market-driven
actual,2024-12,A1,UQ-A1-05,SENSOR MODULE,jpy,203303.0,187265.0,-16038.0,cr,Process Improvement (Yield Up),Operational-driven
actual,2025-01,A1,UQ-A1-05,SENSOR MODULE,jpy,187265.0,180066.0,-7199.0,cr,VA/VE Improvement,Engineering-driven
actual,2025-02,A1,UQ-A1-05,SENSOR MODULE,jpy,180066.0,169024.0,-11042.0,cr,Alternative Material Substitution,Engineering-driven
actual,2025-03,A1,UQ-A1-05,SENSOR MODULE,jpy,169024.0,158124.0,-10900.0,cr,Alternative Material Substitution,Engineering-driven
actual,2025-04,A1,UQ-A1-05,SENSOR MODULE,jpy,158124.0,158124.0,0.0,,,
actual,2025-05,A1,UQ-A1-05,SENSOR MODULE,jpy,158124.0,148121.0,-10003.0,cr,Process Improvement (Yield Up),Operational-driven
actual,2025-06,A1,UQ-A1-05,SENSOR MODULE,jpy,148121.0,143949.0,-4172.0,cr,Process Improvement (Yield Up),Operational-driven
actual,2025-07,A1,UQ-A1-05,SENSOR MODULE,jpy,143949.0,140558.0,-3391.0,cr,VA/VE Improvement,Engineering-driven
actual,2025-08,A1,UQ-A1-05,SENSOR MODULE,jpy,140558.0,134863.0,-5695.0,cr,Localization / Local Sourcing,Operational-driven
actual,2025-09,A1,UQ-A1-05,SENSOR MODULE,jpy,134863.0,142737.0,7874.0,cu,Engineering Change / Spec Upgrade,Engineering-driven
actual,2025-10,A1,UQ-A1-05,SENSOR MODULE,jpy,142737.0,133225.0,-9512.0,cr,Alternative Material Substitution,Engineering-driven
actual,2024-11,A2,SH-CATA-D01,PANEL BOTTOM AS,domestic,98579.0,94374.0,-4205.0,cr,VA/VE Improvement,Engineering-driven
actual,2024-12,A2,SH-CATA-D01,PANEL BOTTOM AS,domestic,94374.0,87563.0,-6811.0,cr,Alternative Material Substitution,Engineering-driven
actual,2025-01,A2,SH-CATA-D01,PANEL BOTTOM AS,domestic,87563.0,81633.0,-5930.0,cr,Supplier Negotiation,Operational-driven
actual,2025-02,A2,SH-CATA-D01,PANEL BOTTOM AS,domestic,81633.0,76183.0,-5450.0,cr,VA/VE Improvement,Engineering-driven
actual,2025-03,A2,SH-CATA-D01,PANEL BOTTOM AS,domestic,76183.0,73712.0,-2471.0,cr,Process Improvement (Yield Up),Operational-driven
actual,2025-04,A2,SH-CATA-D01,PANEL BOTTOM AS,domestic,73712.0,67569.0,-6143.0,cr,Supplier Negotiation,Operational-driven
actual,2025-05,A2,SH-CATA-D01,PANEL BOTTOM AS,domestic,67569.0,66044.0,-1525.0,cr,Supplier Negotiation,Operational-driven
actual,2025-06,A2,SH-CATA-D01,PANEL BOTTOM AS,domestic,66044.0,64585.0,-1459.0,cr,Supplier Negotiation,Operational-driven
actual,2025-07,A2,SH-CATA-D01,PANEL BOTTOM AS,domestic,64585.0,61389.0,-3196.0,cr,Localization / Local Sourcing,Operational-driven
actual,2025-08,A2,SH-CATA-D01,PANEL BOTTOM AS,domestic,61389.0,65387.0,3998.0,cu,Raw Material Price Increase,Market-driven
actual,2025-09,A2,SH-CATA-D01,PANEL BOTTOM AS,domestic,65387.0,65387.0,0.0,,,
actual,2025-10,A2,SH-CATA-D01,PANEL BOTTOM AS,domestic,65387.0,67210.0,1823.0,cu,Supplier Change (Higher Cost Source),Market-driven
actual,2024-11,A2,SH-CATA-U01,CONNECTOR HOUSING,usd,56296.0,58809.0,2513.0,cu,Raw Material Price Increase,Market-driven
actual,2024-12,A2,SH-CATA-U01,CONNECTOR HOUSING,usd,58809.0,61760.0,2951.0,cu,Supplier Change (Higher Cost Source),Market-driven
actual,2025-01,A2,SH-CATA-U01,CONNECTOR HOUSING,usd,61760.0,64924.0,3164.0,cu,Supplier Change (Higher Cost Source),Market-driven
actual,2025-02,A2,SH-CATA-U01,CONNECTOR HOUSING,usd,64924.0,68250.0,3326.0,cu,Supplier Change (Higher Cost Source),Market-driven
actual,2025-03,A2,SH-CATA-U01,CONNECTOR HOUSING,usd,68250.0,71535.0,3285.0,cu,Supplier Change (Higher Cost Source),Market-driven
actual,2025-04,A2,SH-CATA-U01,CONNECTOR HOUSING,usd,71535.0,74974.0,3439.0,cu,Raw Material Price Increase,Market-driven
actual,2025-05,A2,SH-CATA-U01,CONNECTOR HOUSING,usd,74974.0,79869.0,4895.0,cu,Supplier Change (Higher Cost Source),Market-driven
actual,2025-06,A2,SH-CATA-U01,CONNECTOR HOUSING,usd,79869.0,84983.0,5114.0,cu,Supplier Change (Higher Cost Source),Market-driven
actual,2025-07,A2,SH-CATA-U01,CONNECTOR HOUSING,usd,84983.0,89805.0,4822.0,cu,Supplier Change (Higher Cost Source),Market-driven
actual,2025-08,A2,SH-CATA-U01,CONNECTOR HOUSING,usd,89805.0,94513.0,4708.0,cu,Supplier Change (Higher Cost Source),Market-driven
actual,2025-09,A2,SH-CATA-U01,CONNECTOR HOUSING,usd,94513.0,100024.0,5511.0,cu,Supplier Change (Higher Cost Source),Market-driven
actual,2025-10,A2,SH-CATA-U01,CONNECTOR HOUSING,usd,100024.0,105626.0,5602.0,cu,Raw Material Price Increase,Market-driven
actual,2024-11,A2,SH-IDX02,PRECISION GEAR,jpy,42447.0,42447.0,0.0,,,
actual,2024-12,A2,SH-IDX02,PRECISION GEAR,jpy,42447.0,39851.0,-2596.0,cr,Alternative Material Substitution,Engineering-driven
actual,2025-01,A2,SH-IDX02,PRECISION GEAR,jpy,39851.0,36447.0,-3404.0,cr,Localization / Local Sourcing,Operational-driven
actual,2025-02,A2,SH-IDX02,PRECISION GEAR,jpy,36447.0,34626.0,-1821.0,cr,Localization / Local Sourcing,Operational-driven
actual,2025-03,A2,SH-IDX02,PRECISION GEAR,jpy,34626.0,33156.0,-1470.0,cr,Localization / Local Sourcing,Operational-driven
actual,2025-04,A2,SH-IDX02,PRECISION GEAR,jpy,33156.0,31648.0,-1508.0,cr,Process Improvement (Yield Up),Operational-driven
actual,2025-05,A2,SH-IDX02,PRECISION GEAR,jpy,31648.0,34991.0,3343.0,cu,Logistics/Freight Cost Increase,Market-driven
actual,2025-06,A2,SH-IDX02,PRECISION GEAR,jpy,34991.0,37140.0,2149.0,cu,Engineering Change / Spec Upgrade,Engineering-driven
actual,2025-07,A2,SH-IDX02,PRECISION GEAR,jpy,37140.0,36201.0,-939.0,cr,Alternative Material Substitution,Engineering-driven
actual,2025-08,A2,SH-IDX02,PRECISION GEAR,jpy,36201.0,32634.0,-3567.0,cr,VA/VE Improvement,Engineering-driven
actual,2025-09,A2,SH-IDX02,PRECISION GEAR,jpy,32634.0,30187.0,-2447.0,cr,VA/VE Improvement,Engineering-driven
actual,2025-10,A2,SH-IDX02,PRECISION GEAR,jpy,30187.0,27771.0,-2416.0,cr,VA/VE Improvement,Engineering-driven
actual,2024-11,A2,UQ-A2-01,PANEL FRONT AS,domestic,563458.0,563458.0,0.0,,,
actual,2024-12,A2,UQ-A2-01,PANEL FRONT AS,domestic,563458.0,609100.0,45642.0,cu,Logistics/Freight Cost Increase,Market-driven
actual,2025-01,A2,UQ-A2-01,PANEL FRONT AS,domestic,609100.0,643682.0,34582.0,cu,Raw Material Price Increase,Market-driven
actual,2025-02,A2,UQ-A2-01,PANEL FRONT AS,domestic,643682.0,605183.0,-38499.0,cr,VA/VE Improvement,Engineering-driven
actual,2025-03,A2,UQ-A2-01,PANEL FRONT AS,domestic,605183.0,632433.0,27250.0,cu,Supplier Change (Higher Cost Source),Market-driven
actual,2025-04,A2,UQ-A2-01,PANEL FRONT AS,domestic,632433.0,671312.0,38879.0,cu,Logistics/Freight Cost Increase,Market-driven
actual,2025-05,A2,UQ-A2-01,PANEL FRONT AS,domestic,671312.0,702439.0,31127.0,cu,Engineering Change / Spec Upgrade,Engineering-driven
actual,2025-06,A2,UQ-A2-01,PANEL FRONT AS,domestic,702439.0,669221.0,-33218.0,cr,VA/VE Improvement,Engineering-driven
actual,2025-07,A2,UQ-A2-01,PANEL FRONT AS,domestic,669221.0,711010.0,41789.0,cu,Raw Material Price Increase,Market-driven
actual,2025-08,A2,UQ-A2-01,PANEL FRONT AS,domestic,711010.0,744332.0,33322.0,cu,Logistics/Freight Cost Increase,Market-driven
actual,2025-09,A2,UQ-A2-01,PANEL FRONT AS,domestic,744332.0,786204.0,41872.0,cu,Supplier Change (Higher Cost Source),Market-driven
actual,2025-10,A2,UQ-A2-01,PANEL FRONT AS,domestic,786204.0,826968.0,40764.0,cu,Engineering Change / Spec Upgrade,Engineering-driven
actual,2024-11,A2,UQ-A2-02,BRACKET SUPPORT,domestic,676259.0,711439.0,35180.0,cu,Engineering Change / Spec Upgrade,Engineering-driven
actual,2024-12,A2,UQ-A2-02,BRACKET SUPPORT,domestic,711439.0,731980.0,20541.0,cu,Engineering Change / Spec Upgrade,Engineering-driven
actual,2025-01,A2,UQ-A2-02,BRACKET SUPPORT,domestic,731980.0,731980.0,0.0,,,
actual,2025-02,A2,UQ-A2-02,BRACKET SUPPORT,domestic,731980.0,759443.0,27463.0,cu,Raw Material Price Increase,Market-driven
actual,2025-03,A2,UQ-A2-02,BRACKET SUPPORT,domestic,759443.0,811463.0,52020.0,cu,Engineering Change / Spec Upgrade,Engineering-driven
actual,2025-04,A2,UQ-A2-02,BRACKET SUPPORT,domestic,811463.0,743739.0,-67724.0,cr,Alternative Material Substitution,Engineering-driven
actual,2025-05,A2,UQ-A2-02,BRACKET SUPPORT,domestic,743739.0,822134.0,78395.0,cu,Supplier Change (Higher Cost Source),Market-driven
actual,2025-06,A2,UQ-A2-02,BRACKET SUPPORT,domestic,822134.0,766032.0,-56102.0,cr,Localization / Local Sourcing,Operational-driven
actual,2025-07,A2,UQ-A2-02,BRACKET SUPPORT,domestic,766032.0,776566.0,10534.0,cu,Supplier Change (Higher Cost Source),Market-driven
actual,2025-08,A2,UQ-A2-02,BRACKET SUPPORT,domestic,776566.0,807906.0,31340.0,cu,Supplier Change (Higher Cost Source),Market-driven
actual,2025-09,A2,UQ-A2-02,BRACKET SUPPORT,domestic,807906.0,869193.0,61287.0,cu,Supplier Change (Higher Cost Source),Market-driven
actual,2025-10,A2,UQ-A2-02,BRACKET SUPPORT,domestic,869193.0,936741.0,67548.0,cu,Engineering Change / Spec Upgrade,Engineering-driven
actual,2024-11,A2,UQ-A2-03,IC CHIP CONTROL,usd,174249.0,165381.0,-8868.0,cr,Process Improvement (Yield Up),Operational-driven
actual,2024-12,A2,UQ-A2-03,IC CHIP CONTROL,usd,165381.0,173655.0,8274.0,cu,Raw Material Price Increase,Market-driven
actual,2025-01,A2,UQ-A2-03,IC CHIP CONTROL,usd,173655.0,185138.0,11483.0,cu,Logistics/Freight Cost Increase,Market-driven
actual,2025-02,A2,UQ-A2-03,IC CHIP CONTROL,usd,185138.0,195711.0,10573.0,cu,Yield/Scrap Rate Increase,Operational-driven
actual,2025-03,A2,UQ-A2-03,IC CHIP CONTROL,usd,195711.0,208255.0,12544.0,cu,Supplier Change (Higher Cost Source),Market-driven
actual,2025-04,A2,UQ-A2-03,IC CHIP CONTROL,usd,208255.0,220275.0,12020.0,cu,Yield/Scrap Rate Increase,Operational-driven
actual,2025-05,A2,UQ-A2-03,IC CHIP CONTROL,usd,220275.0,211029.0,-9246.0,cr,Process Improvement (Yield Up),Operational-driven
actual,2025-06,A2,UQ-A2-03,IC CHIP CONTROL,usd,211029.0,228350.0,17321.0,cu,Yield/Scrap Rate Increase,Operational-driven
actual,2025-07,A2,UQ-A2-03,IC CHIP CONTROL,usd,228350.0,247057.0,18707.0,cu,Supplier Change (Higher Cost Source),Market-driven
actual,2025-08,A2,UQ-A2-03,IC CHIP CONTROL,usd,247057.0,247057.0,0.0,,,
actual,2025-09,A2,UQ-A2-03,IC CHIP CONTROL,usd,247057.0,264689.0,17632.0,cu,Supplier Change (Higher Cost Source),Market-driven
actual,2025-10,A2,UQ-A2-03,IC CHIP CONTROL,usd,264689.0,280776.0,16087.0,cu,Yield/Scrap Rate Increase,Operational-driven
actual,2024-11,A2,UQ-A2-04,MOTOR UNIT,jpy,100991.0,95407.0,-5584.0,cr,VA/VE Improvement,Engineering-driven
actual,2024-12,A2,UQ-A2-04,MOTOR UNIT,jpy,95407.0,104954.0,9547.0,cu,Engineering Change / Spec Upgrade,Engineering-driven
actual,2025-01,A2,UQ-A2-04,MOTOR UNIT,jpy,104954.0,102555.0,-2399.0,cr,Alternative Material Substitution,Engineering-driven
actual,2025-02,A2,UQ-A2-04,MOTOR UNIT,jpy,102555.0,102555.0,0.0,,,
actual,2025-03,A2,UQ-A2-04,MOTOR UNIT,jpy,102555.0,100130.0,-2425.0,cr,Supplier Negotiation,Operational-driven
actual,2025-04,A2,UQ-A2-04,MOTOR UNIT,jpy,100130.0,97624.0,-2506.0,cr,VA/VE Improvement,Engineering-driven
actual,2025-05,A2,UQ-A2-04,MOTOR UNIT,jpy,97624.0,89597.0,-8027.0,cr,Alternative Material Substitution,Engineering-driven
actual,2025-06,A2,UQ-A2-04,MOTOR UNIT,jpy,89597.0,97778.0,8181.0,cu,Engineering Change / Spec Upgrade,Engineering-driven
actual,2025-07,A2,UQ-A2-04,MOTOR UNIT,jpy,97778.0,89885.0,-7893.0,cr,VA/VE Improvement,Engineering-driven
actual,2025-08,A2,UQ-A2-04,MOTOR UNIT,jpy,89885.0,85636.0,-4249.0,cr,Localization / Local Sourcing,Operational-driven
actual,2025-09,A2,UQ-A2-04,MOTOR UNIT,jpy,85636.0,83518.0,-2118.0,cr,Process Improvement (Yield Up),Operational-driven
actual,2025-10,A2,UQ-A2-04,MOTOR UNIT,jpy,83518.0,79234.0,-4284.0,cr,Process Improvement (Yield Up),Operational-driven
actual,2024-11,A2,UQ-A2-05,SENSOR MODULE,jpy,132294.0,136888.0,4594.0,cu,Logistics/Freight Cost Increase,Market-driven
actual,2024-12,A2,UQ-A2-05,SENSOR MODULE,jpy,136888.0,126485.0,-10403.0,cr,Process Improvement (Yield Up),Operational-driven
actual,2025-01,A2,UQ-A2-05,SENSOR MODULE,jpy,126485.0,117265.0,-9220.0,cr,Alternative Material Substitution,Engineering-driven
actual,2025-02,A2,UQ-A2-05,SENSOR MODULE,jpy,117265.0,106514.0,-10751.0,cr,Process Improvement (Yield Up),Operational-driven
actual,2025-03,A2,UQ-A2-05,SENSOR MODULE,jpy,106514.0,103548.0,-2966.0,cr,Localization / Local Sourcing,Operational-driven
actual,2025-04,A2,UQ-A2-05,SENSOR MODULE,jpy,103548.0,103548.0,0.0,,,
actual,2025-05,A2,UQ-A2-05,SENSOR MODULE,jpy,103548.0,95578.0,-7970.0,cr,Process Improvement (Yield Up),Operational-driven
actual,2025-06,A2,UQ-A2-05,SENSOR MODULE,jpy,95578.0,88754.0,-6824.0,cr,Supplier Negotiation,Operational-driven
actual,2025-07,A2,UQ-A2-05,SENSOR MODULE,jpy,88754.0,85053.0,-3701.0,cr,Localization / Local Sourcing,Operational-driven
actual,2025-08,A2,UQ-A2-05,SENSOR MODULE,jpy,85053.0,78590.0,-6463.0,cr,Supplier Negotiation,Operational-driven
actual,2025-09,A2,UQ-A2-05,SENSOR MODULE,jpy,78590.0,82449.0,3859.0,cu,Logistics/Freight Cost Increase,Market-driven
actual,2025-10,A2,UQ-A2-05,SENSOR MODULE,jpy,82449.0,80139.0,-2310.0,cr,Process Improvement (Yield Up),Operational-driven
actual,2024-11,A2,SH-EVEN-01,TAPE PU-F,domestic,70295.0,75075.0,4780.0,cu,Raw Material Price Increase,Market-driven
actual,2024-12,A2,SH-EVEN-01,TAPE PU-F,domestic,75075.0,80181.0,5106.0,cu,Raw Material Price Increase,Market-driven
actual,2025-01,A2,SH-EVEN-01,TAPE PU-F,domestic,80181.0,82639.0,2458.0,cu,Engineering Change / Spec Upgrade,Engineering-driven
actual,2025-02,A2,SH-EVEN-01,TAPE PU-F,domestic,82639.0,87878.0,5239.0,cu,Engineering Change / Spec Upgrade,Engineering-driven
actual,2025-03,A2,SH-EVEN-01,TAPE PU-F,domestic,87878.0,93563.0,5685.0,cu,Engineering Change / Spec Upgrade,Engineering-driven
actual,2025-04,A2,SH-EVEN-01,TAPE PU-F,domestic,93563.0,89152.0,-4411.0,cr,VA/VE Improvement,Engineering-driven
actual,2025-05,A2,SH-EVEN-01,TAPE PU-F,domestic,89152.0,94914.0,5762.0,cu,Supplier Change (Higher Cost Source),Market-driven
actual,2025-06,A2,SH-EVEN-01,TAPE PU-F,domestic,94914.0,101876.0,6962.0,cu,Supplier Change (Higher Cost Source),Market-driven
actual,2025-07,A2,SH-EVEN-01,TAPE PU-F,domestic,101876.0,94152.0,-7724.0,cr,Process Improvement (Yield Up),Operational-driven
actual,2025-08,A2,SH-EVEN-01,TAPE PU-F,domestic,94152.0,96785.0,2633.0,cu,Supplier Change (Higher Cost Source),Market-driven
actual,2025-09,A2,SH-EVEN-01,TAPE PU-F,domestic,96785.0,96785.0,0.0,,,
actual,2025-10,A2,SH-EVEN-01,TAPE PU-F,domestic,96785.0,101858.0,5073.0,cu,Yield/Scrap Rate Increase,Operational-driven
actual,2024-11,A2,SH-EVEN-02,RESIN COMPOUND,usd,19042.0,19491.0,449.0,cu,Supplier Change (Higher Cost Source),Market-driven
actual,2024-12,A2,SH-EVEN-02,RESIN COMPOUND,usd,19491.0,20366.0,875.0,cu,Supplier Change (Higher Cost Source),Market-driven
actual,2025-01,A2,SH-EVEN-02,RESIN COMPOUND,usd,20366.0,20895.0,529.0,cu,Raw Material Price Increase,Market-driven
actual,2025-02,A2,SH-EVEN-02,RESIN COMPOUND,usd,20895.0,21472.0,577.0,cu,Logistics/Freight Cost Increase,Market-driven
actual,2025-03,A2,SH-EVEN-02,RESIN COMPOUND,usd,21472.0,22839.0,1367.0,cu,Logistics/Freight Cost Increase,Market-driven
actual,2025-04,A2,SH-EVEN-02,RESIN COMPOUND,usd,22839.0,22839.0,0.0,,,
actual,2025-05,A2,SH-EVEN-02,RESIN COMPOUND,usd,22839.0,21574.0,-1265.0,cr,Localization / Local Sourcing,Operational-driven
actual,2025-06,A2,SH-EVEN-02,RESIN COMPOUND,usd,21574.0,22763.0,1189.0,cu,Logistics/Freight Cost Increase,Market-driven
actual,2025-07,A2,SH-EVEN-02,RESIN COMPOUND,usd,22763.0,21147.0,-1616.0,cr,Alternative Material Substitution,Engineering-driven
actual,2025-08,A2,SH-EVEN-02,RESIN COMPOUND,usd,21147.0,22059.0,912.0,cu,Raw Material Price Increase,Market-driven
actual,2025-09,A2,SH-EVEN-02,RESIN COMPOUND,usd,22059.0,23441.0,1382.0,cu,Engineering Change / Spec Upgrade,Engineering-driven
actual,2025-10,A2,SH-EVEN-02,RESIN COMPOUND,usd,23441.0,24890.0,1449.0,cu,Yield/Scrap Rate Increase,Operational-driven
actual,2024-11,A3,SH-CATA-D01,PANEL BOTTOM AS,domestic,98579.0,94374.0,-4205.0,cr,VA/VE Improvement,Engineering-driven
actual,2024-12,A3,SH-CATA-D01,PANEL BOTTOM AS,domestic,94374.0,87563.0,-6811.0,cr,Alternative Material Substitution,Engineering-driven
actual,2025-01,A3,SH-CATA-D01,PANEL BOTTOM AS,domestic,87563.0,81633.0,-5930.0,cr,Supplier Negotiation,Operational-driven
actual,2025-02,A3,SH-CATA-D01,PANEL BOTTOM AS,domestic,81633.0,76183.0,-5450.0,cr,VA/VE Improvement,Engineering-driven
actual,2025-03,A3,SH-CATA-D01,PANEL BOTTOM AS,domestic,76183.0,73712.0,-2471.0,cr,Process Improvement (Yield Up),Operational-driven
actual,2025-04,A3,SH-CATA-D01,PANEL BOTTOM AS,domestic,73712.0,67569.0,-6143.0,cr,Supplier Negotiation,Operational-driven
actual,2025-05,A3,SH-CATA-D01,PANEL BOTTOM AS,domestic,67569.0,66044.0,-1525.0,cr,Supplier Negotiation,Operational-driven
actual,2025-06,A3,SH-CATA-D01,PANEL BOTTOM AS,domestic,66044.0,64585.0,-1459.0,cr,Supplier Negotiation,Operational-driven
actual,2025-07,A3,SH-CATA-D01,PANEL BOTTOM AS,domestic,64585.0,61389.0,-3196.0,cr,Localization / Local Sourcing,Operational-driven
actual,2025-08,A3,SH-CATA-D01,PANEL BOTTOM AS,domestic,61389.0,65387.0,3998.0,cu,Raw Material Price Increase,Market-driven
actual,2025-09,A3,SH-CATA-D01,PANEL BOTTOM AS,domestic,65387.0,65387.0,0.0,,,
actual,2025-10,A3,SH-CATA-D01,PANEL BOTTOM AS,domestic,65387.0,67210.0,1823.0,cu,Supplier Change (Higher Cost Source),Market-driven
actual,2024-11,A3,SH-CATA-U01,CONNECTOR HOUSING,usd,56296.0,58809.0,2513.0,cu,Raw Material Price Increase,Market-driven
actual,2024-12,A3,SH-CATA-U01,CONNECTOR HOUSING,usd,58809.0,61760.0,2951.0,cu,Supplier Change (Higher Cost Source),Market-driven
actual,2025-01,A3,SH-CATA-U01,CONNECTOR HOUSING,usd,61760.0,64924.0,3164.0,cu,Supplier Change (Higher Cost Source),Market-driven
actual,2025-02,A3,SH-CATA-U01,CONNECTOR HOUSING,usd,64924.0,68250.0,3326.0,cu,Supplier Change (Higher Cost Source),Market-driven
actual,2025-03,A3,SH-CATA-U01,CONNECTOR HOUSING,usd,68250.0,71535.0,3285.0,cu,Supplier Change (Higher Cost Source),Market-driven
actual,2025-04,A3,SH-CATA-U01,CONNECTOR HOUSING,usd,71535.0,74974.0,3439.0,cu,Raw Material Price Increase,Market-driven
actual,2025-05,A3,SH-CATA-U01,CONNECTOR HOUSING,usd,74974.0,79869.0,4895.0,cu,Supplier Change (Higher Cost Source),Market-driven
actual,2025-06,A3,SH-CATA-U01,CONNECTOR HOUSING,usd,79869.0,84983.0,5114.0,cu,Supplier Change (Higher Cost Source),Market-driven
actual,2025-07,A3,SH-CATA-U01,CONNECTOR HOUSING,usd,84983.0,89805.0,4822.0,cu,Supplier Change (Higher Cost Source),Market-driven
actual,2025-08,A3,SH-CATA-U01,CONNECTOR HOUSING,usd,89805.0,94513.0,4708.0,cu,Supplier Change (Higher Cost Source),Market-driven
actual,2025-09,A3,SH-CATA-U01,CONNECTOR HOUSING,usd,94513.0,100024.0,5511.0,cu,Supplier Change (Higher Cost Source),Market-driven
actual,2025-10,A3,SH-CATA-U01,CONNECTOR HOUSING,usd,100024.0,105626.0,5602.0,cu,Raw Material Price Increase,Market-driven
actual,2024-11,A3,SH-IDX03,PRECISION GEAR,jpy,110238.0,110238.0,0.0,,,
actual,2024-12,A3,SH-IDX03,PRECISION GEAR,jpy,110238.0,105176.0,-5062.0,cr,Alternative Material Substitution,Engineering-driven
actual,2025-01,A3,SH-IDX03,PRECISION GEAR,jpy,105176.0,96942.0,-8234.0,cr,Alternative Material Substitution,Engineering-driven
actual,2025-02,A3,SH-IDX03,PRECISION GEAR,jpy,96942.0,94448.0,-2494.0,cr,Process Improvement (Yield Up),Operational-driven
actual,2025-03,A3,SH-IDX03,PRECISION GEAR,jpy,94448.0,88401.0,-6047.0,cr,Process Improvement (Yield Up),Operational-driven
actual,2025-04,A3,SH-IDX03,PRECISION GEAR,jpy,88401.0,83341.0,-5060.0,cr,Process Improvement (Yield Up),Operational-driven
actual,2025-05,A3,SH-IDX03,PRECISION GEAR,jpy,83341.0,88426.0,5085.0,cu,Logistics/Freight Cost Increase,Market-driven
actual,2025-06,A3,SH-IDX03,PRECISION GEAR,jpy,88426.0,90488.0,2062.0,cu,Yield/Scrap Rate Increase,Operational-driven
actual,2025-07,A3,SH-IDX03,PRECISION GEAR,jpy,90488.0,85504.0,-4984.0,cr,Supplier Negotiation,Operational-driven
actual,2025-08,A3,SH-IDX03,PRECISION GEAR,jpy,85504.0,81232.0,-4272.0,cr,Supplier Negotiation,Operational-driven
actual,2025-09,A3,SH-IDX03,PRECISION GEAR,jpy,81232.0,78288.0,-2944.0,cr,Supplier Negotiation,Operational-driven
actual,2025-10,A3,SH-IDX03,PRECISION GEAR,jpy,78288.0,74377.0,-3911.0,cr,Alternative Material Substitution,Engineering-driven
actual,2024-11,A3,UQ-A3-01,PANEL FRONT AS,domestic,743033.0,743033.0,0.0,,,
actual,2024-12,A3,UQ-A3-01,PANEL FRONT AS,domestic,743033.0,786598.0,43565.0,cu,Yield/Scrap Rate Increase,Operational-driven
actual,2025-01,A3,UQ-A3-01,PANEL FRONT AS,domestic,786598.0,821595.0,34997.0,cu,Engineering Change / Spec Upgrade,Engineering-driven
actual,2025-02,A3,UQ-A3-01,PANEL FRONT AS,domestic,821595.0,785531.0,-36064.0,cr,Supplier Negotiation,Operational-driven
actual,2025-03,A3,UQ-A3-01,PANEL FRONT AS,domestic,785531.0,817750.0,32219.0,cu,Engineering Change / Spec Upgrade,Engineering-driven
actual,2025-04,A3,UQ-A3-01,PANEL FRONT AS,domestic,817750.0,864905.0,47155.0,cu,Logistics/Freight Cost Increase,Market-driven
actual,2025-05,A3,UQ-A3-01,PANEL FRONT AS,domestic,864905.0,896640.0,31735.0,cu,Yield/Scrap Rate Increase,Operational-driven
actual,2025-06,A3,UQ-A3-01,PANEL FRONT AS,domestic,896640.0,830274.0,-66366.0,cr,Alternative Material Substitution,Engineering-driven
actual,2025-07,A3,UQ-A3-01,PANEL FRONT AS,domestic,830274.0,859533.0,29259.0,cu,Supplier Change (Higher Cost Source),Market-driven
actual,2025-08,A3,UQ-A3-01,PANEL FRONT AS,domestic,859533.0,927318.0,67785.0,cu,Raw Material Price Increase,Market-driven
actual,2025-09,A3,UQ-A3-01,PANEL FRONT AS,domestic,927318.0,945344.0,18026.0,cu,Engineering Change / Spec Upgrade,Engineering-driven
actual,2025-10,A3,UQ-A3-01,PANEL FRONT AS,domestic,945344.0,970091.0,24747.0,cu,Engineering Change / Spec Upgrade,Engineering-driven
actual,2024-11,A3,UQ-A3-02,BRACKET SUPPORT,domestic,531882.0,554198.0,22316.0,cu,Raw Material Price Increase,Market-driven
actual,2024-12,A3,UQ-A3-02,BRACKET SUPPORT,domestic,554198.0,596259.0,42061.0,cu,Logistics/Freight Cost Increase,Market-driven
actual,2025-01,A3,UQ-A3-02,BRACKET SUPPORT,domestic,596259.0,596259.0,0.0,,,
actual,2025-02,A3,UQ-A3-02,BRACKET SUPPORT,domestic,596259.0,611230.0,14971.0,cu,Raw Material Price Increase,Market-driven
actual,2025-03,A3,UQ-A3-02,BRACKET SUPPORT,domestic,611230.0,660488.0,49258.0,cu,Supplier Change (Higher Cost Source),Market-driven
actual,2025-04,A3,UQ-A3-02,BRACKET SUPPORT,domestic,660488.0,611293.0,-49195.0,cr,VA/VE Improvement,Engineering-driven
actual,2025-05,A3,UQ-A3-02,BRACKET SUPPORT,domestic,611293.0,639172.0,27879.0,cu,Logistics/Freight Cost Increase,Market-driven
actual,2025-06,A3,UQ-A3-02,BRACKET SUPPORT,domestic,639172.0,603440.0,-35732.0,cr,Localization / Local Sourcing,Operational-driven
actual,2025-07,A3,UQ-A3-02,BRACKET SUPPORT,domestic,603440.0,622691.0,19251.0,cu,Logistics/Freight Cost Increase,Market-driven
actual,2025-08,A3,UQ-A3-02,BRACKET SUPPORT,domestic,622691.0,646803.0,24112.0,cu,Logistics/Freight Cost Increase,Market-driven
actual,2025-09,A3,UQ-A3-02,BRACKET SUPPORT,domestic,646803.0,665587.0,18784.0,cu,Engineering Change / Spec Upgrade,Engineering-driven
actual,2025-10,A3,UQ-A3-02,BRACKET SUPPORT,domestic,665587.0,696868.0,31281.0,cu,Supplier Change (Higher Cost Source),Market-driven
actual,2024-11,A3,UQ-A3-03,IC CHIP CONTROL,usd,1039099.0,974348.0,-64751.0,cr,Alternative Material Substitution,Engineering-driven
actual,2024-12,A3,UQ-A3-03,IC CHIP CONTROL,usd,974348.0,1055827.0,81479.0,cu,Logistics/Freight Cost Increase,Market-driven
actual,2025-01,A3,UQ-A3-03,IC CHIP CONTROL,usd,1055827.0,1126924.0,71097.0,cu,Logistics/Freight Cost Increase,Market-driven
actual,2025-02,A3,UQ-A3-03,IC CHIP CONTROL,usd,1126924.0,1176534.0,49610.0,cu,Yield/Scrap Rate Increase,Operational-driven
actual,2025-03,A3,UQ-A3-03,IC CHIP CONTROL,usd,1176534.0,1236551.0,60017.0,cu,Supplier Change (Higher Cost Source),Market-driven
actual,2025-04,A3,UQ-A3-03,IC CHIP CONTROL,usd,1236551.0,1303463.0,66912.0,cu,Supplier Change (Higher Cost Source),Market-driven
actual,2025-05,A3,UQ-A3-03,IC CHIP CONTROL,usd,1303463.0,1271816.0,-31647.0,cr,Localization / Local Sourcing,Operational-driven
actual,2025-06,A3,UQ-A3-03,IC CHIP CONTROL,usd,1271816.0,1348558.0,76742.0,cu,Engineering Change / Spec Upgrade,Engineering-driven
actual,2025-07,A3,UQ-A3-03,IC CHIP CONTROL,usd,1348558.0,1401288.0,52730.0,cu,Yield/Scrap Rate Increase,Operational-driven
actual,2025-08,A3,UQ-A3-03,IC CHIP CONTROL,usd,1401288.0,1401288.0,0.0,,,
actual,2025-09,A3,UQ-A3-03,IC CHIP CONTROL,usd,1401288.0,1496427.0,95139.0,cu,Engineering Change / Spec Upgrade,Engineering-driven
actual,2025-10,A3,UQ-A3-03,IC CHIP CONTROL,usd,1496427.0,1607400.0,110973.0,cu,Yield/Scrap Rate Increase,Operational-driven
actual,2024-11,A3,UQ-A3-04,MOTOR UNIT,jpy,531908.0,497161.0,-34747.0,cr,Supplier Negotiation,Operational-driven
actual,2024-12,A3,UQ-A3-04,MOTOR UNIT,jpy,497161.0,534357.0,37196.0,cu,Raw Material Price Increase,Market-driven
actual,2025-01,A3,UQ-A3-04,MOTOR UNIT,jpy,534357.0,505797.0,-28560.0,cr,Supplier Negotiation,Operational-driven
actual,2025-02,A3,UQ-A3-04,MOTOR UNIT,jpy,505797.0,505797.0,0.0,,,
actual,2025-03,A3,UQ-A3-04,MOTOR UNIT,jpy,505797.0,477098.0,-28699.0,cr,Localization / Local Sourcing,Operational-driven
actual,2025-04,A3,UQ-A3-04,MOTOR UNIT,jpy,477098.0,448546.0,-28552.0,cr,Supplier Negotiation,Operational-driven
actual,2025-05,A3,UQ-A3-04,MOTOR UNIT,jpy,448546.0,429600.0,-18946.0,cr,VA/VE Improvement,Engineering-driven
actual,2025-06,A3,UQ-A3-04,MOTOR UNIT,jpy,429600.0,465104.0,35504.0,cu,Logistics/Freight Cost Increase,Market-driven
actual,2025-07,A3,UQ-A3-04,MOTOR UNIT,jpy,465104.0,428893.0,-36211.0,cr,Localization / Local Sourcing,Operational-driven
actual,2025-08,A3,UQ-A3-04,MOTOR UNIT,jpy,428893.0,401653.0,-27240.0,cr,VA/VE Improvement,Engineering-driven
actual,2025-09,A3,UQ-A3-04,MOTOR UNIT,jpy,401653.0,385733.0,-15920.0,cr,Localization / Local Sourcing,Operational-driven
actual,2025-10,A3,UQ-A3-04,MOTOR UNIT,jpy,385733.0,362663.0,-23070.0,cr,Supplier Negotiation,Operational-driven
actual,2024-11,A3,UQ-A3-05,SENSOR MODULE,jpy,371411.0,381659.0,10248.0,cu,Engineering Change / Spec Upgrade,Engineering-driven
actual,2024-12,A3,UQ-A3-05,SENSOR MODULE,jpy,381659.0,349011.0,-32648.0,cr,Supplier Negotiation,Operational-driven
actual,2025-01,A3,UQ-A3-05,SENSOR MODULE,jpy,349011.0,317019.0,-31992.0,cr,Alternative Material Substitution,Engineering-driven
actual,2025-02,A3,UQ-A3-05,SENSOR MODULE,jpy,317019.0,301400.0,-15619.0,cr,VA/VE Improvement,Engineering-driven
actual,2025-03,A3,UQ-A3-05,SENSOR MODULE,jpy,301400.0,295848.0,-5552.0,cr,VA/VE Improvement,Engineering-driven
actual,2025-04,A3,UQ-A3-05,SENSOR MODULE,jpy,295848.0,295848.0,0.0,,,
actual,2025-05,A3,UQ-A3-05,SENSOR MODULE,jpy,295848.0,282454.0,-13394.0,cr,Process Improvement (Yield Up),Operational-driven
actual,2025-06,A3,UQ-A3-05,SENSOR MODULE,jpy,282454.0,268029.0,-14425.0,cr,Process Improvement (Yield Up),Operational-driven
actual,2025-07,A3,UQ-A3-05,SENSOR MODULE,jpy,268029.0,253788.0,-14241.0,cr,Supplier Negotiation,Operational-driven
actual,2025-08,A3,UQ-A3-05,SENSOR MODULE,jpy,253788.0,234042.0,-19746.0,cr,Localization / Local Sourcing,Operational-driven
actual,2025-09,A3,UQ-A3-05,SENSOR MODULE,jpy,234042.0,237464.0,3422.0,cu,Engineering Change / Spec Upgrade,Engineering-driven
actual,2025-10,A3,UQ-A3-05,SENSOR MODULE,jpy,237464.0,231587.0,-5877.0,cr,Alternative Material Substitution,Engineering-driven
actual,2024-11,A4,SH-CATA-D01,PANEL BOTTOM AS,domestic,98579.0,94374.0,-4205.0,cr,VA/VE Improvement,Engineering-driven
actual,2024-12,A4,SH-CATA-D01,PANEL BOTTOM AS,domestic,94374.0,87563.0,-6811.0,cr,Alternative Material Substitution,Engineering-driven
actual,2025-01,A4,SH-CATA-D01,PANEL BOTTOM AS,domestic,87563.0,81633.0,-5930.0,cr,Supplier Negotiation,Operational-driven
actual,2025-02,A4,SH-CATA-D01,PANEL BOTTOM AS,domestic,81633.0,76183.0,-5450.0,cr,VA/VE Improvement,Engineering-driven
actual,2025-03,A4,SH-CATA-D01,PANEL BOTTOM AS,domestic,76183.0,73712.0,-2471.0,cr,Process Improvement (Yield Up),Operational-driven
actual,2025-04,A4,SH-CATA-D01,PANEL BOTTOM AS,domestic,73712.0,67569.0,-6143.0,cr,Supplier Negotiation,Operational-driven
actual,2025-05,A4,SH-CATA-D01,PANEL BOTTOM AS,domestic,67569.0,66044.0,-1525.0,cr,Supplier Negotiation,Operational-driven
actual,2025-06,A4,SH-CATA-D01,PANEL BOTTOM AS,domestic,66044.0,64585.0,-1459.0,cr,Supplier Negotiation,Operational-driven
actual,2025-07,A4,SH-CATA-D01,PANEL BOTTOM AS,domestic,64585.0,61389.0,-3196.0,cr,Localization / Local Sourcing,Operational-driven
actual,2025-08,A4,SH-CATA-D01,PANEL BOTTOM AS,domestic,61389.0,65387.0,3998.0,cu,Raw Material Price Increase,Market-driven
actual,2025-09,A4,SH-CATA-D01,PANEL BOTTOM AS,domestic,65387.0,65387.0,0.0,,,
actual,2025-10,A4,SH-CATA-D01,PANEL BOTTOM AS,domestic,65387.0,67210.0,1823.0,cu,Supplier Change (Higher Cost Source),Market-driven
actual,2024-11,A4,SH-CATA-U01,CONNECTOR HOUSING,usd,56296.0,58809.0,2513.0,cu,Raw Material Price Increase,Market-driven
actual,2024-12,A4,SH-CATA-U01,CONNECTOR HOUSING,usd,58809.0,61760.0,2951.0,cu,Supplier Change (Higher Cost Source),Market-driven
actual,2025-01,A4,SH-CATA-U01,CONNECTOR HOUSING,usd,61760.0,64924.0,3164.0,cu,Supplier Change (Higher Cost Source),Market-driven
actual,2025-02,A4,SH-CATA-U01,CONNECTOR HOUSING,usd,64924.0,68250.0,3326.0,cu,Supplier Change (Higher Cost Source),Market-driven
actual,2025-03,A4,SH-CATA-U01,CONNECTOR HOUSING,usd,68250.0,71535.0,3285.0,cu,Supplier Change (Higher Cost Source),Market-driven
actual,2025-04,A4,SH-CATA-U01,CONNECTOR HOUSING,usd,71535.0,74974.0,3439.0,cu,Raw Material Price Increase,Market-driven
actual,2025-05,A4,SH-CATA-U01,CONNECTOR HOUSING,usd,74974.0,79869.0,4895.0,cu,Supplier Change (Higher Cost Source),Market-driven
actual,2025-06,A4,SH-CATA-U01,CONNECTOR HOUSING,usd,79869.0,84983.0,5114.0,cu,Supplier Change (Higher Cost Source),Market-driven
actual,2025-07,A4,SH-CATA-U01,CONNECTOR HOUSING,usd,84983.0,89805.0,4822.0,cu,Supplier Change (Higher Cost Source),Market-driven
actual,2025-08,A4,SH-CATA-U01,CONNECTOR HOUSING,usd,89805.0,94513.0,4708.0,cu,Supplier Change (Higher Cost Source),Market-driven
actual,2025-09,A4,SH-CATA-U01,CONNECTOR HOUSING,usd,94513.0,100024.0,5511.0,cu,Supplier Change (Higher Cost Source),Market-driven
actual,2025-10,A4,SH-CATA-U01,CONNECTOR HOUSING,usd,100024.0,105626.0,5602.0,cu,Raw Material Price Increase,Market-driven
actual,2024-11,A4,SH-IDX04,PRECISION GEAR,jpy,26043.0,26043.0,0.0,,,
actual,2024-12,A4,SH-IDX04,PRECISION GEAR,jpy,26043.0,24553.0,-1490.0,cr,Process Improvement (Yield Up),Operational-driven
actual,2025-01,A4,SH-IDX04,PRECISION GEAR,jpy,24553.0,23382.0,-1171.0,cr,VA/VE Improvement,Engineering-driven
actual,2025-02,A4,SH-IDX04,PRECISION GEAR,jpy,23382.0,22887.0,-495.0,cr,Localization / Local Sourcing,Operational-driven
actual,2025-03,A4,SH-IDX04,PRECISION GEAR,jpy,22887.0,21667.0,-1220.0,cr,Process Improvement (Yield Up),Operational-driven
actual,2025-04,A4,SH-IDX04,PRECISION GEAR,jpy,21667.0,20320.0,-1347.0,cr,Alternative Material Substitution,Engineering-driven
actual,2025-05,A4,SH-IDX04,PRECISION GEAR,jpy,20320.0,21901.0,1581.0,cu,Supplier Change (Higher Cost Source),Market-driven
actual,2025-06,A4,SH-IDX04,PRECISION GEAR,jpy,21901.0,23452.0,1551.0,cu,Logistics/Freight Cost Increase,Market-driven
actual,2025-07,A4,SH-IDX04,PRECISION GEAR,jpy,23452.0,21629.0,-1823.0,cr,VA/VE Improvement,Engineering-driven
actual,2025-08,A4,SH-IDX04,PRECISION GEAR,jpy,21629.0,19802.0,-1827.0,cr,Alternative Material Substitution,Engineering-driven
actual,2025-09,A4,SH-IDX04,PRECISION GEAR,jpy,19802.0,18588.0,-1214.0,cr,Localization / Local Sourcing,Operational-driven
actual,2025-10,A4,SH-IDX04,PRECISION GEAR,jpy,18588.0,17157.0,-1431.0,cr,Alternative Material Substitution,Engineering-driven
actual,2024-11,A4,UQ-A4-01,PANEL FRONT AS,domestic,734870.0,734870.0,0.0,,,
actual,2024-12,A4,UQ-A4-01,PANEL FRONT AS,domestic,734870.0,770860.0,35990.0,cu,Yield/Scrap Rate Increase,Operational-driven
actual,2025-01,A4,UQ-A4-01,PANEL FRONT AS,domestic,770860.0,816105.0,45245.0,cu,Engineering Change / Spec Upgrade,Engineering-driven
actual,2025-02,A4,UQ-A4-01,PANEL FRONT AS,domestic,816105.0,763939.0,-52166.0,cr,VA/VE Improvement,Engineering-driven
actual,2025-03,A4,UQ-A4-01,PANEL FRONT AS,domestic,763939.0,790046.0,26107.0,cu,Supplier Change (Higher Cost Source),Market-driven
actual,2025-04,A4,UQ-A4-01,PANEL FRONT AS,domestic,790046.0,819808.0,29762.0,cu,Supplier Change (Higher Cost Source),Market-driven
actual,2025-05,A4,UQ-A4-01,PANEL FRONT AS,domestic,819808.0,880494.0,60686.0,cu,Yield/Scrap Rate Increase,Operational-driven
actual,2025-06,A4,UQ-A4-01,PANEL FRONT AS,domestic,880494.0,854960.0,-25534.0,cr,Process Improvement (Yield Up),Operational-driven
actual,2025-07,A4,UQ-A4-01,PANEL FRONT AS,domestic,854960.0,925004.0,70044.0,cu,Yield/Scrap Rate Increase,Operational-driven
actual,2025-08,A4,UQ-A4-01,PANEL FRONT AS,domestic,925004.0,962201.0,37197.0,cu,Logistics/Freight Cost Increase,Market-driven
actual,2025-09,A4,UQ-A4-01,PANEL FRONT AS,domestic,962201.0,1039640.0,77439.0,cu,Raw Material Price Increase,Market-driven
actual,2025-10,A4,UQ-A4-01,PANEL FRONT AS,domestic,1039640.0,1084719.0,45079.0,cu,Yield/Scrap Rate Increase,Operational-driven
actual,2024-11,A4,UQ-A4-02,BRACKET SUPPORT,domestic,503375.0,533151.0,29776.0,cu,Yield/Scrap Rate Increase,Operational-driven
actual,2024-12,A4,UQ-A4-02,BRACKET SUPPORT,domestic,533151.0,546518.0,13367.0,cu,Yield/Scrap Rate Increase,Operational-driven
actual,2025-01,A4,UQ-A4-02,BRACKET SUPPORT,domestic,546518.0,546518.0,0.0,,,
actual,2025-02,A4,UQ-A4-02,BRACKET SUPPORT,domestic,546518.0,577233.0,30715.0,cu,Logistics/Freight Cost Increase,Market-driven
actual,2025-03,A4,UQ-A4-02,BRACKET SUPPORT,domestic,577233.0,607829.0,30596.0,cu,Supplier Change (Higher Cost Source),Market-driven
actual,2025-04,A4,UQ-A4-02,BRACKET SUPPORT,domestic,607829.0,560495.0,-47334.0,cr,Alternative Material Substitution,Engineering-driven
actual,2025-05,A4,UQ-A4-02,BRACKET SUPPORT,domestic,560495.0,595762.0,35267.0,cu,Engineering Change / Spec Upgrade,Engineering-driven
actual,2025-06,A4,UQ-A4-02,BRACKET SUPPORT,domestic,595762.0,584306.0,-11456.0,cr,Process Improvement (Yield Up),Operational-driven
actual,2025-07,A4,UQ-A4-02,BRACKET SUPPORT,domestic,584306.0,592777.0,8471.0,cu,Supplier Change (Higher Cost Source),Market-driven
actual,2025-08,A4,UQ-A4-02,BRACKET SUPPORT,domestic,592777.0,630702.0,37925.0,cu,Engineering Change / Spec Upgrade,Engineering-driven
actual,2025-09,A4,UQ-A4-02,BRACKET SUPPORT,domestic,630702.0,646337.0,15635.0,cu,Supplier Change (Higher Cost Source),Market-driven
actual,2025-10,A4,UQ-A4-02,BRACKET SUPPORT,domestic,646337.0,668861.0,22524.0,cu,Engineering Change / Spec Upgrade,Engineering-driven
actual,2024-11,A4,UQ-A4-03,IC CHIP CONTROL,usd,1135514.0,1098595.0,-36919.0,cr,Localization / Local Sourcing,Operational-driven
actual,2024-12,A4,UQ-A4-03,IC CHIP CONTROL,usd,1098595.0,1144817.0,46222.0,cu,Raw Material Price Increase,Market-driven
actual,2025-01,A4,UQ-A4-03,IC CHIP CONTROL,usd,1144817.0,1182179.0,37362.0,cu,Logistics/Freight Cost Increase,Market-driven
actual,2025-02,A4,UQ-A4-03,IC CHIP CONTROL,usd,1182179.0,1214079.0,31900.0,cu,Logistics/Freight Cost Increase,Market-driven
actual,2025-03,A4,UQ-A4-03,IC CHIP CONTROL,usd,1214079.0,1258572.0,44493.0,cu,Supplier Change (Higher Cost Source),Market-driven
actual,2025-04,A4,UQ-A4-03,IC CHIP CONTROL,usd,1258572.0,1327219.0,68647.0,cu,Yield/Scrap Rate Increase,Operational-driven
actual,2025-05,A4,UQ-A4-03,IC CHIP CONTROL,usd,1327219.0,1233678.0,-93541.0,cr,Supplier Negotiation,Operational-driven
actual,2025-06,A4,UQ-A4-03,IC CHIP CONTROL,usd,1233678.0,1290682.0,57004.0,cu,Engineering Change / Spec Upgrade,Engineering-driven
actual,2025-07,A4,UQ-A4-03,IC CHIP CONTROL,usd,1290682.0,1315632.0,24950.0,cu,Engineering Change / Spec Upgrade,Engineering-driven
actual,2025-08,A4,UQ-A4-03,IC CHIP CONTROL,usd,1315632.0,1315632.0,0.0,,,
actual,2025-09,A4,UQ-A4-03,IC CHIP CONTROL,usd,1315632.0,1383473.0,67841.0,cu,Engineering Change / Spec Upgrade,Engineering-driven
actual,2025-10,A4,UQ-A4-03,IC CHIP CONTROL,usd,1383473.0,1438367.0,54894.0,cu,Logistics/Freight Cost Increase,Market-driven
actual,2024-11,A4,UQ-A4-04,MOTOR UNIT,jpy,66009.0,64924.0,-1085.0,cr,Localization / Local Sourcing,Operational-driven
actual,2024-12,A4,UQ-A4-04,MOTOR UNIT,jpy,64924.0,68952.0,4028.0,cu,Engineering Change / Spec Upgrade,Engineering-driven
actual,2025-01,A4,UQ-A4-04,MOTOR UNIT,jpy,68952.0,63312.0,-5640.0,cr,Localization / Local Sourcing,Operational-driven
actual,2025-02,A4,UQ-A4-04,MOTOR UNIT,jpy,63312.0,63312.0,0.0,,,
actual,2025-03,A4,UQ-A4-04,MOTOR UNIT,jpy,63312.0,57099.0,-6213.0,cr,Localization / Local Sourcing,Operational-driven
actual,2025-04,A4,UQ-A4-04,MOTOR UNIT,jpy,57099.0,52436.0,-4663.0,cr,Alternative Material Substitution,Engineering-driven
actual,2025-05,A4,UQ-A4-04,MOTOR UNIT,jpy,52436.0,48430.0,-4006.0,cr,VA/VE Improvement,Engineering-driven
actual,2025-06,A4,UQ-A4-04,MOTOR UNIT,jpy,48430.0,50179.0,1749.0,cu,Yield/Scrap Rate Increase,Operational-driven
actual,2025-07,A4,UQ-A4-04,MOTOR UNIT,jpy,50179.0,48493.0,-1686.0,cr,Process Improvement (Yield Up),Operational-driven
actual,2025-08,A4,UQ-A4-04,MOTOR UNIT,jpy,48493.0,46299.0,-2194.0,cr,Localization / Local Sourcing,Operational-driven
actual,2025-09,A4,UQ-A4-04,MOTOR UNIT,jpy,46299.0,44066.0,-2233.0,cr,Alternative Material Substitution,Engineering-driven
actual,2025-10,A4,UQ-A4-04,MOTOR UNIT,jpy,44066.0,42600.0,-1466.0,cr,Alternative Material Substitution,Engineering-driven
actual,2024-11,A4,UQ-A4-05,SENSOR MODULE,jpy,77792.0,83408.0,5616.0,cu,Logistics/Freight Cost Increase,Market-driven
actual,2024-12,A4,UQ-A4-05,SENSOR MODULE,jpy,83408.0,81119.0,-2289.0,cr,VA/VE Improvement,Engineering-driven
actual,2025-01,A4,UQ-A4-05,SENSOR MODULE,jpy,81119.0,75910.0,-5209.0,cr,Localization / Local Sourcing,Operational-driven
actual,2025-02,A4,UQ-A4-05,SENSOR MODULE,jpy,75910.0,74009.0,-1901.0,cr,VA/VE Improvement,Engineering-driven
actual,2025-03,A4,UQ-A4-05,SENSOR MODULE,jpy,74009.0,68282.0,-5727.0,cr,VA/VE Improvement,Engineering-driven
actual,2025-04,A4,UQ-A4-05,SENSOR MODULE,jpy,68282.0,68282.0,0.0,,,
actual,2025-05,A4,UQ-A4-05,SENSOR MODULE,jpy,68282.0,64915.0,-3367.0,cr,VA/VE Improvement,Engineering-driven
actual,2025-06,A4,UQ-A4-05,SENSOR MODULE,jpy,64915.0,61143.0,-3772.0,cr,Supplier Negotiation,Operational-driven
actual,2025-07,A4,UQ-A4-05,SENSOR MODULE,jpy,61143.0,55666.0,-5477.0,cr,Alternative Material Substitution,Engineering-driven
actual,2025-08,A4,UQ-A4-05,SENSOR MODULE,jpy,55666.0,51562.0,-4104.0,cr,VA/VE Improvement,Engineering-driven
actual,2025-09,A4,UQ-A4-05,SENSOR MODULE,jpy,51562.0,54165.0,2603.0,cu,Raw Material Price Increase,Market-driven
actual,2025-10,A4,UQ-A4-05,SENSOR MODULE,jpy,54165.0,51209.0,-2956.0,cr,Process Improvement (Yield Up),Operational-driven
actual,2024-11,A4,SH-EVEN-01,TAPE PU-F,domestic,70295.0,75075.0,4780.0,cu,Raw Material Price Increase,Market-driven
actual,2024-12,A4,SH-EVEN-01,TAPE PU-F,domestic,75075.0,80181.0,5106.0,cu,Raw Material Price Increase,Market-driven
actual,2025-01,A4,SH-EVEN-01,TAPE PU-F,domestic,80181.0,82639.0,2458.0,cu,Engineering Change / Spec Upgrade,Engineering-driven
actual,2025-02,A4,SH-EVEN-01,TAPE PU-F,domestic,82639.0,87878.0,5239.0,cu,Engineering Change / Spec Upgrade,Engineering-driven
actual,2025-03,A4,SH-EVEN-01,TAPE PU-F,domestic,87878.0,93563.0,5685.0,cu,Engineering Change / Spec Upgrade,Engineering-driven
actual,2025-04,A4,SH-EVEN-01,TAPE PU-F,domestic,93563.0,89152.0,-4411.0,cr,VA/VE Improvement,Engineering-driven
actual,2025-05,A4,SH-EVEN-01,TAPE PU-F,domestic,89152.0,94914.0,5762.0,cu,Supplier Change (Higher Cost Source),Market-driven
actual,2025-06,A4,SH-EVEN-01,TAPE PU-F,domestic,94914.0,101876.0,6962.0,cu,Supplier Change (Higher Cost Source),Market-driven
actual,2025-07,A4,SH-EVEN-01,TAPE PU-F,domestic,101876.0,94152.0,-7724.0,cr,Process Improvement (Yield Up),Operational-driven
actual,2025-08,A4,SH-EVEN-01,TAPE PU-F,domestic,94152.0,96785.0,2633.0,cu,Supplier Change (Higher Cost Source),Market-driven
actual,2025-09,A4,SH-EVEN-01,TAPE PU-F,domestic,96785.0,96785.0,0.0,,,
actual,2025-10,A4,SH-EVEN-01,TAPE PU-F,domestic,96785.0,101858.0,5073.0,cu,Yield/Scrap Rate Increase,Operational-driven
actual,2024-11,A4,SH-EVEN-02,RESIN COMPOUND,usd,19042.0,19491.0,449.0,cu,Supplier Change (Higher Cost Source),Market-driven
actual,2024-12,A4,SH-EVEN-02,RESIN COMPOUND,usd,19491.0,20366.0,875.0,cu,Supplier Change (Higher Cost Source),Market-driven
actual,2025-01,A4,SH-EVEN-02,RESIN COMPOUND,usd,20366.0,20895.0,529.0,cu,Raw Material Price Increase,Market-driven
actual,2025-02,A4,SH-EVEN-02,RESIN COMPOUND,usd,20895.0,21472.0,577.0,cu,Logistics/Freight Cost Increase,Market-driven
actual,2025-03,A4,SH-EVEN-02,RESIN COMPOUND,usd,21472.0,22839.0,1367.0,cu,Logistics/Freight Cost Increase,Market-driven
actual,2025-04,A4,SH-EVEN-02,RESIN COMPOUND,usd,22839.0,22839.0,0.0,,,
actual,2025-05,A4,SH-EVEN-02,RESIN COMPOUND,usd,22839.0,21574.0,-1265.0,cr,Localization / Local Sourcing,Operational-driven
actual,2025-06,A4,SH-EVEN-02,RESIN COMPOUND,usd,21574.0,22763.0,1189.0,cu,Logistics/Freight Cost Increase,Market-driven
actual,2025-07,A4,SH-EVEN-02,RESIN COMPOUND,usd,22763.0,21147.0,-1616.0,cr,Alternative Material Substitution,Engineering-driven
actual,2025-08,A4,SH-EVEN-02,RESIN COMPOUND,usd,21147.0,22059.0,912.0,cu,Raw Material Price Increase,Market-driven
actual,2025-09,A4,SH-EVEN-02,RESIN COMPOUND,usd,22059.0,23441.0,1382.0,cu,Engineering Change / Spec Upgrade,Engineering-driven
actual,2025-10,A4,SH-EVEN-02,RESIN COMPOUND,usd,23441.0,24890.0,1449.0,cu,Yield/Scrap Rate Increase,Operational-driven
actual,2024-11,A5,SH-CATA-D01,PANEL BOTTOM AS,domestic,98579.0,94374.0,-4205.0,cr,VA/VE Improvement,Engineering-driven
actual,2024-12,A5,SH-CATA-D01,PANEL BOTTOM AS,domestic,94374.0,87563.0,-6811.0,cr,Alternative Material Substitution,Engineering-driven
actual,2025-01,A5,SH-CATA-D01,PANEL BOTTOM AS,domestic,87563.0,81633.0,-5930.0,cr,Supplier Negotiation,Operational-driven
actual,2025-02,A5,SH-CATA-D01,PANEL BOTTOM AS,domestic,81633.0,76183.0,-5450.0,cr,VA/VE Improvement,Engineering-driven
actual,2025-03,A5,SH-CATA-D01,PANEL BOTTOM AS,domestic,76183.0,73712.0,-2471.0,cr,Process Improvement (Yield Up),Operational-driven
actual,2025-04,A5,SH-CATA-D01,PANEL BOTTOM AS,domestic,73712.0,67569.0,-6143.0,cr,Supplier Negotiation,Operational-driven
actual,2025-05,A5,SH-CATA-D01,PANEL BOTTOM AS,domestic,67569.0,66044.0,-1525.0,cr,Supplier Negotiation,Operational-driven
actual,2025-06,A5,SH-CATA-D01,PANEL BOTTOM AS,domestic,66044.0,64585.0,-1459.0,cr,Supplier Negotiation,Operational-driven
actual,2025-07,A5,SH-CATA-D01,PANEL BOTTOM AS,domestic,64585.0,61389.0,-3196.0,cr,Localization / Local Sourcing,Operational-driven
actual,2025-08,A5,SH-CATA-D01,PANEL BOTTOM AS,domestic,61389.0,65387.0,3998.0,cu,Raw Material Price Increase,Market-driven
actual,2025-09,A5,SH-CATA-D01,PANEL BOTTOM AS,domestic,65387.0,65387.0,0.0,,,
actual,2025-10,A5,SH-CATA-D01,PANEL BOTTOM AS,domestic,65387.0,67210.0,1823.0,cu,Supplier Change (Higher Cost Source),Market-driven
actual,2024-11,A5,SH-CATA-U01,CONNECTOR HOUSING,usd,56296.0,58809.0,2513.0,cu,Raw Material Price Increase,Market-driven
actual,2024-12,A5,SH-CATA-U01,CONNECTOR HOUSING,usd,58809.0,61760.0,2951.0,cu,Supplier Change (Higher Cost Source),Market-driven
actual,2025-01,A5,SH-CATA-U01,CONNECTOR HOUSING,usd,61760.0,64924.0,3164.0,cu,Supplier Change (Higher Cost Source),Market-driven
actual,2025-02,A5,SH-CATA-U01,CONNECTOR HOUSING,usd,64924.0,68250.0,3326.0,cu,Supplier Change (Higher Cost Source),Market-driven
actual,2025-03,A5,SH-CATA-U01,CONNECTOR HOUSING,usd,68250.0,71535.0,3285.0,cu,Supplier Change (Higher Cost Source),Market-driven
actual,2025-04,A5,SH-CATA-U01,CONNECTOR HOUSING,usd,71535.0,74974.0,3439.0,cu,Raw Material Price Increase,Market-driven
actual,2025-05,A5,SH-CATA-U01,CONNECTOR HOUSING,usd,74974.0,79869.0,4895.0,cu,Supplier Change (Higher Cost Source),Market-driven
actual,2025-06,A5,SH-CATA-U01,CONNECTOR HOUSING,usd,79869.0,84983.0,5114.0,cu,Supplier Change (Higher Cost Source),Market-driven
actual,2025-07,A5,SH-CATA-U01,CONNECTOR HOUSING,usd,84983.0,89805.0,4822.0,cu,Supplier Change (Higher Cost Source),Market-driven
actual,2025-08,A5,SH-CATA-U01,CONNECTOR HOUSING,usd,89805.0,94513.0,4708.0,cu,Supplier Change (Higher Cost Source),Market-driven
actual,2025-09,A5,SH-CATA-U01,CONNECTOR HOUSING,usd,94513.0,100024.0,5511.0,cu,Supplier Change (Higher Cost Source),Market-driven
actual,2025-10,A5,SH-CATA-U01,CONNECTOR HOUSING,usd,100024.0,105626.0,5602.0,cu,Raw Material Price Increase,Market-driven
actual,2024-11,A5,SH-IDX05,PRECISION GEAR,jpy,152329.0,152329.0,0.0,,,
actual,2024-12,A5,SH-IDX05,PRECISION GEAR,jpy,152329.0,148294.0,-4035.0,cr,Localization / Local Sourcing,Operational-driven
actual,2025-01,A5,SH-IDX05,PRECISION GEAR,jpy,148294.0,142104.0,-6190.0,cr,Alternative Material Substitution,Engineering-driven
actual,2025-02,A5,SH-IDX05,PRECISION GEAR,jpy,142104.0,132705.0,-9399.0,cr,Localization / Local Sourcing,Operational-driven
actual,2025-03,A5,SH-IDX05,PRECISION GEAR,jpy,132705.0,123674.0,-9031.0,cr,Supplier Negotiation,Operational-driven
actual,2025-04,A5,SH-IDX05,PRECISION GEAR,jpy,123674.0,117965.0,-5709.0,cr,Process Improvement (Yield Up),Operational-driven
actual,2025-05,A5,SH-IDX05,PRECISION GEAR,jpy,117965.0,125144.0,7179.0,cu,Yield/Scrap Rate Increase,Operational-driven
actual,2025-06,A5,SH-IDX05,PRECISION GEAR,jpy,125144.0,135054.0,9910.0,cu,Logistics/Freight Cost Increase,Market-driven
actual,2025-07,A5,SH-IDX05,PRECISION GEAR,jpy,135054.0,126022.0,-9032.0,cr,Localization / Local Sourcing,Operational-driven
actual,2025-08,A5,SH-IDX05,PRECISION GEAR,jpy,126022.0,118229.0,-7793.0,cr,Supplier Negotiation,Operational-driven
actual,2025-09,A5,SH-IDX05,PRECISION GEAR,jpy,118229.0,113088.0,-5141.0,cr,Localization / Local Sourcing,Operational-driven
actual,2025-10,A5,SH-IDX05,PRECISION GEAR,jpy,113088.0,109804.0,-3284.0,cr,VA/VE Improvement,Engineering-driven
actual,2024-11,A5,UQ-A5-01,PANEL FRONT AS,domestic,579661.0,579661.0,0.0,,,
actual,2024-12,A5,UQ-A5-01,PANEL FRONT AS,domestic,579661.0,611589.0,31928.0,cu,Raw Material Price Increase,Market-driven
actual,2025-01,A5,UQ-A5-01,PANEL FRONT AS,domestic,611589.0,635794.0,24205.0,cu,Raw Material Price Increase,Market-driven
actual,2025-02,A5,UQ-A5-01,PANEL FRONT AS,domestic,635794.0,601911.0,-33883.0,cr,Localization / Local Sourcing,Operational-driven
actual,2025-03,A5,UQ-A5-01,PANEL FRONT AS,domestic,601911.0,618788.0,16877.0,cu,Engineering Change / Spec Upgrade,Engineering-driven
actual,2025-04,A5,UQ-A5-01,PANEL FRONT AS,domestic,618788.0,650605.0,31817.0,cu,Engineering Change / Spec Upgrade,Engineering-driven
actual,2025-05,A5,UQ-A5-01,PANEL FRONT AS,domestic,650605.0,685277.0,34672.0,cu,Supplier Change (Higher Cost Source),Market-driven
actual,2025-06,A5,UQ-A5-01,PANEL FRONT AS,domestic,685277.0,637037.0,-48240.0,cr,Supplier Negotiation,Operational-driven
actual,2025-07,A5,UQ-A5-01,PANEL FRONT AS,domestic,637037.0,674133.0,37096.0,cu,Logistics/Freight Cost Increase,Market-driven
actual,2025-08,A5,UQ-A5-01,PANEL FRONT AS,domestic,674133.0,693752.0,19619.0,cu,Raw Material Price Increase,Market-driven
actual,2025-09,A5,UQ-A5-01,PANEL FRONT AS,domestic,693752.0,707249.0,13497.0,cu,Engineering Change / Spec Upgrade,Engineering-driven
actual,2025-10,A5,UQ-A5-01,PANEL FRONT AS,domestic,707249.0,721516.0,14267.0,cu,Logistics/Freight Cost Increase,Market-driven
actual,2024-11,A5,UQ-A5-02,BRACKET SUPPORT,domestic,430061.0,450596.0,20535.0,cu,Supplier Change (Higher Cost Source),Market-driven
actual,2024-12,A5,UQ-A5-02,BRACKET SUPPORT,domestic,450596.0,462300.0,11704.0,cu,Supplier Change (Higher Cost Source),Market-driven
actual,2025-01,A5,UQ-A5-02,BRACKET SUPPORT,domestic,462300.0,462300.0,0.0,,,
actual,2025-02,A5,UQ-A5-02,BRACKET SUPPORT,domestic,462300.0,496758.0,34458.0,cu,Engineering Change / Spec Upgrade,Engineering-driven
actual,2025-03,A5,UQ-A5-02,BRACKET SUPPORT,domestic,496758.0,508135.0,11377.0,cu,Raw Material Price Increase,Market-driven
actual,2025-04,A5,UQ-A5-02,BRACKET SUPPORT,domestic,508135.0,496200.0,-11935.0,cr,Supplier Negotiation,Operational-driven
actual,2025-05,A5,UQ-A5-02,BRACKET SUPPORT,domestic,496200.0,510312.0,14112.0,cu,Yield/Scrap Rate Increase,Operational-driven
actual,2025-06,A5,UQ-A5-02,BRACKET SUPPORT,domestic,510312.0,475529.0,-34783.0,cr,Supplier Negotiation,Operational-driven
actual,2025-07,A5,UQ-A5-02,BRACKET SUPPORT,domestic,475529.0,506610.0,31081.0,cu,Raw Material Price Increase,Market-driven
actual,2025-08,A5,UQ-A5-02,BRACKET SUPPORT,domestic,506610.0,518952.0,12342.0,cu,Supplier Change (Higher Cost Source),Market-driven
actual,2025-09,A5,UQ-A5-02,BRACKET SUPPORT,domestic,518952.0,538393.0,19441.0,cu,Supplier Change (Higher Cost Source),Market-driven
actual,2025-10,A5,UQ-A5-02,BRACKET SUPPORT,domestic,538393.0,591216.0,52823.0,cu,Engineering Change / Spec Upgrade,Engineering-driven
actual,2024-11,A5,UQ-A5-03,IC CHIP CONTROL,usd,346357.0,337689.0,-8668.0,cr,Alternative Material Substitution,Engineering-driven
actual,2024-12,A5,UQ-A5-03,IC CHIP CONTROL,usd,337689.0,360867.0,23178.0,cu,Yield/Scrap Rate Increase,Operational-driven
actual,2025-01,A5,UQ-A5-03,IC CHIP CONTROL,usd,360867.0,368251.0,7384.0,cu,Yield/Scrap Rate Increase,Operational-driven
actual,2025-02,A5,UQ-A5-03,IC CHIP CONTROL,usd,368251.0,384166.0,15915.0,cu,Engineering Change / Spec Upgrade,Engineering-driven
actual,2025-03,A5,UQ-A5-03,IC CHIP CONTROL,usd,384166.0,396728.0,12562.0,cu,Logistics/Freight Cost Increase,Market-driven
actual,2025-04,A5,UQ-A5-03,IC CHIP CONTROL,usd,396728.0,426755.0,30027.0,cu,Engineering Change / Spec Upgrade,Engineering-driven
actual,2025-05,A5,UQ-A5-03,IC CHIP CONTROL,usd,426755.0,404455.0,-22300.0,cr,Alternative Material Substitution,Engineering-driven
actual,2025-06,A5,UQ-A5-03,IC CHIP CONTROL,usd,404455.0,417503.0,13048.0,cu,Supplier Change (Higher Cost Source),Market-driven
actual,2025-07,A5,UQ-A5-03,IC CHIP CONTROL,usd,417503.0,432544.0,15041.0,cu,Raw Material Price Increase,Market-driven
actual,2025-08,A5,UQ-A5-03,IC CHIP CONTROL,usd,432544.0,432544.0,0.0,,,
actual,2025-09,A5,UQ-A5-03,IC CHIP CONTROL,usd,432544.0,456307.0,23763.0,cu,Raw Material Price Increase,Market-driven
actual,2025-10,A5,UQ-A5-03,IC CHIP CONTROL,usd,456307.0,480272.0,23965.0,cu,Supplier Change (Higher Cost Source),Market-driven
actual,2024-11,A5,UQ-A5-04,MOTOR UNIT,jpy,657274.0,624608.0,-32666.0,cr,Supplier Negotiation,Operational-driven
actual,2024-12,A5,UQ-A5-04,MOTOR UNIT,jpy,624608.0,651389.0,26781.0,cu,Logistics/Freight Cost Increase,Market-driven
actual,2025-01,A5,UQ-A5-04,MOTOR UNIT,jpy,651389.0,610520.0,-40869.0,cr,VA/VE Improvement,Engineering-driven
actual,2025-02,A5,UQ-A5-04,MOTOR UNIT,jpy,610520.0,610520.0,0.0,,,
actual,2025-03,A5,UQ-A5-04,MOTOR UNIT,jpy,610520.0,566798.0,-43722.0,cr,Process Improvement (Yield Up),Operational-driven
actual,2025-04,A5,UQ-A5-04,MOTOR UNIT,jpy,566798.0,551851.0,-14947.0,cr,Alternative Material Substitution,Engineering-driven
actual,2025-05,A5,UQ-A5-04,MOTOR UNIT,jpy,551851.0,536335.0,-15516.0,cr,Process Improvement (Yield Up),Operational-driven
actual,2025-06,A5,UQ-A5-04,MOTOR UNIT,jpy,536335.0,568509.0,32174.0,cu,Raw Material Price Increase,Market-driven
actual,2025-07,A5,UQ-A5-04,MOTOR UNIT,jpy,568509.0,542204.0,-26305.0,cr,VA/VE Improvement,Engineering-driven
actual,2025-08,A5,UQ-A5-04,MOTOR UNIT,jpy,542204.0,515955.0,-26249.0,cr,Supplier Negotiation,Operational-driven
actual,2025-09,A5,UQ-A5-04,MOTOR UNIT,jpy,515955.0,492669.0,-23286.0,cr,Localization / Local Sourcing,Operational-driven
actual,2025-10,A5,UQ-A5-04,MOTOR UNIT,jpy,492669.0,458703.0,-33966.0,cr,Process Improvement (Yield Up),Operational-driven
actual,2024-11,A5,UQ-A5-05,SENSOR MODULE,jpy,514658.0,528778.0,14120.0,cu,Supplier Change (Higher Cost Source),Market-driven
actual,2024-12,A5,UQ-A5-05,SENSOR MODULE,jpy,528778.0,480213.0,-48565.0,cr,Localization / Local Sourcing,Operational-driven
actual,2025-01,A5,UQ-A5-05,SENSOR MODULE,jpy,480213.0,463315.0,-16898.0,cr,Alternative Material Substitution,Engineering-driven
actual,2025-02,A5,UQ-A5-05,SENSOR MODULE,jpy,463315.0,437561.0,-25754.0,cr,Alternative Material Substitution,Engineering-driven
actual,2025-03,A5,UQ-A5-05,SENSOR MODULE,jpy,437561.0,409058.0,-28503.0,cr,Localization / Local Sourcing,Operational-driven
actual,2025-04,A5,UQ-A5-05,SENSOR MODULE,jpy,409058.0,409058.0,0.0,,,
actual,2025-05,A5,UQ-A5-05,SENSOR MODULE,jpy,409058.0,395249.0,-13809.0,cr,Process Improvement (Yield Up),Operational-driven
actual,2025-06,A5,UQ-A5-05,SENSOR MODULE,jpy,395249.0,389045.0,-6204.0,cr,VA/VE Improvement,Engineering-driven
actual,2025-07,A5,UQ-A5-05,SENSOR MODULE,jpy,389045.0,379921.0,-9124.0,cr,Supplier Negotiation,Operational-driven
actual,2025-08,A5,UQ-A5-05,SENSOR MODULE,jpy,379921.0,358637.0,-21284.0,cr,Process Improvement (Yield Up),Operational-driven
actual,2025-09,A5,UQ-A5-05,SENSOR MODULE,jpy,358637.0,365781.0,7144.0,cu,Supplier Change (Higher Cost Source),Market-driven
actual,2025-10,A5,UQ-A5-05,SENSOR MODULE,jpy,365781.0,347884.0,-17897.0,cr,Localization / Local Sourcing,Operational-driven
actual,2024-11,A6,SH-CATA-D01,PANEL BOTTOM AS,domestic,98579.0,94374.0,-4205.0,cr,VA/VE Improvement,Engineering-driven
actual,2024-12,A6,SH-CATA-D01,PANEL BOTTOM AS,domestic,94374.0,87563.0,-6811.0,cr,Alternative Material Substitution,Engineering-driven
actual,2025-01,A6,SH-CATA-D01,PANEL BOTTOM AS,domestic,87563.0,81633.0,-5930.0,cr,Supplier Negotiation,Operational-driven
actual,2025-02,A6,SH-CATA-D01,PANEL BOTTOM AS,domestic,81633.0,76183.0,-5450.0,cr,VA/VE Improvement,Engineering-driven
actual,2025-03,A6,SH-CATA-D01,PANEL BOTTOM AS,domestic,76183.0,73712.0,-2471.0,cr,Process Improvement (Yield Up),Operational-driven
actual,2025-04,A6,SH-CATA-D01,PANEL BOTTOM AS,domestic,73712.0,67569.0,-6143.0,cr,Supplier Negotiation,Operational-driven
actual,2025-05,A6,SH-CATA-D01,PANEL BOTTOM AS,domestic,67569.0,66044.0,-1525.0,cr,Supplier Negotiation,Operational-driven
actual,2025-06,A6,SH-CATA-D01,PANEL BOTTOM AS,domestic,66044.0,64585.0,-1459.0,cr,Supplier Negotiation,Operational-driven
actual,2025-07,A6,SH-CATA-D01,PANEL BOTTOM AS,domestic,64585.0,61389.0,-3196.0,cr,Localization / Local Sourcing,Operational-driven
actual,2025-08,A6,SH-CATA-D01,PANEL BOTTOM AS,domestic,61389.0,65387.0,3998.0,cu,Raw Material Price Increase,Market-driven
actual,2025-09,A6,SH-CATA-D01,PANEL BOTTOM AS,domestic,65387.0,65387.0,0.0,,,
actual,2025-10,A6,SH-CATA-D01,PANEL BOTTOM AS,domestic,65387.0,67210.0,1823.0,cu,Supplier Change (Higher Cost Source),Market-driven
actual,2024-11,A6,SH-CATA-U01,CONNECTOR HOUSING,usd,56296.0,58809.0,2513.0,cu,Raw Material Price Increase,Market-driven
actual,2024-12,A6,SH-CATA-U01,CONNECTOR HOUSING,usd,58809.0,61760.0,2951.0,cu,Supplier Change (Higher Cost Source),Market-driven
actual,2025-01,A6,SH-CATA-U01,CONNECTOR HOUSING,usd,61760.0,64924.0,3164.0,cu,Supplier Change (Higher Cost Source),Market-driven
actual,2025-02,A6,SH-CATA-U01,CONNECTOR HOUSING,usd,64924.0,68250.0,3326.0,cu,Supplier Change (Higher Cost Source),Market-driven
actual,2025-03,A6,SH-CATA-U01,CONNECTOR HOUSING,usd,68250.0,71535.0,3285.0,cu,Supplier Change (Higher Cost Source),Market-driven
actual,2025-04,A6,SH-CATA-U01,CONNECTOR HOUSING,usd,71535.0,74974.0,3439.0,cu,Raw Material Price Increase,Market-driven
actual,2025-05,A6,SH-CATA-U01,CONNECTOR HOUSING,usd,74974.0,79869.0,4895.0,cu,Supplier Change (Higher Cost Source),Market-driven
actual,2025-06,A6,SH-CATA-U01,CONNECTOR HOUSING,usd,79869.0,84983.0,5114.0,cu,Supplier Change (Higher Cost Source),Market-driven
actual,2025-07,A6,SH-CATA-U01,CONNECTOR HOUSING,usd,84983.0,89805.0,4822.0,cu,Supplier Change (Higher Cost Source),Market-driven
actual,2025-08,A6,SH-CATA-U01,CONNECTOR HOUSING,usd,89805.0,94513.0,4708.0,cu,Supplier Change (Higher Cost Source),Market-driven
actual,2025-09,A6,SH-CATA-U01,CONNECTOR HOUSING,usd,94513.0,100024.0,5511.0,cu,Supplier Change (Higher Cost Source),Market-driven
actual,2025-10,A6,SH-CATA-U01,CONNECTOR HOUSING,usd,100024.0,105626.0,5602.0,cu,Raw Material Price Increase,Market-driven
actual,2024-11,A6,SH-IDX06,PRECISION GEAR,jpy,48576.0,48576.0,0.0,,,
actual,2024-12,A6,SH-IDX06,PRECISION GEAR,jpy,48576.0,45631.0,-2945.0,cr,Process Improvement (Yield Up),Operational-driven
actual,2025-01,A6,SH-IDX06,PRECISION GEAR,jpy,45631.0,44649.0,-982.0,cr,Localization / Local Sourcing,Operational-driven
actual,2025-02,A6,SH-IDX06,PRECISION GEAR,jpy,44649.0,42313.0,-2336.0,cr,Supplier Negotiation,Operational-driven
actual,2025-03,A6,SH-IDX06,PRECISION GEAR,jpy,42313.0,41202.0,-1111.0,cr,Supplier Negotiation,Operational-driven
actual,2025-04,A6,SH-IDX06,PRECISION GEAR,jpy,41202.0,39698.0,-1504.0,cr,Process Improvement (Yield Up),Operational-driven
actual,2025-05,A6,SH-IDX06,PRECISION GEAR,jpy,39698.0,42574.0,2876.0,cu,Engineering Change / Spec Upgrade,Engineering-driven
actual,2025-06,A6,SH-IDX06,PRECISION GEAR,jpy,42574.0,44440.0,1866.0,cu,Yield/Scrap Rate Increase,Operational-driven
actual,2025-07,A6,SH-IDX06,PRECISION GEAR,jpy,44440.0,41513.0,-2927.0,cr,Alternative Material Substitution,Engineering-driven
actual,2025-08,A6,SH-IDX06,PRECISION GEAR,jpy,41513.0,37740.0,-3773.0,cr,VA/VE Improvement,Engineering-driven
actual,2025-09,A6,SH-IDX06,PRECISION GEAR,jpy,37740.0,36585.0,-1155.0,cr,Process Improvement (Yield Up),Operational-driven
actual,2025-10,A6,SH-IDX06,PRECISION GEAR,jpy,36585.0,33985.0,-2600.0,cr,VA/VE Improvement,Engineering-driven
actual,2024-11,A6,UQ-A6-01,PANEL FRONT AS,domestic,487268.0,487268.0,0.0,,,
actual,2024-12,A6,UQ-A6-01,PANEL FRONT AS,domestic,487268.0,500844.0,13576.0,cu,Supplier Change (Higher Cost Source),Market-driven
actual,2025-01,A6,UQ-A6-01,PANEL FRONT AS,domestic,500844.0,550082.0,49238.0,cu,Supplier Change (Higher Cost Source),Market-driven
actual,2025-02,A6,UQ-A6-01,PANEL FRONT AS,domestic,550082.0,512715.0,-37367.0,cr,Localization / Local Sourcing,Operational-driven
actual,2025-03,A6,UQ-A6-01,PANEL FRONT AS,domestic,512715.0,524418.0,11703.0,cu,Raw Material Price Increase,Market-driven
actual,2025-04,A6,UQ-A6-01,PANEL FRONT AS,domestic,524418.0,565332.0,40914.0,cu,Logistics/Freight Cost Increase,Market-driven
actual,2025-05,A6,UQ-A6-01,PANEL FRONT AS,domestic,565332.0,597677.0,32345.0,cu,Yield/Scrap Rate Increase,Operational-driven
actual,2025-06,A6,UQ-A6-01,PANEL FRONT AS,domestic,597677.0,546492.0,-51185.0,cr,Localization / Local Sourcing,Operational-driven
actual,2025-07,A6,UQ-A6-01,PANEL FRONT AS,domestic,546492.0,594634.0,48142.0,cu,Engineering Change / Spec Upgrade,Engineering-driven
actual,2025-08,A6,UQ-A6-01,PANEL FRONT AS,domestic,594634.0,621089.0,26455.0,cu,Raw Material Price Increase,Market-driven
actual,2025-09,A6,UQ-A6-01,PANEL FRONT AS,domestic,621089.0,657782.0,36693.0,cu,Supplier Change (Higher Cost Source),Market-driven
actual,2025-10,A6,UQ-A6-01,PANEL FRONT AS,domestic,657782.0,713925.0,56143.0,cu,Raw Material Price Increase,Market-driven
actual,2024-11,A6,UQ-A6-02,BRACKET SUPPORT,domestic,499771.0,528630.0,28859.0,cu,Raw Material Price Increase,Market-driven
actual,2024-12,A6,UQ-A6-02,BRACKET SUPPORT,domestic,528630.0,549219.0,20589.0,cu,Logistics/Freight Cost Increase,Market-driven
actual,2025-01,A6,UQ-A6-02,BRACKET SUPPORT,domestic,549219.0,549219.0,0.0,,,
actual,2025-02,A6,UQ-A6-02,BRACKET SUPPORT,domestic,549219.0,566193.0,16974.0,cu,Raw Material Price Increase,Market-driven
actual,2025-03,A6,UQ-A6-02,BRACKET SUPPORT,domestic,566193.0,605632.0,39439.0,cu,Engineering Change / Spec Upgrade,Engineering-driven
actual,2025-04,A6,UQ-A6-02,BRACKET SUPPORT,domestic,605632.0,583490.0,-22142.0,cr,Supplier Negotiation,Operational-driven
actual,2025-05,A6,UQ-A6-02,BRACKET SUPPORT,domestic,583490.0,602513.0,19023.0,cu,Raw Material Price Increase,Market-driven
actual,2025-06,A6,UQ-A6-02,BRACKET SUPPORT,domestic,602513.0,573141.0,-29372.0,cr,Process Improvement (Yield Up),Operational-driven
actual,2025-07,A6,UQ-A6-02,BRACKET SUPPORT,domestic,573141.0,603620.0,30479.0,cu,Yield/Scrap Rate Increase,Operational-driven
actual,2025-08,A6,UQ-A6-02,BRACKET SUPPORT,domestic,603620.0,617446.0,13826.0,cu,Raw Material Price Increase,Market-driven
actual,2025-09,A6,UQ-A6-02,BRACKET SUPPORT,domestic,617446.0,662925.0,45479.0,cu,Raw Material Price Increase,Market-driven
actual,2025-10,A6,UQ-A6-02,BRACKET SUPPORT,domestic,662925.0,680793.0,17868.0,cu,Raw Material Price Increase,Market-driven
actual,2024-11,A6,UQ-A6-03,IC CHIP CONTROL,usd,578743.0,534326.0,-44417.0,cr,Localization / Local Sourcing,Operational-driven
actual,2024-12,A6,UQ-A6-03,IC CHIP CONTROL,usd,534326.0,581564.0,47238.0,cu,Supplier Change (Higher Cost Source),Market-driven
actual,2025-01,A6,UQ-A6-03,IC CHIP CONTROL,usd,581564.0,623996.0,42432.0,cu,Logistics/Freight Cost Increase,Market-driven
actual,2025-02,A6,UQ-A6-03,IC CHIP CONTROL,usd,623996.0,668288.0,44292.0,cu,Logistics/Freight Cost Increase,Market-driven
actual,2025-03,A6,UQ-A6-03,IC CHIP CONTROL,usd,668288.0,687444.0,19156.0,cu,Supplier Change (Higher Cost Source),Market-driven
actual,2025-04,A6,UQ-A6-03,IC CHIP CONTROL,usd,687444.0,707297.0,19853.0,cu,Engineering Change / Spec Upgrade,Engineering-driven
actual,2025-05,A6,UQ-A6-03,IC CHIP CONTROL,usd,707297.0,654832.0,-52465.0,cr,Supplier Negotiation,Operational-driven
actual,2025-06,A6,UQ-A6-03,IC CHIP CONTROL,usd,654832.0,716905.0,62073.0,cu,Yield/Scrap Rate Increase,Operational-driven
actual,2025-07,A6,UQ-A6-03,IC CHIP CONTROL,usd,716905.0,762089.0,45184.0,cu,Supplier Change (Higher Cost Source),Market-driven
actual,2025-08,A6,UQ-A6-03,IC CHIP CONTROL,usd,762089.0,762089.0,0.0,,,
actual,2025-09,A6,UQ-A6-03,IC CHIP CONTROL,usd,762089.0,812970.0,50881.0,cu,Supplier Change (Higher Cost Source),Market-driven
actual,2025-10,A6,UQ-A6-03,IC CHIP CONTROL,usd,812970.0,848410.0,35440.0,cu,Logistics/Freight Cost Increase,Market-driven
actual,2024-11,A6,UQ-A6-04,MOTOR UNIT,jpy,220422.0,210376.0,-10046.0,cr,VA/VE Improvement,Engineering-driven
actual,2024-12,A6,UQ-A6-04,MOTOR UNIT,jpy,210376.0,217420.0,7044.0,cu,Yield/Scrap Rate Increase,Operational-driven
actual,2025-01,A6,UQ-A6-04,MOTOR UNIT,jpy,217420.0,201029.0,-16391.0,cr,Alternative Material Substitution,Engineering-driven
actual,2025-02,A6,UQ-A6-04,MOTOR UNIT,jpy,201029.0,201029.0,0.0,,,
actual,2025-03,A6,UQ-A6-04,MOTOR UNIT,jpy,201029.0,195024.0,-6005.0,cr,Localization / Local Sourcing,Operational-driven
actual,2025-04,A6,UQ-A6-04,MOTOR UNIT,jpy,195024.0,183251.0,-11773.0,cr,Supplier Negotiation,Operational-driven
actual,2025-05,A6,UQ-A6-04,MOTOR UNIT,jpy,183251.0,177498.0,-5753.0,cr,VA/VE Improvement,Engineering-driven
actual,2025-06,A6,UQ-A6-04,MOTOR UNIT,jpy,177498.0,184479.0,6981.0,cu,Yield/Scrap Rate Increase,Operational-driven
actual,2025-07,A6,UQ-A6-04,MOTOR UNIT,jpy,184479.0,181144.0,-3335.0,cr,Process Improvement (Yield Up),Operational-driven
actual,2025-08,A6,UQ-A6-04,MOTOR UNIT,jpy,181144.0,175638.0,-5506.0,cr,VA/VE Improvement,Engineering-driven
actual,2025-09,A6,UQ-A6-04,MOTOR UNIT,jpy,175638.0,166051.0,-9587.0,cr,Process Improvement (Yield Up),Operational-driven
actual,2025-10,A6,UQ-A6-04,MOTOR UNIT,jpy,166051.0,158299.0,-7752.0,cr,Process Improvement (Yield Up),Operational-driven
actual,2024-11,A6,UQ-A6-05,SENSOR MODULE,jpy,310639.0,320001.0,9362.0,cu,Supplier Change (Higher Cost Source),Market-driven
actual,2024-12,A6,UQ-A6-05,SENSOR MODULE,jpy,320001.0,300164.0,-19837.0,cr,VA/VE Improvement,Engineering-driven
actual,2025-01,A6,UQ-A6-05,SENSOR MODULE,jpy,300164.0,284907.0,-15257.0,cr,Supplier Negotiation,Operational-driven
actual,2025-02,A6,UQ-A6-05,SENSOR MODULE,jpy,284907.0,267457.0,-17450.0,cr,Alternative Material Substitution,Engineering-driven
actual,2025-03,A6,UQ-A6-05,SENSOR MODULE,jpy,267457.0,253496.0,-13961.0,cr,Alternative Material Substitution,Engineering-driven
actual,2025-04,A6,UQ-A6-05,SENSOR MODULE,jpy,253496.0,253496.0,0.0,,,
actual,2025-05,A6,UQ-A6-05,SENSOR MODULE,jpy,253496.0,244650.0,-8846.0,cr,Process Improvement (Yield Up),Operational-driven
actual,2025-06,A6,UQ-A6-05,SENSOR MODULE,jpy,244650.0,239021.0,-5629.0,cr,VA/VE Improvement,Engineering-driven
actual,2025-07,A6,UQ-A6-05,SENSOR MODULE,jpy,239021.0,226058.0,-12963.0,cr,Localization / Local Sourcing,Operational-driven
actual,2025-08,A6,UQ-A6-05,SENSOR MODULE,jpy,226058.0,215657.0,-10401.0,cr,VA/VE Improvement,Engineering-driven
actual,2025-09,A6,UQ-A6-05,SENSOR MODULE,jpy,215657.0,231792.0,16135.0,cu,Engineering Change / Spec Upgrade,Engineering-driven
actual,2025-10,A6,UQ-A6-05,SENSOR MODULE,jpy,231792.0,225608.0,-6184.0,cr,Process Improvement (Yield Up),Operational-driven
actual,2024-11,A6,SH-EVEN-01,TAPE PU-F,domestic,70295.0,75075.0,4780.0,cu,Raw Material Price Increase,Market-driven
actual,2024-12,A6,SH-EVEN-01,TAPE PU-F,domestic,75075.0,80181.0,5106.0,cu,Raw Material Price Increase,Market-driven
actual,2025-01,A6,SH-EVEN-01,TAPE PU-F,domestic,80181.0,82639.0,2458.0,cu,Engineering Change / Spec Upgrade,Engineering-driven
actual,2025-02,A6,SH-EVEN-01,TAPE PU-F,domestic,82639.0,87878.0,5239.0,cu,Engineering Change / Spec Upgrade,Engineering-driven
actual,2025-03,A6,SH-EVEN-01,TAPE PU-F,domestic,87878.0,93563.0,5685.0,cu,Engineering Change / Spec Upgrade,Engineering-driven
actual,2025-04,A6,SH-EVEN-01,TAPE PU-F,domestic,93563.0,89152.0,-4411.0,cr,VA/VE Improvement,Engineering-driven
actual,2025-05,A6,SH-EVEN-01,TAPE PU-F,domestic,89152.0,94914.0,5762.0,cu,Supplier Change (Higher Cost Source),Market-driven
actual,2025-06,A6,SH-EVEN-01,TAPE PU-F,domestic,94914.0,101876.0,6962.0,cu,Supplier Change (Higher Cost Source),Market-driven
actual,2025-07,A6,SH-EVEN-01,TAPE PU-F,domestic,101876.0,94152.0,-7724.0,cr,Process Improvement (Yield Up),Operational-driven
actual,2025-08,A6,SH-EVEN-01,TAPE PU-F,domestic,94152.0,96785.0,2633.0,cu,Supplier Change (Higher Cost Source),Market-driven
actual,2025-09,A6,SH-EVEN-01,TAPE PU-F,domestic,96785.0,96785.0,0.0,,,
actual,2025-10,A6,SH-EVEN-01,TAPE PU-F,domestic,96785.0,101858.0,5073.0,cu,Yield/Scrap Rate Increase,Operational-driven
actual,2024-11,A6,SH-EVEN-02,RESIN COMPOUND,usd,19042.0,19491.0,449.0,cu,Supplier Change (Higher Cost Source),Market-driven
actual,2024-12,A6,SH-EVEN-02,RESIN COMPOUND,usd,19491.0,20366.0,875.0,cu,Supplier Change (Higher Cost Source),Market-driven
actual,2025-01,A6,SH-EVEN-02,RESIN COMPOUND,usd,20366.0,20895.0,529.0,cu,Raw Material Price Increase,Market-driven
actual,2025-02,A6,SH-EVEN-02,RESIN COMPOUND,usd,20895.0,21472.0,577.0,cu,Logistics/Freight Cost Increase,Market-driven
actual,2025-03,A6,SH-EVEN-02,RESIN COMPOUND,usd,21472.0,22839.0,1367.0,cu,Logistics/Freight Cost Increase,Market-driven
actual,2025-04,A6,SH-EVEN-02,RESIN COMPOUND,usd,22839.0,22839.0,0.0,,,
actual,2025-05,A6,SH-EVEN-02,RESIN COMPOUND,usd,22839.0,21574.0,-1265.0,cr,Localization / Local Sourcing,Operational-driven
actual,2025-06,A6,SH-EVEN-02,RESIN COMPOUND,usd,21574.0,22763.0,1189.0,cu,Logistics/Freight Cost Increase,Market-driven
actual,2025-07,A6,SH-EVEN-02,RESIN COMPOUND,usd,22763.0,21147.0,-1616.0,cr,Alternative Material Substitution,Engineering-driven
actual,2025-08,A6,SH-EVEN-02,RESIN COMPOUND,usd,21147.0,22059.0,912.0,cu,Raw Material Price Increase,Market-driven
actual,2025-09,A6,SH-EVEN-02,RESIN COMPOUND,usd,22059.0,23441.0,1382.0,cu,Engineering Change / Spec Upgrade,Engineering-driven
actual,2025-10,A6,SH-EVEN-02,RESIN COMPOUND,usd,23441.0,24890.0,1449.0,cu,Yield/Scrap Rate Increase,Operational-driven
actual,2024-11,A7,SH-CATA-D01,PANEL BOTTOM AS,domestic,98579.0,94374.0,-4205.0,cr,VA/VE Improvement,Engineering-driven
actual,2024-12,A7,SH-CATA-D01,PANEL BOTTOM AS,domestic,94374.0,87563.0,-6811.0,cr,Alternative Material Substitution,Engineering-driven
actual,2025-01,A7,SH-CATA-D01,PANEL BOTTOM AS,domestic,87563.0,81633.0,-5930.0,cr,Supplier Negotiation,Operational-driven
actual,2025-02,A7,SH-CATA-D01,PANEL BOTTOM AS,domestic,81633.0,76183.0,-5450.0,cr,VA/VE Improvement,Engineering-driven
actual,2025-03,A7,SH-CATA-D01,PANEL BOTTOM AS,domestic,76183.0,73712.0,-2471.0,cr,Process Improvement (Yield Up),Operational-driven
actual,2025-04,A7,SH-CATA-D01,PANEL BOTTOM AS,domestic,73712.0,67569.0,-6143.0,cr,Supplier Negotiation,Operational-driven
actual,2025-05,A7,SH-CATA-D01,PANEL BOTTOM AS,domestic,67569.0,66044.0,-1525.0,cr,Supplier Negotiation,Operational-driven
actual,2025-06,A7,SH-CATA-D01,PANEL BOTTOM AS,domestic,66044.0,64585.0,-1459.0,cr,Supplier Negotiation,Operational-driven
actual,2025-07,A7,SH-CATA-D01,PANEL BOTTOM AS,domestic,64585.0,61389.0,-3196.0,cr,Localization / Local Sourcing,Operational-driven
actual,2025-08,A7,SH-CATA-D01,PANEL BOTTOM AS,domestic,61389.0,65387.0,3998.0,cu,Raw Material Price Increase,Market-driven
actual,2025-09,A7,SH-CATA-D01,PANEL BOTTOM AS,domestic,65387.0,65387.0,0.0,,,
actual,2025-10,A7,SH-CATA-D01,PANEL BOTTOM AS,domestic,65387.0,67210.0,1823.0,cu,Supplier Change (Higher Cost Source),Market-driven
actual,2024-11,A7,SH-CATA-U01,CONNECTOR HOUSING,usd,56296.0,58809.0,2513.0,cu,Raw Material Price Increase,Market-driven
actual,2024-12,A7,SH-CATA-U01,CONNECTOR HOUSING,usd,58809.0,61760.0,2951.0,cu,Supplier Change (Higher Cost Source),Market-driven
actual,2025-01,A7,SH-CATA-U01,CONNECTOR HOUSING,usd,61760.0,64924.0,3164.0,cu,Supplier Change (Higher Cost Source),Market-driven
actual,2025-02,A7,SH-CATA-U01,CONNECTOR HOUSING,usd,64924.0,68250.0,3326.0,cu,Supplier Change (Higher Cost Source),Market-driven
actual,2025-03,A7,SH-CATA-U01,CONNECTOR HOUSING,usd,68250.0,71535.0,3285.0,cu,Supplier Change (Higher Cost Source),Market-driven
actual,2025-04,A7,SH-CATA-U01,CONNECTOR HOUSING,usd,71535.0,74974.0,3439.0,cu,Raw Material Price Increase,Market-driven
actual,2025-05,A7,SH-CATA-U01,CONNECTOR HOUSING,usd,74974.0,79869.0,4895.0,cu,Supplier Change (Higher Cost Source),Market-driven
actual,2025-06,A7,SH-CATA-U01,CONNECTOR HOUSING,usd,79869.0,84983.0,5114.0,cu,Supplier Change (Higher Cost Source),Market-driven
actual,2025-07,A7,SH-CATA-U01,CONNECTOR HOUSING,usd,84983.0,89805.0,4822.0,cu,Supplier Change (Higher Cost Source),Market-driven
actual,2025-08,A7,SH-CATA-U01,CONNECTOR HOUSING,usd,89805.0,94513.0,4708.0,cu,Supplier Change (Higher Cost Source),Market-driven
actual,2025-09,A7,SH-CATA-U01,CONNECTOR HOUSING,usd,94513.0,100024.0,5511.0,cu,Supplier Change (Higher Cost Source),Market-driven
actual,2025-10,A7,SH-CATA-U01,CONNECTOR HOUSING,usd,100024.0,105626.0,5602.0,cu,Raw Material Price Increase,Market-driven
actual,2024-11,A7,SH-IDX07,PRECISION GEAR,jpy,203264.0,203264.0,0.0,,,
actual,2024-12,A7,SH-IDX07,PRECISION GEAR,jpy,203264.0,186811.0,-16453.0,cr,Supplier Negotiation,Operational-driven
actual,2025-01,A7,SH-IDX07,PRECISION GEAR,jpy,186811.0,173296.0,-13515.0,cr,VA/VE Improvement,Engineering-driven
actual,2025-02,A7,SH-IDX07,PRECISION GEAR,jpy,173296.0,162366.0,-10930.0,cr,Process Improvement (Yield Up),Operational-driven
actual,2025-03,A7,SH-IDX07,PRECISION GEAR,jpy,162366.0,152465.0,-9901.0,cr,Localization / Local Sourcing,Operational-driven
actual,2025-04,A7,SH-IDX07,PRECISION GEAR,jpy,152465.0,145383.0,-7082.0,cr,Localization / Local Sourcing,Operational-driven
actual,2025-05,A7,SH-IDX07,PRECISION GEAR,jpy,145383.0,154399.0,9016.0,cu,Yield/Scrap Rate Increase,Operational-driven
actual,2025-06,A7,SH-IDX07,PRECISION GEAR,jpy,154399.0,161975.0,7576.0,cu,Yield/Scrap Rate Increase,Operational-driven
actual,2025-07,A7,SH-IDX07,PRECISION GEAR,jpy,161975.0,154112.0,-7863.0,cr,Localization / Local Sourcing,Operational-driven
actual,2025-08,A7,SH-IDX07,PRECISION GEAR,jpy,154112.0,143056.0,-11056.0,cr,Alternative Material Substitution,Engineering-driven
actual,2025-09,A7,SH-IDX07,PRECISION GEAR,jpy,143056.0,137044.0,-6012.0,cr,Supplier Negotiation,Operational-driven
actual,2025-10,A7,SH-IDX07,PRECISION GEAR,jpy,137044.0,129698.0,-7346.0,cr,Localization / Local Sourcing,Operational-driven
actual,2024-11,A7,UQ-A7-01,PANEL FRONT AS,domestic,813631.0,813631.0,0.0,,,
actual,2024-12,A7,UQ-A7-01,PANEL FRONT AS,domestic,813631.0,864743.0,51112.0,cu,Logistics/Freight Cost Increase,Market-driven
actual,2025-01,A7,UQ-A7-01,PANEL FRONT AS,domestic,864743.0,917619.0,52876.0,cu,Supplier Change (Higher Cost Source),Market-driven
actual,2025-02,A7,UQ-A7-01,PANEL FRONT AS,domestic,917619.0,876482.0,-41137.0,cr,Localization / Local Sourcing,Operational-driven
actual,2025-03,A7,UQ-A7-01,PANEL FRONT AS,domestic,876482.0,918404.0,41922.0,cu,Engineering Change / Spec Upgrade,Engineering-driven
actual,2025-04,A7,UQ-A7-01,PANEL FRONT AS,domestic,918404.0,957164.0,38760.0,cu,Raw Material Price Increase,Market-driven
actual,2025-05,A7,UQ-A7-01,PANEL FRONT AS,domestic,957164.0,1017732.0,60568.0,cu,Raw Material Price Increase,Market-driven
actual,2025-06,A7,UQ-A7-01,PANEL FRONT AS,domestic,1017732.0,956709.0,-61023.0,cr,Alternative Material Substitution,Engineering-driven
actual,2025-07,A7,UQ-A7-01,PANEL FRONT AS,domestic,956709.0,1008707.0,51998.0,cu,Engineering Change / Spec Upgrade,Engineering-driven
actual,2025-08,A7,UQ-A7-01,PANEL FRONT AS,domestic,1008707.0,1062472.0,53765.0,cu,Supplier Change (Higher Cost Source),Market-driven
actual,2025-09,A7,UQ-A7-01,PANEL FRONT AS,domestic,1062472.0,1104089.0,41617.0,cu,Logistics/Freight Cost Increase,Market-driven
actual,2025-10,A7,UQ-A7-01,PANEL FRONT AS,domestic,1104089.0,1165235.0,61146.0,cu,Raw Material Price Increase,Market-driven
actual,2024-11,A7,UQ-A7-02,BRACKET SUPPORT,domestic,663468.0,683886.0,20418.0,cu,Supplier Change (Higher Cost Source),Market-driven
actual,2024-12,A7,UQ-A7-02,BRACKET SUPPORT,domestic,683886.0,728475.0,44589.0,cu,Logistics/Freight Cost Increase,Market-driven
actual,2025-01,A7,UQ-A7-02,BRACKET SUPPORT,domestic,728475.0,728475.0,0.0,,,
actual,2025-02,A7,UQ-A7-02,BRACKET SUPPORT,domestic,728475.0,767452.0,38977.0,cu,Supplier Change (Higher Cost Source),Market-driven
actual,2025-03,A7,UQ-A7-02,BRACKET SUPPORT,domestic,767452.0,797395.0,29943.0,cu,Logistics/Freight Cost Increase,Market-driven
actual,2025-04,A7,UQ-A7-02,BRACKET SUPPORT,domestic,797395.0,763613.0,-33782.0,cr,Alternative Material Substitution,Engineering-driven
actual,2025-05,A7,UQ-A7-02,BRACKET SUPPORT,domestic,763613.0,781937.0,18324.0,cu,Supplier Change (Higher Cost Source),Market-driven
actual,2025-06,A7,UQ-A7-02,BRACKET SUPPORT,domestic,781937.0,750150.0,-31787.0,cr,VA/VE Improvement,Engineering-driven
actual,2025-07,A7,UQ-A7-02,BRACKET SUPPORT,domestic,750150.0,805814.0,55664.0,cu,Logistics/Freight Cost Increase,Market-driven
actual,2025-08,A7,UQ-A7-02,BRACKET SUPPORT,domestic,805814.0,854629.0,48815.0,cu,Supplier Change (Higher Cost Source),Market-driven
actual,2025-09,A7,UQ-A7-02,BRACKET SUPPORT,domestic,854629.0,902419.0,47790.0,cu,Logistics/Freight Cost Increase,Market-driven
actual,2025-10,A7,UQ-A7-02,BRACKET SUPPORT,domestic,902419.0,974378.0,71959.0,cu,Logistics/Freight Cost Increase,Market-driven
actual,2024-11,A7,UQ-A7-03,IC CHIP CONTROL,usd,816864.0,745912.0,-70952.0,cr,Alternative Material Substitution,Engineering-driven
actual,2024-12,A7,UQ-A7-03,IC CHIP CONTROL,usd,745912.0,777746.0,31834.0,cu,Yield/Scrap Rate Increase,Operational-driven
actual,2025-01,A7,UQ-A7-03,IC CHIP CONTROL,usd,777746.0,825881.0,48135.0,cu,Yield/Scrap Rate Increase,Operational-driven
actual,2025-02,A7,UQ-A7-03,IC CHIP CONTROL,usd,825881.0,873305.0,47424.0,cu,Engineering Change / Spec Upgrade,Engineering-driven
actual,2025-03,A7,UQ-A7-03,IC CHIP CONTROL,usd,873305.0,894302.0,20997.0,cu,Logistics/Freight Cost Increase,Market-driven
actual,2025-04,A7,UQ-A7-03,IC CHIP CONTROL,usd,894302.0,906700.0,12398.0,cu,Engineering Change / Spec Upgrade,Engineering-driven
actual,2025-05,A7,UQ-A7-03,IC CHIP CONTROL,usd,906700.0,861048.0,-45652.0,cr,Process Improvement (Yield Up),Operational-driven
actual,2025-06,A7,UQ-A7-03,IC CHIP CONTROL,usd,861048.0,910453.0,49405.0,cu,Logistics/Freight Cost Increase,Market-driven
actual,2025-07,A7,UQ-A7-03,IC CHIP CONTROL,usd,910453.0,953893.0,43440.0,cu,Logistics/Freight Cost Increase,Market-driven
actual,2025-08,A7,UQ-A7-03,IC CHIP CONTROL,usd,953893.0,953893.0,0.0,,,
actual,2025-09,A7,UQ-A7-03,IC CHIP CONTROL,usd,953893.0,1002510.0,48617.0,cu,Yield/Scrap Rate Increase,Operational-driven
actual,2025-10,A7,UQ-A7-03,IC CHIP CONTROL,usd,1002510.0,1061859.0,59349.0,cu,Logistics/Freight Cost Increase,Market-driven
actual,2024-11,A7,UQ-A7-04,MOTOR UNIT,jpy,507558.0,480816.0,-26742.0,cr,Localization / Local Sourcing,Operational-driven
actual,2024-12,A7,UQ-A7-04,MOTOR UNIT,jpy,480816.0,522272.0,41456.0,cu,Raw Material Price Increase,Market-driven
actual,2025-01,A7,UQ-A7-04,MOTOR UNIT,jpy,522272.0,494191.0,-28081.0,cr,Process Improvement (Yield Up),Operational-driven
actual,2025-02,A7,UQ-A7-04,MOTOR UNIT,jpy,494191.0,494191.0,0.0,,,
actual,2025-03,A7,UQ-A7-04,MOTOR UNIT,jpy,494191.0,462376.0,-31815.0,cr,Supplier Negotiation,Operational-driven
actual,2025-04,A7,UQ-A7-04,MOTOR UNIT,jpy,462376.0,423625.0,-38751.0,cr,Process Improvement (Yield Up),Operational-driven
actual,2025-05,A7,UQ-A7-04,MOTOR UNIT,jpy,423625.0,416849.0,-6776.0,cr,Alternative Material Substitution,Engineering-driven
actual,2025-06,A7,UQ-A7-04,MOTOR UNIT,jpy,416849.0,436443.0,19594.0,cu,Yield/Scrap Rate Increase,Operational-driven
actual,2025-07,A7,UQ-A7-04,MOTOR UNIT,jpy,436443.0,411738.0,-24705.0,cr,Supplier Negotiation,Operational-driven
actual,2025-08,A7,UQ-A7-04,MOTOR UNIT,jpy,411738.0,401130.0,-10608.0,cr,Alternative Material Substitution,Engineering-driven
actual,2025-09,A7,UQ-A7-04,MOTOR UNIT,jpy,401130.0,367680.0,-33450.0,cr,Alternative Material Substitution,Engineering-driven
actual,2025-10,A7,UQ-A7-04,MOTOR UNIT,jpy,367680.0,351084.0,-16596.0,cr,Process Improvement (Yield Up),Operational-driven
actual,2024-11,A7,UQ-A7-05,SENSOR MODULE,jpy,632707.0,668613.0,35906.0,cu,Engineering Change / Spec Upgrade,Engineering-driven
actual,2024-12,A7,UQ-A7-05,SENSOR MODULE,jpy,668613.0,617411.0,-51202.0,cr,Localization / Local Sourcing,Operational-driven
actual,2025-01,A7,UQ-A7-05,SENSOR MODULE,jpy,617411.0,569398.0,-48013.0,cr,Localization / Local Sourcing,Operational-driven
actual,2025-02,A7,UQ-A7-05,SENSOR MODULE,jpy,569398.0,521236.0,-48162.0,cr,Localization / Local Sourcing,Operational-driven
actual,2025-03,A7,UQ-A7-05,SENSOR MODULE,jpy,521236.0,495275.0,-25961.0,cr,VA/VE Improvement,Engineering-driven
actual,2025-04,A7,UQ-A7-05,SENSOR MODULE,jpy,495275.0,495275.0,0.0,,,
actual,2025-05,A7,UQ-A7-05,SENSOR MODULE,jpy,495275.0,475407.0,-19868.0,cr,Supplier Negotiation,Operational-driven
actual,2025-06,A7,UQ-A7-05,SENSOR MODULE,jpy,475407.0,443182.0,-32225.0,cr,Localization / Local Sourcing,Operational-driven
actual,2025-07,A7,UQ-A7-05,SENSOR MODULE,jpy,443182.0,427586.0,-15596.0,cr,VA/VE Improvement,Engineering-driven
actual,2025-08,A7,UQ-A7-05,SENSOR MODULE,jpy,427586.0,415508.0,-12078.0,cr,Localization / Local Sourcing,Operational-driven
actual,2025-09,A7,UQ-A7-05,SENSOR MODULE,jpy,415508.0,422033.0,6525.0,cu,Supplier Change (Higher Cost Source),Market-driven
actual,2025-10,A7,UQ-A7-05,SENSOR MODULE,jpy,422033.0,409436.0,-12597.0,cr,Process Improvement (Yield Up),Operational-driven
actual,2024-11,A8,SH-CATA-D01,PANEL BOTTOM AS,domestic,98579.0,94374.0,-4205.0,cr,VA/VE Improvement,Engineering-driven
actual,2024-12,A8,SH-CATA-D01,PANEL BOTTOM AS,domestic,94374.0,87563.0,-6811.0,cr,Alternative Material Substitution,Engineering-driven
actual,2025-01,A8,SH-CATA-D01,PANEL BOTTOM AS,domestic,87563.0,81633.0,-5930.0,cr,Supplier Negotiation,Operational-driven
actual,2025-02,A8,SH-CATA-D01,PANEL BOTTOM AS,domestic,81633.0,76183.0,-5450.0,cr,VA/VE Improvement,Engineering-driven
actual,2025-03,A8,SH-CATA-D01,PANEL BOTTOM AS,domestic,76183.0,73712.0,-2471.0,cr,Process Improvement (Yield Up),Operational-driven
actual,2025-04,A8,SH-CATA-D01,PANEL BOTTOM AS,domestic,73712.0,67569.0,-6143.0,cr,Supplier Negotiation,Operational-driven
actual,2025-05,A8,SH-CATA-D01,PANEL BOTTOM AS,domestic,67569.0,66044.0,-1525.0,cr,Supplier Negotiation,Operational-driven
actual,2025-06,A8,SH-CATA-D01,PANEL BOTTOM AS,domestic,66044.0,64585.0,-1459.0,cr,Supplier Negotiation,Operational-driven
actual,2025-07,A8,SH-CATA-D01,PANEL BOTTOM AS,domestic,64585.0,61389.0,-3196.0,cr,Localization / Local Sourcing,Operational-driven
actual,2025-08,A8,SH-CATA-D01,PANEL BOTTOM AS,domestic,61389.0,65387.0,3998.0,cu,Raw Material Price Increase,Market-driven
actual,2025-09,A8,SH-CATA-D01,PANEL BOTTOM AS,domestic,65387.0,65387.0,0.0,,,
actual,2025-10,A8,SH-CATA-D01,PANEL BOTTOM AS,domestic,65387.0,67210.0,1823.0,cu,Supplier Change (Higher Cost Source),Market-driven
actual,2024-11,A8,SH-CATA-U01,CONNECTOR HOUSING,usd,56296.0,58809.0,2513.0,cu,Raw Material Price Increase,Market-driven
actual,2024-12,A8,SH-CATA-U01,CONNECTOR HOUSING,usd,58809.0,61760.0,2951.0,cu,Supplier Change (Higher Cost Source),Market-driven
actual,2025-01,A8,SH-CATA-U01,CONNECTOR HOUSING,usd,61760.0,64924.0,3164.0,cu,Supplier Change (Higher Cost Source),Market-driven
actual,2025-02,A8,SH-CATA-U01,CONNECTOR HOUSING,usd,64924.0,68250.0,3326.0,cu,Supplier Change (Higher Cost Source),Market-driven
actual,2025-03,A8,SH-CATA-U01,CONNECTOR HOUSING,usd,68250.0,71535.0,3285.0,cu,Supplier Change (Higher Cost Source),Market-driven
actual,2025-04,A8,SH-CATA-U01,CONNECTOR HOUSING,usd,71535.0,74974.0,3439.0,cu,Raw Material Price Increase,Market-driven
actual,2025-05,A8,SH-CATA-U01,CONNECTOR HOUSING,usd,74974.0,79869.0,4895.0,cu,Supplier Change (Higher Cost Source),Market-driven
actual,2025-06,A8,SH-CATA-U01,CONNECTOR HOUSING,usd,79869.0,84983.0,5114.0,cu,Supplier Change (Higher Cost Source),Market-driven
actual,2025-07,A8,SH-CATA-U01,CONNECTOR HOUSING,usd,84983.0,89805.0,4822.0,cu,Supplier Change (Higher Cost Source),Market-driven
actual,2025-08,A8,SH-CATA-U01,CONNECTOR HOUSING,usd,89805.0,94513.0,4708.0,cu,Supplier Change (Higher Cost Source),Market-driven
actual,2025-09,A8,SH-CATA-U01,CONNECTOR HOUSING,usd,94513.0,100024.0,5511.0,cu,Supplier Change (Higher Cost Source),Market-driven
actual,2025-10,A8,SH-CATA-U01,CONNECTOR HOUSING,usd,100024.0,105626.0,5602.0,cu,Raw Material Price Increase,Market-driven
actual,2024-11,A8,SH-IDX08,PRECISION GEAR,jpy,78230.0,78230.0,0.0,,,
actual,2024-12,A8,SH-IDX08,PRECISION GEAR,jpy,78230.0,73299.0,-4931.0,cr,VA/VE Improvement,Engineering-driven
actual,2025-01,A8,SH-IDX08,PRECISION GEAR,jpy,73299.0,70357.0,-2942.0,cr,Localization / Local Sourcing,Operational-driven
actual,2025-02,A8,SH-IDX08,PRECISION GEAR,jpy,70357.0,64084.0,-6273.0,cr,Supplier Negotiation,Operational-driven
actual,2025-03,A8,SH-IDX08,PRECISION GEAR,jpy,64084.0,58979.0,-5105.0,cr,Localization / Local Sourcing,Operational-driven
actual,2025-04,A8,SH-IDX08,PRECISION GEAR,jpy,58979.0,54813.0,-4166.0,cr,Process Improvement (Yield Up),Operational-driven
actual,2025-05,A8,SH-IDX08,PRECISION GEAR,jpy,54813.0,58412.0,3599.0,cu,Raw Material Price Increase,Market-driven
actual,2025-06,A8,SH-IDX08,PRECISION GEAR,jpy,58412.0,60313.0,1901.0,cu,Yield/Scrap Rate Increase,Operational-driven
actual,2025-07,A8,SH-IDX08,PRECISION GEAR,jpy,60313.0,57606.0,-2707.0,cr,Alternative Material Substitution,Engineering-driven
actual,2025-08,A8,SH-IDX08,PRECISION GEAR,jpy,57606.0,55309.0,-2297.0,cr,VA/VE Improvement,Engineering-driven
actual,2025-09,A8,SH-IDX08,PRECISION GEAR,jpy,55309.0,50622.0,-4687.0,cr,Localization / Local Sourcing,Operational-driven
actual,2025-10,A8,SH-IDX08,PRECISION GEAR,jpy,50622.0,47262.0,-3360.0,cr,Supplier Negotiation,Operational-driven
actual,2024-11,A8,UQ-A8-01,PANEL FRONT AS,domestic,817035.0,817035.0,0.0,,,
actual,2024-12,A8,UQ-A8-01,PANEL FRONT AS,domestic,817035.0,872932.0,55897.0,cu,Supplier Change (Higher Cost Source),Market-driven
actual,2025-01,A8,UQ-A8-01,PANEL FRONT AS,domestic,872932.0,951173.0,78241.0,cu,Supplier Change (Higher Cost Source),Market-driven
actual,2025-02,A8,UQ-A8-01,PANEL FRONT AS,domestic,951173.0,909945.0,-41228.0,cr,Supplier Negotiation,Operational-driven
actual,2025-03,A8,UQ-A8-01,PANEL FRONT AS,domestic,909945.0,936821.0,26876.0,cu,Engineering Change / Spec Upgrade,Engineering-driven
actual,2025-04,A8,UQ-A8-01,PANEL FRONT AS,domestic,936821.0,964337.0,27516.0,cu,Yield/Scrap Rate Increase,Operational-driven
actual,2025-05,A8,UQ-A8-01,PANEL FRONT AS,domestic,964337.0,995029.0,30692.0,cu,Raw Material Price Increase,Market-driven
actual,2025-06,A8,UQ-A8-01,PANEL FRONT AS,domestic,995029.0,957857.0,-37172.0,cr,Localization / Local Sourcing,Operational-driven
actual,2025-07,A8,UQ-A8-01,PANEL FRONT AS,domestic,957857.0,988156.0,30299.0,cu,Engineering Change / Spec Upgrade,Engineering-driven
actual,2025-08,A8,UQ-A8-01,PANEL FRONT AS,domestic,988156.0,1032810.0,44654.0,cu,Engineering Change / Spec Upgrade,Engineering-driven
actual,2025-09,A8,UQ-A8-01,PANEL FRONT AS,domestic,1032810.0,1080300.0,47490.0,cu,Raw Material Price Increase,Market-driven
actual,2025-10,A8,UQ-A8-01,PANEL FRONT AS,domestic,1080300.0,1101009.0,20709.0,cu,Logistics/Freight Cost Increase,Market-driven
actual,2024-11,A8,UQ-A8-02,BRACKET SUPPORT,domestic,709377.0,760307.0,50930.0,cu,Engineering Change / Spec Upgrade,Engineering-driven
actual,2024-12,A8,UQ-A8-02,BRACKET SUPPORT,domestic,760307.0,813777.0,53470.0,cu,Engineering Change / Spec Upgrade,Engineering-driven
actual,2025-01,A8,UQ-A8-02,BRACKET SUPPORT,domestic,813777.0,813777.0,0.0,,,
actual,2025-02,A8,UQ-A8-02,BRACKET SUPPORT,domestic,813777.0,865409.0,51632.0,cu,Engineering Change / Spec Upgrade,Engineering-driven
actual,2025-03,A8,UQ-A8-02,BRACKET SUPPORT,domestic,865409.0,905361.0,39952.0,cu,Yield/Scrap Rate Increase,Operational-driven
actual,2025-04,A8,UQ-A8-02,BRACKET SUPPORT,domestic,905361.0,855160.0,-50201.0,cr,Supplier Negotiation,Operational-driven
actual,2025-05,A8,UQ-A8-02,BRACKET SUPPORT,domestic,855160.0,916842.0,61682.0,cu,Yield/Scrap Rate Increase,Operational-driven
actual,2025-06,A8,UQ-A8-02,BRACKET SUPPORT,domestic,916842.0,868343.0,-48499.0,cr,Process Improvement (Yield Up),Operational-driven
actual,2025-07,A8,UQ-A8-02,BRACKET SUPPORT,domestic,868343.0,917477.0,49134.0,cu,Raw Material Price Increase,Market-driven
actual,2025-08,A8,UQ-A8-02,BRACKET SUPPORT,domestic,917477.0,980888.0,63411.0,cu,Yield/Scrap Rate Increase,Operational-driven
actual,2025-09,A8,UQ-A8-02,BRACKET SUPPORT,domestic,980888.0,1031870.0,50982.0,cu,Yield/Scrap Rate Increase,Operational-driven
actual,2025-10,A8,UQ-A8-02,BRACKET SUPPORT,domestic,1031870.0,1102925.0,71055.0,cu,Supplier Change (Higher Cost Source),Market-driven
actual,2024-11,A8,UQ-A8-03,IC CHIP CONTROL,usd,899603.0,845269.0,-54334.0,cr,Supplier Negotiation,Operational-driven
actual,2024-12,A8,UQ-A8-03,IC CHIP CONTROL,usd,845269.0,882124.0,36855.0,cu,Yield/Scrap Rate Increase,Operational-driven
actual,2025-01,A8,UQ-A8-03,IC CHIP CONTROL,usd,882124.0,920915.0,38791.0,cu,Engineering Change / Spec Upgrade,Engineering-driven
actual,2025-02,A8,UQ-A8-03,IC CHIP CONTROL,usd,920915.0,982247.0,61332.0,cu,Raw Material Price Increase,Market-driven
actual,2025-03,A8,UQ-A8-03,IC CHIP CONTROL,usd,982247.0,1063234.0,80987.0,cu,Yield/Scrap Rate Increase,Operational-driven
actual,2025-04,A8,UQ-A8-03,IC CHIP CONTROL,usd,1063234.0,1123027.0,59793.0,cu,Supplier Change (Higher Cost Source),Market-driven
actual,2025-05,A8,UQ-A8-03,IC CHIP CONTROL,usd,1123027.0,1046195.0,-76832.0,cr,Supplier Negotiation,Operational-driven
actual,2025-06,A8,UQ-A8-03,IC CHIP CONTROL,usd,1046195.0,1102199.0,56004.0,cu,Supplier Change (Higher Cost Source),Market-driven
actual,2025-07,A8,UQ-A8-03,IC CHIP CONTROL,usd,1102199.0,1161201.0,59002.0,cu,Supplier Change (Higher Cost Source),Market-driven
actual,2025-08,A8,UQ-A8-03,IC CHIP CONTROL,usd,1161201.0,1161201.0,0.0,,,
actual,2025-09,A8,UQ-A8-03,IC CHIP CONTROL,usd,1161201.0,1222736.0,61535.0,cu,Yield/Scrap Rate Increase,Operational-driven
actual,2025-10,A8,UQ-A8-03,IC CHIP CONTROL,usd,1222736.0,1279446.0,56710.0,cu,Logistics/Freight Cost Increase,Market-driven
actual,2024-11,A8,UQ-A8-04,MOTOR UNIT,jpy,604472.0,571363.0,-33109.0,cr,VA/VE Improvement,Engineering-driven
actual,2024-12,A8,UQ-A8-04,MOTOR UNIT,jpy,571363.0,592659.0,21296.0,cu,Engineering Change / Spec Upgrade,Engineering-driven
actual,2025-01,A8,UQ-A8-04,MOTOR UNIT,jpy,592659.0,580011.0,-12648.0,cr,Supplier Negotiation,Operational-driven
actual,2025-02,A8,UQ-A8-04,MOTOR UNIT,jpy,580011.0,580011.0,0.0,,,
actual,2025-03,A8,UQ-A8-04,MOTOR UNIT,jpy,580011.0,546853.0,-33158.0,cr,Process Improvement (Yield Up),Operational-driven
actual,2025-04,A8,UQ-A8-04,MOTOR UNIT,jpy,546853.0,527710.0,-19143.0,cr,VA/VE Improvement,Engineering-driven
actual,2025-05,A8,UQ-A8-04,MOTOR UNIT,jpy,527710.0,485344.0,-42366.0,cr,Alternative Material Substitution,Engineering-driven
actual,2025-06,A8,UQ-A8-04,MOTOR UNIT,jpy,485344.0,501429.0,16085.0,cu,Supplier Change (Higher Cost Source),Market-driven
actual,2025-07,A8,UQ-A8-04,MOTOR UNIT,jpy,501429.0,472737.0,-28692.0,cr,VA/VE Improvement,Engineering-driven
actual,2025-08,A8,UQ-A8-04,MOTOR UNIT,jpy,472737.0,439289.0,-33448.0,cr,Alternative Material Substitution,Engineering-driven
actual,2025-09,A8,UQ-A8-04,MOTOR UNIT,jpy,439289.0,432190.0,-7099.0,cr,Localization / Local Sourcing,Operational-driven
actual,2025-10,A8,UQ-A8-04,MOTOR UNIT,jpy,432190.0,400308.0,-31882.0,cr,Supplier Negotiation,Operational-driven
actual,2024-11,A8,UQ-A8-05,SENSOR MODULE,jpy,525633.0,571729.0,46096.0,cu,Logistics/Freight Cost Increase,Market-driven
actual,2024-12,A8,UQ-A8-05,SENSOR MODULE,jpy,571729.0,545557.0,-26172.0,cr,Alternative Material Substitution,Engineering-driven
actual,2025-01,A8,UQ-A8-05,SENSOR MODULE,jpy,545557.0,511423.0,-34134.0,cr,VA/VE Improvement,Engineering-driven
actual,2025-02,A8,UQ-A8-05,SENSOR MODULE,jpy,511423.0,491479.0,-19944.0,cr,Supplier Negotiation,Operational-driven
actual,2025-03,A8,UQ-A8-05,SENSOR MODULE,jpy,491479.0,447741.0,-43738.0,cr,Process Improvement (Yield Up),Operational-driven
actual,2025-04,A8,UQ-A8-05,SENSOR MODULE,jpy,447741.0,447741.0,0.0,,,
actual,2025-05,A8,UQ-A8-05,SENSOR MODULE,jpy,447741.0,423628.0,-24113.0,cr,Alternative Material Substitution,Engineering-driven
actual,2025-06,A8,UQ-A8-05,SENSOR MODULE,jpy,423628.0,396429.0,-27199.0,cr,Alternative Material Substitution,Engineering-driven
actual,2025-07,A8,UQ-A8-05,SENSOR MODULE,jpy,396429.0,359605.0,-36824.0,cr,Supplier Negotiation,Operational-driven
actual,2025-08,A8,UQ-A8-05,SENSOR MODULE,jpy,359605.0,334394.0,-25211.0,cr,Supplier Negotiation,Operational-driven
actual,2025-09,A8,UQ-A8-05,SENSOR MODULE,jpy,334394.0,348377.0,13983.0,cu,Raw Material Price Increase,Market-driven
actual,2025-10,A8,UQ-A8-05,SENSOR MODULE,jpy,348377.0,323233.0,-25144.0,cr,VA/VE Improvement,Engineering-driven
actual,2024-11,A8,SH-EVEN-01,TAPE PU-F,domestic,70295.0,75075.0,4780.0,cu,Raw Material Price Increase,Market-driven
actual,2024-12,A8,SH-EVEN-01,TAPE PU-F,domestic,75075.0,80181.0,5106.0,cu,Raw Material Price Increase,Market-driven
actual,2025-01,A8,SH-EVEN-01,TAPE PU-F,domestic,80181.0,82639.0,2458.0,cu,Engineering Change / Spec Upgrade,Engineering-driven
actual,2025-02,A8,SH-EVEN-01,TAPE PU-F,domestic,82639.0,87878.0,5239.0,cu,Engineering Change / Spec Upgrade,Engineering-driven
actual,2025-03,A8,SH-EVEN-01,TAPE PU-F,domestic,87878.0,93563.0,5685.0,cu,Engineering Change / Spec Upgrade,Engineering-driven
actual,2025-04,A8,SH-EVEN-01,TAPE PU-F,domestic,93563.0,89152.0,-4411.0,cr,VA/VE Improvement,Engineering-driven
actual,2025-05,A8,SH-EVEN-01,TAPE PU-F,domestic,89152.0,94914.0,5762.0,cu,Supplier Change (Higher Cost Source),Market-driven
actual,2025-06,A8,SH-EVEN-01,TAPE PU-F,domestic,94914.0,101876.0,6962.0,cu,Supplier Change (Higher Cost Source),Market-driven
actual,2025-07,A8,SH-EVEN-01,TAPE PU-F,domestic,101876.0,94152.0,-7724.0,cr,Process Improvement (Yield Up),Operational-driven
actual,2025-08,A8,SH-EVEN-01,TAPE PU-F,domestic,94152.0,96785.0,2633.0,cu,Supplier Change (Higher Cost Source),Market-driven
actual,2025-09,A8,SH-EVEN-01,TAPE PU-F,domestic,96785.0,96785.0,0.0,,,
actual,2025-10,A8,SH-EVEN-01,TAPE PU-F,domestic,96785.0,101858.0,5073.0,cu,Yield/Scrap Rate Increase,Operational-driven
actual,2024-11,A8,SH-EVEN-02,RESIN COMPOUND,usd,19042.0,19491.0,449.0,cu,Supplier Change (Higher Cost Source),Market-driven
actual,2024-12,A8,SH-EVEN-02,RESIN COMPOUND,usd,19491.0,20366.0,875.0,cu,Supplier Change (Higher Cost Source),Market-driven
actual,2025-01,A8,SH-EVEN-02,RESIN COMPOUND,usd,20366.0,20895.0,529.0,cu,Raw Material Price Increase,Market-driven
actual,2025-02,A8,SH-EVEN-02,RESIN COMPOUND,usd,20895.0,21472.0,577.0,cu,Logistics/Freight Cost Increase,Market-driven
actual,2025-03,A8,SH-EVEN-02,RESIN COMPOUND,usd,21472.0,22839.0,1367.0,cu,Logistics/Freight Cost Increase,Market-driven
actual,2025-04,A8,SH-EVEN-02,RESIN COMPOUND,usd,22839.0,22839.0,0.0,,,
actual,2025-05,A8,SH-EVEN-02,RESIN COMPOUND,usd,22839.0,21574.0,-1265.0,cr,Localization / Local Sourcing,Operational-driven
actual,2025-06,A8,SH-EVEN-02,RESIN COMPOUND,usd,21574.0,22763.0,1189.0,cu,Logistics/Freight Cost Increase,Market-driven
actual,2025-07,A8,SH-EVEN-02,RESIN COMPOUND,usd,22763.0,21147.0,-1616.0,cr,Alternative Material Substitution,Engineering-driven
actual,2025-08,A8,SH-EVEN-02,RESIN COMPOUND,usd,21147.0,22059.0,912.0,cu,Raw Material Price Increase,Market-driven
actual,2025-09,A8,SH-EVEN-02,RESIN COMPOUND,usd,22059.0,23441.0,1382.0,cu,Engineering Change / Spec Upgrade,Engineering-driven
actual,2025-10,A8,SH-EVEN-02,RESIN COMPOUND,usd,23441.0,24890.0,1449.0,cu,Yield/Scrap Rate Increase,Operational-driven
actual,2024-11,A9,SH-CATA-D01,PANEL BOTTOM AS,domestic,98579.0,94374.0,-4205.0,cr,VA/VE Improvement,Engineering-driven
actual,2024-12,A9,SH-CATA-D01,PANEL BOTTOM AS,domestic,94374.0,87563.0,-6811.0,cr,Alternative Material Substitution,Engineering-driven
actual,2025-01,A9,SH-CATA-D01,PANEL BOTTOM AS,domestic,87563.0,81633.0,-5930.0,cr,Supplier Negotiation,Operational-driven
actual,2025-02,A9,SH-CATA-D01,PANEL BOTTOM AS,domestic,81633.0,76183.0,-5450.0,cr,VA/VE Improvement,Engineering-driven
actual,2025-03,A9,SH-CATA-D01,PANEL BOTTOM AS,domestic,76183.0,73712.0,-2471.0,cr,Process Improvement (Yield Up),Operational-driven
actual,2025-04,A9,SH-CATA-D01,PANEL BOTTOM AS,domestic,73712.0,67569.0,-6143.0,cr,Supplier Negotiation,Operational-driven
actual,2025-05,A9,SH-CATA-D01,PANEL BOTTOM AS,domestic,67569.0,66044.0,-1525.0,cr,Supplier Negotiation,Operational-driven
actual,2025-06,A9,SH-CATA-D01,PANEL BOTTOM AS,domestic,66044.0,64585.0,-1459.0,cr,Supplier Negotiation,Operational-driven
actual,2025-07,A9,SH-CATA-D01,PANEL BOTTOM AS,domestic,64585.0,61389.0,-3196.0,cr,Localization / Local Sourcing,Operational-driven
actual,2025-08,A9,SH-CATA-D01,PANEL BOTTOM AS,domestic,61389.0,65387.0,3998.0,cu,Raw Material Price Increase,Market-driven
actual,2025-09,A9,SH-CATA-D01,PANEL BOTTOM AS,domestic,65387.0,65387.0,0.0,,,
actual,2025-10,A9,SH-CATA-D01,PANEL BOTTOM AS,domestic,65387.0,67210.0,1823.0,cu,Supplier Change (Higher Cost Source),Market-driven
actual,2024-11,A9,SH-CATA-U01,CONNECTOR HOUSING,usd,56296.0,58809.0,2513.0,cu,Raw Material Price Increase,Market-driven
actual,2024-12,A9,SH-CATA-U01,CONNECTOR HOUSING,usd,58809.0,61760.0,2951.0,cu,Supplier Change (Higher Cost Source),Market-driven
actual,2025-01,A9,SH-CATA-U01,CONNECTOR HOUSING,usd,61760.0,64924.0,3164.0,cu,Supplier Change (Higher Cost Source),Market-driven
actual,2025-02,A9,SH-CATA-U01,CONNECTOR HOUSING,usd,64924.0,68250.0,3326.0,cu,Supplier Change (Higher Cost Source),Market-driven
actual,2025-03,A9,SH-CATA-U01,CONNECTOR HOUSING,usd,68250.0,71535.0,3285.0,cu,Supplier Change (Higher Cost Source),Market-driven
actual,2025-04,A9,SH-CATA-U01,CONNECTOR HOUSING,usd,71535.0,74974.0,3439.0,cu,Raw Material Price Increase,Market-driven
actual,2025-05,A9,SH-CATA-U01,CONNECTOR HOUSING,usd,74974.0,79869.0,4895.0,cu,Supplier Change (Higher Cost Source),Market-driven
actual,2025-06,A9,SH-CATA-U01,CONNECTOR HOUSING,usd,79869.0,84983.0,5114.0,cu,Supplier Change (Higher Cost Source),Market-driven
actual,2025-07,A9,SH-CATA-U01,CONNECTOR HOUSING,usd,84983.0,89805.0,4822.0,cu,Supplier Change (Higher Cost Source),Market-driven
actual,2025-08,A9,SH-CATA-U01,CONNECTOR HOUSING,usd,89805.0,94513.0,4708.0,cu,Supplier Change (Higher Cost Source),Market-driven
actual,2025-09,A9,SH-CATA-U01,CONNECTOR HOUSING,usd,94513.0,100024.0,5511.0,cu,Supplier Change (Higher Cost Source),Market-driven
actual,2025-10,A9,SH-CATA-U01,CONNECTOR HOUSING,usd,100024.0,105626.0,5602.0,cu,Raw Material Price Increase,Market-driven
actual,2024-11,A9,SH-IDX09,PRECISION GEAR,jpy,56507.0,56507.0,0.0,,,
actual,2024-12,A9,SH-IDX09,PRECISION GEAR,jpy,56507.0,55041.0,-1466.0,cr,Supplier Negotiation,Operational-driven
actual,2025-01,A9,SH-IDX09,PRECISION GEAR,jpy,55041.0,53874.0,-1167.0,cr,VA/VE Improvement,Engineering-driven
actual,2025-02,A9,SH-IDX09,PRECISION GEAR,jpy,53874.0,50143.0,-3731.0,cr,Supplier Negotiation,Operational-driven
actual,2025-03,A9,SH-IDX09,PRECISION GEAR,jpy,50143.0,46939.0,-3204.0,cr,Alternative Material Substitution,Engineering-driven
actual,2025-04,A9,SH-IDX09,PRECISION GEAR,jpy,46939.0,45715.0,-1224.0,cr,Process Improvement (Yield Up),Operational-driven
actual,2025-05,A9,SH-IDX09,PRECISION GEAR,jpy,45715.0,46848.0,1133.0,cu,Logistics/Freight Cost Increase,Market-driven
actual,2025-06,A9,SH-IDX09,PRECISION GEAR,jpy,46848.0,49533.0,2685.0,cu,Logistics/Freight Cost Increase,Market-driven
actual,2025-07,A9,SH-IDX09,PRECISION GEAR,jpy,49533.0,45057.0,-4476.0,cr,VA/VE Improvement,Engineering-driven
actual,2025-08,A9,SH-IDX09,PRECISION GEAR,jpy,45057.0,42057.0,-3000.0,cr,Process Improvement (Yield Up),Operational-driven
actual,2025-09,A9,SH-IDX09,PRECISION GEAR,jpy,42057.0,38411.0,-3646.0,cr,Supplier Negotiation,Operational-driven
actual,2025-10,A9,SH-IDX09,PRECISION GEAR,jpy,38411.0,37086.0,-1325.0,cr,Process Improvement (Yield Up),Operational-driven
actual,2024-11,A9,UQ-A9-01,PANEL FRONT AS,domestic,314737.0,314737.0,0.0,,,
actual,2024-12,A9,UQ-A9-01,PANEL FRONT AS,domestic,314737.0,322572.0,7835.0,cu,Raw Material Price Increase,Market-driven
actual,2025-01,A9,UQ-A9-01,PANEL FRONT AS,domestic,322572.0,332537.0,9965.0,cu,Logistics/Freight Cost Increase,Market-driven
actual,2025-02,A9,UQ-A9-01,PANEL FRONT AS,domestic,332537.0,302981.0,-29556.0,cr,Process Improvement (Yield Up),Operational-driven
actual,2025-03,A9,UQ-A9-01,PANEL FRONT AS,domestic,302981.0,315484.0,12503.0,cu,Engineering Change / Spec Upgrade,Engineering-driven
actual,2025-04,A9,UQ-A9-01,PANEL FRONT AS,domestic,315484.0,325082.0,9598.0,cu,Raw Material Price Increase,Market-driven
actual,2025-05,A9,UQ-A9-01,PANEL FRONT AS,domestic,325082.0,333079.0,7997.0,cu,Logistics/Freight Cost Increase,Market-driven
actual,2025-06,A9,UQ-A9-01,PANEL FRONT AS,domestic,333079.0,321710.0,-11369.0,cr,Alternative Material Substitution,Engineering-driven
actual,2025-07,A9,UQ-A9-01,PANEL FRONT AS,domestic,321710.0,341022.0,19312.0,cu,Engineering Change / Spec Upgrade,Engineering-driven
actual,2025-08,A9,UQ-A9-01,PANEL FRONT AS,domestic,341022.0,350757.0,9735.0,cu,Yield/Scrap Rate Increase,Operational-driven
actual,2025-09,A9,UQ-A9-01,PANEL FRONT AS,domestic,350757.0,362635.0,11878.0,cu,Raw Material Price Increase,Market-driven
actual,2025-10,A9,UQ-A9-01,PANEL FRONT AS,domestic,362635.0,394522.0,31887.0,cu,Yield/Scrap Rate Increase,Operational-driven
actual,2024-11,A9,UQ-A9-02,BRACKET SUPPORT,domestic,341673.0,354358.0,12685.0,cu,Logistics/Freight Cost Increase,Market-driven
actual,2024-12,A9,UQ-A9-02,BRACKET SUPPORT,domestic,354358.0,364998.0,10640.0,cu,Engineering Change / Spec Upgrade,Engineering-driven
actual,2025-01,A9,UQ-A9-02,BRACKET SUPPORT,domestic,364998.0,364998.0,0.0,,,
actual,2025-02,A9,UQ-A9-02,BRACKET SUPPORT,domestic,364998.0,374546.0,9548.0,cu,Engineering Change / Spec Upgrade,Engineering-driven
actual,2025-03,A9,UQ-A9-02,BRACKET SUPPORT,domestic,374546.0,387294.0,12748.0,cu,Yield/Scrap Rate Increase,Operational-driven
actual,2025-04,A9,UQ-A9-02,BRACKET SUPPORT,domestic,387294.0,366624.0,-20670.0,cr,VA/VE Improvement,Engineering-driven
actual,2025-05,A9,UQ-A9-02,BRACKET SUPPORT,domestic,366624.0,377347.0,10723.0,cu,Raw Material Price Increase,Market-driven
actual,2025-06,A9,UQ-A9-02,BRACKET SUPPORT,domestic,377347.0,348438.0,-28909.0,cr,Supplier Negotiation,Operational-driven
actual,2025-07,A9,UQ-A9-02,BRACKET SUPPORT,domestic,348438.0,357743.0,9305.0,cu,Logistics/Freight Cost Increase,Market-driven
actual,2025-08,A9,UQ-A9-02,BRACKET SUPPORT,domestic,357743.0,383086.0,25343.0,cu,Engineering Change / Spec Upgrade,Engineering-driven
actual,2025-09,A9,UQ-A9-02,BRACKET SUPPORT,domestic,383086.0,393157.0,10071.0,cu,Raw Material Price Increase,Market-driven
actual,2025-10,A9,UQ-A9-02,BRACKET SUPPORT,domestic,393157.0,413274.0,20117.0,cu,Raw Material Price Increase,Market-driven
actual,2024-11,A9,UQ-A9-03,IC CHIP CONTROL,usd,435777.0,416992.0,-18785.0,cr,Supplier Negotiation,Operational-driven
actual,2024-12,A9,UQ-A9-03,IC CHIP CONTROL,usd,416992.0,447795.0,30803.0,cu,Supplier Change (Higher Cost Source),Market-driven
actual,2025-01,A9,UQ-A9-03,IC CHIP CONTROL,usd,447795.0,475756.0,27961.0,cu,Yield/Scrap Rate Increase,Operational-driven
actual,2025-02,A9,UQ-A9-03,IC CHIP CONTROL,usd,475756.0,504013.0,28257.0,cu,Logistics/Freight Cost Increase,Market-driven
actual,2025-03,A9,UQ-A9-03,IC CHIP CONTROL,usd,504013.0,531310.0,27297.0,cu,Supplier Change (Higher Cost Source),Market-driven
actual,2025-04,A9,UQ-A9-03,IC CHIP CONTROL,usd,531310.0,558776.0,27466.0,cu,Logistics/Freight Cost Increase,Market-driven
actual,2025-05,A9,UQ-A9-03,IC CHIP CONTROL,usd,558776.0,530426.0,-28350.0,cr,Process Improvement (Yield Up),Operational-driven
actual,2025-06,A9,UQ-A9-03,IC CHIP CONTROL,usd,530426.0,568394.0,37968.0,cu,Raw Material Price Increase,Market-driven
actual,2025-07,A9,UQ-A9-03,IC CHIP CONTROL,usd,568394.0,594501.0,26107.0,cu,Raw Material Price Increase,Market-driven
actual,2025-08,A9,UQ-A9-03,IC CHIP CONTROL,usd,594501.0,594501.0,0.0,,,
actual,2025-09,A9,UQ-A9-03,IC CHIP CONTROL,usd,594501.0,628440.0,33939.0,cu,Supplier Change (Higher Cost Source),Market-driven
actual,2025-10,A9,UQ-A9-03,IC CHIP CONTROL,usd,628440.0,679434.0,50994.0,cu,Raw Material Price Increase,Market-driven
actual,2024-11,A9,UQ-A9-04,MOTOR UNIT,jpy,259957.0,253197.0,-6760.0,cr,Localization / Local Sourcing,Operational-driven
actual,2024-12,A9,UQ-A9-04,MOTOR UNIT,jpy,253197.0,273766.0,20569.0,cu,Supplier Change (Higher Cost Source),Market-driven
actual,2025-01,A9,UQ-A9-04,MOTOR UNIT,jpy,273766.0,263287.0,-10479.0,cr,Process Improvement (Yield Up),Operational-driven
actual,2025-02,A9,UQ-A9-04,MOTOR UNIT,jpy,263287.0,263287.0,0.0,,,
actual,2025-03,A9,UQ-A9-04,MOTOR UNIT,jpy,263287.0,251020.0,-12267.0,cr,VA/VE Improvement,Engineering-driven
actual,2025-04,A9,UQ-A9-04,MOTOR UNIT,jpy,251020.0,231572.0,-19448.0,cr,Process Improvement (Yield Up),Operational-driven
actual,2025-05,A9,UQ-A9-04,MOTOR UNIT,jpy,231572.0,212838.0,-18734.0,cr,Supplier Negotiation,Operational-driven
actual,2025-06,A9,UQ-A9-04,MOTOR UNIT,jpy,212838.0,224447.0,11609.0,cu,Yield/Scrap Rate Increase,Operational-driven
actual,2025-07,A9,UQ-A9-04,MOTOR UNIT,jpy,224447.0,209172.0,-15275.0,cr,VA/VE Improvement,Engineering-driven
actual,2025-08,A9,UQ-A9-04,MOTOR UNIT,jpy,209172.0,203319.0,-5853.0,cr,Alternative Material Substitution,Engineering-driven
actual,2025-09,A9,UQ-A9-04,MOTOR UNIT,jpy,203319.0,198581.0,-4738.0,cr,VA/VE Improvement,Engineering-driven
actual,2025-10,A9,UQ-A9-04,MOTOR UNIT,jpy,198581.0,188236.0,-10345.0,cr,Alternative Material Substitution,Engineering-driven
actual,2024-11,A9,UQ-A9-05,SENSOR MODULE,jpy,196790.0,209651.0,12861.0,cu,Engineering Change / Spec Upgrade,Engineering-driven
actual,2024-12,A9,UQ-A9-05,SENSOR MODULE,jpy,209651.0,198850.0,-10801.0,cr,Process Improvement (Yield Up),Operational-driven
actual,2025-01,A9,UQ-A9-05,SENSOR MODULE,jpy,198850.0,185647.0,-13203.0,cr,Alternative Material Substitution,Engineering-driven
actual,2025-02,A9,UQ-A9-05,SENSOR MODULE,jpy,185647.0,174080.0,-11567.0,cr,VA/VE Improvement,Engineering-driven
actual,2025-03,A9,UQ-A9-05,SENSOR MODULE,jpy,174080.0,160726.0,-13354.0,cr,Supplier Negotiation,Operational-driven
actual,2025-04,A9,UQ-A9-05,SENSOR MODULE,jpy,160726.0,160726.0,0.0,,,
actual,2025-05,A9,UQ-A9-05,SENSOR MODULE,jpy,160726.0,150833.0,-9893.0,cr,Alternative Material Substitution,Engineering-driven
actual,2025-06,A9,UQ-A9-05,SENSOR MODULE,jpy,150833.0,140922.0,-9911.0,cr,Supplier Negotiation,Operational-driven
actual,2025-07,A9,UQ-A9-05,SENSOR MODULE,jpy,140922.0,133578.0,-7344.0,cr,Process Improvement (Yield Up),Operational-driven
actual,2025-08,A9,UQ-A9-05,SENSOR MODULE,jpy,133578.0,126281.0,-7297.0,cr,Alternative Material Substitution,Engineering-driven
actual,2025-09,A9,UQ-A9-05,SENSOR MODULE,jpy,126281.0,132619.0,6338.0,cu,Raw Material Price Increase,Market-driven
actual,2025-10,A9,UQ-A9-05,SENSOR MODULE,jpy,132619.0,122696.0,-9923.0,cr,Supplier Negotiation,Operational-driven
actual,2024-11,A10,SH-CATA-D01,PANEL BOTTOM AS,domestic,98579.0,94374.0,-4205.0,cr,VA/VE Improvement,Engineering-driven
actual,2024-12,A10,SH-CATA-D01,PANEL BOTTOM AS,domestic,94374.0,87563.0,-6811.0,cr,Alternative Material Substitution,Engineering-driven
actual,2025-01,A10,SH-CATA-D01,PANEL BOTTOM AS,domestic,87563.0,81633.0,-5930.0,cr,Supplier Negotiation,Operational-driven
actual,2025-02,A10,SH-CATA-D01,PANEL BOTTOM AS,domestic,81633.0,76183.0,-5450.0,cr,VA/VE Improvement,Engineering-driven
actual,2025-03,A10,SH-CATA-D01,PANEL BOTTOM AS,domestic,76183.0,73712.0,-2471.0,cr,Process Improvement (Yield Up),Operational-driven
actual,2025-04,A10,SH-CATA-D01,PANEL BOTTOM AS,domestic,73712.0,67569.0,-6143.0,cr,Supplier Negotiation,Operational-driven
actual,2025-05,A10,SH-CATA-D01,PANEL BOTTOM AS,domestic,67569.0,66044.0,-1525.0,cr,Supplier Negotiation,Operational-driven
actual,2025-06,A10,SH-CATA-D01,PANEL BOTTOM AS,domestic,66044.0,64585.0,-1459.0,cr,Supplier Negotiation,Operational-driven
actual,2025-07,A10,SH-CATA-D01,PANEL BOTTOM AS,domestic,64585.0,61389.0,-3196.0,cr,Localization / Local Sourcing,Operational-driven
actual,2025-08,A10,SH-CATA-D01,PANEL BOTTOM AS,domestic,61389.0,65387.0,3998.0,cu,Raw Material Price Increase,Market-driven
actual,2025-09,A10,SH-CATA-D01,PANEL BOTTOM AS,domestic,65387.0,65387.0,0.0,,,
actual,2025-10,A10,SH-CATA-D01,PANEL BOTTOM AS,domestic,65387.0,67210.0,1823.0,cu,Supplier Change (Higher Cost Source),Market-driven
actual,2024-11,A10,SH-CATA-U01,CONNECTOR HOUSING,usd,56296.0,58809.0,2513.0,cu,Raw Material Price Increase,Market-driven
actual,2024-12,A10,SH-CATA-U01,CONNECTOR HOUSING,usd,58809.0,61760.0,2951.0,cu,Supplier Change (Higher Cost Source),Market-driven
actual,2025-01,A10,SH-CATA-U01,CONNECTOR HOUSING,usd,61760.0,64924.0,3164.0,cu,Supplier Change (Higher Cost Source),Market-driven
actual,2025-02,A10,SH-CATA-U01,CONNECTOR HOUSING,usd,64924.0,68250.0,3326.0,cu,Supplier Change (Higher Cost Source),Market-driven
actual,2025-03,A10,SH-CATA-U01,CONNECTOR HOUSING,usd,68250.0,71535.0,3285.0,cu,Supplier Change (Higher Cost Source),Market-driven
actual,2025-04,A10,SH-CATA-U01,CONNECTOR HOUSING,usd,71535.0,74974.0,3439.0,cu,Raw Material Price Increase,Market-driven
actual,2025-05,A10,SH-CATA-U01,CONNECTOR HOUSING,usd,74974.0,79869.0,4895.0,cu,Supplier Change (Higher Cost Source),Market-driven
actual,2025-06,A10,SH-CATA-U01,CONNECTOR HOUSING,usd,79869.0,84983.0,5114.0,cu,Supplier Change (Higher Cost Source),Market-driven
actual,2025-07,A10,SH-CATA-U01,CONNECTOR HOUSING,usd,84983.0,89805.0,4822.0,cu,Supplier Change (Higher Cost Source),Market-driven
actual,2025-08,A10,SH-CATA-U01,CONNECTOR HOUSING,usd,89805.0,94513.0,4708.0,cu,Supplier Change (Higher Cost Source),Market-driven
actual,2025-09,A10,SH-CATA-U01,CONNECTOR HOUSING,usd,94513.0,100024.0,5511.0,cu,Supplier Change (Higher Cost Source),Market-driven
actual,2025-10,A10,SH-CATA-U01,CONNECTOR HOUSING,usd,100024.0,105626.0,5602.0,cu,Raw Material Price Increase,Market-driven
actual,2024-11,A10,SH-IDX10,PRECISION GEAR,jpy,121193.0,121193.0,0.0,,,
actual,2024-12,A10,SH-IDX10,PRECISION GEAR,jpy,121193.0,113669.0,-7524.0,cr,Process Improvement (Yield Up),Operational-driven
actual,2025-01,A10,SH-IDX10,PRECISION GEAR,jpy,113669.0,107486.0,-6183.0,cr,Localization / Local Sourcing,Operational-driven
actual,2025-02,A10,SH-IDX10,PRECISION GEAR,jpy,107486.0,100468.0,-7018.0,cr,Localization / Local Sourcing,Operational-driven
actual,2025-03,A10,SH-IDX10,PRECISION GEAR,jpy,100468.0,94861.0,-5607.0,cr,Localization / Local Sourcing,Operational-driven
actual,2025-04,A10,SH-IDX10,PRECISION GEAR,jpy,94861.0,87984.0,-6877.0,cr,Supplier Negotiation,Operational-driven
actual,2025-05,A10,SH-IDX10,PRECISION GEAR,jpy,87984.0,92869.0,4885.0,cu,Supplier Change (Higher Cost Source),Market-driven
actual,2025-06,A10,SH-IDX10,PRECISION GEAR,jpy,92869.0,101147.0,8278.0,cu,Raw Material Price Increase,Market-driven
actual,2025-07,A10,SH-IDX10,PRECISION GEAR,jpy,101147.0,94023.0,-7124.0,cr,Process Improvement (Yield Up),Operational-driven
actual,2025-08,A10,SH-IDX10,PRECISION GEAR,jpy,94023.0,89045.0,-4978.0,cr,VA/VE Improvement,Engineering-driven
actual,2025-09,A10,SH-IDX10,PRECISION GEAR,jpy,89045.0,84573.0,-4472.0,cr,Localization / Local Sourcing,Operational-driven
actual,2025-10,A10,SH-IDX10,PRECISION GEAR,jpy,84573.0,79970.0,-4603.0,cr,Alternative Material Substitution,Engineering-driven
actual,2024-11,A10,UQ-A10-01,PANEL FRONT AS,domestic,803460.0,803460.0,0.0,,,
actual,2024-12,A10,UQ-A10-01,PANEL FRONT AS,domestic,803460.0,838745.0,35285.0,cu,Logistics/Freight Cost Increase,Market-driven
actual,2025-01,A10,UQ-A10-01,PANEL FRONT AS,domestic,838745.0,864635.0,25890.0,cu,Supplier Change (Higher Cost Source),Market-driven
actual,2025-02,A10,UQ-A10-01,PANEL FRONT AS,domestic,864635.0,837659.0,-26976.0,cr,VA/VE Improvement,Engineering-driven
actual,2025-03,A10,UQ-A10-01,PANEL FRONT AS,domestic,837659.0,869048.0,31389.0,cu,Logistics/Freight Cost Increase,Market-driven
actual,2025-04,A10,UQ-A10-01,PANEL FRONT AS,domestic,869048.0,881095.0,12047.0,cu,Engineering Change / Spec Upgrade,Engineering-driven
actual,2025-05,A10,UQ-A10-01,PANEL FRONT AS,domestic,881095.0,924754.0,43659.0,cu,Raw Material Price Increase,Market-driven
actual,2025-06,A10,UQ-A10-01,PANEL FRONT AS,domestic,924754.0,851472.0,-73282.0,cr,Alternative Material Substitution,Engineering-driven
actual,2025-07,A10,UQ-A10-01,PANEL FRONT AS,domestic,851472.0,882687.0,31215.0,cu,Raw Material Price Increase,Market-driven
actual,2025-08,A10,UQ-A10-01,PANEL FRONT AS,domestic,882687.0,967728.0,85041.0,cu,Logistics/Freight Cost Increase,Market-driven
actual,2025-09,A10,UQ-A10-01,PANEL FRONT AS,domestic,967728.0,996377.0,28649.0,cu,Yield/Scrap Rate Increase,Operational-driven
actual,2025-10,A10,UQ-A10-01,PANEL FRONT AS,domestic,996377.0,1058505.0,62128.0,cu,Yield/Scrap Rate Increase,Operational-driven
actual,2024-11,A10,UQ-A10-02,BRACKET SUPPORT,domestic,767446.0,809364.0,41918.0,cu,Yield/Scrap Rate Increase,Operational-driven
actual,2024-12,A10,UQ-A10-02,BRACKET SUPPORT,domestic,809364.0,829477.0,20113.0,cu,Logistics/Freight Cost Increase,Market-driven
actual,2025-01,A10,UQ-A10-02,BRACKET SUPPORT,domestic,829477.0,829477.0,0.0,,,
actual,2025-02,A10,UQ-A10-02,BRACKET SUPPORT,domestic,829477.0,861794.0,32317.0,cu,Supplier Change (Higher Cost Source),Market-driven
actual,2025-03,A10,UQ-A10-02,BRACKET SUPPORT,domestic,861794.0,934494.0,72700.0,cu,Raw Material Price Increase,Market-driven
actual,2025-04,A10,UQ-A10-02,BRACKET SUPPORT,domestic,934494.0,908974.0,-25520.0,cr,Supplier Negotiation,Operational-driven
actual,2025-05,A10,UQ-A10-02,BRACKET SUPPORT,domestic,908974.0,964565.0,55591.0,cu,Raw Material Price Increase,Market-driven
actual,2025-06,A10,UQ-A10-02,BRACKET SUPPORT,domestic,964565.0,942200.0,-22365.0,cr,Alternative Material Substitution,Engineering-driven
actual,2025-07,A10,UQ-A10-02,BRACKET SUPPORT,domestic,942200.0,968187.0,25987.0,cu,Supplier Change (Higher Cost Source),Market-driven
actual,2025-08,A10,UQ-A10-02,BRACKET SUPPORT,domestic,968187.0,1018692.0,50505.0,cu,Supplier Change (Higher Cost Source),Market-driven
actual,2025-09,A10,UQ-A10-02,BRACKET SUPPORT,domestic,1018692.0,1060103.0,41411.0,cu,Engineering Change / Spec Upgrade,Engineering-driven
actual,2025-10,A10,UQ-A10-02,BRACKET SUPPORT,domestic,1060103.0,1144636.0,84533.0,cu,Logistics/Freight Cost Increase,Market-driven
actual,2024-11,A10,UQ-A10-03,IC CHIP CONTROL,usd,605043.0,562546.0,-42497.0,cr,VA/VE Improvement,Engineering-driven
actual,2024-12,A10,UQ-A10-03,IC CHIP CONTROL,usd,562546.0,600102.0,37556.0,cu,Engineering Change / Spec Upgrade,Engineering-driven
actual,2025-01,A10,UQ-A10-03,IC CHIP CONTROL,usd,600102.0,619282.0,19180.0,cu,Engineering Change / Spec Upgrade,Engineering-driven
actual,2025-02,A10,UQ-A10-03,IC CHIP CONTROL,usd,619282.0,667618.0,48336.0,cu,Yield/Scrap Rate Increase,Operational-driven
actual,2025-03,A10,UQ-A10-03,IC CHIP CONTROL,usd,667618.0,730676.0,63058.0,cu,Yield/Scrap Rate Increase,Operational-driven
actual,2025-04,A10,UQ-A10-03,IC CHIP CONTROL,usd,730676.0,747063.0,16387.0,cu,Yield/Scrap Rate Increase,Operational-driven
actual,2025-05,A10,UQ-A10-03,IC CHIP CONTROL,usd,747063.0,734834.0,-12229.0,cr,VA/VE Improvement,Engineering-driven
actual,2025-06,A10,UQ-A10-03,IC CHIP CONTROL,usd,734834.0,782077.0,47243.0,cu,Yield/Scrap Rate Increase,Operational-driven
actual,2025-07,A10,UQ-A10-03,IC CHIP CONTROL,usd,782077.0,823438.0,41361.0,cu,Logistics/Freight Cost Increase,Market-driven
actual,2025-08,A10,UQ-A10-03,IC CHIP CONTROL,usd,823438.0,823438.0,0.0,,,
actual,2025-09,A10,UQ-A10-03,IC CHIP CONTROL,usd,823438.0,856303.0,32865.0,cu,Engineering Change / Spec Upgrade,Engineering-driven
actual,2025-10,A10,UQ-A10-03,IC CHIP CONTROL,usd,856303.0,882622.0,26319.0,cu,Raw Material Price Increase,Market-driven
actual,2024-11,A10,UQ-A10-04,MOTOR UNIT,jpy,247230.0,224823.0,-22407.0,cr,Process Improvement (Yield Up),Operational-driven
actual,2024-12,A10,UQ-A10-04,MOTOR UNIT,jpy,224823.0,241188.0,16365.0,cu,Logistics/Freight Cost Increase,Market-driven
actual,2025-01,A10,UQ-A10-04,MOTOR UNIT,jpy,241188.0,225771.0,-15417.0,cr,Localization / Local Sourcing,Operational-driven
actual,2025-02,A10,UQ-A10-04,MOTOR UNIT,jpy,225771.0,225771.0,0.0,,,
actual,2025-03,A10,UQ-A10-04,MOTOR UNIT,jpy,225771.0,205167.0,-20604.0,cr,Process Improvement (Yield Up),Operational-driven
actual,2025-04,A10,UQ-A10-04,MOTOR UNIT,jpy,205167.0,197047.0,-8120.0,cr,Localization / Local Sourcing,Operational-driven
actual,2025-05,A10,UQ-A10-04,MOTOR UNIT,jpy,197047.0,179353.0,-17694.0,cr,Process Improvement (Yield Up),Operational-driven
actual,2025-06,A10,UQ-A10-04,MOTOR UNIT,jpy,179353.0,186358.0,7005.0,cu,Engineering Change / Spec Upgrade,Engineering-driven
actual,2025-07,A10,UQ-A10-04,MOTOR UNIT,jpy,186358.0,176654.0,-9704.0,cr,VA/VE Improvement,Engineering-driven
actual,2025-08,A10,UQ-A10-04,MOTOR UNIT,jpy,176654.0,161738.0,-14916.0,cr,Process Improvement (Yield Up),Operational-driven
actual,2025-09,A10,UQ-A10-04,MOTOR UNIT,jpy,161738.0,151887.0,-9851.0,cr,VA/VE Improvement,Engineering-driven
actual,2025-10,A10,UQ-A10-04,MOTOR UNIT,jpy,151887.0,139810.0,-12077.0,cr,Supplier Negotiation,Operational-driven
actual,2024-11,A10,UQ-A10-05,SENSOR MODULE,jpy,344143.0,363006.0,18863.0,cu,Logistics/Freight Cost Increase,Market-driven
actual,2024-12,A10,UQ-A10-05,SENSOR MODULE,jpy,363006.0,349270.0,-13736.0,cr,Process Improvement (Yield Up),Operational-driven
actual,2025-01,A10,UQ-A10-05,SENSOR MODULE,jpy,349270.0,315116.0,-34154.0,cr,Localization / Local Sourcing,Operational-driven
actual,2025-02,A10,UQ-A10-05,SENSOR MODULE,jpy,315116.0,305349.0,-9767.0,cr,Localization / Local Sourcing,Operational-driven
actual,2025-03,A10,UQ-A10-05,SENSOR MODULE,jpy,305349.0,295925.0,-9424.0,cr,Supplier Negotiation,Operational-driven
actual,2025-04,A10,UQ-A10-05,SENSOR MODULE,jpy,295925.0,295925.0,0.0,,,
actual,2025-05,A10,UQ-A10-05,SENSOR MODULE,jpy,295925.0,281291.0,-14634.0,cr,Process Improvement (Yield Up),Operational-driven
actual,2025-06,A10,UQ-A10-05,SENSOR MODULE,jpy,281291.0,276051.0,-5240.0,cr,VA/VE Improvement,Engineering-driven
actual,2025-07,A10,UQ-A10-05,SENSOR MODULE,jpy,276051.0,257129.0,-18922.0,cr,Supplier Negotiation,Operational-driven
actual,2025-08,A10,UQ-A10-05,SENSOR MODULE,jpy,257129.0,240772.0,-16357.0,cr,Alternative Material Substitution,Engineering-driven
actual,2025-09,A10,UQ-A10-05,SENSOR MODULE,jpy,240772.0,256226.0,15454.0,cu,Logistics/Freight Cost Increase,Market-driven
actual,2025-10,A10,UQ-A10-05,SENSOR MODULE,jpy,256226.0,248367.0,-7859.0,cr,Supplier Negotiation,Operational-driven
actual,2024-11,A10,SH-EVEN-01,TAPE PU-F,domestic,70295.0,75075.0,4780.0,cu,Raw Material Price Increase,Market-driven
actual,2024-12,A10,SH-EVEN-01,TAPE PU-F,domestic,75075.0,80181.0,5106.0,cu,Raw Material Price Increase,Market-driven
actual,2025-01,A10,SH-EVEN-01,TAPE PU-F,domestic,80181.0,82639.0,2458.0,cu,Engineering Change / Spec Upgrade,Engineering-driven
actual,2025-02,A10,SH-EVEN-01,TAPE PU-F,domestic,82639.0,87878.0,5239.0,cu,Engineering Change / Spec Upgrade,Engineering-driven
actual,2025-03,A10,SH-EVEN-01,TAPE PU-F,domestic,87878.0,93563.0,5685.0,cu,Engineering Change / Spec Upgrade,Engineering-driven
actual,2025-04,A10,SH-EVEN-01,TAPE PU-F,domestic,93563.0,89152.0,-4411.0,cr,VA/VE Improvement,Engineering-driven
actual,2025-05,A10,SH-EVEN-01,TAPE PU-F,domestic,89152.0,94914.0,5762.0,cu,Supplier Change (Higher Cost Source),Market-driven
actual,2025-06,A10,SH-EVEN-01,TAPE PU-F,domestic,94914.0,101876.0,6962.0,cu,Supplier Change (Higher Cost Source),Market-driven
actual,2025-07,A10,SH-EVEN-01,TAPE PU-F,domestic,101876.0,94152.0,-7724.0,cr,Process Improvement (Yield Up),Operational-driven
actual,2025-08,A10,SH-EVEN-01,TAPE PU-F,domestic,94152.0,96785.0,2633.0,cu,Supplier Change (Higher Cost Source),Market-driven
actual,2025-09,A10,SH-EVEN-01,TAPE PU-F,domestic,96785.0,96785.0,0.0,,,
actual,2025-10,A10,SH-EVEN-01,TAPE PU-F,domestic,96785.0,101858.0,5073.0,cu,Yield/Scrap Rate Increase,Operational-driven
actual,2024-11,A10,SH-EVEN-02,RESIN COMPOUND,usd,19042.0,19491.0,449.0,cu,Supplier Change (Higher Cost Source),Market-driven
actual,2024-12,A10,SH-EVEN-02,RESIN COMPOUND,usd,19491.0,20366.0,875.0,cu,Supplier Change (Higher Cost Source),Market-driven
actual,2025-01,A10,SH-EVEN-02,RESIN COMPOUND,usd,20366.0,20895.0,529.0,cu,Raw Material Price Increase,Market-driven
actual,2025-02,A10,SH-EVEN-02,RESIN COMPOUND,usd,20895.0,21472.0,577.0,cu,Logistics/Freight Cost Increase,Market-driven
actual,2025-03,A10,SH-EVEN-02,RESIN COMPOUND,usd,21472.0,22839.0,1367.0,cu,Logistics/Freight Cost Increase,Market-driven
actual,2025-04,A10,SH-EVEN-02,RESIN COMPOUND,usd,22839.0,22839.0,0.0,,,
actual,2025-05,A10,SH-EVEN-02,RESIN COMPOUND,usd,22839.0,21574.0,-1265.0,cr,Localization / Local Sourcing,Operational-driven
actual,2025-06,A10,SH-EVEN-02,RESIN COMPOUND,usd,21574.0,22763.0,1189.0,cu,Logistics/Freight Cost Increase,Market-driven
actual,2025-07,A10,SH-EVEN-02,RESIN COMPOUND,usd,22763.0,21147.0,-1616.0,cr,Alternative Material Substitution,Engineering-driven
actual,2025-08,A10,SH-EVEN-02,RESIN COMPOUND,usd,21147.0,22059.0,912.0,cu,Raw Material Price Increase,Market-driven
actual,2025-09,A10,SH-EVEN-02,RESIN COMPOUND,usd,22059.0,23441.0,1382.0,cu,Engineering Change / Spec Upgrade,Engineering-driven
actual,2025-10,A10,SH-EVEN-02,RESIN COMPOUND,usd,23441.0,24890.0,1449.0,cu,Yield/Scrap Rate Increase,Operational-driven
actual,2024-11,B1,SH-CATB-D01,PANEL BOTTOM AS,domestic,134348.0,128910.0,-5438.0,cr,Localization / Local Sourcing,Operational-driven
actual,2024-12,B1,SH-CATB-D01,PANEL BOTTOM AS,domestic,128910.0,123207.0,-5703.0,cr,Alternative Material Substitution,Engineering-driven
actual,2025-01,B1,SH-CATB-D01,PANEL BOTTOM AS,domestic,123207.0,111757.0,-11450.0,cr,Alternative Material Substitution,Engineering-driven
actual,2025-02,B1,SH-CATB-D01,PANEL BOTTOM AS,domestic,111757.0,103982.0,-7775.0,cr,VA/VE Improvement,Engineering-driven
actual,2025-03,B1,SH-CATB-D01,PANEL BOTTOM AS,domestic,103982.0,101708.0,-2274.0,cr,Process Improvement (Yield Up),Operational-driven
actual,2025-04,B1,SH-CATB-D01,PANEL BOTTOM AS,domestic,101708.0,94151.0,-7557.0,cr,Localization / Local Sourcing,Operational-driven
actual,2025-05,B1,SH-CATB-D01,PANEL BOTTOM AS,domestic,94151.0,87989.0,-6162.0,cr,Process Improvement (Yield Up),Operational-driven
actual,2025-06,B1,SH-CATB-D01,PANEL BOTTOM AS,domestic,87989.0,85585.0,-2404.0,cr,Localization / Local Sourcing,Operational-driven
actual,2025-07,B1,SH-CATB-D01,PANEL BOTTOM AS,domestic,85585.0,78415.0,-7170.0,cr,Alternative Material Substitution,Engineering-driven
actual,2025-08,B1,SH-CATB-D01,PANEL BOTTOM AS,domestic,78415.0,84428.0,6013.0,cu,Yield/Scrap Rate Increase,Operational-driven
actual,2025-09,B1,SH-CATB-D01,PANEL BOTTOM AS,domestic,84428.0,84428.0,0.0,,,
actual,2025-10,B1,SH-CATB-D01,PANEL BOTTOM AS,domestic,84428.0,88028.0,3600.0,cu,Raw Material Price Increase,Market-driven
actual,2024-11,B1,SH-CATB-U01,CONNECTOR HOUSING,usd,58561.0,54352.0,-4209.0,cr,Localization / Local Sourcing,Operational-driven
actual,2024-12,B1,SH-CATB-U01,CONNECTOR HOUSING,usd,54352.0,49649.0,-4703.0,cr,Process Improvement (Yield Up),Operational-driven
actual,2025-01,B1,SH-CATB-U01,CONNECTOR HOUSING,usd,49649.0,48318.0,-1331.0,cr,Alternative Material Substitution,Engineering-driven
actual,2025-02,B1,SH-CATB-U01,CONNECTOR HOUSING,usd,48318.0,45900.0,-2418.0,cr,Localization / Local Sourcing,Operational-driven
actual,2025-03,B1,SH-CATB-U01,CONNECTOR HOUSING,usd,45900.0,44561.0,-1339.0,cr,Localization / Local Sourcing,Operational-driven
actual,2025-04,B1,SH-CATB-U01,CONNECTOR HOUSING,usd,44561.0,42100.0,-2461.0,cr,Localization / Local Sourcing,Operational-driven
actual,2025-05,B1,SH-CATB-U01,CONNECTOR HOUSING,usd,42100.0,42100.0,0.0,,,
actual,2025-06,B1,SH-CATB-U01,CONNECTOR HOUSING,usd,42100.0,45835.0,3735.0,cu,Raw Material Price Increase,Market-driven
actual,2025-07,B1,SH-CATB-U01,CONNECTOR HOUSING,usd,45835.0,42153.0,-3682.0,cr,Localization / Local Sourcing,Operational-driven
actual,2025-08,B1,SH-CATB-U01,CONNECTOR HOUSING,usd,42153.0,39350.0,-2803.0,cr,Supplier Negotiation,Operational-driven
actual,2025-09,B1,SH-CATB-U01,CONNECTOR HOUSING,usd,39350.0,40878.0,1528.0,cu,Supplier Change (Higher Cost Source),Market-driven
actual,2025-10,B1,SH-CATB-U01,CONNECTOR HOUSING,usd,40878.0,37163.0,-3715.0,cr,Supplier Negotiation,Operational-driven
actual,2024-11,B1,SH-IDX01,PRECISION GEAR,jpy,37408.0,37408.0,0.0,,,
actual,2024-12,B1,SH-IDX01,PRECISION GEAR,jpy,37408.0,35794.0,-1614.0,cr,Localization / Local Sourcing,Operational-driven
actual,2025-01,B1,SH-IDX01,PRECISION GEAR,jpy,35794.0,34755.0,-1039.0,cr,VA/VE Improvement,Engineering-driven
actual,2025-02,B1,SH-IDX01,PRECISION GEAR,jpy,34755.0,32826.0,-1929.0,cr,Supplier Negotiation,Operational-driven
actual,2025-03,B1,SH-IDX01,PRECISION GEAR,jpy,32826.0,31458.0,-1368.0,cr,Process Improvement (Yield Up),Operational-driven
actual,2025-04,B1,SH-IDX01,PRECISION GEAR,jpy,31458.0,29867.0,-1591.0,cr,Process Improvement (Yield Up),Operational-driven
actual,2025-05,B1,SH-IDX01,PRECISION GEAR,jpy,29867.0,32093.0,2226.0,cu,Supplier Change (Higher Cost Source),Market-driven
actual,2025-06,B1,SH-IDX01,PRECISION GEAR,jpy,32093.0,32785.0,692.0,cu,Yield/Scrap Rate Increase,Operational-driven
actual,2025-07,B1,SH-IDX01,PRECISION GEAR,jpy,32785.0,32049.0,-736.0,cr,Localization / Local Sourcing,Operational-driven
actual,2025-08,B1,SH-IDX01,PRECISION GEAR,jpy,32049.0,30671.0,-1378.0,cr,Process Improvement (Yield Up),Operational-driven
actual,2025-09,B1,SH-IDX01,PRECISION GEAR,jpy,30671.0,28482.0,-2189.0,cr,Alternative Material Substitution,Engineering-driven
actual,2025-10,B1,SH-IDX01,PRECISION GEAR,jpy,28482.0,25842.0,-2640.0,cr,Alternative Material Substitution,Engineering-driven
actual,2024-11,B1,UQ-B1-01,PANEL FRONT AS,domestic,483641.0,483641.0,0.0,,,
actual,2024-12,B1,UQ-B1-01,PANEL FRONT AS,domestic,483641.0,505264.0,21623.0,cu,Yield/Scrap Rate Increase,Operational-driven
actual,2025-01,B1,UQ-B1-01,PANEL FRONT AS,domestic,505264.0,530174.0,24910.0,cu,Raw Material Price Increase,Market-driven
actual,2025-02,B1,UQ-B1-01,PANEL FRONT AS,domestic,530174.0,480442.0,-49732.0,cr,Alternative Material Substitution,Engineering-driven
actual,2025-03,B1,UQ-B1-01,PANEL FRONT AS,domestic,480442.0,523898.0,43456.0,cu,Supplier Change (Higher Cost Source),Market-driven
actual,2025-04,B1,UQ-B1-01,PANEL FRONT AS,domestic,523898.0,555778.0,31880.0,cu,Yield/Scrap Rate Increase,Operational-driven
actual,2025-05,B1,UQ-B1-01,PANEL FRONT AS,domestic,555778.0,581985.0,26207.0,cu,Engineering Change / Spec Upgrade,Engineering-driven
actual,2025-06,B1,UQ-B1-01,PANEL FRONT AS,domestic,581985.0,571349.0,-10636.0,cr,Supplier Negotiation,Operational-driven
actual,2025-07,B1,UQ-B1-01,PANEL FRONT AS,domestic,571349.0,604437.0,33088.0,cu,Engineering Change / Spec Upgrade,Engineering-driven
actual,2025-08,B1,UQ-B1-01,PANEL FRONT AS,domestic,604437.0,630372.0,25935.0,cu,Raw Material Price Increase,Market-driven
actual,2025-09,B1,UQ-B1-01,PANEL FRONT AS,domestic,630372.0,641566.0,11194.0,cu,Supplier Change (Higher Cost Source),Market-driven
actual,2025-10,B1,UQ-B1-01,PANEL FRONT AS,domestic,641566.0,655930.0,14364.0,cu,Raw Material Price Increase,Market-driven
actual,2024-11,B1,UQ-B1-02,BRACKET SUPPORT,domestic,526228.0,567361.0,41133.0,cu,Supplier Change (Higher Cost Source),Market-driven
actual,2024-12,B1,UQ-B1-02,BRACKET SUPPORT,domestic,567361.0,577649.0,10288.0,cu,Engineering Change / Spec Upgrade,Engineering-driven
actual,2025-01,B1,UQ-B1-02,BRACKET SUPPORT,domestic,577649.0,577649.0,0.0,,,
actual,2025-02,B1,UQ-B1-02,BRACKET SUPPORT,domestic,577649.0,620886.0,43237.0,cu,Logistics/Freight Cost Increase,Market-driven
actual,2025-03,B1,UQ-B1-02,BRACKET SUPPORT,domestic,620886.0,668633.0,47747.0,cu,Supplier Change (Higher Cost Source),Market-driven
actual,2025-04,B1,UQ-B1-02,BRACKET SUPPORT,domestic,668633.0,625939.0,-42694.0,cr,Localization / Local Sourcing,Operational-driven
actual,2025-05,B1,UQ-B1-02,BRACKET SUPPORT,domestic,625939.0,664278.0,38339.0,cu,Raw Material Price Increase,Market-driven
actual,2025-06,B1,UQ-B1-02,BRACKET SUPPORT,domestic,664278.0,608613.0,-55665.0,cr,Alternative Material Substitution,Engineering-driven
actual,2025-07,B1,UQ-B1-02,BRACKET SUPPORT,domestic,608613.0,628409.0,19796.0,cu,Raw Material Price Increase,Market-driven
actual,2025-08,B1,UQ-B1-02,BRACKET SUPPORT,domestic,628409.0,655054.0,26645.0,cu,Logistics/Freight Cost Increase,Market-driven
actual,2025-09,B1,UQ-B1-02,BRACKET SUPPORT,domestic,655054.0,670622.0,15568.0,cu,Engineering Change / Spec Upgrade,Engineering-driven
actual,2025-10,B1,UQ-B1-02,BRACKET SUPPORT,domestic,670622.0,685256.0,14634.0,cu,Engineering Change / Spec Upgrade,Engineering-driven
actual,2024-11,B1,UQ-B1-03,IC CHIP CONTROL,usd,410894.0,385245.0,-25649.0,cr,Process Improvement (Yield Up),Operational-driven
actual,2024-12,B1,UQ-B1-03,IC CHIP CONTROL,usd,385245.0,411893.0,26648.0,cu,Yield/Scrap Rate Increase,Operational-driven
actual,2025-01,B1,UQ-B1-03,IC CHIP CONTROL,usd,411893.0,433922.0,22029.0,cu,Logistics/Freight Cost Increase,Market-driven
actual,2025-02,B1,UQ-B1-03,IC CHIP CONTROL,usd,433922.0,458479.0,24557.0,cu,Logistics/Freight Cost Increase,Market-driven
actual,2025-03,B1,UQ-B1-03,IC CHIP CONTROL,usd,458479.0,493013.0,34534.0,cu,Yield/Scrap Rate Increase,Operational-driven
actual,2025-04,B1,UQ-B1-03,IC CHIP CONTROL,usd,493013.0,517318.0,24305.0,cu,Raw Material Price Increase,Market-driven
actual,2025-05,B1,UQ-B1-03,IC CHIP CONTROL,usd,517318.0,481983.0,-35335.0,cr,Supplier Negotiation,Operational-driven
actual,2025-06,B1,UQ-B1-03,IC CHIP CONTROL,usd,481983.0,503320.0,21337.0,cu,Supplier Change (Higher Cost Source),Market-driven
actual,2025-07,B1,UQ-B1-03,IC CHIP CONTROL,usd,503320.0,531804.0,28484.0,cu,Logistics/Freight Cost Increase,Market-driven
actual,2025-08,B1,UQ-B1-03,IC CHIP CONTROL,usd,531804.0,531804.0,0.0,,,
actual,2025-09,B1,UQ-B1-03,IC CHIP CONTROL,usd,531804.0,561124.0,29320.0,cu,Logistics/Freight Cost Increase,Market-driven
actual,2025-10,B1,UQ-B1-03,IC CHIP CONTROL,usd,561124.0,590831.0,29707.0,cu,Yield/Scrap Rate Increase,Operational-driven
actual,2024-11,B1,UQ-B1-04,MOTOR UNIT,jpy,203188.0,199608.0,-3580.0,cr,Alternative Material Substitution,Engineering-driven
actual,2024-12,B1,UQ-B1-04,MOTOR UNIT,jpy,199608.0,207292.0,7684.0,cu,Yield/Scrap Rate Increase,Operational-driven
actual,2025-01,B1,UQ-B1-04,MOTOR UNIT,jpy,207292.0,196756.0,-10536.0,cr,Supplier Negotiation,Operational-driven
actual,2025-02,B1,UQ-B1-04,MOTOR UNIT,jpy,196756.0,196756.0,0.0,,,
actual,2025-03,B1,UQ-B1-04,MOTOR UNIT,jpy,196756.0,184946.0,-11810.0,cr,Alternative Material Substitution,Engineering-driven
actual,2025-04,B1,UQ-B1-04,MOTOR UNIT,jpy,184946.0,178120.0,-6826.0,cr,Alternative Material Substitution,Engineering-driven
actual,2025-05,B1,UQ-B1-04,MOTOR UNIT,jpy,178120.0,171526.0,-6594.0,cr,VA/VE Improvement,Engineering-driven
actual,2025-06,B1,UQ-B1-04,MOTOR UNIT,jpy,171526.0,185719.0,14193.0,cu,Yield/Scrap Rate Increase,Operational-driven
actual,2025-07,B1,UQ-B1-04,MOTOR UNIT,jpy,185719.0,176673.0,-9046.0,cr,Localization / Local Sourcing,Operational-driven
actual,2025-08,B1,UQ-B1-04,MOTOR UNIT,jpy,176673.0,171195.0,-5478.0,cr,VA/VE Improvement,Engineering-driven
actual,2025-09,B1,UQ-B1-04,MOTOR UNIT,jpy,171195.0,166904.0,-4291.0,cr,Localization / Local Sourcing,Operational-driven
actual,2025-10,B1,UQ-B1-04,MOTOR UNIT,jpy,166904.0,162694.0,-4210.0,cr,Process Improvement (Yield Up),Operational-driven
actual,2024-11,B1,UQ-B1-05,SENSOR MODULE,jpy,245458.0,251919.0,6461.0,cu,Supplier Change (Higher Cost Source),Market-driven
actual,2024-12,B1,UQ-B1-05,SENSOR MODULE,jpy,251919.0,237726.0,-14193.0,cr,Alternative Material Substitution,Engineering-driven
actual,2025-01,B1,UQ-B1-05,SENSOR MODULE,jpy,237726.0,222655.0,-15071.0,cr,VA/VE Improvement,Engineering-driven
actual,2025-02,B1,UQ-B1-05,SENSOR MODULE,jpy,222655.0,209127.0,-13528.0,cr,Alternative Material Substitution,Engineering-driven
actual,2025-03,B1,UQ-B1-05,SENSOR MODULE,jpy,209127.0,204847.0,-4280.0,cr,Localization / Local Sourcing,Operational-driven
actual,2025-04,B1,UQ-B1-05,SENSOR MODULE,jpy,204847.0,204847.0,0.0,,,
actual,2025-05,B1,UQ-B1-05,SENSOR MODULE,jpy,204847.0,191600.0,-13247.0,cr,Process Improvement (Yield Up),Operational-driven
actual,2025-06,B1,UQ-B1-05,SENSOR MODULE,jpy,191600.0,183603.0,-7997.0,cr,Localization / Local Sourcing,Operational-driven
actual,2025-07,B1,UQ-B1-05,SENSOR MODULE,jpy,183603.0,174987.0,-8616.0,cr,Localization / Local Sourcing,Operational-driven
actual,2025-08,B1,UQ-B1-05,SENSOR MODULE,jpy,174987.0,167644.0,-7343.0,cr,Localization / Local Sourcing,Operational-driven
actual,2025-09,B1,UQ-B1-05,SENSOR MODULE,jpy,167644.0,174961.0,7317.0,cu,Yield/Scrap Rate Increase,Operational-driven
actual,2025-10,B1,UQ-B1-05,SENSOR MODULE,jpy,174961.0,162308.0,-12653.0,cr,Localization / Local Sourcing,Operational-driven
actual,2024-11,B2,SH-CATB-D01,PANEL BOTTOM AS,domestic,134348.0,128910.0,-5438.0,cr,Localization / Local Sourcing,Operational-driven
actual,2024-12,B2,SH-CATB-D01,PANEL BOTTOM AS,domestic,128910.0,123207.0,-5703.0,cr,Alternative Material Substitution,Engineering-driven
actual,2025-01,B2,SH-CATB-D01,PANEL BOTTOM AS,domestic,123207.0,111757.0,-11450.0,cr,Alternative Material Substitution,Engineering-driven
actual,2025-02,B2,SH-CATB-D01,PANEL BOTTOM AS,domestic,111757.0,103982.0,-7775.0,cr,VA/VE Improvement,Engineering-driven
actual,2025-03,B2,SH-CATB-D01,PANEL BOTTOM AS,domestic,103982.0,101708.0,-2274.0,cr,Process Improvement (Yield Up),Operational-driven
actual,2025-04,B2,SH-CATB-D01,PANEL BOTTOM AS,domestic,101708.0,94151.0,-7557.0,cr,Localization / Local Sourcing,Operational-driven
actual,2025-05,B2,SH-CATB-D01,PANEL BOTTOM AS,domestic,94151.0,87989.0,-6162.0,cr,Process Improvement (Yield Up),Operational-driven
actual,2025-06,B2,SH-CATB-D01,PANEL BOTTOM AS,domestic,87989.0,85585.0,-2404.0,cr,Localization / Local Sourcing,Operational-driven
actual,2025-07,B2,SH-CATB-D01,PANEL BOTTOM AS,domestic,85585.0,78415.0,-7170.0,cr,Alternative Material Substitution,Engineering-driven
actual,2025-08,B2,SH-CATB-D01,PANEL BOTTOM AS,domestic,78415.0,84428.0,6013.0,cu,Yield/Scrap Rate Increase,Operational-driven
actual,2025-09,B2,SH-CATB-D01,PANEL BOTTOM AS,domestic,84428.0,84428.0,0.0,,,
actual,2025-10,B2,SH-CATB-D01,PANEL BOTTOM AS,domestic,84428.0,88028.0,3600.0,cu,Raw Material Price Increase,Market-driven
actual,2024-11,B2,SH-CATB-U01,CONNECTOR HOUSING,usd,58561.0,54352.0,-4209.0,cr,Localization / Local Sourcing,Operational-driven
actual,2024-12,B2,SH-CATB-U01,CONNECTOR HOUSING,usd,54352.0,49649.0,-4703.0,cr,Process Improvement (Yield Up),Operational-driven
actual,2025-01,B2,SH-CATB-U01,CONNECTOR HOUSING,usd,49649.0,48318.0,-1331.0,cr,Alternative Material Substitution,Engineering-driven
actual,2025-02,B2,SH-CATB-U01,CONNECTOR HOUSING,usd,48318.0,45900.0,-2418.0,cr,Localization / Local Sourcing,Operational-driven
actual,2025-03,B2,SH-CATB-U01,CONNECTOR HOUSING,usd,45900.0,44561.0,-1339.0,cr,Localization / Local Sourcing,Operational-driven
actual,2025-04,B2,SH-CATB-U01,CONNECTOR HOUSING,usd,44561.0,42100.0,-2461.0,cr,Localization / Local Sourcing,Operational-driven
actual,2025-05,B2,SH-CATB-U01,CONNECTOR HOUSING,usd,42100.0,42100.0,0.0,,,
actual,2025-06,B2,SH-CATB-U01,CONNECTOR HOUSING,usd,42100.0,45835.0,3735.0,cu,Raw Material Price Increase,Market-driven
actual,2025-07,B2,SH-CATB-U01,CONNECTOR HOUSING,usd,45835.0,42153.0,-3682.0,cr,Localization / Local Sourcing,Operational-driven
actual,2025-08,B2,SH-CATB-U01,CONNECTOR HOUSING,usd,42153.0,39350.0,-2803.0,cr,Supplier Negotiation,Operational-driven
actual,2025-09,B2,SH-CATB-U01,CONNECTOR HOUSING,usd,39350.0,40878.0,1528.0,cu,Supplier Change (Higher Cost Source),Market-driven
actual,2025-10,B2,SH-CATB-U01,CONNECTOR HOUSING,usd,40878.0,37163.0,-3715.0,cr,Supplier Negotiation,Operational-driven
actual,2024-11,B2,SH-IDX02,PRECISION GEAR,jpy,42447.0,42447.0,0.0,,,
actual,2024-12,B2,SH-IDX02,PRECISION GEAR,jpy,42447.0,39851.0,-2596.0,cr,Alternative Material Substitution,Engineering-driven
actual,2025-01,B2,SH-IDX02,PRECISION GEAR,jpy,39851.0,36447.0,-3404.0,cr,Localization / Local Sourcing,Operational-driven
actual,2025-02,B2,SH-IDX02,PRECISION GEAR,jpy,36447.0,34626.0,-1821.0,cr,Localization / Local Sourcing,Operational-driven
actual,2025-03,B2,SH-IDX02,PRECISION GEAR,jpy,34626.0,33156.0,-1470.0,cr,Localization / Local Sourcing,Operational-driven
actual,2025-04,B2,SH-IDX02,PRECISION GEAR,jpy,33156.0,31648.0,-1508.0,cr,Process Improvement (Yield Up),Operational-driven
actual,2025-05,B2,SH-IDX02,PRECISION GEAR,jpy,31648.0,34991.0,3343.0,cu,Logistics/Freight Cost Increase,Market-driven
actual,2025-06,B2,SH-IDX02,PRECISION GEAR,jpy,34991.0,37140.0,2149.0,cu,Engineering Change / Spec Upgrade,Engineering-driven
actual,2025-07,B2,SH-IDX02,PRECISION GEAR,jpy,37140.0,36201.0,-939.0,cr,Alternative Material Substitution,Engineering-driven
actual,2025-08,B2,SH-IDX02,PRECISION GEAR,jpy,36201.0,32634.0,-3567.0,cr,VA/VE Improvement,Engineering-driven
actual,2025-09,B2,SH-IDX02,PRECISION GEAR,jpy,32634.0,30187.0,-2447.0,cr,VA/VE Improvement,Engineering-driven
actual,2025-10,B2,SH-IDX02,PRECISION GEAR,jpy,30187.0,27771.0,-2416.0,cr,VA/VE Improvement,Engineering-driven
actual,2024-11,B2,UQ-B2-01,PANEL FRONT AS,domestic,520837.0,520837.0,0.0,,,
actual,2024-12,B2,UQ-B2-01,PANEL FRONT AS,domestic,520837.0,541525.0,20688.0,cu,Engineering Change / Spec Upgrade,Engineering-driven
actual,2025-01,B2,UQ-B2-01,PANEL FRONT AS,domestic,541525.0,581462.0,39937.0,cu,Engineering Change / Spec Upgrade,Engineering-driven
actual,2025-02,B2,UQ-B2-01,PANEL FRONT AS,domestic,581462.0,542339.0,-39123.0,cr,Process Improvement (Yield Up),Operational-driven
actual,2025-03,B2,UQ-B2-01,PANEL FRONT AS,domestic,542339.0,554630.0,12291.0,cu,Logistics/Freight Cost Increase,Market-driven
actual,2025-04,B2,UQ-B2-01,PANEL FRONT AS,domestic,554630.0,590621.0,35991.0,cu,Engineering Change / Spec Upgrade,Engineering-driven
actual,2025-05,B2,UQ-B2-01,PANEL FRONT AS,domestic,590621.0,651728.0,61107.0,cu,Supplier Change (Higher Cost Source),Market-driven
actual,2025-06,B2,UQ-B2-01,PANEL FRONT AS,domestic,651728.0,633194.0,-18534.0,cr,VA/VE Improvement,Engineering-driven
actual,2025-07,B2,UQ-B2-01,PANEL FRONT AS,domestic,633194.0,677094.0,43900.0,cu,Supplier Change (Higher Cost Source),Market-driven
actual,2025-08,B2,UQ-B2-01,PANEL FRONT AS,domestic,677094.0,720004.0,42910.0,cu,Supplier Change (Higher Cost Source),Market-driven
actual,2025-09,B2,UQ-B2-01,PANEL FRONT AS,domestic,720004.0,732690.0,12686.0,cu,Engineering Change / Spec Upgrade,Engineering-driven
actual,2025-10,B2,UQ-B2-01,PANEL FRONT AS,domestic,732690.0,758320.0,25630.0,cu,Yield/Scrap Rate Increase,Operational-driven
actual,2024-11,B2,UQ-B2-02,BRACKET SUPPORT,domestic,705477.0,756716.0,51239.0,cu,Raw Material Price Increase,Market-driven
actual,2024-12,B2,UQ-B2-02,BRACKET SUPPORT,domestic,756716.0,787305.0,30589.0,cu,Raw Material Price Increase,Market-driven
actual,2025-01,B2,UQ-B2-02,BRACKET SUPPORT,domestic,787305.0,787305.0,0.0,,,
actual,2025-02,B2,UQ-B2-02,BRACKET SUPPORT,domestic,787305.0,832186.0,44881.0,cu,Raw Material Price Increase,Market-driven
actual,2025-03,B2,UQ-B2-02,BRACKET SUPPORT,domestic,832186.0,905067.0,72881.0,cu,Supplier Change (Higher Cost Source),Market-driven
actual,2025-04,B2,UQ-B2-02,BRACKET SUPPORT,domestic,905067.0,875267.0,-29800.0,cr,Localization / Local Sourcing,Operational-driven
actual,2025-05,B2,UQ-B2-02,BRACKET SUPPORT,domestic,875267.0,901431.0,26164.0,cu,Yield/Scrap Rate Increase,Operational-driven
actual,2025-06,B2,UQ-B2-02,BRACKET SUPPORT,domestic,901431.0,876068.0,-25363.0,cr,VA/VE Improvement,Engineering-driven
actual,2025-07,B2,UQ-B2-02,BRACKET SUPPORT,domestic,876068.0,898570.0,22502.0,cu,Engineering Change / Spec Upgrade,Engineering-driven
actual,2025-08,B2,UQ-B2-02,BRACKET SUPPORT,domestic,898570.0,933438.0,34868.0,cu,Engineering Change / Spec Upgrade,Engineering-driven
actual,2025-09,B2,UQ-B2-02,BRACKET SUPPORT,domestic,933438.0,983429.0,49991.0,cu,Raw Material Price Increase,Market-driven
actual,2025-10,B2,UQ-B2-02,BRACKET SUPPORT,domestic,983429.0,1057133.0,73704.0,cu,Logistics/Freight Cost Increase,Market-driven
actual,2024-11,B2,UQ-B2-03,IC CHIP CONTROL,usd,344249.0,324458.0,-19791.0,cr,Alternative Material Substitution,Engineering-driven
actual,2024-12,B2,UQ-B2-03,IC CHIP CONTROL,usd,324458.0,350431.0,25973.0,cu,Supplier Change (Higher Cost Source),Market-driven
actual,2025-01,B2,UQ-B2-03,IC CHIP CONTROL,usd,350431.0,367597.0,17166.0,cu,Yield/Scrap Rate Increase,Operational-driven
actual,2025-02,B2,UQ-B2-03,IC CHIP CONTROL,usd,367597.0,385063.0,17466.0,cu,Raw Material Price Increase,Market-driven
actual,2025-03,B2,UQ-B2-03,IC CHIP CONTROL,usd,385063.0,401658.0,16595.0,cu,Logistics/Freight Cost Increase,Market-driven
actual,2025-04,B2,UQ-B2-03,IC CHIP CONTROL,usd,401658.0,415313.0,13655.0,cu,Yield/Scrap Rate Increase,Operational-driven
actual,2025-05,B2,UQ-B2-03,IC CHIP CONTROL,usd,415313.0,395516.0,-19797.0,cr,VA/VE Improvement,Engineering-driven
actual,2025-06,B2,UQ-B2-03,IC CHIP CONTROL,usd,395516.0,413546.0,18030.0,cu,Supplier Change (Higher Cost Source),Market-driven
actual,2025-07,B2,UQ-B2-03,IC CHIP CONTROL,usd,413546.0,444526.0,30980.0,cu,Raw Material Price Increase,Market-driven
actual,2025-08,B2,UQ-B2-03,IC CHIP CONTROL,usd,444526.0,444526.0,0.0,,,
actual,2025-09,B2,UQ-B2-03,IC CHIP CONTROL,usd,444526.0,464224.0,19698.0,cu,Supplier Change (Higher Cost Source),Market-driven
actual,2025-10,B2,UQ-B2-03,IC CHIP CONTROL,usd,464224.0,495527.0,31303.0,cu,Logistics/Freight Cost Increase,Market-driven
actual,2024-11,B2,UQ-B2-04,MOTOR UNIT,jpy,475985.0,450151.0,-25834.0,cr,Localization / Local Sourcing,Operational-driven
actual,2024-12,B2,UQ-B2-04,MOTOR UNIT,jpy,450151.0,458792.0,8641.0,cu,Engineering Change / Spec Upgrade,Engineering-driven
actual,2025-01,B2,UQ-B2-04,MOTOR UNIT,jpy,458792.0,430679.0,-28113.0,cr,VA/VE Improvement,Engineering-driven
actual,2025-02,B2,UQ-B2-04,MOTOR UNIT,jpy,430679.0,430679.0,0.0,,,
actual,2025-03,B2,UQ-B2-04,MOTOR UNIT,jpy,430679.0,422698.0,-7981.0,cr,Process Improvement (Yield Up),Operational-driven
actual,2025-04,B2,UQ-B2-04,MOTOR UNIT,jpy,422698.0,403374.0,-19324.0,cr,Supplier Negotiation,Operational-driven
actual,2025-05,B2,UQ-B2-04,MOTOR UNIT,jpy,403374.0,389155.0,-14219.0,cr,Localization / Local Sourcing,Operational-driven
actual,2025-06,B2,UQ-B2-04,MOTOR UNIT,jpy,389155.0,421795.0,32640.0,cu,Engineering Change / Spec Upgrade,Engineering-driven
actual,2025-07,B2,UQ-B2-04,MOTOR UNIT,jpy,421795.0,400041.0,-21754.0,cr,VA/VE Improvement,Engineering-driven
actual,2025-08,B2,UQ-B2-04,MOTOR UNIT,jpy,400041.0,365798.0,-34243.0,cr,Supplier Negotiation,Operational-driven
actual,2025-09,B2,UQ-B2-04,MOTOR UNIT,jpy,365798.0,340194.0,-25604.0,cr,Alternative Material Substitution,Engineering-driven
actual,2025-10,B2,UQ-B2-04,MOTOR UNIT,jpy,340194.0,322412.0,-17782.0,cr,VA/VE Improvement,Engineering-driven
actual,2024-11,B2,UQ-B2-05,SENSOR MODULE,jpy,528802.0,554020.0,25218.0,cu,Logistics/Freight Cost Increase,Market-driven
actual,2024-12,B2,UQ-B2-05,SENSOR MODULE,jpy,554020.0,519439.0,-34581.0,cr,Process Improvement (Yield Up),Operational-driven
actual,2025-01,B2,UQ-B2-05,SENSOR MODULE,jpy,519439.0,508569.0,-10870.0,cr,Process Improvement (Yield Up),Operational-driven
actual,2025-02,B2,UQ-B2-05,SENSOR MODULE,jpy,508569.0,479687.0,-28882.0,cr,Process Improvement (Yield Up),Operational-driven
actual,2025-03,B2,UQ-B2-05,SENSOR MODULE,jpy,479687.0,449481.0,-30206.0,cr,Supplier Negotiation,Operational-driven
actual,2025-04,B2,UQ-B2-05,SENSOR MODULE,jpy,449481.0,449481.0,0.0,,,
actual,2025-05,B2,UQ-B2-05,SENSOR MODULE,jpy,449481.0,436033.0,-13448.0,cr,Process Improvement (Yield Up),Operational-driven
actual,2025-06,B2,UQ-B2-05,SENSOR MODULE,jpy,436033.0,415572.0,-20461.0,cr,Process Improvement (Yield Up),Operational-driven
actual,2025-07,B2,UQ-B2-05,SENSOR MODULE,jpy,415572.0,384705.0,-30867.0,cr,VA/VE Improvement,Engineering-driven
actual,2025-08,B2,UQ-B2-05,SENSOR MODULE,jpy,384705.0,370562.0,-14143.0,cr,Process Improvement (Yield Up),Operational-driven
actual,2025-09,B2,UQ-B2-05,SENSOR MODULE,jpy,370562.0,387638.0,17076.0,cu,Supplier Change (Higher Cost Source),Market-driven
actual,2025-10,B2,UQ-B2-05,SENSOR MODULE,jpy,387638.0,360218.0,-27420.0,cr,VA/VE Improvement,Engineering-driven
actual,2024-11,B2,SH-EVEN-01,TAPE PU-F,domestic,70295.0,75075.0,4780.0,cu,Raw Material Price Increase,Market-driven
actual,2024-12,B2,SH-EVEN-01,TAPE PU-F,domestic,75075.0,80181.0,5106.0,cu,Raw Material Price Increase,Market-driven
actual,2025-01,B2,SH-EVEN-01,TAPE PU-F,domestic,80181.0,82639.0,2458.0,cu,Engineering Change / Spec Upgrade,Engineering-driven
actual,2025-02,B2,SH-EVEN-01,TAPE PU-F,domestic,82639.0,87878.0,5239.0,cu,Engineering Change / Spec Upgrade,Engineering-driven
actual,2025-03,B2,SH-EVEN-01,TAPE PU-F,domestic,87878.0,93563.0,5685.0,cu,Engineering Change / Spec Upgrade,Engineering-driven
actual,2025-04,B2,SH-EVEN-01,TAPE PU-F,domestic,93563.0,89152.0,-4411.0,cr,VA/VE Improvement,Engineering-driven
actual,2025-05,B2,SH-EVEN-01,TAPE PU-F,domestic,89152.0,94914.0,5762.0,cu,Supplier Change (Higher Cost Source),Market-driven
actual,2025-06,B2,SH-EVEN-01,TAPE PU-F,domestic,94914.0,101876.0,6962.0,cu,Supplier Change (Higher Cost Source),Market-driven
actual,2025-07,B2,SH-EVEN-01,TAPE PU-F,domestic,101876.0,94152.0,-7724.0,cr,Process Improvement (Yield Up),Operational-driven
actual,2025-08,B2,SH-EVEN-01,TAPE PU-F,domestic,94152.0,96785.0,2633.0,cu,Supplier Change (Higher Cost Source),Market-driven
actual,2025-09,B2,SH-EVEN-01,TAPE PU-F,domestic,96785.0,96785.0,0.0,,,
actual,2025-10,B2,SH-EVEN-01,TAPE PU-F,domestic,96785.0,101858.0,5073.0,cu,Yield/Scrap Rate Increase,Operational-driven
actual,2024-11,B2,SH-EVEN-02,RESIN COMPOUND,usd,19042.0,19491.0,449.0,cu,Supplier Change (Higher Cost Source),Market-driven
actual,2024-12,B2,SH-EVEN-02,RESIN COMPOUND,usd,19491.0,20366.0,875.0,cu,Supplier Change (Higher Cost Source),Market-driven
actual,2025-01,B2,SH-EVEN-02,RESIN COMPOUND,usd,20366.0,20895.0,529.0,cu,Raw Material Price Increase,Market-driven
actual,2025-02,B2,SH-EVEN-02,RESIN COMPOUND,usd,20895.0,21472.0,577.0,cu,Logistics/Freight Cost Increase,Market-driven
actual,2025-03,B2,SH-EVEN-02,RESIN COMPOUND,usd,21472.0,22839.0,1367.0,cu,Logistics/Freight Cost Increase,Market-driven
actual,2025-04,B2,SH-EVEN-02,RESIN COMPOUND,usd,22839.0,22839.0,0.0,,,
actual,2025-05,B2,SH-EVEN-02,RESIN COMPOUND,usd,22839.0,21574.0,-1265.0,cr,Localization / Local Sourcing,Operational-driven
actual,2025-06,B2,SH-EVEN-02,RESIN COMPOUND,usd,21574.0,22763.0,1189.0,cu,Logistics/Freight Cost Increase,Market-driven
actual,2025-07,B2,SH-EVEN-02,RESIN COMPOUND,usd,22763.0,21147.0,-1616.0,cr,Alternative Material Substitution,Engineering-driven
actual,2025-08,B2,SH-EVEN-02,RESIN COMPOUND,usd,21147.0,22059.0,912.0,cu,Raw Material Price Increase,Market-driven
actual,2025-09,B2,SH-EVEN-02,RESIN COMPOUND,usd,22059.0,23441.0,1382.0,cu,Engineering Change / Spec Upgrade,Engineering-driven
actual,2025-10,B2,SH-EVEN-02,RESIN COMPOUND,usd,23441.0,24890.0,1449.0,cu,Yield/Scrap Rate Increase,Operational-driven
actual,2024-11,B3,SH-CATB-D01,PANEL BOTTOM AS,domestic,134348.0,128910.0,-5438.0,cr,Localization / Local Sourcing,Operational-driven
actual,2024-12,B3,SH-CATB-D01,PANEL BOTTOM AS,domestic,128910.0,123207.0,-5703.0,cr,Alternative Material Substitution,Engineering-driven
actual,2025-01,B3,SH-CATB-D01,PANEL BOTTOM AS,domestic,123207.0,111757.0,-11450.0,cr,Alternative Material Substitution,Engineering-driven
actual,2025-02,B3,SH-CATB-D01,PANEL BOTTOM AS,domestic,111757.0,103982.0,-7775.0,cr,VA/VE Improvement,Engineering-driven
actual,2025-03,B3,SH-CATB-D01,PANEL BOTTOM AS,domestic,103982.0,101708.0,-2274.0,cr,Process Improvement (Yield Up),Operational-driven
actual,2025-04,B3,SH-CATB-D01,PANEL BOTTOM AS,domestic,101708.0,94151.0,-7557.0,cr,Localization / Local Sourcing,Operational-driven
actual,2025-05,B3,SH-CATB-D01,PANEL BOTTOM AS,domestic,94151.0,87989.0,-6162.0,cr,Process Improvement (Yield Up),Operational-driven
actual,2025-06,B3,SH-CATB-D01,PANEL BOTTOM AS,domestic,87989.0,85585.0,-2404.0,cr,Localization / Local Sourcing,Operational-driven
actual,2025-07,B3,SH-CATB-D01,PANEL BOTTOM AS,domestic,85585.0,78415.0,-7170.0,cr,Alternative Material Substitution,Engineering-driven
actual,2025-08,B3,SH-CATB-D01,PANEL BOTTOM AS,domestic,78415.0,84428.0,6013.0,cu,Yield/Scrap Rate Increase,Operational-driven
actual,2025-09,B3,SH-CATB-D01,PANEL BOTTOM AS,domestic,84428.0,84428.0,0.0,,,
actual,2025-10,B3,SH-CATB-D01,PANEL BOTTOM AS,domestic,84428.0,88028.0,3600.0,cu,Raw Material Price Increase,Market-driven
actual,2024-11,B3,SH-CATB-U01,CONNECTOR HOUSING,usd,58561.0,54352.0,-4209.0,cr,Localization / Local Sourcing,Operational-driven
actual,2024-12,B3,SH-CATB-U01,CONNECTOR HOUSING,usd,54352.0,49649.0,-4703.0,cr,Process Improvement (Yield Up),Operational-driven
actual,2025-01,B3,SH-CATB-U01,CONNECTOR HOUSING,usd,49649.0,48318.0,-1331.0,cr,Alternative Material Substitution,Engineering-driven
actual,2025-02,B3,SH-CATB-U01,CONNECTOR HOUSING,usd,48318.0,45900.0,-2418.0,cr,Localization / Local Sourcing,Operational-driven
actual,2025-03,B3,SH-CATB-U01,CONNECTOR HOUSING,usd,45900.0,44561.0,-1339.0,cr,Localization / Local Sourcing,Operational-driven
actual,2025-04,B3,SH-CATB-U01,CONNECTOR HOUSING,usd,44561.0,42100.0,-2461.0,cr,Localization / Local Sourcing,Operational-driven
actual,2025-05,B3,SH-CATB-U01,CONNECTOR HOUSING,usd,42100.0,42100.0,0.0,,,
actual,2025-06,B3,SH-CATB-U01,CONNECTOR HOUSING,usd,42100.0,45835.0,3735.0,cu,Raw Material Price Increase,Market-driven
actual,2025-07,B3,SH-CATB-U01,CONNECTOR HOUSING,usd,45835.0,42153.0,-3682.0,cr,Localization / Local Sourcing,Operational-driven
actual,2025-08,B3,SH-CATB-U01,CONNECTOR HOUSING,usd,42153.0,39350.0,-2803.0,cr,Supplier Negotiation,Operational-driven
actual,2025-09,B3,SH-CATB-U01,CONNECTOR HOUSING,usd,39350.0,40878.0,1528.0,cu,Supplier Change (Higher Cost Source),Market-driven
actual,2025-10,B3,SH-CATB-U01,CONNECTOR HOUSING,usd,40878.0,37163.0,-3715.0,cr,Supplier Negotiation,Operational-driven
actual,2024-11,B3,SH-IDX03,PRECISION GEAR,jpy,110238.0,110238.0,0.0,,,
actual,2024-12,B3,SH-IDX03,PRECISION GEAR,jpy,110238.0,105176.0,-5062.0,cr,Alternative Material Substitution,Engineering-driven
actual,2025-01,B3,SH-IDX03,PRECISION GEAR,jpy,105176.0,96942.0,-8234.0,cr,Alternative Material Substitution,Engineering-driven
actual,2025-02,B3,SH-IDX03,PRECISION GEAR,jpy,96942.0,94448.0,-2494.0,cr,Process Improvement (Yield Up),Operational-driven
actual,2025-03,B3,SH-IDX03,PRECISION GEAR,jpy,94448.0,88401.0,-6047.0,cr,Process Improvement (Yield Up),Operational-driven
actual,2025-04,B3,SH-IDX03,PRECISION GEAR,jpy,88401.0,83341.0,-5060.0,cr,Process Improvement (Yield Up),Operational-driven
actual,2025-05,B3,SH-IDX03,PRECISION GEAR,jpy,83341.0,88426.0,5085.0,cu,Logistics/Freight Cost Increase,Market-driven
actual,2025-06,B3,SH-IDX03,PRECISION GEAR,jpy,88426.0,90488.0,2062.0,cu,Yield/Scrap Rate Increase,Operational-driven
actual,2025-07,B3,SH-IDX03,PRECISION GEAR,jpy,90488.0,85504.0,-4984.0,cr,Supplier Negotiation,Operational-driven
actual,2025-08,B3,SH-IDX03,PRECISION GEAR,jpy,85504.0,81232.0,-4272.0,cr,Supplier Negotiation,Operational-driven
actual,2025-09,B3,SH-IDX03,PRECISION GEAR,jpy,81232.0,78288.0,-2944.0,cr,Supplier Negotiation,Operational-driven
actual,2025-10,B3,SH-IDX03,PRECISION GEAR,jpy,78288.0,74377.0,-3911.0,cr,Alternative Material Substitution,Engineering-driven
actual,2024-11,B3,UQ-B3-01,PANEL FRONT AS,domestic,489098.0,489098.0,0.0,,,
actual,2024-12,B3,UQ-B3-01,PANEL FRONT AS,domestic,489098.0,509872.0,20774.0,cu,Yield/Scrap Rate Increase,Operational-driven
actual,2025-01,B3,UQ-B3-01,PANEL FRONT AS,domestic,509872.0,552347.0,42475.0,cu,Engineering Change / Spec Upgrade,Engineering-driven
actual,2025-02,B3,UQ-B3-01,PANEL FRONT AS,domestic,552347.0,541053.0,-11294.0,cr,VA/VE Improvement,Engineering-driven
actual,2025-03,B3,UQ-B3-01,PANEL FRONT AS,domestic,541053.0,595850.0,54797.0,cu,Supplier Change (Higher Cost Source),Market-driven
actual,2025-04,B3,UQ-B3-01,PANEL FRONT AS,domestic,595850.0,639831.0,43981.0,cu,Yield/Scrap Rate Increase,Operational-driven
actual,2025-05,B3,UQ-B3-01,PANEL FRONT AS,domestic,639831.0,661934.0,22103.0,cu,Yield/Scrap Rate Increase,Operational-driven
actual,2025-06,B3,UQ-B3-01,PANEL FRONT AS,domestic,661934.0,615332.0,-46602.0,cr,Supplier Negotiation,Operational-driven
actual,2025-07,B3,UQ-B3-01,PANEL FRONT AS,domestic,615332.0,624958.0,9626.0,cu,Raw Material Price Increase,Market-driven
actual,2025-08,B3,UQ-B3-01,PANEL FRONT AS,domestic,624958.0,677307.0,52349.0,cu,Engineering Change / Spec Upgrade,Engineering-driven
actual,2025-09,B3,UQ-B3-01,PANEL FRONT AS,domestic,677307.0,714917.0,37610.0,cu,Logistics/Freight Cost Increase,Market-driven
actual,2025-10,B3,UQ-B3-01,PANEL FRONT AS,domestic,714917.0,758846.0,43929.0,cu,Yield/Scrap Rate Increase,Operational-driven
actual,2024-11,B3,UQ-B3-02,BRACKET SUPPORT,domestic,400491.0,436502.0,36011.0,cu,Logistics/Freight Cost Increase,Market-driven
actual,2024-12,B3,UQ-B3-02,BRACKET SUPPORT,domestic,436502.0,465390.0,28888.0,cu,Yield/Scrap Rate Increase,Operational-driven
actual,2025-01,B3,UQ-B3-02,BRACKET SUPPORT,domestic,465390.0,465390.0,0.0,,,
actual,2025-02,B3,UQ-B3-02,BRACKET SUPPORT,domestic,465390.0,499161.0,33771.0,cu,Raw Material Price Increase,Market-driven
actual,2025-03,B3,UQ-B3-02,BRACKET SUPPORT,domestic,499161.0,530035.0,30874.0,cu,Engineering Change / Spec Upgrade,Engineering-driven
actual,2025-04,B3,UQ-B3-02,BRACKET SUPPORT,domestic,530035.0,497291.0,-32744.0,cr,Localization / Local Sourcing,Operational-driven
actual,2025-05,B3,UQ-B3-02,BRACKET SUPPORT,domestic,497291.0,534434.0,37143.0,cu,Yield/Scrap Rate Increase,Operational-driven
actual,2025-06,B3,UQ-B3-02,BRACKET SUPPORT,domestic,534434.0,497525.0,-36909.0,cr,Alternative Material Substitution,Engineering-driven
actual,2025-07,B3,UQ-B3-02,BRACKET SUPPORT,domestic,497525.0,518084.0,20559.0,cu,Supplier Change (Higher Cost Source),Market-driven
actual,2025-08,B3,UQ-B3-02,BRACKET SUPPORT,domestic,518084.0,549524.0,31440.0,cu,Supplier Change (Higher Cost Source),Market-driven
actual,2025-09,B3,UQ-B3-02,BRACKET SUPPORT,domestic,549524.0,579653.0,30129.0,cu,Logistics/Freight Cost Increase,Market-driven
actual,2025-10,B3,UQ-B3-02,BRACKET SUPPORT,domestic,579653.0,616860.0,37207.0,cu,Yield/Scrap Rate Increase,Operational-driven
actual,2024-11,B3,UQ-B3-03,IC CHIP CONTROL,usd,1295626.0,1185428.0,-110198.0,cr,Process Improvement (Yield Up),Operational-driven
actual,2024-12,B3,UQ-B3-03,IC CHIP CONTROL,usd,1185428.0,1232420.0,46992.0,cu,Raw Material Price Increase,Market-driven
actual,2025-01,B3,UQ-B3-03,IC CHIP CONTROL,usd,1232420.0,1349622.0,117202.0,cu,Raw Material Price Increase,Market-driven
actual,2025-02,B3,UQ-B3-03,IC CHIP CONTROL,usd,1349622.0,1449566.0,99944.0,cu,Supplier Change (Higher Cost Source),Market-driven
actual,2025-03,B3,UQ-B3-03,IC CHIP CONTROL,usd,1449566.0,1494100.0,44534.0,cu,Supplier Change (Higher Cost Source),Market-driven
actual,2025-04,B3,UQ-B3-03,IC CHIP CONTROL,usd,1494100.0,1535133.0,41033.0,cu,Yield/Scrap Rate Increase,Operational-driven
actual,2025-05,B3,UQ-B3-03,IC CHIP CONTROL,usd,1535133.0,1450413.0,-84720.0,cr,Supplier Negotiation,Operational-driven
actual,2025-06,B3,UQ-B3-03,IC CHIP CONTROL,usd,1450413.0,1486767.0,36354.0,cu,Raw Material Price Increase,Market-driven
actual,2025-07,B3,UQ-B3-03,IC CHIP CONTROL,usd,1486767.0,1507284.0,20517.0,cu,Logistics/Freight Cost Increase,Market-driven
actual,2025-08,B3,UQ-B3-03,IC CHIP CONTROL,usd,1507284.0,1507284.0,0.0,,,
actual,2025-09,B3,UQ-B3-03,IC CHIP CONTROL,usd,1507284.0,1598522.0,91238.0,cu,Raw Material Price Increase,Market-driven
actual,2025-10,B3,UQ-B3-03,IC CHIP CONTROL,usd,1598522.0,1740581.0,142059.0,cu,Logistics/Freight Cost Increase,Market-driven
actual,2024-11,B3,UQ-B3-04,MOTOR UNIT,jpy,401438.0,394517.0,-6921.0,cr,Supplier Negotiation,Operational-driven
actual,2024-12,B3,UQ-B3-04,MOTOR UNIT,jpy,394517.0,418711.0,24194.0,cu,Supplier Change (Higher Cost Source),Market-driven
actual,2025-01,B3,UQ-B3-04,MOTOR UNIT,jpy,418711.0,404599.0,-14112.0,cr,Supplier Negotiation,Operational-driven
actual,2025-02,B3,UQ-B3-04,MOTOR UNIT,jpy,404599.0,404599.0,0.0,,,
actual,2025-03,B3,UQ-B3-04,MOTOR UNIT,jpy,404599.0,378586.0,-26013.0,cr,Alternative Material Substitution,Engineering-driven
actual,2025-04,B3,UQ-B3-04,MOTOR UNIT,jpy,378586.0,349214.0,-29372.0,cr,VA/VE Improvement,Engineering-driven
actual,2025-05,B3,UQ-B3-04,MOTOR UNIT,jpy,349214.0,322588.0,-26626.0,cr,Localization / Local Sourcing,Operational-driven
actual,2025-06,B3,UQ-B3-04,MOTOR UNIT,jpy,322588.0,335644.0,13056.0,cu,Supplier Change (Higher Cost Source),Market-driven
actual,2025-07,B3,UQ-B3-04,MOTOR UNIT,jpy,335644.0,314785.0,-20859.0,cr,Process Improvement (Yield Up),Operational-driven
actual,2025-08,B3,UQ-B3-04,MOTOR UNIT,jpy,314785.0,292698.0,-22087.0,cr,Localization / Local Sourcing,Operational-driven
actual,2025-09,B3,UQ-B3-04,MOTOR UNIT,jpy,292698.0,278824.0,-13874.0,cr,Process Improvement (Yield Up),Operational-driven
actual,2025-10,B3,UQ-B3-04,MOTOR UNIT,jpy,278824.0,272663.0,-6161.0,cr,VA/VE Improvement,Engineering-driven
actual,2024-11,B3,UQ-B3-05,SENSOR MODULE,jpy,485851.0,516236.0,30385.0,cu,Engineering Change / Spec Upgrade,Engineering-driven
actual,2024-12,B3,UQ-B3-05,SENSOR MODULE,jpy,516236.0,498283.0,-17953.0,cr,Supplier Negotiation,Operational-driven
actual,2025-01,B3,UQ-B3-05,SENSOR MODULE,jpy,498283.0,478729.0,-19554.0,cr,Process Improvement (Yield Up),Operational-driven
actual,2025-02,B3,UQ-B3-05,SENSOR MODULE,jpy,478729.0,460424.0,-18305.0,cr,Alternative Material Substitution,Engineering-driven
actual,2025-03,B3,UQ-B3-05,SENSOR MODULE,jpy,460424.0,446376.0,-14048.0,cr,Process Improvement (Yield Up),Operational-driven
actual,2025-04,B3,UQ-B3-05,SENSOR MODULE,jpy,446376.0,446376.0,0.0,,,
actual,2025-05,B3,UQ-B3-05,SENSOR MODULE,jpy,446376.0,422963.0,-23413.0,cr,VA/VE Improvement,Engineering-driven
actual,2025-06,B3,UQ-B3-05,SENSOR MODULE,jpy,422963.0,399682.0,-23281.0,cr,Process Improvement (Yield Up),Operational-driven
actual,2025-07,B3,UQ-B3-05,SENSOR MODULE,jpy,399682.0,387325.0,-12357.0,cr,VA/VE Improvement,Engineering-driven
actual,2025-08,B3,UQ-B3-05,SENSOR MODULE,jpy,387325.0,375052.0,-12273.0,cr,Alternative Material Substitution,Engineering-driven
actual,2025-09,B3,UQ-B3-05,SENSOR MODULE,jpy,375052.0,383185.0,8133.0,cu,Logistics/Freight Cost Increase,Market-driven
actual,2025-10,B3,UQ-B3-05,SENSOR MODULE,jpy,383185.0,346734.0,-36451.0,cr,Supplier Negotiation,Operational-driven
actual,2024-11,B4,SH-CATB-D01,PANEL BOTTOM AS,domestic,134348.0,128910.0,-5438.0,cr,Localization / Local Sourcing,Operational-driven
actual,2024-12,B4,SH-CATB-D01,PANEL BOTTOM AS,domestic,128910.0,123207.0,-5703.0,cr,Alternative Material Substitution,Engineering-driven
actual,2025-01,B4,SH-CATB-D01,PANEL BOTTOM AS,domestic,123207.0,111757.0,-11450.0,cr,Alternative Material Substitution,Engineering-driven
actual,2025-02,B4,SH-CATB-D01,PANEL BOTTOM AS,domestic,111757.0,103982.0,-7775.0,cr,VA/VE Improvement,Engineering-driven
actual,2025-03,B4,SH-CATB-D01,PANEL BOTTOM AS,domestic,103982.0,101708.0,-2274.0,cr,Process Improvement (Yield Up),Operational-driven
actual,2025-04,B4,SH-CATB-D01,PANEL BOTTOM AS,domestic,101708.0,94151.0,-7557.0,cr,Localization / Local Sourcing,Operational-driven
actual,2025-05,B4,SH-CATB-D01,PANEL BOTTOM AS,domestic,94151.0,87989.0,-6162.0,cr,Process Improvement (Yield Up),Operational-driven
actual,2025-06,B4,SH-CATB-D01,PANEL BOTTOM AS,domestic,87989.0,85585.0,-2404.0,cr,Localization / Local Sourcing,Operational-driven
actual,2025-07,B4,SH-CATB-D01,PANEL BOTTOM AS,domestic,85585.0,78415.0,-7170.0,cr,Alternative Material Substitution,Engineering-driven
actual,2025-08,B4,SH-CATB-D01,PANEL BOTTOM AS,domestic,78415.0,84428.0,6013.0,cu,Yield/Scrap Rate Increase,Operational-driven
actual,2025-09,B4,SH-CATB-D01,PANEL BOTTOM AS,domestic,84428.0,84428.0,0.0,,,
actual,2025-10,B4,SH-CATB-D01,PANEL BOTTOM AS,domestic,84428.0,88028.0,3600.0,cu,Raw Material Price Increase,Market-driven
actual,2024-11,B4,SH-CATB-U01,CONNECTOR HOUSING,usd,58561.0,54352.0,-4209.0,cr,Localization / Local Sourcing,Operational-driven
actual,2024-12,B4,SH-CATB-U01,CONNECTOR HOUSING,usd,54352.0,49649.0,-4703.0,cr,Process Improvement (Yield Up),Operational-driven
actual,2025-01,B4,SH-CATB-U01,CONNECTOR HOUSING,usd,49649.0,48318.0,-1331.0,cr,Alternative Material Substitution,Engineering-driven
actual,2025-02,B4,SH-CATB-U01,CONNECTOR HOUSING,usd,48318.0,45900.0,-2418.0,cr,Localization / Local Sourcing,Operational-driven
actual,2025-03,B4,SH-CATB-U01,CONNECTOR HOUSING,usd,45900.0,44561.0,-1339.0,cr,Localization / Local Sourcing,Operational-driven
actual,2025-04,B4,SH-CATB-U01,CONNECTOR HOUSING,usd,44561.0,42100.0,-2461.0,cr,Localization / Local Sourcing,Operational-driven
actual,2025-05,B4,SH-CATB-U01,CONNECTOR HOUSING,usd,42100.0,42100.0,0.0,,,
actual,2025-06,B4,SH-CATB-U01,CONNECTOR HOUSING,usd,42100.0,45835.0,3735.0,cu,Raw Material Price Increase,Market-driven
actual,2025-07,B4,SH-CATB-U01,CONNECTOR HOUSING,usd,45835.0,42153.0,-3682.0,cr,Localization / Local Sourcing,Operational-driven
actual,2025-08,B4,SH-CATB-U01,CONNECTOR HOUSING,usd,42153.0,39350.0,-2803.0,cr,Supplier Negotiation,Operational-driven
actual,2025-09,B4,SH-CATB-U01,CONNECTOR HOUSING,usd,39350.0,40878.0,1528.0,cu,Supplier Change (Higher Cost Source),Market-driven
actual,2025-10,B4,SH-CATB-U01,CONNECTOR HOUSING,usd,40878.0,37163.0,-3715.0,cr,Supplier Negotiation,Operational-driven
actual,2024-11,B4,SH-IDX04,PRECISION GEAR,jpy,26043.0,26043.0,0.0,,,
actual,2024-12,B4,SH-IDX04,PRECISION GEAR,jpy,26043.0,24553.0,-1490.0,cr,Process Improvement (Yield Up),Operational-driven
actual,2025-01,B4,SH-IDX04,PRECISION GEAR,jpy,24553.0,23382.0,-1171.0,cr,VA/VE Improvement,Engineering-driven
actual,2025-02,B4,SH-IDX04,PRECISION GEAR,jpy,23382.0,22887.0,-495.0,cr,Localization / Local Sourcing,Operational-driven
actual,2025-03,B4,SH-IDX04,PRECISION GEAR,jpy,22887.0,21667.0,-1220.0,cr,Process Improvement (Yield Up),Operational-driven
actual,2025-04,B4,SH-IDX04,PRECISION GEAR,jpy,21667.0,20320.0,-1347.0,cr,Alternative Material Substitution,Engineering-driven
actual,2025-05,B4,SH-IDX04,PRECISION GEAR,jpy,20320.0,21901.0,1581.0,cu,Supplier Change (Higher Cost Source),Market-driven
actual,2025-06,B4,SH-IDX04,PRECISION GEAR,jpy,21901.0,23452.0,1551.0,cu,Logistics/Freight Cost Increase,Market-driven
actual,2025-07,B4,SH-IDX04,PRECISION GEAR,jpy,23452.0,21629.0,-1823.0,cr,VA/VE Improvement,Engineering-driven
actual,2025-08,B4,SH-IDX04,PRECISION GEAR,jpy,21629.0,19802.0,-1827.0,cr,Alternative Material Substitution,Engineering-driven
actual,2025-09,B4,SH-IDX04,PRECISION GEAR,jpy,19802.0,18588.0,-1214.0,cr,Localization / Local Sourcing,Operational-driven
actual,2025-10,B4,SH-IDX04,PRECISION GEAR,jpy,18588.0,17157.0,-1431.0,cr,Alternative Material Substitution,Engineering-driven
actual,2024-11,B4,UQ-B4-01,PANEL FRONT AS,domestic,717536.0,717536.0,0.0,,,
actual,2024-12,B4,UQ-B4-01,PANEL FRONT AS,domestic,717536.0,730995.0,13459.0,cu,Yield/Scrap Rate Increase,Operational-driven
actual,2025-01,B4,UQ-B4-01,PANEL FRONT AS,domestic,730995.0,792251.0,61256.0,cu,Supplier Change (Higher Cost Source),Market-driven
actual,2025-02,B4,UQ-B4-01,PANEL FRONT AS,domestic,792251.0,748624.0,-43627.0,cr,Supplier Negotiation,Operational-driven
actual,2025-03,B4,UQ-B4-01,PANEL FRONT AS,domestic,748624.0,815898.0,67274.0,cu,Yield/Scrap Rate Increase,Operational-driven
actual,2025-04,B4,UQ-B4-01,PANEL FRONT AS,domestic,815898.0,842864.0,26966.0,cu,Engineering Change / Spec Upgrade,Engineering-driven
actual,2025-05,B4,UQ-B4-01,PANEL FRONT AS,domestic,842864.0,903424.0,60560.0,cu,Supplier Change (Higher Cost Source),Market-driven
actual,2025-06,B4,UQ-B4-01,PANEL FRONT AS,domestic,903424.0,840934.0,-62490.0,cr,Alternative Material Substitution,Engineering-driven
actual,2025-07,B4,UQ-B4-01,PANEL FRONT AS,domestic,840934.0,895373.0,54439.0,cu,Supplier Change (Higher Cost Source),Market-driven
actual,2025-08,B4,UQ-B4-01,PANEL FRONT AS,domestic,895373.0,952838.0,57465.0,cu,Supplier Change (Higher Cost Source),Market-driven
actual,2025-09,B4,UQ-B4-01,PANEL FRONT AS,domestic,952838.0,1008441.0,55603.0,cu,Raw Material Price Increase,Market-driven
actual,2025-10,B4,UQ-B4-01,PANEL FRONT AS,domestic,1008441.0,1057631.0,49190.0,cu,Engineering Change / Spec Upgrade,Engineering-driven
actual,2024-11,B4,UQ-B4-02,BRACKET SUPPORT,domestic,789243.0,828319.0,39076.0,cu,Supplier Change (Higher Cost Source),Market-driven
actual,2024-12,B4,UQ-B4-02,BRACKET SUPPORT,domestic,828319.0,880417.0,52098.0,cu,Supplier Change (Higher Cost Source),Market-driven
actual,2025-01,B4,UQ-B4-02,BRACKET SUPPORT,domestic,880417.0,880417.0,0.0,,,
actual,2025-02,B4,UQ-B4-02,BRACKET SUPPORT,domestic,880417.0,912166.0,31749.0,cu,Supplier Change (Higher Cost Source),Market-driven
actual,2025-03,B4,UQ-B4-02,BRACKET SUPPORT,domestic,912166.0,979552.0,67386.0,cu,Yield/Scrap Rate Increase,Operational-driven
actual,2025-04,B4,UQ-B4-02,BRACKET SUPPORT,domestic,979552.0,913587.0,-65965.0,cr,Alternative Material Substitution,Engineering-driven
actual,2025-05,B4,UQ-B4-02,BRACKET SUPPORT,domestic,913587.0,976849.0,63262.0,cu,Logistics/Freight Cost Increase,Market-driven
actual,2025-06,B4,UQ-B4-02,BRACKET SUPPORT,domestic,976849.0,918378.0,-58471.0,cr,VA/VE Improvement,Engineering-driven
actual,2025-07,B4,UQ-B4-02,BRACKET SUPPORT,domestic,918378.0,1003017.0,84639.0,cu,Raw Material Price Increase,Market-driven
actual,2025-08,B4,UQ-B4-02,BRACKET SUPPORT,domestic,1003017.0,1050985.0,47968.0,cu,Logistics/Freight Cost Increase,Market-driven
actual,2025-09,B4,UQ-B4-02,BRACKET SUPPORT,domestic,1050985.0,1109219.0,58234.0,cu,Yield/Scrap Rate Increase,Operational-driven
actual,2025-10,B4,UQ-B4-02,BRACKET SUPPORT,domestic,1109219.0,1185523.0,76304.0,cu,Engineering Change / Spec Upgrade,Engineering-driven
actual,2024-11,B4,UQ-B4-03,IC CHIP CONTROL,usd,1091958.0,1023921.0,-68037.0,cr,Alternative Material Substitution,Engineering-driven
actual,2024-12,B4,UQ-B4-03,IC CHIP CONTROL,usd,1023921.0,1089121.0,65200.0,cu,Logistics/Freight Cost Increase,Market-driven
actual,2025-01,B4,UQ-B4-03,IC CHIP CONTROL,usd,1089121.0,1169150.0,80029.0,cu,Logistics/Freight Cost Increase,Market-driven
actual,2025-02,B4,UQ-B4-03,IC CHIP CONTROL,usd,1169150.0,1254232.0,85082.0,cu,Yield/Scrap Rate Increase,Operational-driven
actual,2025-03,B4,UQ-B4-03,IC CHIP CONTROL,usd,1254232.0,1312485.0,58253.0,cu,Supplier Change (Higher Cost Source),Market-driven
actual,2025-04,B4,UQ-B4-03,IC CHIP CONTROL,usd,1312485.0,1389990.0,77505.0,cu,Engineering Change / Spec Upgrade,Engineering-driven
actual,2025-05,B4,UQ-B4-03,IC CHIP CONTROL,usd,1389990.0,1312944.0,-77046.0,cr,Process Improvement (Yield Up),Operational-driven
actual,2025-06,B4,UQ-B4-03,IC CHIP CONTROL,usd,1312944.0,1377951.0,65007.0,cu,Logistics/Freight Cost Increase,Market-driven
actual,2025-07,B4,UQ-B4-03,IC CHIP CONTROL,usd,1377951.0,1458496.0,80545.0,cu,Logistics/Freight Cost Increase,Market-driven
actual,2025-08,B4,UQ-B4-03,IC CHIP CONTROL,usd,1458496.0,1458496.0,0.0,,,
actual,2025-09,B4,UQ-B4-03,IC CHIP CONTROL,usd,1458496.0,1535110.0,76614.0,cu,Logistics/Freight Cost Increase,Market-driven
actual,2025-10,B4,UQ-B4-03,IC CHIP CONTROL,usd,1535110.0,1631434.0,96324.0,cu,Supplier Change (Higher Cost Source),Market-driven
actual,2024-11,B4,UQ-B4-04,MOTOR UNIT,jpy,218487.0,201711.0,-16776.0,cr,Localization / Local Sourcing,Operational-driven
actual,2024-12,B4,UQ-B4-04,MOTOR UNIT,jpy,201711.0,218610.0,16899.0,cu,Supplier Change (Higher Cost Source),Market-driven
actual,2025-01,B4,UQ-B4-04,MOTOR UNIT,jpy,218610.0,205154.0,-13456.0,cr,Localization / Local Sourcing,Operational-driven
actual,2025-02,B4,UQ-B4-04,MOTOR UNIT,jpy,205154.0,205154.0,0.0,,,
actual,2025-03,B4,UQ-B4-04,MOTOR UNIT,jpy,205154.0,195653.0,-9501.0,cr,VA/VE Improvement,Engineering-driven
actual,2025-04,B4,UQ-B4-04,MOTOR UNIT,jpy,195653.0,182715.0,-12938.0,cr,Localization / Local Sourcing,Operational-driven
actual,2025-05,B4,UQ-B4-04,MOTOR UNIT,jpy,182715.0,178930.0,-3785.0,cr,Supplier Negotiation,Operational-driven
actual,2025-06,B4,UQ-B4-04,MOTOR UNIT,jpy,178930.0,189211.0,10281.0,cu,Logistics/Freight Cost Increase,Market-driven
actual,2025-07,B4,UQ-B4-04,MOTOR UNIT,jpy,189211.0,185226.0,-3985.0,cr,Supplier Negotiation,Operational-driven
actual,2025-08,B4,UQ-B4-04,MOTOR UNIT,jpy,185226.0,179674.0,-5552.0,cr,VA/VE Improvement,Engineering-driven
actual,2025-09,B4,UQ-B4-04,MOTOR UNIT,jpy,179674.0,169502.0,-10172.0,cr,Supplier Negotiation,Operational-driven
actual,2025-10,B4,UQ-B4-04,MOTOR UNIT,jpy,169502.0,163048.0,-6454.0,cr,VA/VE Improvement,Engineering-driven
actual,2024-11,B4,UQ-B4-05,SENSOR MODULE,jpy,195542.0,204662.0,9120.0,cu,Raw Material Price Increase,Market-driven
actual,2024-12,B4,UQ-B4-05,SENSOR MODULE,jpy,204662.0,186718.0,-17944.0,cr,Alternative Material Substitution,Engineering-driven
actual,2025-01,B4,UQ-B4-05,SENSOR MODULE,jpy,186718.0,181539.0,-5179.0,cr,Localization / Local Sourcing,Operational-driven
actual,2025-02,B4,UQ-B4-05,SENSOR MODULE,jpy,181539.0,177131.0,-4408.0,cr,Localization / Local Sourcing,Operational-driven
actual,2025-03,B4,UQ-B4-05,SENSOR MODULE,jpy,177131.0,173872.0,-3259.0,cr,VA/VE Improvement,Engineering-driven
actual,2025-04,B4,UQ-B4-05,SENSOR MODULE,jpy,173872.0,173872.0,0.0,,,
actual,2025-05,B4,UQ-B4-05,SENSOR MODULE,jpy,173872.0,167429.0,-6443.0,cr,Supplier Negotiation,Operational-driven
actual,2025-06,B4,UQ-B4-05,SENSOR MODULE,jpy,167429.0,161834.0,-5595.0,cr,Localization / Local Sourcing,Operational-driven
actual,2025-07,B4,UQ-B4-05,SENSOR MODULE,jpy,161834.0,149946.0,-11888.0,cr,VA/VE Improvement,Engineering-driven
actual,2025-08,B4,UQ-B4-05,SENSOR MODULE,jpy,149946.0,142521.0,-7425.0,cr,Alternative Material Substitution,Engineering-driven
actual,2025-09,B4,UQ-B4-05,SENSOR MODULE,jpy,142521.0,150532.0,8011.0,cu,Engineering Change / Spec Upgrade,Engineering-driven
actual,2025-10,B4,UQ-B4-05,SENSOR MODULE,jpy,150532.0,146115.0,-4417.0,cr,Process Improvement (Yield Up),Operational-driven
actual,2024-11,B4,SH-EVEN-01,TAPE PU-F,domestic,70295.0,75075.0,4780.0,cu,Raw Material Price Increase,Market-driven
actual,2024-12,B4,SH-EVEN-01,TAPE PU-F,domestic,75075.0,80181.0,5106.0,cu,Raw Material Price Increase,Market-driven
actual,2025-01,B4,SH-EVEN-01,TAPE PU-F,domestic,80181.0,82639.0,2458.0,cu,Engineering Change / Spec Upgrade,Engineering-driven
actual,2025-02,B4,SH-EVEN-01,TAPE PU-F,domestic,82639.0,87878.0,5239.0,cu,Engineering Change / Spec Upgrade,Engineering-driven
actual,2025-03,B4,SH-EVEN-01,TAPE PU-F,domestic,87878.0,93563.0,5685.0,cu,Engineering Change / Spec Upgrade,Engineering-driven
actual,2025-04,B4,SH-EVEN-01,TAPE PU-F,domestic,93563.0,89152.0,-4411.0,cr,VA/VE Improvement,Engineering-driven
actual,2025-05,B4,SH-EVEN-01,TAPE PU-F,domestic,89152.0,94914.0,5762.0,cu,Supplier Change (Higher Cost Source),Market-driven
actual,2025-06,B4,SH-EVEN-01,TAPE PU-F,domestic,94914.0,101876.0,6962.0,cu,Supplier Change (Higher Cost Source),Market-driven
actual,2025-07,B4,SH-EVEN-01,TAPE PU-F,domestic,101876.0,94152.0,-7724.0,cr,Process Improvement (Yield Up),Operational-driven
actual,2025-08,B4,SH-EVEN-01,TAPE PU-F,domestic,94152.0,96785.0,2633.0,cu,Supplier Change (Higher Cost Source),Market-driven
actual,2025-09,B4,SH-EVEN-01,TAPE PU-F,domestic,96785.0,96785.0,0.0,,,
actual,2025-10,B4,SH-EVEN-01,TAPE PU-F,domestic,96785.0,101858.0,5073.0,cu,Yield/Scrap Rate Increase,Operational-driven
actual,2024-11,B4,SH-EVEN-02,RESIN COMPOUND,usd,19042.0,19491.0,449.0,cu,Supplier Change (Higher Cost Source),Market-driven
actual,2024-12,B4,SH-EVEN-02,RESIN COMPOUND,usd,19491.0,20366.0,875.0,cu,Supplier Change (Higher Cost Source),Market-driven
actual,2025-01,B4,SH-EVEN-02,RESIN COMPOUND,usd,20366.0,20895.0,529.0,cu,Raw Material Price Increase,Market-driven
actual,2025-02,B4,SH-EVEN-02,RESIN COMPOUND,usd,20895.0,21472.0,577.0,cu,Logistics/Freight Cost Increase,Market-driven
actual,2025-03,B4,SH-EVEN-02,RESIN COMPOUND,usd,21472.0,22839.0,1367.0,cu,Logistics/Freight Cost Increase,Market-driven
actual,2025-04,B4,SH-EVEN-02,RESIN COMPOUND,usd,22839.0,22839.0,0.0,,,
actual,2025-05,B4,SH-EVEN-02,RESIN COMPOUND,usd,22839.0,21574.0,-1265.0,cr,Localization / Local Sourcing,Operational-driven
actual,2025-06,B4,SH-EVEN-02,RESIN COMPOUND,usd,21574.0,22763.0,1189.0,cu,Logistics/Freight Cost Increase,Market-driven
actual,2025-07,B4,SH-EVEN-02,RESIN COMPOUND,usd,22763.0,21147.0,-1616.0,cr,Alternative Material Substitution,Engineering-driven
actual,2025-08,B4,SH-EVEN-02,RESIN COMPOUND,usd,21147.0,22059.0,912.0,cu,Raw Material Price Increase,Market-driven
actual,2025-09,B4,SH-EVEN-02,RESIN COMPOUND,usd,22059.0,23441.0,1382.0,cu,Engineering Change / Spec Upgrade,Engineering-driven
actual,2025-10,B4,SH-EVEN-02,RESIN COMPOUND,usd,23441.0,24890.0,1449.0,cu,Yield/Scrap Rate Increase,Operational-driven
actual,2024-11,B5,SH-CATB-D01,PANEL BOTTOM AS,domestic,134348.0,128910.0,-5438.0,cr,Localization / Local Sourcing,Operational-driven
actual,2024-12,B5,SH-CATB-D01,PANEL BOTTOM AS,domestic,128910.0,123207.0,-5703.0,cr,Alternative Material Substitution,Engineering-driven
actual,2025-01,B5,SH-CATB-D01,PANEL BOTTOM AS,domestic,123207.0,111757.0,-11450.0,cr,Alternative Material Substitution,Engineering-driven
actual,2025-02,B5,SH-CATB-D01,PANEL BOTTOM AS,domestic,111757.0,103982.0,-7775.0,cr,VA/VE Improvement,Engineering-driven
actual,2025-03,B5,SH-CATB-D01,PANEL BOTTOM AS,domestic,103982.0,101708.0,-2274.0,cr,Process Improvement (Yield Up),Operational-driven
actual,2025-04,B5,SH-CATB-D01,PANEL BOTTOM AS,domestic,101708.0,94151.0,-7557.0,cr,Localization / Local Sourcing,Operational-driven
actual,2025-05,B5,SH-CATB-D01,PANEL BOTTOM AS,domestic,94151.0,87989.0,-6162.0,cr,Process Improvement (Yield Up),Operational-driven
actual,2025-06,B5,SH-CATB-D01,PANEL BOTTOM AS,domestic,87989.0,85585.0,-2404.0,cr,Localization / Local Sourcing,Operational-driven
actual,2025-07,B5,SH-CATB-D01,PANEL BOTTOM AS,domestic,85585.0,78415.0,-7170.0,cr,Alternative Material Substitution,Engineering-driven
actual,2025-08,B5,SH-CATB-D01,PANEL BOTTOM AS,domestic,78415.0,84428.0,6013.0,cu,Yield/Scrap Rate Increase,Operational-driven
actual,2025-09,B5,SH-CATB-D01,PANEL BOTTOM AS,domestic,84428.0,84428.0,0.0,,,
actual,2025-10,B5,SH-CATB-D01,PANEL BOTTOM AS,domestic,84428.0,88028.0,3600.0,cu,Raw Material Price Increase,Market-driven
actual,2024-11,B5,SH-CATB-U01,CONNECTOR HOUSING,usd,58561.0,54352.0,-4209.0,cr,Localization / Local Sourcing,Operational-driven
actual,2024-12,B5,SH-CATB-U01,CONNECTOR HOUSING,usd,54352.0,49649.0,-4703.0,cr,Process Improvement (Yield Up),Operational-driven
actual,2025-01,B5,SH-CATB-U01,CONNECTOR HOUSING,usd,49649.0,48318.0,-1331.0,cr,Alternative Material Substitution,Engineering-driven
actual,2025-02,B5,SH-CATB-U01,CONNECTOR HOUSING,usd,48318.0,45900.0,-2418.0,cr,Localization / Local Sourcing,Operational-driven
actual,2025-03,B5,SH-CATB-U01,CONNECTOR HOUSING,usd,45900.0,44561.0,-1339.0,cr,Localization / Local Sourcing,Operational-driven
actual,2025-04,B5,SH-CATB-U01,CONNECTOR HOUSING,usd,44561.0,42100.0,-2461.0,cr,Localization / Local Sourcing,Operational-driven
actual,2025-05,B5,SH-CATB-U01,CONNECTOR HOUSING,usd,42100.0,42100.0,0.0,,,
actual,2025-06,B5,SH-CATB-U01,CONNECTOR HOUSING,usd,42100.0,45835.0,3735.0,cu,Raw Material Price Increase,Market-driven
actual,2025-07,B5,SH-CATB-U01,CONNECTOR HOUSING,usd,45835.0,42153.0,-3682.0,cr,Localization / Local Sourcing,Operational-driven
actual,2025-08,B5,SH-CATB-U01,CONNECTOR HOUSING,usd,42153.0,39350.0,-2803.0,cr,Supplier Negotiation,Operational-driven
actual,2025-09,B5,SH-CATB-U01,CONNECTOR HOUSING,usd,39350.0,40878.0,1528.0,cu,Supplier Change (Higher Cost Source),Market-driven
actual,2025-10,B5,SH-CATB-U01,CONNECTOR HOUSING,usd,40878.0,37163.0,-3715.0,cr,Supplier Negotiation,Operational-driven
actual,2024-11,B5,SH-IDX05,PRECISION GEAR,jpy,152329.0,152329.0,0.0,,,
actual,2024-12,B5,SH-IDX05,PRECISION GEAR,jpy,152329.0,148294.0,-4035.0,cr,Localization / Local Sourcing,Operational-driven
actual,2025-01,B5,SH-IDX05,PRECISION GEAR,jpy,148294.0,142104.0,-6190.0,cr,Alternative Material Substitution,Engineering-driven
actual,2025-02,B5,SH-IDX05,PRECISION GEAR,jpy,142104.0,132705.0,-9399.0,cr,Localization / Local Sourcing,Operational-driven
actual,2025-03,B5,SH-IDX05,PRECISION GEAR,jpy,132705.0,123674.0,-9031.0,cr,Supplier Negotiation,Operational-driven
actual,2025-04,B5,SH-IDX05,PRECISION GEAR,jpy,123674.0,117965.0,-5709.0,cr,Process Improvement (Yield Up),Operational-driven
actual,2025-05,B5,SH-IDX05,PRECISION GEAR,jpy,117965.0,125144.0,7179.0,cu,Yield/Scrap Rate Increase,Operational-driven
actual,2025-06,B5,SH-IDX05,PRECISION GEAR,jpy,125144.0,135054.0,9910.0,cu,Logistics/Freight Cost Increase,Market-driven
actual,2025-07,B5,SH-IDX05,PRECISION GEAR,jpy,135054.0,126022.0,-9032.0,cr,Localization / Local Sourcing,Operational-driven
actual,2025-08,B5,SH-IDX05,PRECISION GEAR,jpy,126022.0,118229.0,-7793.0,cr,Supplier Negotiation,Operational-driven
actual,2025-09,B5,SH-IDX05,PRECISION GEAR,jpy,118229.0,113088.0,-5141.0,cr,Localization / Local Sourcing,Operational-driven
actual,2025-10,B5,SH-IDX05,PRECISION GEAR,jpy,113088.0,109804.0,-3284.0,cr,VA/VE Improvement,Engineering-driven
actual,2024-11,B5,UQ-B5-01,PANEL FRONT AS,domestic,496610.0,496610.0,0.0,,,
actual,2024-12,B5,UQ-B5-01,PANEL FRONT AS,domestic,496610.0,528008.0,31398.0,cu,Supplier Change (Higher Cost Source),Market-driven
actual,2025-01,B5,UQ-B5-01,PANEL FRONT AS,domestic,528008.0,554379.0,26371.0,cu,Yield/Scrap Rate Increase,Operational-driven
actual,2025-02,B5,UQ-B5-01,PANEL FRONT AS,domestic,554379.0,542379.0,-12000.0,cr,Alternative Material Substitution,Engineering-driven
actual,2025-03,B5,UQ-B5-01,PANEL FRONT AS,domestic,542379.0,563213.0,20834.0,cu,Yield/Scrap Rate Increase,Operational-driven
actual,2025-04,B5,UQ-B5-01,PANEL FRONT AS,domestic,563213.0,577628.0,14415.0,cu,Engineering Change / Spec Upgrade,Engineering-driven
actual,2025-05,B5,UQ-B5-01,PANEL FRONT AS,domestic,577628.0,617457.0,39829.0,cu,Yield/Scrap Rate Increase,Operational-driven
actual,2025-06,B5,UQ-B5-01,PANEL FRONT AS,domestic,617457.0,605507.0,-11950.0,cr,Localization / Local Sourcing,Operational-driven
actual,2025-07,B5,UQ-B5-01,PANEL FRONT AS,domestic,605507.0,624607.0,19100.0,cu,Engineering Change / Spec Upgrade,Engineering-driven
actual,2025-08,B5,UQ-B5-01,PANEL FRONT AS,domestic,624607.0,642959.0,18352.0,cu,Raw Material Price Increase,Market-driven
actual,2025-09,B5,UQ-B5-01,PANEL FRONT AS,domestic,642959.0,653217.0,10258.0,cu,Raw Material Price Increase,Market-driven
actual,2025-10,B5,UQ-B5-01,PANEL FRONT AS,domestic,653217.0,684623.0,31406.0,cu,Logistics/Freight Cost Increase,Market-driven
actual,2024-11,B5,UQ-B5-02,BRACKET SUPPORT,domestic,550440.0,573733.0,23293.0,cu,Engineering Change / Spec Upgrade,Engineering-driven
actual,2024-12,B5,UQ-B5-02,BRACKET SUPPORT,domestic,573733.0,605021.0,31288.0,cu,Yield/Scrap Rate Increase,Operational-driven
actual,2025-01,B5,UQ-B5-02,BRACKET SUPPORT,domestic,605021.0,605021.0,0.0,,,
actual,2025-02,B5,UQ-B5-02,BRACKET SUPPORT,domestic,605021.0,636122.0,31101.0,cu,Logistics/Freight Cost Increase,Market-driven
actual,2025-03,B5,UQ-B5-02,BRACKET SUPPORT,domestic,636122.0,656585.0,20463.0,cu,Engineering Change / Spec Upgrade,Engineering-driven
actual,2025-04,B5,UQ-B5-02,BRACKET SUPPORT,domestic,656585.0,644700.0,-11885.0,cr,VA/VE Improvement,Engineering-driven
actual,2025-05,B5,UQ-B5-02,BRACKET SUPPORT,domestic,644700.0,687576.0,42876.0,cu,Logistics/Freight Cost Increase,Market-driven
actual,2025-06,B5,UQ-B5-02,BRACKET SUPPORT,domestic,687576.0,673897.0,-13679.0,cr,VA/VE Improvement,Engineering-driven
actual,2025-07,B5,UQ-B5-02,BRACKET SUPPORT,domestic,673897.0,720448.0,46551.0,cu,Supplier Change (Higher Cost Source),Market-driven
actual,2025-08,B5,UQ-B5-02,BRACKET SUPPORT,domestic,720448.0,789899.0,69451.0,cu,Yield/Scrap Rate Increase,Operational-driven
actual,2025-09,B5,UQ-B5-02,BRACKET SUPPORT,domestic,789899.0,823530.0,33631.0,cu,Logistics/Freight Cost Increase,Market-driven
actual,2025-10,B5,UQ-B5-02,BRACKET SUPPORT,domestic,823530.0,869761.0,46231.0,cu,Supplier Change (Higher Cost Source),Market-driven
actual,2024-11,B5,UQ-B5-03,IC CHIP CONTROL,usd,233632.0,213891.0,-19741.0,cr,VA/VE Improvement,Engineering-driven
actual,2024-12,B5,UQ-B5-03,IC CHIP CONTROL,usd,213891.0,225299.0,11408.0,cu,Supplier Change (Higher Cost Source),Market-driven
actual,2025-01,B5,UQ-B5-03,IC CHIP CONTROL,usd,225299.0,230634.0,5335.0,cu,Logistics/Freight Cost Increase,Market-driven
actual,2025-02,B5,UQ-B5-03,IC CHIP CONTROL,usd,230634.0,236336.0,5702.0,cu,Engineering Change / Spec Upgrade,Engineering-driven
actual,2025-03,B5,UQ-B5-03,IC CHIP CONTROL,usd,236336.0,248033.0,11697.0,cu,Logistics/Freight Cost Increase,Market-driven
actual,2025-04,B5,UQ-B5-03,IC CHIP CONTROL,usd,248033.0,263934.0,15901.0,cu,Supplier Change (Higher Cost Source),Market-driven
actual,2025-05,B5,UQ-B5-03,IC CHIP CONTROL,usd,263934.0,243242.0,-20692.0,cr,Process Improvement (Yield Up),Operational-driven
actual,2025-06,B5,UQ-B5-03,IC CHIP CONTROL,usd,243242.0,262905.0,19663.0,cu,Yield/Scrap Rate Increase,Operational-driven
actual,2025-07,B5,UQ-B5-03,IC CHIP CONTROL,usd,262905.0,268521.0,5616.0,cu,Yield/Scrap Rate Increase,Operational-driven
actual,2025-08,B5,UQ-B5-03,IC CHIP CONTROL,usd,268521.0,268521.0,0.0,,,
actual,2025-09,B5,UQ-B5-03,IC CHIP CONTROL,usd,268521.0,272731.0,4210.0,cu,Engineering Change / Spec Upgrade,Engineering-driven
actual,2025-10,B5,UQ-B5-03,IC CHIP CONTROL,usd,272731.0,285517.0,12786.0,cu,Supplier Change (Higher Cost Source),Market-driven
actual,2024-11,B5,UQ-B5-04,MOTOR UNIT,jpy,598362.0,562112.0,-36250.0,cr,VA/VE Improvement,Engineering-driven
actual,2024-12,B5,UQ-B5-04,MOTOR UNIT,jpy,562112.0,591683.0,29571.0,cu,Supplier Change (Higher Cost Source),Market-driven
actual,2025-01,B5,UQ-B5-04,MOTOR UNIT,jpy,591683.0,549949.0,-41734.0,cr,Process Improvement (Yield Up),Operational-driven
actual,2025-02,B5,UQ-B5-04,MOTOR UNIT,jpy,549949.0,549949.0,0.0,,,
actual,2025-03,B5,UQ-B5-04,MOTOR UNIT,jpy,549949.0,514411.0,-35538.0,cr,Localization / Local Sourcing,Operational-driven
actual,2025-04,B5,UQ-B5-04,MOTOR UNIT,jpy,514411.0,487657.0,-26754.0,cr,Process Improvement (Yield Up),Operational-driven
actual,2025-05,B5,UQ-B5-04,MOTOR UNIT,jpy,487657.0,465496.0,-22161.0,cr,Process Improvement (Yield Up),Operational-driven
actual,2025-06,B5,UQ-B5-04,MOTOR UNIT,jpy,465496.0,490143.0,24647.0,cu,Supplier Change (Higher Cost Source),Market-driven
actual,2025-07,B5,UQ-B5-04,MOTOR UNIT,jpy,490143.0,458295.0,-31848.0,cr,VA/VE Improvement,Engineering-driven
actual,2025-08,B5,UQ-B5-04,MOTOR UNIT,jpy,458295.0,425574.0,-32721.0,cr,Localization / Local Sourcing,Operational-driven
actual,2025-09,B5,UQ-B5-04,MOTOR UNIT,jpy,425574.0,402119.0,-23455.0,cr,VA/VE Improvement,Engineering-driven
actual,2025-10,B5,UQ-B5-04,MOTOR UNIT,jpy,402119.0,377948.0,-24171.0,cr,Alternative Material Substitution,Engineering-driven
actual,2024-11,B5,UQ-B5-05,SENSOR MODULE,jpy,520140.0,565065.0,44925.0,cu,Supplier Change (Higher Cost Source),Market-driven
actual,2024-12,B5,UQ-B5-05,SENSOR MODULE,jpy,565065.0,528540.0,-36525.0,cr,VA/VE Improvement,Engineering-driven
actual,2025-01,B5,UQ-B5-05,SENSOR MODULE,jpy,528540.0,485132.0,-43408.0,cr,Localization / Local Sourcing,Operational-driven
actual,2025-02,B5,UQ-B5-05,SENSOR MODULE,jpy,485132.0,447848.0,-37284.0,cr,Supplier Negotiation,Operational-driven
actual,2025-03,B5,UQ-B5-05,SENSOR MODULE,jpy,447848.0,419915.0,-27933.0,cr,Process Improvement (Yield Up),Operational-driven
actual,2025-04,B5,UQ-B5-05,SENSOR MODULE,jpy,419915.0,419915.0,0.0,,,
actual,2025-05,B5,UQ-B5-05,SENSOR MODULE,jpy,419915.0,400025.0,-19890.0,cr,Alternative Material Substitution,Engineering-driven
actual,2025-06,B5,UQ-B5-05,SENSOR MODULE,jpy,400025.0,381921.0,-18104.0,cr,Alternative Material Substitution,Engineering-driven
actual,2025-07,B5,UQ-B5-05,SENSOR MODULE,jpy,381921.0,358706.0,-23215.0,cr,Supplier Negotiation,Operational-driven
actual,2025-08,B5,UQ-B5-05,SENSOR MODULE,jpy,358706.0,335440.0,-23266.0,cr,Alternative Material Substitution,Engineering-driven
actual,2025-09,B5,UQ-B5-05,SENSOR MODULE,jpy,335440.0,358033.0,22593.0,cu,Engineering Change / Spec Upgrade,Engineering-driven
actual,2025-10,B5,UQ-B5-05,SENSOR MODULE,jpy,358033.0,340889.0,-17144.0,cr,Alternative Material Substitution,Engineering-driven
actual,2024-11,B6,SH-CATB-D01,PANEL BOTTOM AS,domestic,134348.0,128910.0,-5438.0,cr,Localization / Local Sourcing,Operational-driven
actual,2024-12,B6,SH-CATB-D01,PANEL BOTTOM AS,domestic,128910.0,123207.0,-5703.0,cr,Alternative Material Substitution,Engineering-driven
actual,2025-01,B6,SH-CATB-D01,PANEL BOTTOM AS,domestic,123207.0,111757.0,-11450.0,cr,Alternative Material Substitution,Engineering-driven
actual,2025-02,B6,SH-CATB-D01,PANEL BOTTOM AS,domestic,111757.0,103982.0,-7775.0,cr,VA/VE Improvement,Engineering-driven
actual,2025-03,B6,SH-CATB-D01,PANEL BOTTOM AS,domestic,103982.0,101708.0,-2274.0,cr,Process Improvement (Yield Up),Operational-driven
actual,2025-04,B6,SH-CATB-D01,PANEL BOTTOM AS,domestic,101708.0,94151.0,-7557.0,cr,Localization / Local Sourcing,Operational-driven
actual,2025-05,B6,SH-CATB-D01,PANEL BOTTOM AS,domestic,94151.0,87989.0,-6162.0,cr,Process Improvement (Yield Up),Operational-driven
actual,2025-06,B6,SH-CATB-D01,PANEL BOTTOM AS,domestic,87989.0,85585.0,-2404.0,cr,Localization / Local Sourcing,Operational-driven
actual,2025-07,B6,SH-CATB-D01,PANEL BOTTOM AS,domestic,85585.0,78415.0,-7170.0,cr,Alternative Material Substitution,Engineering-driven
actual,2025-08,B6,SH-CATB-D01,PANEL BOTTOM AS,domestic,78415.0,84428.0,6013.0,cu,Yield/Scrap Rate Increase,Operational-driven
actual,2025-09,B6,SH-CATB-D01,PANEL BOTTOM AS,domestic,84428.0,84428.0,0.0,,,
actual,2025-10,B6,SH-CATB-D01,PANEL BOTTOM AS,domestic,84428.0,88028.0,3600.0,cu,Raw Material Price Increase,Market-driven
actual,2024-11,B6,SH-CATB-U01,CONNECTOR HOUSING,usd,58561.0,54352.0,-4209.0,cr,Localization / Local Sourcing,Operational-driven
actual,2024-12,B6,SH-CATB-U01,CONNECTOR HOUSING,usd,54352.0,49649.0,-4703.0,cr,Process Improvement (Yield Up),Operational-driven
actual,2025-01,B6,SH-CATB-U01,CONNECTOR HOUSING,usd,49649.0,48318.0,-1331.0,cr,Alternative Material Substitution,Engineering-driven
actual,2025-02,B6,SH-CATB-U01,CONNECTOR HOUSING,usd,48318.0,45900.0,-2418.0,cr,Localization / Local Sourcing,Operational-driven
actual,2025-03,B6,SH-CATB-U01,CONNECTOR HOUSING,usd,45900.0,44561.0,-1339.0,cr,Localization / Local Sourcing,Operational-driven
actual,2025-04,B6,SH-CATB-U01,CONNECTOR HOUSING,usd,44561.0,42100.0,-2461.0,cr,Localization / Local Sourcing,Operational-driven
actual,2025-05,B6,SH-CATB-U01,CONNECTOR HOUSING,usd,42100.0,42100.0,0.0,,,
actual,2025-06,B6,SH-CATB-U01,CONNECTOR HOUSING,usd,42100.0,45835.0,3735.0,cu,Raw Material Price Increase,Market-driven
actual,2025-07,B6,SH-CATB-U01,CONNECTOR HOUSING,usd,45835.0,42153.0,-3682.0,cr,Localization / Local Sourcing,Operational-driven
actual,2025-08,B6,SH-CATB-U01,CONNECTOR HOUSING,usd,42153.0,39350.0,-2803.0,cr,Supplier Negotiation,Operational-driven
actual,2025-09,B6,SH-CATB-U01,CONNECTOR HOUSING,usd,39350.0,40878.0,1528.0,cu,Supplier Change (Higher Cost Source),Market-driven
actual,2025-10,B6,SH-CATB-U01,CONNECTOR HOUSING,usd,40878.0,37163.0,-3715.0,cr,Supplier Negotiation,Operational-driven
actual,2024-11,B6,SH-IDX06,PRECISION GEAR,jpy,48576.0,48576.0,0.0,,,
actual,2024-12,B6,SH-IDX06,PRECISION GEAR,jpy,48576.0,45631.0,-2945.0,cr,Process Improvement (Yield Up),Operational-driven
actual,2025-01,B6,SH-IDX06,PRECISION GEAR,jpy,45631.0,44649.0,-982.0,cr,Localization / Local Sourcing,Operational-driven
actual,2025-02,B6,SH-IDX06,PRECISION GEAR,jpy,44649.0,42313.0,-2336.0,cr,Supplier Negotiation,Operational-driven
actual,2025-03,B6,SH-IDX06,PRECISION GEAR,jpy,42313.0,41202.0,-1111.0,cr,Supplier Negotiation,Operational-driven
actual,2025-04,B6,SH-IDX06,PRECISION GEAR,jpy,41202.0,39698.0,-1504.0,cr,Process Improvement (Yield Up),Operational-driven
actual,2025-05,B6,SH-IDX06,PRECISION GEAR,jpy,39698.0,42574.0,2876.0,cu,Engineering Change / Spec Upgrade,Engineering-driven
actual,2025-06,B6,SH-IDX06,PRECISION GEAR,jpy,42574.0,44440.0,1866.0,cu,Yield/Scrap Rate Increase,Operational-driven
actual,2025-07,B6,SH-IDX06,PRECISION GEAR,jpy,44440.0,41513.0,-2927.0,cr,Alternative Material Substitution,Engineering-driven
actual,2025-08,B6,SH-IDX06,PRECISION GEAR,jpy,41513.0,37740.0,-3773.0,cr,VA/VE Improvement,Engineering-driven
actual,2025-09,B6,SH-IDX06,PRECISION GEAR,jpy,37740.0,36585.0,-1155.0,cr,Process Improvement (Yield Up),Operational-driven
actual,2025-10,B6,SH-IDX06,PRECISION GEAR,jpy,36585.0,33985.0,-2600.0,cr,VA/VE Improvement,Engineering-driven
actual,2024-11,B6,UQ-B6-01,PANEL FRONT AS,domestic,370973.0,370973.0,0.0,,,
actual,2024-12,B6,UQ-B6-01,PANEL FRONT AS,domestic,370973.0,395605.0,24632.0,cu,Raw Material Price Increase,Market-driven
actual,2025-01,B6,UQ-B6-01,PANEL FRONT AS,domestic,395605.0,409664.0,14059.0,cu,Logistics/Freight Cost Increase,Market-driven
actual,2025-02,B6,UQ-B6-01,PANEL FRONT AS,domestic,409664.0,398885.0,-10779.0,cr,Process Improvement (Yield Up),Operational-driven
actual,2025-03,B6,UQ-B6-01,PANEL FRONT AS,domestic,398885.0,425587.0,26702.0,cu,Logistics/Freight Cost Increase,Market-driven
actual,2025-04,B6,UQ-B6-01,PANEL FRONT AS,domestic,425587.0,453045.0,27458.0,cu,Logistics/Freight Cost Increase,Market-driven
actual,2025-05,B6,UQ-B6-01,PANEL FRONT AS,domestic,453045.0,490225.0,37180.0,cu,Supplier Change (Higher Cost Source),Market-driven
actual,2025-06,B6,UQ-B6-01,PANEL FRONT AS,domestic,490225.0,468826.0,-21399.0,cr,Process Improvement (Yield Up),Operational-driven
actual,2025-07,B6,UQ-B6-01,PANEL FRONT AS,domestic,468826.0,508296.0,39470.0,cu,Yield/Scrap Rate Increase,Operational-driven
actual,2025-08,B6,UQ-B6-01,PANEL FRONT AS,domestic,508296.0,535324.0,27028.0,cu,Yield/Scrap Rate Increase,Operational-driven
actual,2025-09,B6,UQ-B6-01,PANEL FRONT AS,domestic,535324.0,565198.0,29874.0,cu,Logistics/Freight Cost Increase,Market-driven
actual,2025-10,B6,UQ-B6-01,PANEL FRONT AS,domestic,565198.0,582839.0,17641.0,cu,Engineering Change / Spec Upgrade,Engineering-driven
actual,2024-11,B6,UQ-B6-02,BRACKET SUPPORT,domestic,379536.0,399556.0,20020.0,cu,Engineering Change / Spec Upgrade,Engineering-driven
actual,2024-12,B6,UQ-B6-02,BRACKET SUPPORT,domestic,399556.0,422124.0,22568.0,cu,Yield/Scrap Rate Increase,Operational-driven
actual,2025-01,B6,UQ-B6-02,BRACKET SUPPORT,domestic,422124.0,422124.0,0.0,,,
actual,2025-02,B6,UQ-B6-02,BRACKET SUPPORT,domestic,422124.0,444505.0,22381.0,cu,Raw Material Price Increase,Market-driven
actual,2025-03,B6,UQ-B6-02,BRACKET SUPPORT,domestic,444505.0,472344.0,27839.0,cu,Raw Material Price Increase,Market-driven
actual,2025-04,B6,UQ-B6-02,BRACKET SUPPORT,domestic,472344.0,435135.0,-37209.0,cr,Process Improvement (Yield Up),Operational-driven
actual,2025-05,B6,UQ-B6-02,BRACKET SUPPORT,domestic,435135.0,464389.0,29254.0,cu,Supplier Change (Higher Cost Source),Market-driven
actual,2025-06,B6,UQ-B6-02,BRACKET SUPPORT,domestic,464389.0,436678.0,-27711.0,cr,VA/VE Improvement,Engineering-driven
actual,2025-07,B6,UQ-B6-02,BRACKET SUPPORT,domestic,436678.0,464136.0,27458.0,cu,Logistics/Freight Cost Increase,Market-driven
actual,2025-08,B6,UQ-B6-02,BRACKET SUPPORT,domestic,464136.0,486245.0,22109.0,cu,Supplier Change (Higher Cost Source),Market-driven
actual,2025-09,B6,UQ-B6-02,BRACKET SUPPORT,domestic,486245.0,515277.0,29032.0,cu,Supplier Change (Higher Cost Source),Market-driven
actual,2025-10,B6,UQ-B6-02,BRACKET SUPPORT,domestic,515277.0,546489.0,31212.0,cu,Engineering Change / Spec Upgrade,Engineering-driven
actual,2024-11,B6,UQ-B6-03,IC CHIP CONTROL,usd,749795.0,719940.0,-29855.0,cr,Localization / Local Sourcing,Operational-driven
actual,2024-12,B6,UQ-B6-03,IC CHIP CONTROL,usd,719940.0,758786.0,38846.0,cu,Yield/Scrap Rate Increase,Operational-driven
actual,2025-01,B6,UQ-B6-03,IC CHIP CONTROL,usd,758786.0,802142.0,43356.0,cu,Yield/Scrap Rate Increase,Operational-driven
actual,2025-02,B6,UQ-B6-03,IC CHIP CONTROL,usd,802142.0,816782.0,14640.0,cu,Logistics/Freight Cost Increase,Market-driven
actual,2025-03,B6,UQ-B6-03,IC CHIP CONTROL,usd,816782.0,869628.0,52846.0,cu,Engineering Change / Spec Upgrade,Engineering-driven
actual,2025-04,B6,UQ-B6-03,IC CHIP CONTROL,usd,869628.0,886308.0,16680.0,cu,Raw Material Price Increase,Market-driven
actual,2025-05,B6,UQ-B6-03,IC CHIP CONTROL,usd,886308.0,863744.0,-22564.0,cr,Localization / Local Sourcing,Operational-driven
actual,2025-06,B6,UQ-B6-03,IC CHIP CONTROL,usd,863744.0,923547.0,59803.0,cu,Supplier Change (Higher Cost Source),Market-driven
actual,2025-07,B6,UQ-B6-03,IC CHIP CONTROL,usd,923547.0,957083.0,33536.0,cu,Logistics/Freight Cost Increase,Market-driven
actual,2025-08,B6,UQ-B6-03,IC CHIP CONTROL,usd,957083.0,957083.0,0.0,,,
actual,2025-09,B6,UQ-B6-03,IC CHIP CONTROL,usd,957083.0,987217.0,30134.0,cu,Supplier Change (Higher Cost Source),Market-driven
actual,2025-10,B6,UQ-B6-03,IC CHIP CONTROL,usd,987217.0,1072672.0,85455.0,cu,Raw Material Price Increase,Market-driven
actual,2024-11,B6,UQ-B6-04,MOTOR UNIT,jpy,622198.0,577888.0,-44310.0,cr,Process Improvement (Yield Up),Operational-driven
actual,2024-12,B6,UQ-B6-04,MOTOR UNIT,jpy,577888.0,619811.0,41923.0,cu,Yield/Scrap Rate Increase,Operational-driven
actual,2025-01,B6,UQ-B6-04,MOTOR UNIT,jpy,619811.0,582748.0,-37063.0,cr,Localization / Local Sourcing,Operational-driven
actual,2025-02,B6,UQ-B6-04,MOTOR UNIT,jpy,582748.0,582748.0,0.0,,,
actual,2025-03,B6,UQ-B6-04,MOTOR UNIT,jpy,582748.0,548938.0,-33810.0,cr,Alternative Material Substitution,Engineering-driven
actual,2025-04,B6,UQ-B6-04,MOTOR UNIT,jpy,548938.0,540707.0,-8231.0,cr,Localization / Local Sourcing,Operational-driven
actual,2025-05,B6,UQ-B6-04,MOTOR UNIT,jpy,540707.0,498633.0,-42074.0,cr,Process Improvement (Yield Up),Operational-driven
actual,2025-06,B6,UQ-B6-04,MOTOR UNIT,jpy,498633.0,523774.0,25141.0,cu,Engineering Change / Spec Upgrade,Engineering-driven
actual,2025-07,B6,UQ-B6-04,MOTOR UNIT,jpy,523774.0,509630.0,-14144.0,cr,Localization / Local Sourcing,Operational-driven
actual,2025-08,B6,UQ-B6-04,MOTOR UNIT,jpy,509630.0,460088.0,-49542.0,cr,Process Improvement (Yield Up),Operational-driven
actual,2025-09,B6,UQ-B6-04,MOTOR UNIT,jpy,460088.0,451377.0,-8711.0,cr,Supplier Negotiation,Operational-driven
actual,2025-10,B6,UQ-B6-04,MOTOR UNIT,jpy,451377.0,428453.0,-22924.0,cr,Localization / Local Sourcing,Operational-driven
actual,2024-11,B6,UQ-B6-05,SENSOR MODULE,jpy,565408.0,581572.0,16164.0,cu,Yield/Scrap Rate Increase,Operational-driven
actual,2024-12,B6,UQ-B6-05,SENSOR MODULE,jpy,581572.0,568013.0,-13559.0,cr,Supplier Negotiation,Operational-driven
actual,2025-01,B6,UQ-B6-05,SENSOR MODULE,jpy,568013.0,535821.0,-32192.0,cr,VA/VE Improvement,Engineering-driven
actual,2025-02,B6,UQ-B6-05,SENSOR MODULE,jpy,535821.0,507375.0,-28446.0,cr,Supplier Negotiation,Operational-driven
actual,2025-03,B6,UQ-B6-05,SENSOR MODULE,jpy,507375.0,486641.0,-20734.0,cr,VA/VE Improvement,Engineering-driven
actual,2025-04,B6,UQ-B6-05,SENSOR MODULE,jpy,486641.0,486641.0,0.0,,,
actual,2025-05,B6,UQ-B6-05,SENSOR MODULE,jpy,486641.0,474657.0,-11984.0,cr,VA/VE Improvement,Engineering-driven
actual,2025-06,B6,UQ-B6-05,SENSOR MODULE,jpy,474657.0,445673.0,-28984.0,cr,Process Improvement (Yield Up),Operational-driven
actual,2025-07,B6,UQ-B6-05,SENSOR MODULE,jpy,445673.0,412915.0,-32758.0,cr,Supplier Negotiation,Operational-driven
actual,2025-08,B6,UQ-B6-05,SENSOR MODULE,jpy,412915.0,368627.0,-44288.0,cr,Process Improvement (Yield Up),Operational-driven
actual,2025-09,B6,UQ-B6-05,SENSOR MODULE,jpy,368627.0,384464.0,15837.0,cu,Logistics/Freight Cost Increase,Market-driven
actual,2025-10,B6,UQ-B6-05,SENSOR MODULE,jpy,384464.0,372585.0,-11879.0,cr,Localization / Local Sourcing,Operational-driven
actual,2024-11,B6,SH-EVEN-01,TAPE PU-F,domestic,70295.0,75075.0,4780.0,cu,Raw Material Price Increase,Market-driven
actual,2024-12,B6,SH-EVEN-01,TAPE PU-F,domestic,75075.0,80181.0,5106.0,cu,Raw Material Price Increase,Market-driven
actual,2025-01,B6,SH-EVEN-01,TAPE PU-F,domestic,80181.0,82639.0,2458.0,cu,Engineering Change / Spec Upgrade,Engineering-driven
actual,2025-02,B6,SH-EVEN-01,TAPE PU-F,domestic,82639.0,87878.0,5239.0,cu,Engineering Change / Spec Upgrade,Engineering-driven
actual,2025-03,B6,SH-EVEN-01,TAPE PU-F,domestic,87878.0,93563.0,5685.0,cu,Engineering Change / Spec Upgrade,Engineering-driven
actual,2025-04,B6,SH-EVEN-01,TAPE PU-F,domestic,93563.0,89152.0,-4411.0,cr,VA/VE Improvement,Engineering-driven
actual,2025-05,B6,SH-EVEN-01,TAPE PU-F,domestic,89152.0,94914.0,5762.0,cu,Supplier Change (Higher Cost Source),Market-driven
actual,2025-06,B6,SH-EVEN-01,TAPE PU-F,domestic,94914.0,101876.0,6962.0,cu,Supplier Change (Higher Cost Source),Market-driven
actual,2025-07,B6,SH-EVEN-01,TAPE PU-F,domestic,101876.0,94152.0,-7724.0,cr,Process Improvement (Yield Up),Operational-driven
actual,2025-08,B6,SH-EVEN-01,TAPE PU-F,domestic,94152.0,96785.0,2633.0,cu,Supplier Change (Higher Cost Source),Market-driven
actual,2025-09,B6,SH-EVEN-01,TAPE PU-F,domestic,96785.0,96785.0,0.0,,,
actual,2025-10,B6,SH-EVEN-01,TAPE PU-F,domestic,96785.0,101858.0,5073.0,cu,Yield/Scrap Rate Increase,Operational-driven
actual,2024-11,B6,SH-EVEN-02,RESIN COMPOUND,usd,19042.0,19491.0,449.0,cu,Supplier Change (Higher Cost Source),Market-driven
actual,2024-12,B6,SH-EVEN-02,RESIN COMPOUND,usd,19491.0,20366.0,875.0,cu,Supplier Change (Higher Cost Source),Market-driven
actual,2025-01,B6,SH-EVEN-02,RESIN COMPOUND,usd,20366.0,20895.0,529.0,cu,Raw Material Price Increase,Market-driven
actual,2025-02,B6,SH-EVEN-02,RESIN COMPOUND,usd,20895.0,21472.0,577.0,cu,Logistics/Freight Cost Increase,Market-driven
actual,2025-03,B6,SH-EVEN-02,RESIN COMPOUND,usd,21472.0,22839.0,1367.0,cu,Logistics/Freight Cost Increase,Market-driven
actual,2025-04,B6,SH-EVEN-02,RESIN COMPOUND,usd,22839.0,22839.0,0.0,,,
actual,2025-05,B6,SH-EVEN-02,RESIN COMPOUND,usd,22839.0,21574.0,-1265.0,cr,Localization / Local Sourcing,Operational-driven
actual,2025-06,B6,SH-EVEN-02,RESIN COMPOUND,usd,21574.0,22763.0,1189.0,cu,Logistics/Freight Cost Increase,Market-driven
actual,2025-07,B6,SH-EVEN-02,RESIN COMPOUND,usd,22763.0,21147.0,-1616.0,cr,Alternative Material Substitution,Engineering-driven
actual,2025-08,B6,SH-EVEN-02,RESIN COMPOUND,usd,21147.0,22059.0,912.0,cu,Raw Material Price Increase,Market-driven
actual,2025-09,B6,SH-EVEN-02,RESIN COMPOUND,usd,22059.0,23441.0,1382.0,cu,Engineering Change / Spec Upgrade,Engineering-driven
actual,2025-10,B6,SH-EVEN-02,RESIN COMPOUND,usd,23441.0,24890.0,1449.0,cu,Yield/Scrap Rate Increase,Operational-driven
actual,2024-11,B7,SH-CATB-D01,PANEL BOTTOM AS,domestic,134348.0,128910.0,-5438.0,cr,Localization / Local Sourcing,Operational-driven
actual,2024-12,B7,SH-CATB-D01,PANEL BOTTOM AS,domestic,128910.0,123207.0,-5703.0,cr,Alternative Material Substitution,Engineering-driven
actual,2025-01,B7,SH-CATB-D01,PANEL BOTTOM AS,domestic,123207.0,111757.0,-11450.0,cr,Alternative Material Substitution,Engineering-driven
actual,2025-02,B7,SH-CATB-D01,PANEL BOTTOM AS,domestic,111757.0,103982.0,-7775.0,cr,VA/VE Improvement,Engineering-driven
actual,2025-03,B7,SH-CATB-D01,PANEL BOTTOM AS,domestic,103982.0,101708.0,-2274.0,cr,Process Improvement (Yield Up),Operational-driven
actual,2025-04,B7,SH-CATB-D01,PANEL BOTTOM AS,domestic,101708.0,94151.0,-7557.0,cr,Localization / Local Sourcing,Operational-driven
actual,2025-05,B7,SH-CATB-D01,PANEL BOTTOM AS,domestic,94151.0,87989.0,-6162.0,cr,Process Improvement (Yield Up),Operational-driven
actual,2025-06,B7,SH-CATB-D01,PANEL BOTTOM AS,domestic,87989.0,85585.0,-2404.0,cr,Localization / Local Sourcing,Operational-driven
actual,2025-07,B7,SH-CATB-D01,PANEL BOTTOM AS,domestic,85585.0,78415.0,-7170.0,cr,Alternative Material Substitution,Engineering-driven
actual,2025-08,B7,SH-CATB-D01,PANEL BOTTOM AS,domestic,78415.0,84428.0,6013.0,cu,Yield/Scrap Rate Increase,Operational-driven
actual,2025-09,B7,SH-CATB-D01,PANEL BOTTOM AS,domestic,84428.0,84428.0,0.0,,,
actual,2025-10,B7,SH-CATB-D01,PANEL BOTTOM AS,domestic,84428.0,88028.0,3600.0,cu,Raw Material Price Increase,Market-driven
actual,2024-11,B7,SH-CATB-U01,CONNECTOR HOUSING,usd,58561.0,54352.0,-4209.0,cr,Localization / Local Sourcing,Operational-driven
actual,2024-12,B7,SH-CATB-U01,CONNECTOR HOUSING,usd,54352.0,49649.0,-4703.0,cr,Process Improvement (Yield Up),Operational-driven
actual,2025-01,B7,SH-CATB-U01,CONNECTOR HOUSING,usd,49649.0,48318.0,-1331.0,cr,Alternative Material Substitution,Engineering-driven
actual,2025-02,B7,SH-CATB-U01,CONNECTOR HOUSING,usd,48318.0,45900.0,-2418.0,cr,Localization / Local Sourcing,Operational-driven
actual,2025-03,B7,SH-CATB-U01,CONNECTOR HOUSING,usd,45900.0,44561.0,-1339.0,cr,Localization / Local Sourcing,Operational-driven
actual,2025-04,B7,SH-CATB-U01,CONNECTOR HOUSING,usd,44561.0,42100.0,-2461.0,cr,Localization / Local Sourcing,Operational-driven
actual,2025-05,B7,SH-CATB-U01,CONNECTOR HOUSING,usd,42100.0,42100.0,0.0,,,
actual,2025-06,B7,SH-CATB-U01,CONNECTOR HOUSING,usd,42100.0,45835.0,3735.0,cu,Raw Material Price Increase,Market-driven
actual,2025-07,B7,SH-CATB-U01,CONNECTOR HOUSING,usd,45835.0,42153.0,-3682.0,cr,Localization / Local Sourcing,Operational-driven
actual,2025-08,B7,SH-CATB-U01,CONNECTOR HOUSING,usd,42153.0,39350.0,-2803.0,cr,Supplier Negotiation,Operational-driven
actual,2025-09,B7,SH-CATB-U01,CONNECTOR HOUSING,usd,39350.0,40878.0,1528.0,cu,Supplier Change (Higher Cost Source),Market-driven
actual,2025-10,B7,SH-CATB-U01,CONNECTOR HOUSING,usd,40878.0,37163.0,-3715.0,cr,Supplier Negotiation,Operational-driven
actual,2024-11,B7,SH-IDX07,PRECISION GEAR,jpy,203264.0,203264.0,0.0,,,
actual,2024-12,B7,SH-IDX07,PRECISION GEAR,jpy,203264.0,186811.0,-16453.0,cr,Supplier Negotiation,Operational-driven
actual,2025-01,B7,SH-IDX07,PRECISION GEAR,jpy,186811.0,173296.0,-13515.0,cr,VA/VE Improvement,Engineering-driven
actual,2025-02,B7,SH-IDX07,PRECISION GEAR,jpy,173296.0,162366.0,-10930.0,cr,Process Improvement (Yield Up),Operational-driven
actual,2025-03,B7,SH-IDX07,PRECISION GEAR,jpy,162366.0,152465.0,-9901.0,cr,Localization / Local Sourcing,Operational-driven
actual,2025-04,B7,SH-IDX07,PRECISION GEAR,jpy,152465.0,145383.0,-7082.0,cr,Localization / Local Sourcing,Operational-driven
actual,2025-05,B7,SH-IDX07,PRECISION GEAR,jpy,145383.0,154399.0,9016.0,cu,Yield/Scrap Rate Increase,Operational-driven
actual,2025-06,B7,SH-IDX07,PRECISION GEAR,jpy,154399.0,161975.0,7576.0,cu,Yield/Scrap Rate Increase,Operational-driven
actual,2025-07,B7,SH-IDX07,PRECISION GEAR,jpy,161975.0,154112.0,-7863.0,cr,Localization / Local Sourcing,Operational-driven
actual,2025-08,B7,SH-IDX07,PRECISION GEAR,jpy,154112.0,143056.0,-11056.0,cr,Alternative Material Substitution,Engineering-driven
actual,2025-09,B7,SH-IDX07,PRECISION GEAR,jpy,143056.0,137044.0,-6012.0,cr,Supplier Negotiation,Operational-driven
actual,2025-10,B7,SH-IDX07,PRECISION GEAR,jpy,137044.0,129698.0,-7346.0,cr,Localization / Local Sourcing,Operational-driven
actual,2024-11,B7,UQ-B7-01,PANEL FRONT AS,domestic,520063.0,520063.0,0.0,,,
actual,2024-12,B7,UQ-B7-01,PANEL FRONT AS,domestic,520063.0,537007.0,16944.0,cu,Raw Material Price Increase,Market-driven
actual,2025-01,B7,UQ-B7-01,PANEL FRONT AS,domestic,537007.0,546500.0,9493.0,cu,Supplier Change (Higher Cost Source),Market-driven
actual,2025-02,B7,UQ-B7-01,PANEL FRONT AS,domestic,546500.0,535604.0,-10896.0,cr,Localization / Local Sourcing,Operational-driven
actual,2025-03,B7,UQ-B7-01,PANEL FRONT AS,domestic,535604.0,575973.0,40369.0,cu,Yield/Scrap Rate Increase,Operational-driven
actual,2025-04,B7,UQ-B7-01,PANEL FRONT AS,domestic,575973.0,594990.0,19017.0,cu,Logistics/Freight Cost Increase,Market-driven
actual,2025-05,B7,UQ-B7-01,PANEL FRONT AS,domestic,594990.0,642609.0,47619.0,cu,Raw Material Price Increase,Market-driven
actual,2025-06,B7,UQ-B7-01,PANEL FRONT AS,domestic,642609.0,626146.0,-16463.0,cr,VA/VE Improvement,Engineering-driven
actual,2025-07,B7,UQ-B7-01,PANEL FRONT AS,domestic,626146.0,682489.0,56343.0,cu,Engineering Change / Spec Upgrade,Engineering-driven
actual,2025-08,B7,UQ-B7-01,PANEL FRONT AS,domestic,682489.0,748184.0,65695.0,cu,Yield/Scrap Rate Increase,Operational-driven
actual,2025-09,B7,UQ-B7-01,PANEL FRONT AS,domestic,748184.0,785826.0,37642.0,cu,Engineering Change / Spec Upgrade,Engineering-driven
actual,2025-10,B7,UQ-B7-01,PANEL FRONT AS,domestic,785826.0,853337.0,67511.0,cu,Yield/Scrap Rate Increase,Operational-driven
actual,2024-11,B7,UQ-B7-02,BRACKET SUPPORT,domestic,363445.0,381390.0,17945.0,cu,Yield/Scrap Rate Increase,Operational-driven
actual,2024-12,B7,UQ-B7-02,BRACKET SUPPORT,domestic,381390.0,391489.0,10099.0,cu,Engineering Change / Spec Upgrade,Engineering-driven
actual,2025-01,B7,UQ-B7-02,BRACKET SUPPORT,domestic,391489.0,391489.0,0.0,,,
actual,2025-02,B7,UQ-B7-02,BRACKET SUPPORT,domestic,391489.0,413453.0,21964.0,cu,Logistics/Freight Cost Increase,Market-driven
actual,2025-03,B7,UQ-B7-02,BRACKET SUPPORT,domestic,413453.0,437017.0,23564.0,cu,Logistics/Freight Cost Increase,Market-driven
actual,2025-04,B7,UQ-B7-02,BRACKET SUPPORT,domestic,437017.0,420900.0,-16117.0,cr,VA/VE Improvement,Engineering-driven
actual,2025-05,B7,UQ-B7-02,BRACKET SUPPORT,domestic,420900.0,452680.0,31780.0,cu,Yield/Scrap Rate Increase,Operational-driven
actual,2025-06,B7,UQ-B7-02,BRACKET SUPPORT,domestic,452680.0,431002.0,-21678.0,cr,VA/VE Improvement,Engineering-driven
actual,2025-07,B7,UQ-B7-02,BRACKET SUPPORT,domestic,431002.0,440736.0,9734.0,cu,Supplier Change (Higher Cost Source),Market-driven
actual,2025-08,B7,UQ-B7-02,BRACKET SUPPORT,domestic,440736.0,476715.0,35979.0,cu,Logistics/Freight Cost Increase,Market-driven
actual,2025-09,B7,UQ-B7-02,BRACKET SUPPORT,domestic,476715.0,486773.0,10058.0,cu,Engineering Change / Spec Upgrade,Engineering-driven
actual,2025-10,B7,UQ-B7-02,BRACKET SUPPORT,domestic,486773.0,498218.0,11445.0,cu,Logistics/Freight Cost Increase,Market-driven
actual,2024-11,B7,UQ-B7-03,IC CHIP CONTROL,usd,456656.0,419976.0,-36680.0,cr,Supplier Negotiation,Operational-driven
actual,2024-12,B7,UQ-B7-03,IC CHIP CONTROL,usd,419976.0,443143.0,23167.0,cu,Engineering Change / Spec Upgrade,Engineering-driven
actual,2025-01,B7,UQ-B7-03,IC CHIP CONTROL,usd,443143.0,471982.0,28839.0,cu,Logistics/Freight Cost Increase,Market-driven
actual,2025-02,B7,UQ-B7-03,IC CHIP CONTROL,usd,471982.0,478677.0,6695.0,cu,Engineering Change / Spec Upgrade,Engineering-driven
actual,2025-03,B7,UQ-B7-03,IC CHIP CONTROL,usd,478677.0,500638.0,21961.0,cu,Raw Material Price Increase,Market-driven
actual,2025-04,B7,UQ-B7-03,IC CHIP CONTROL,usd,500638.0,539600.0,38962.0,cu,Supplier Change (Higher Cost Source),Market-driven
actual,2025-05,B7,UQ-B7-03,IC CHIP CONTROL,usd,539600.0,514696.0,-24904.0,cr,VA/VE Improvement,Engineering-driven
actual,2025-06,B7,UQ-B7-03,IC CHIP CONTROL,usd,514696.0,536796.0,22100.0,cu,Yield/Scrap Rate Increase,Operational-driven
actual,2025-07,B7,UQ-B7-03,IC CHIP CONTROL,usd,536796.0,549701.0,12905.0,cu,Logistics/Freight Cost Increase,Market-driven
actual,2025-08,B7,UQ-B7-03,IC CHIP CONTROL,usd,549701.0,549701.0,0.0,,,
actual,2025-09,B7,UQ-B7-03,IC CHIP CONTROL,usd,549701.0,565344.0,15643.0,cu,Engineering Change / Spec Upgrade,Engineering-driven
actual,2025-10,B7,UQ-B7-03,IC CHIP CONTROL,usd,565344.0,585628.0,20284.0,cu,Supplier Change (Higher Cost Source),Market-driven
actual,2024-11,B7,UQ-B7-04,MOTOR UNIT,jpy,298118.0,283944.0,-14174.0,cr,Alternative Material Substitution,Engineering-driven
actual,2024-12,B7,UQ-B7-04,MOTOR UNIT,jpy,283944.0,305057.0,21113.0,cu,Engineering Change / Spec Upgrade,Engineering-driven
actual,2025-01,B7,UQ-B7-04,MOTOR UNIT,jpy,305057.0,280938.0,-24119.0,cr,Alternative Material Substitution,Engineering-driven
actual,2025-02,B7,UQ-B7-04,MOTOR UNIT,jpy,280938.0,280938.0,0.0,,,
actual,2025-03,B7,UQ-B7-04,MOTOR UNIT,jpy,280938.0,268633.0,-12305.0,cr,Localization / Local Sourcing,Operational-driven
actual,2025-04,B7,UQ-B7-04,MOTOR UNIT,jpy,268633.0,255261.0,-13372.0,cr,Alternative Material Substitution,Engineering-driven
actual,2025-05,B7,UQ-B7-04,MOTOR UNIT,jpy,255261.0,238985.0,-16276.0,cr,Localization / Local Sourcing,Operational-driven
actual,2025-06,B7,UQ-B7-04,MOTOR UNIT,jpy,238985.0,250610.0,11625.0,cu,Yield/Scrap Rate Increase,Operational-driven
actual,2025-07,B7,UQ-B7-04,MOTOR UNIT,jpy,250610.0,233023.0,-17587.0,cr,VA/VE Improvement,Engineering-driven
actual,2025-08,B7,UQ-B7-04,MOTOR UNIT,jpy,233023.0,218790.0,-14233.0,cr,VA/VE Improvement,Engineering-driven
actual,2025-09,B7,UQ-B7-04,MOTOR UNIT,jpy,218790.0,204957.0,-13833.0,cr,Alternative Material Substitution,Engineering-driven
actual,2025-10,B7,UQ-B7-04,MOTOR UNIT,jpy,204957.0,193606.0,-11351.0,cr,Alternative Material Substitution,Engineering-driven
actual,2024-11,B7,UQ-B7-05,SENSOR MODULE,jpy,342169.0,351885.0,9716.0,cu,Logistics/Freight Cost Increase,Market-driven
actual,2024-12,B7,UQ-B7-05,SENSOR MODULE,jpy,351885.0,324619.0,-27266.0,cr,Localization / Local Sourcing,Operational-driven
actual,2025-01,B7,UQ-B7-05,SENSOR MODULE,jpy,324619.0,313107.0,-11512.0,cr,VA/VE Improvement,Engineering-driven
actual,2025-02,B7,UQ-B7-05,SENSOR MODULE,jpy,313107.0,282510.0,-30597.0,cr,Localization / Local Sourcing,Operational-driven
actual,2025-03,B7,UQ-B7-05,SENSOR MODULE,jpy,282510.0,275478.0,-7032.0,cr,Alternative Material Substitution,Engineering-driven
actual,2025-04,B7,UQ-B7-05,SENSOR MODULE,jpy,275478.0,275478.0,0.0,,,
actual,2025-05,B7,UQ-B7-05,SENSOR MODULE,jpy,275478.0,262348.0,-13130.0,cr,VA/VE Improvement,Engineering-driven
actual,2025-06,B7,UQ-B7-05,SENSOR MODULE,jpy,262348.0,252700.0,-9648.0,cr,Process Improvement (Yield Up),Operational-driven
actual,2025-07,B7,UQ-B7-05,SENSOR MODULE,jpy,252700.0,244906.0,-7794.0,cr,VA/VE Improvement,Engineering-driven
actual,2025-08,B7,UQ-B7-05,SENSOR MODULE,jpy,244906.0,227859.0,-17047.0,cr,VA/VE Improvement,Engineering-driven
actual,2025-09,B7,UQ-B7-05,SENSOR MODULE,jpy,227859.0,234347.0,6488.0,cu,Supplier Change (Higher Cost Source),Market-driven
actual,2025-10,B7,UQ-B7-05,SENSOR MODULE,jpy,234347.0,223704.0,-10643.0,cr,Alternative Material Substitution,Engineering-driven
actual,2024-11,B8,SH-CATB-D01,PANEL BOTTOM AS,domestic,134348.0,128910.0,-5438.0,cr,Localization / Local Sourcing,Operational-driven
actual,2024-12,B8,SH-CATB-D01,PANEL BOTTOM AS,domestic,128910.0,123207.0,-5703.0,cr,Alternative Material Substitution,Engineering-driven
actual,2025-01,B8,SH-CATB-D01,PANEL BOTTOM AS,domestic,123207.0,111757.0,-11450.0,cr,Alternative Material Substitution,Engineering-driven
actual,2025-02,B8,SH-CATB-D01,PANEL BOTTOM AS,domestic,111757.0,103982.0,-7775.0,cr,VA/VE Improvement,Engineering-driven
actual,2025-03,B8,SH-CATB-D01,PANEL BOTTOM AS,domestic,103982.0,101708.0,-2274.0,cr,Process Improvement (Yield Up),Operational-driven
actual,2025-04,B8,SH-CATB-D01,PANEL BOTTOM AS,domestic,101708.0,94151.0,-7557.0,cr,Localization / Local Sourcing,Operational-driven
actual,2025-05,B8,SH-CATB-D01,PANEL BOTTOM AS,domestic,94151.0,87989.0,-6162.0,cr,Process Improvement (Yield Up),Operational-driven
actual,2025-06,B8,SH-CATB-D01,PANEL BOTTOM AS,domestic,87989.0,85585.0,-2404.0,cr,Localization / Local Sourcing,Operational-driven
actual,2025-07,B8,SH-CATB-D01,PANEL BOTTOM AS,domestic,85585.0,78415.0,-7170.0,cr,Alternative Material Substitution,Engineering-driven
actual,2025-08,B8,SH-CATB-D01,PANEL BOTTOM AS,domestic,78415.0,84428.0,6013.0,cu,Yield/Scrap Rate Increase,Operational-driven
actual,2025-09,B8,SH-CATB-D01,PANEL BOTTOM AS,domestic,84428.0,84428.0,0.0,,,
actual,2025-10,B8,SH-CATB-D01,PANEL BOTTOM AS,domestic,84428.0,88028.0,3600.0,cu,Raw Material Price Increase,Market-driven
actual,2024-11,B8,SH-CATB-U01,CONNECTOR HOUSING,usd,58561.0,54352.0,-4209.0,cr,Localization / Local Sourcing,Operational-driven
actual,2024-12,B8,SH-CATB-U01,CONNECTOR HOUSING,usd,54352.0,49649.0,-4703.0,cr,Process Improvement (Yield Up),Operational-driven
actual,2025-01,B8,SH-CATB-U01,CONNECTOR HOUSING,usd,49649.0,48318.0,-1331.0,cr,Alternative Material Substitution,Engineering-driven
actual,2025-02,B8,SH-CATB-U01,CONNECTOR HOUSING,usd,48318.0,45900.0,-2418.0,cr,Localization / Local Sourcing,Operational-driven
actual,2025-03,B8,SH-CATB-U01,CONNECTOR HOUSING,usd,45900.0,44561.0,-1339.0,cr,Localization / Local Sourcing,Operational-driven
actual,2025-04,B8,SH-CATB-U01,CONNECTOR HOUSING,usd,44561.0,42100.0,-2461.0,cr,Localization / Local Sourcing,Operational-driven
actual,2025-05,B8,SH-CATB-U01,CONNECTOR HOUSING,usd,42100.0,42100.0,0.0,,,
actual,2025-06,B8,SH-CATB-U01,CONNECTOR HOUSING,usd,42100.0,45835.0,3735.0,cu,Raw Material Price Increase,Market-driven
actual,2025-07,B8,SH-CATB-U01,CONNECTOR HOUSING,usd,45835.0,42153.0,-3682.0,cr,Localization / Local Sourcing,Operational-driven
actual,2025-08,B8,SH-CATB-U01,CONNECTOR HOUSING,usd,42153.0,39350.0,-2803.0,cr,Supplier Negotiation,Operational-driven
actual,2025-09,B8,SH-CATB-U01,CONNECTOR HOUSING,usd,39350.0,40878.0,1528.0,cu,Supplier Change (Higher Cost Source),Market-driven
actual,2025-10,B8,SH-CATB-U01,CONNECTOR HOUSING,usd,40878.0,37163.0,-3715.0,cr,Supplier Negotiation,Operational-driven
actual,2024-11,B8,SH-IDX08,PRECISION GEAR,jpy,78230.0,78230.0,0.0,,,
actual,2024-12,B8,SH-IDX08,PRECISION GEAR,jpy,78230.0,73299.0,-4931.0,cr,VA/VE Improvement,Engineering-driven
actual,2025-01,B8,SH-IDX08,PRECISION GEAR,jpy,73299.0,70357.0,-2942.0,cr,Localization / Local Sourcing,Operational-driven
actual,2025-02,B8,SH-IDX08,PRECISION GEAR,jpy,70357.0,64084.0,-6273.0,cr,Supplier Negotiation,Operational-driven
actual,2025-03,B8,SH-IDX08,PRECISION GEAR,jpy,64084.0,58979.0,-5105.0,cr,Localization / Local Sourcing,Operational-driven
actual,2025-04,B8,SH-IDX08,PRECISION GEAR,jpy,58979.0,54813.0,-4166.0,cr,Process Improvement (Yield Up),Operational-driven
actual,2025-05,B8,SH-IDX08,PRECISION GEAR,jpy,54813.0,58412.0,3599.0,cu,Raw Material Price Increase,Market-driven
actual,2025-06,B8,SH-IDX08,PRECISION GEAR,jpy,58412.0,60313.0,1901.0,cu,Yield/Scrap Rate Increase,Operational-driven
actual,2025-07,B8,SH-IDX08,PRECISION GEAR,jpy,60313.0,57606.0,-2707.0,cr,Alternative Material Substitution,Engineering-driven
actual,2025-08,B8,SH-IDX08,PRECISION GEAR,jpy,57606.0,55309.0,-2297.0,cr,VA/VE Improvement,Engineering-driven
actual,2025-09,B8,SH-IDX08,PRECISION GEAR,jpy,55309.0,50622.0,-4687.0,cr,Localization / Local Sourcing,Operational-driven
actual,2025-10,B8,SH-IDX08,PRECISION GEAR,jpy,50622.0,47262.0,-3360.0,cr,Supplier Negotiation,Operational-driven
actual,2024-11,B8,UQ-B8-01,PANEL FRONT AS,domestic,820998.0,820998.0,0.0,,,
actual,2024-12,B8,UQ-B8-01,PANEL FRONT AS,domestic,820998.0,853493.0,32495.0,cu,Yield/Scrap Rate Increase,Operational-driven
actual,2025-01,B8,UQ-B8-01,PANEL FRONT AS,domestic,853493.0,915979.0,62486.0,cu,Engineering Change / Spec Upgrade,Engineering-driven
actual,2025-02,B8,UQ-B8-01,PANEL FRONT AS,domestic,915979.0,866736.0,-49243.0,cr,Supplier Negotiation,Operational-driven
actual,2025-03,B8,UQ-B8-01,PANEL FRONT AS,domestic,866736.0,902750.0,36014.0,cu,Raw Material Price Increase,Market-driven
actual,2025-04,B8,UQ-B8-01,PANEL FRONT AS,domestic,902750.0,958811.0,56061.0,cu,Engineering Change / Spec Upgrade,Engineering-driven
actual,2025-05,B8,UQ-B8-01,PANEL FRONT AS,domestic,958811.0,1010587.0,51776.0,cu,Supplier Change (Higher Cost Source),Market-driven
actual,2025-06,B8,UQ-B8-01,PANEL FRONT AS,domestic,1010587.0,994950.0,-15637.0,cr,Process Improvement (Yield Up),Operational-driven
actual,2025-07,B8,UQ-B8-01,PANEL FRONT AS,domestic,994950.0,1030389.0,35439.0,cu,Raw Material Price Increase,Market-driven
actual,2025-08,B8,UQ-B8-01,PANEL FRONT AS,domestic,1030389.0,1114241.0,83852.0,cu,Supplier Change (Higher Cost Source),Market-driven
actual,2025-09,B8,UQ-B8-01,PANEL FRONT AS,domestic,1114241.0,1132311.0,18070.0,cu,Yield/Scrap Rate Increase,Operational-driven
actual,2025-10,B8,UQ-B8-01,PANEL FRONT AS,domestic,1132311.0,1205971.0,73660.0,cu,Yield/Scrap Rate Increase,Operational-driven
actual,2024-11,B8,UQ-B8-02,BRACKET SUPPORT,domestic,751746.0,799410.0,47664.0,cu,Raw Material Price Increase,Market-driven
actual,2024-12,B8,UQ-B8-02,BRACKET SUPPORT,domestic,799410.0,835443.0,36033.0,cu,Yield/Scrap Rate Increase,Operational-driven
actual,2025-01,B8,UQ-B8-02,BRACKET SUPPORT,domestic,835443.0,835443.0,0.0,,,
actual,2025-02,B8,UQ-B8-02,BRACKET SUPPORT,domestic,835443.0,885947.0,50504.0,cu,Raw Material Price Increase,Market-driven
actual,2025-03,B8,UQ-B8-02,BRACKET SUPPORT,domestic,885947.0,959583.0,73636.0,cu,Engineering Change / Spec Upgrade,Engineering-driven
actual,2025-04,B8,UQ-B8-02,BRACKET SUPPORT,domestic,959583.0,901459.0,-58124.0,cr,Alternative Material Substitution,Engineering-driven
actual,2025-05,B8,UQ-B8-02,BRACKET SUPPORT,domestic,901459.0,977190.0,75731.0,cu,Yield/Scrap Rate Increase,Operational-driven
actual,2025-06,B8,UQ-B8-02,BRACKET SUPPORT,domestic,977190.0,937897.0,-39293.0,cr,Supplier Negotiation,Operational-driven
actual,2025-07,B8,UQ-B8-02,BRACKET SUPPORT,domestic,937897.0,959724.0,21827.0,cu,Engineering Change / Spec Upgrade,Engineering-driven
actual,2025-08,B8,UQ-B8-02,BRACKET SUPPORT,domestic,959724.0,1005392.0,45668.0,cu,Yield/Scrap Rate Increase,Operational-driven
actual,2025-09,B8,UQ-B8-02,BRACKET SUPPORT,domestic,1005392.0,1046572.0,41180.0,cu,Engineering Change / Spec Upgrade,Engineering-driven
actual,2025-10,B8,UQ-B8-02,BRACKET SUPPORT,domestic,1046572.0,1095599.0,49027.0,cu,Engineering Change / Spec Upgrade,Engineering-driven
actual,2024-11,B8,UQ-B8-03,IC CHIP CONTROL,usd,626448.0,615103.0,-11345.0,cr,VA/VE Improvement,Engineering-driven
actual,2024-12,B8,UQ-B8-03,IC CHIP CONTROL,usd,615103.0,673222.0,58119.0,cu,Engineering Change / Spec Upgrade,Engineering-driven
actual,2025-01,B8,UQ-B8-03,IC CHIP CONTROL,usd,673222.0,722322.0,49100.0,cu,Engineering Change / Spec Upgrade,Engineering-driven
actual,2025-02,B8,UQ-B8-03,IC CHIP CONTROL,usd,722322.0,747963.0,25641.0,cu,Supplier Change (Higher Cost Source),Market-driven
actual,2025-03,B8,UQ-B8-03,IC CHIP CONTROL,usd,747963.0,796125.0,48162.0,cu,Logistics/Freight Cost Increase,Market-driven
actual,2025-04,B8,UQ-B8-03,IC CHIP CONTROL,usd,796125.0,815265.0,19140.0,cu,Raw Material Price Increase,Market-driven
actual,2025-05,B8,UQ-B8-03,IC CHIP CONTROL,usd,815265.0,777860.0,-37405.0,cr,Alternative Material Substitution,Engineering-driven
actual,2025-06,B8,UQ-B8-03,IC CHIP CONTROL,usd,777860.0,830997.0,53137.0,cu,Raw Material Price Increase,Market-driven
actual,2025-07,B8,UQ-B8-03,IC CHIP CONTROL,usd,830997.0,890617.0,59620.0,cu,Engineering Change / Spec Upgrade,Engineering-driven
actual,2025-08,B8,UQ-B8-03,IC CHIP CONTROL,usd,890617.0,890617.0,0.0,,,
actual,2025-09,B8,UQ-B8-03,IC CHIP CONTROL,usd,890617.0,914151.0,23534.0,cu,Supplier Change (Higher Cost Source),Market-driven
actual,2025-10,B8,UQ-B8-03,IC CHIP CONTROL,usd,914151.0,1000683.0,86532.0,cu,Engineering Change / Spec Upgrade,Engineering-driven
actual,2024-11,B8,UQ-B8-04,MOTOR UNIT,jpy,185347.0,180897.0,-4450.0,cr,VA/VE Improvement,Engineering-driven
actual,2024-12,B8,UQ-B8-04,MOTOR UNIT,jpy,180897.0,192035.0,11138.0,cu,Supplier Change (Higher Cost Source),Market-driven
actual,2025-01,B8,UQ-B8-04,MOTOR UNIT,jpy,192035.0,182367.0,-9668.0,cr,Localization / Local Sourcing,Operational-driven
actual,2025-02,B8,UQ-B8-04,MOTOR UNIT,jpy,182367.0,182367.0,0.0,,,
actual,2025-03,B8,UQ-B8-04,MOTOR UNIT,jpy,182367.0,178323.0,-4044.0,cr,Localization / Local Sourcing,Operational-driven
actual,2025-04,B8,UQ-B8-04,MOTOR UNIT,jpy,178323.0,174331.0,-3992.0,cr,Supplier Negotiation,Operational-driven
actual,2025-05,B8,UQ-B8-04,MOTOR UNIT,jpy,174331.0,166865.0,-7466.0,cr,Process Improvement (Yield Up),Operational-driven
actual,2025-06,B8,UQ-B8-04,MOTOR UNIT,jpy,166865.0,173662.0,6797.0,cu,Engineering Change / Spec Upgrade,Engineering-driven
actual,2025-07,B8,UQ-B8-04,MOTOR UNIT,jpy,173662.0,165500.0,-8162.0,cr,Alternative Material Substitution,Engineering-driven
actual,2025-08,B8,UQ-B8-04,MOTOR UNIT,jpy,165500.0,157291.0,-8209.0,cr,Alternative Material Substitution,Engineering-driven
actual,2025-09,B8,UQ-B8-04,MOTOR UNIT,jpy,157291.0,146962.0,-10329.0,cr,Supplier Negotiation,Operational-driven
actual,2025-10,B8,UQ-B8-04,MOTOR UNIT,jpy,146962.0,135484.0,-11478.0,cr,Supplier Negotiation,Operational-driven
actual,2024-11,B8,UQ-B8-05,SENSOR MODULE,jpy,164675.0,170195.0,5520.0,cu,Logistics/Freight Cost Increase,Market-driven
actual,2024-12,B8,UQ-B8-05,SENSOR MODULE,jpy,170195.0,157879.0,-12316.0,cr,Process Improvement (Yield Up),Operational-driven
actual,2025-01,B8,UQ-B8-05,SENSOR MODULE,jpy,157879.0,153375.0,-4504.0,cr,Localization / Local Sourcing,Operational-driven
actual,2025-02,B8,UQ-B8-05,SENSOR MODULE,jpy,153375.0,142386.0,-10989.0,cr,Alternative Material Substitution,Engineering-driven
actual,2025-03,B8,UQ-B8-05,SENSOR MODULE,jpy,142386.0,136552.0,-5834.0,cr,Supplier Negotiation,Operational-driven
actual,2025-04,B8,UQ-B8-05,SENSOR MODULE,jpy,136552.0,136552.0,0.0,,,
actual,2025-05,B8,UQ-B8-05,SENSOR MODULE,jpy,136552.0,127569.0,-8983.0,cr,VA/VE Improvement,Engineering-driven
actual,2025-06,B8,UQ-B8-05,SENSOR MODULE,jpy,127569.0,119511.0,-8058.0,cr,Process Improvement (Yield Up),Operational-driven
actual,2025-07,B8,UQ-B8-05,SENSOR MODULE,jpy,119511.0,116289.0,-3222.0,cr,Supplier Negotiation,Operational-driven
actual,2025-08,B8,UQ-B8-05,SENSOR MODULE,jpy,116289.0,108241.0,-8048.0,cr,Supplier Negotiation,Operational-driven
actual,2025-09,B8,UQ-B8-05,SENSOR MODULE,jpy,108241.0,117151.0,8910.0,cu,Yield/Scrap Rate Increase,Operational-driven
actual,2025-10,B8,UQ-B8-05,SENSOR MODULE,jpy,117151.0,111096.0,-6055.0,cr,Process Improvement (Yield Up),Operational-driven
actual,2024-11,B8,SH-EVEN-01,TAPE PU-F,domestic,70295.0,75075.0,4780.0,cu,Raw Material Price Increase,Market-driven
actual,2024-12,B8,SH-EVEN-01,TAPE PU-F,domestic,75075.0,80181.0,5106.0,cu,Raw Material Price Increase,Market-driven
actual,2025-01,B8,SH-EVEN-01,TAPE PU-F,domestic,80181.0,82639.0,2458.0,cu,Engineering Change / Spec Upgrade,Engineering-driven
actual,2025-02,B8,SH-EVEN-01,TAPE PU-F,domestic,82639.0,87878.0,5239.0,cu,Engineering Change / Spec Upgrade,Engineering-driven
actual,2025-03,B8,SH-EVEN-01,TAPE PU-F,domestic,87878.0,93563.0,5685.0,cu,Engineering Change / Spec Upgrade,Engineering-driven
actual,2025-04,B8,SH-EVEN-01,TAPE PU-F,domestic,93563.0,89152.0,-4411.0,cr,VA/VE Improvement,Engineering-driven
actual,2025-05,B8,SH-EVEN-01,TAPE PU-F,domestic,89152.0,94914.0,5762.0,cu,Supplier Change (Higher Cost Source),Market-driven
actual,2025-06,B8,SH-EVEN-01,TAPE PU-F,domestic,94914.0,101876.0,6962.0,cu,Supplier Change (Higher Cost Source),Market-driven
actual,2025-07,B8,SH-EVEN-01,TAPE PU-F,domestic,101876.0,94152.0,-7724.0,cr,Process Improvement (Yield Up),Operational-driven
actual,2025-08,B8,SH-EVEN-01,TAPE PU-F,domestic,94152.0,96785.0,2633.0,cu,Supplier Change (Higher Cost Source),Market-driven
actual,2025-09,B8,SH-EVEN-01,TAPE PU-F,domestic,96785.0,96785.0,0.0,,,
actual,2025-10,B8,SH-EVEN-01,TAPE PU-F,domestic,96785.0,101858.0,5073.0,cu,Yield/Scrap Rate Increase,Operational-driven
actual,2024-11,B8,SH-EVEN-02,RESIN COMPOUND,usd,19042.0,19491.0,449.0,cu,Supplier Change (Higher Cost Source),Market-driven
actual,2024-12,B8,SH-EVEN-02,RESIN COMPOUND,usd,19491.0,20366.0,875.0,cu,Supplier Change (Higher Cost Source),Market-driven
actual,2025-01,B8,SH-EVEN-02,RESIN COMPOUND,usd,20366.0,20895.0,529.0,cu,Raw Material Price Increase,Market-driven
actual,2025-02,B8,SH-EVEN-02,RESIN COMPOUND,usd,20895.0,21472.0,577.0,cu,Logistics/Freight Cost Increase,Market-driven
actual,2025-03,B8,SH-EVEN-02,RESIN COMPOUND,usd,21472.0,22839.0,1367.0,cu,Logistics/Freight Cost Increase,Market-driven
actual,2025-04,B8,SH-EVEN-02,RESIN COMPOUND,usd,22839.0,22839.0,0.0,,,
actual,2025-05,B8,SH-EVEN-02,RESIN COMPOUND,usd,22839.0,21574.0,-1265.0,cr,Localization / Local Sourcing,Operational-driven
actual,2025-06,B8,SH-EVEN-02,RESIN COMPOUND,usd,21574.0,22763.0,1189.0,cu,Logistics/Freight Cost Increase,Market-driven
actual,2025-07,B8,SH-EVEN-02,RESIN COMPOUND,usd,22763.0,21147.0,-1616.0,cr,Alternative Material Substitution,Engineering-driven
actual,2025-08,B8,SH-EVEN-02,RESIN COMPOUND,usd,21147.0,22059.0,912.0,cu,Raw Material Price Increase,Market-driven
actual,2025-09,B8,SH-EVEN-02,RESIN COMPOUND,usd,22059.0,23441.0,1382.0,cu,Engineering Change / Spec Upgrade,Engineering-driven
actual,2025-10,B8,SH-EVEN-02,RESIN COMPOUND,usd,23441.0,24890.0,1449.0,cu,Yield/Scrap Rate Increase,Operational-driven
actual,2024-11,B9,SH-CATB-D01,PANEL BOTTOM AS,domestic,134348.0,128910.0,-5438.0,cr,Localization / Local Sourcing,Operational-driven
actual,2024-12,B9,SH-CATB-D01,PANEL BOTTOM AS,domestic,128910.0,123207.0,-5703.0,cr,Alternative Material Substitution,Engineering-driven
actual,2025-01,B9,SH-CATB-D01,PANEL BOTTOM AS,domestic,123207.0,111757.0,-11450.0,cr,Alternative Material Substitution,Engineering-driven
actual,2025-02,B9,SH-CATB-D01,PANEL BOTTOM AS,domestic,111757.0,103982.0,-7775.0,cr,VA/VE Improvement,Engineering-driven
actual,2025-03,B9,SH-CATB-D01,PANEL BOTTOM AS,domestic,103982.0,101708.0,-2274.0,cr,Process Improvement (Yield Up),Operational-driven
actual,2025-04,B9,SH-CATB-D01,PANEL BOTTOM AS,domestic,101708.0,94151.0,-7557.0,cr,Localization / Local Sourcing,Operational-driven
actual,2025-05,B9,SH-CATB-D01,PANEL BOTTOM AS,domestic,94151.0,87989.0,-6162.0,cr,Process Improvement (Yield Up),Operational-driven
actual,2025-06,B9,SH-CATB-D01,PANEL BOTTOM AS,domestic,87989.0,85585.0,-2404.0,cr,Localization / Local Sourcing,Operational-driven
actual,2025-07,B9,SH-CATB-D01,PANEL BOTTOM AS,domestic,85585.0,78415.0,-7170.0,cr,Alternative Material Substitution,Engineering-driven
actual,2025-08,B9,SH-CATB-D01,PANEL BOTTOM AS,domestic,78415.0,84428.0,6013.0,cu,Yield/Scrap Rate Increase,Operational-driven
actual,2025-09,B9,SH-CATB-D01,PANEL BOTTOM AS,domestic,84428.0,84428.0,0.0,,,
actual,2025-10,B9,SH-CATB-D01,PANEL BOTTOM AS,domestic,84428.0,88028.0,3600.0,cu,Raw Material Price Increase,Market-driven
actual,2024-11,B9,SH-CATB-U01,CONNECTOR HOUSING,usd,58561.0,54352.0,-4209.0,cr,Localization / Local Sourcing,Operational-driven
actual,2024-12,B9,SH-CATB-U01,CONNECTOR HOUSING,usd,54352.0,49649.0,-4703.0,cr,Process Improvement (Yield Up),Operational-driven
actual,2025-01,B9,SH-CATB-U01,CONNECTOR HOUSING,usd,49649.0,48318.0,-1331.0,cr,Alternative Material Substitution,Engineering-driven
actual,2025-02,B9,SH-CATB-U01,CONNECTOR HOUSING,usd,48318.0,45900.0,-2418.0,cr,Localization / Local Sourcing,Operational-driven
actual,2025-03,B9,SH-CATB-U01,CONNECTOR HOUSING,usd,45900.0,44561.0,-1339.0,cr,Localization / Local Sourcing,Operational-driven
actual,2025-04,B9,SH-CATB-U01,CONNECTOR HOUSING,usd,44561.0,42100.0,-2461.0,cr,Localization / Local Sourcing,Operational-driven
actual,2025-05,B9,SH-CATB-U01,CONNECTOR HOUSING,usd,42100.0,42100.0,0.0,,,
actual,2025-06,B9,SH-CATB-U01,CONNECTOR HOUSING,usd,42100.0,45835.0,3735.0,cu,Raw Material Price Increase,Market-driven
actual,2025-07,B9,SH-CATB-U01,CONNECTOR HOUSING,usd,45835.0,42153.0,-3682.0,cr,Localization / Local Sourcing,Operational-driven
actual,2025-08,B9,SH-CATB-U01,CONNECTOR HOUSING,usd,42153.0,39350.0,-2803.0,cr,Supplier Negotiation,Operational-driven
actual,2025-09,B9,SH-CATB-U01,CONNECTOR HOUSING,usd,39350.0,40878.0,1528.0,cu,Supplier Change (Higher Cost Source),Market-driven
actual,2025-10,B9,SH-CATB-U01,CONNECTOR HOUSING,usd,40878.0,37163.0,-3715.0,cr,Supplier Negotiation,Operational-driven
actual,2024-11,B9,SH-IDX09,PRECISION GEAR,jpy,56507.0,56507.0,0.0,,,
actual,2024-12,B9,SH-IDX09,PRECISION GEAR,jpy,56507.0,55041.0,-1466.0,cr,Supplier Negotiation,Operational-driven
actual,2025-01,B9,SH-IDX09,PRECISION GEAR,jpy,55041.0,53874.0,-1167.0,cr,VA/VE Improvement,Engineering-driven
actual,2025-02,B9,SH-IDX09,PRECISION GEAR,jpy,53874.0,50143.0,-3731.0,cr,Supplier Negotiation,Operational-driven
actual,2025-03,B9,SH-IDX09,PRECISION GEAR,jpy,50143.0,46939.0,-3204.0,cr,Alternative Material Substitution,Engineering-driven
actual,2025-04,B9,SH-IDX09,PRECISION GEAR,jpy,46939.0,45715.0,-1224.0,cr,Process Improvement (Yield Up),Operational-driven
actual,2025-05,B9,SH-IDX09,PRECISION GEAR,jpy,45715.0,46848.0,1133.0,cu,Logistics/Freight Cost Increase,Market-driven
actual,2025-06,B9,SH-IDX09,PRECISION GEAR,jpy,46848.0,49533.0,2685.0,cu,Logistics/Freight Cost Increase,Market-driven
actual,2025-07,B9,SH-IDX09,PRECISION GEAR,jpy,49533.0,45057.0,-4476.0,cr,VA/VE Improvement,Engineering-driven
actual,2025-08,B9,SH-IDX09,PRECISION GEAR,jpy,45057.0,42057.0,-3000.0,cr,Process Improvement (Yield Up),Operational-driven
actual,2025-09,B9,SH-IDX09,PRECISION GEAR,jpy,42057.0,38411.0,-3646.0,cr,Supplier Negotiation,Operational-driven
actual,2025-10,B9,SH-IDX09,PRECISION GEAR,jpy,38411.0,37086.0,-1325.0,cr,Process Improvement (Yield Up),Operational-driven
actual,2024-11,B9,UQ-B9-01,PANEL FRONT AS,domestic,355644.0,355644.0,0.0,,,
actual,2024-12,B9,UQ-B9-01,PANEL FRONT AS,domestic,355644.0,367469.0,11825.0,cu,Logistics/Freight Cost Increase,Market-driven
actual,2025-01,B9,UQ-B9-01,PANEL FRONT AS,domestic,367469.0,381800.0,14331.0,cu,Raw Material Price Increase,Market-driven
actual,2025-02,B9,UQ-B9-01,PANEL FRONT AS,domestic,381800.0,354402.0,-27398.0,cr,Supplier Negotiation,Operational-driven
actual,2025-03,B9,UQ-B9-01,PANEL FRONT AS,domestic,354402.0,369054.0,14652.0,cu,Yield/Scrap Rate Increase,Operational-driven
actual,2025-04,B9,UQ-B9-01,PANEL FRONT AS,domestic,369054.0,398999.0,29945.0,cu,Engineering Change / Spec Upgrade,Engineering-driven
actual,2025-05,B9,UQ-B9-01,PANEL FRONT AS,domestic,398999.0,422170.0,23171.0,cu,Logistics/Freight Cost Increase,Market-driven
actual,2025-06,B9,UQ-B9-01,PANEL FRONT AS,domestic,422170.0,402909.0,-19261.0,cr,VA/VE Improvement,Engineering-driven
actual,2025-07,B9,UQ-B9-01,PANEL FRONT AS,domestic,402909.0,434004.0,31095.0,cu,Raw Material Price Increase,Market-driven
actual,2025-08,B9,UQ-B9-01,PANEL FRONT AS,domestic,434004.0,460969.0,26965.0,cu,Logistics/Freight Cost Increase,Market-driven
actual,2025-09,B9,UQ-B9-01,PANEL FRONT AS,domestic,460969.0,496423.0,35454.0,cu,Yield/Scrap Rate Increase,Operational-driven
actual,2025-10,B9,UQ-B9-01,PANEL FRONT AS,domestic,496423.0,506242.0,9819.0,cu,Logistics/Freight Cost Increase,Market-driven
actual,2024-11,B9,UQ-B9-02,BRACKET SUPPORT,domestic,319099.0,346080.0,26981.0,cu,Yield/Scrap Rate Increase,Operational-driven
actual,2024-12,B9,UQ-B9-02,BRACKET SUPPORT,domestic,346080.0,369276.0,23196.0,cu,Supplier Change (Higher Cost Source),Market-driven
actual,2025-01,B9,UQ-B9-02,BRACKET SUPPORT,domestic,369276.0,369276.0,0.0,,,
actual,2025-02,B9,UQ-B9-02,BRACKET SUPPORT,domestic,369276.0,389531.0,20255.0,cu,Raw Material Price Increase,Market-driven
actual,2025-03,B9,UQ-B9-02,BRACKET SUPPORT,domestic,389531.0,400347.0,10816.0,cu,Logistics/Freight Cost Increase,Market-driven
actual,2025-04,B9,UQ-B9-02,BRACKET SUPPORT,domestic,400347.0,375676.0,-24671.0,cr,Supplier Negotiation,Operational-driven
actual,2025-05,B9,UQ-B9-02,BRACKET SUPPORT,domestic,375676.0,399527.0,23851.0,cu,Yield/Scrap Rate Increase,Operational-driven
actual,2025-06,B9,UQ-B9-02,BRACKET SUPPORT,domestic,399527.0,381346.0,-18181.0,cr,VA/VE Improvement,Engineering-driven
actual,2025-07,B9,UQ-B9-02,BRACKET SUPPORT,domestic,381346.0,410554.0,29208.0,cu,Logistics/Freight Cost Increase,Market-driven
actual,2025-08,B9,UQ-B9-02,BRACKET SUPPORT,domestic,410554.0,448281.0,37727.0,cu,Supplier Change (Higher Cost Source),Market-driven
actual,2025-09,B9,UQ-B9-02,BRACKET SUPPORT,domestic,448281.0,467152.0,18871.0,cu,Yield/Scrap Rate Increase,Operational-driven
actual,2025-10,B9,UQ-B9-02,BRACKET SUPPORT,domestic,467152.0,494207.0,27055.0,cu,Raw Material Price Increase,Market-driven
actual,2024-11,B9,UQ-B9-03,IC CHIP CONTROL,usd,209962.0,206246.0,-3716.0,cr,Alternative Material Substitution,Engineering-driven
actual,2024-12,B9,UQ-B9-03,IC CHIP CONTROL,usd,206246.0,214680.0,8434.0,cu,Engineering Change / Spec Upgrade,Engineering-driven
actual,2025-01,B9,UQ-B9-03,IC CHIP CONTROL,usd,214680.0,225274.0,10594.0,cu,Yield/Scrap Rate Increase,Operational-driven
actual,2025-02,B9,UQ-B9-03,IC CHIP CONTROL,usd,225274.0,233977.0,8703.0,cu,Logistics/Freight Cost Increase,Market-driven
actual,2025-03,B9,UQ-B9-03,IC CHIP CONTROL,usd,233977.0,252652.0,18675.0,cu,Yield/Scrap Rate Increase,Operational-driven
actual,2025-04,B9,UQ-B9-03,IC CHIP CONTROL,usd,252652.0,256593.0,3941.0,cu,Yield/Scrap Rate Increase,Operational-driven
actual,2025-05,B9,UQ-B9-03,IC CHIP CONTROL,usd,256593.0,232450.0,-24143.0,cr,Alternative Material Substitution,Engineering-driven
actual,2025-06,B9,UQ-B9-03,IC CHIP CONTROL,usd,232450.0,249395.0,16945.0,cu,Engineering Change / Spec Upgrade,Engineering-driven
actual,2025-07,B9,UQ-B9-03,IC CHIP CONTROL,usd,249395.0,254096.0,4701.0,cu,Logistics/Freight Cost Increase,Market-driven
actual,2025-08,B9,UQ-B9-03,IC CHIP CONTROL,usd,254096.0,254096.0,0.0,,,
actual,2025-09,B9,UQ-B9-03,IC CHIP CONTROL,usd,254096.0,267955.0,13859.0,cu,Yield/Scrap Rate Increase,Operational-driven
actual,2025-10,B9,UQ-B9-03,IC CHIP CONTROL,usd,267955.0,278711.0,10756.0,cu,Logistics/Freight Cost Increase,Market-driven
actual,2024-11,B9,UQ-B9-04,MOTOR UNIT,jpy,117542.0,107947.0,-9595.0,cr,Supplier Negotiation,Operational-driven
actual,2024-12,B9,UQ-B9-04,MOTOR UNIT,jpy,107947.0,111754.0,3807.0,cu,Supplier Change (Higher Cost Source),Market-driven
actual,2025-01,B9,UQ-B9-04,MOTOR UNIT,jpy,111754.0,103829.0,-7925.0,cr,Localization / Local Sourcing,Operational-driven
actual,2025-02,B9,UQ-B9-04,MOTOR UNIT,jpy,103829.0,103829.0,0.0,,,
actual,2025-03,B9,UQ-B9-04,MOTOR UNIT,jpy,103829.0,102273.0,-1556.0,cr,Process Improvement (Yield Up),Operational-driven
actual,2025-04,B9,UQ-B9-04,MOTOR UNIT,jpy,102273.0,96981.0,-5292.0,cr,Supplier Negotiation,Operational-driven
actual,2025-05,B9,UQ-B9-04,MOTOR UNIT,jpy,96981.0,94455.0,-2526.0,cr,Alternative Material Substitution,Engineering-driven
actual,2025-06,B9,UQ-B9-04,MOTOR UNIT,jpy,94455.0,98800.0,4345.0,cu,Raw Material Price Increase,Market-driven
actual,2025-07,B9,UQ-B9-04,MOTOR UNIT,jpy,98800.0,90172.0,-8628.0,cr,Alternative Material Substitution,Engineering-driven
actual,2025-08,B9,UQ-B9-04,MOTOR UNIT,jpy,90172.0,87419.0,-2753.0,cr,Supplier Negotiation,Operational-driven
actual,2025-09,B9,UQ-B9-04,MOTOR UNIT,jpy,87419.0,81700.0,-5719.0,cr,Localization / Local Sourcing,Operational-driven
actual,2025-10,B9,UQ-B9-04,MOTOR UNIT,jpy,81700.0,77954.0,-3746.0,cr,Supplier Negotiation,Operational-driven
actual,2024-11,B9,UQ-B9-05,SENSOR MODULE,jpy,120951.0,125669.0,4718.0,cu,Engineering Change / Spec Upgrade,Engineering-driven
actual,2024-12,B9,UQ-B9-05,SENSOR MODULE,jpy,125669.0,119428.0,-6241.0,cr,VA/VE Improvement,Engineering-driven
actual,2025-01,B9,UQ-B9-05,SENSOR MODULE,jpy,119428.0,112321.0,-7107.0,cr,Alternative Material Substitution,Engineering-driven
actual,2025-02,B9,UQ-B9-05,SENSOR MODULE,jpy,112321.0,101860.0,-10461.0,cr,Supplier Negotiation,Operational-driven
actual,2025-03,B9,UQ-B9-05,SENSOR MODULE,jpy,101860.0,97403.0,-4457.0,cr,VA/VE Improvement,Engineering-driven
actual,2025-04,B9,UQ-B9-05,SENSOR MODULE,jpy,97403.0,97403.0,0.0,,,
actual,2025-05,B9,UQ-B9-05,SENSOR MODULE,jpy,97403.0,95906.0,-1497.0,cr,Supplier Negotiation,Operational-driven
actual,2025-06,B9,UQ-B9-05,SENSOR MODULE,jpy,95906.0,89460.0,-6446.0,cr,VA/VE Improvement,Engineering-driven
actual,2025-07,B9,UQ-B9-05,SENSOR MODULE,jpy,89460.0,82672.0,-6788.0,cr,Process Improvement (Yield Up),Operational-driven
actual,2025-08,B9,UQ-B9-05,SENSOR MODULE,jpy,82672.0,80133.0,-2539.0,cr,Localization / Local Sourcing,Operational-driven
actual,2025-09,B9,UQ-B9-05,SENSOR MODULE,jpy,80133.0,82763.0,2630.0,cu,Logistics/Freight Cost Increase,Market-driven
actual,2025-10,B9,UQ-B9-05,SENSOR MODULE,jpy,82763.0,76757.0,-6006.0,cr,Localization / Local Sourcing,Operational-driven
actual,2024-11,B10,SH-CATB-D01,PANEL BOTTOM AS,domestic,134348.0,128910.0,-5438.0,cr,Localization / Local Sourcing,Operational-driven
actual,2024-12,B10,SH-CATB-D01,PANEL BOTTOM AS,domestic,128910.0,123207.0,-5703.0,cr,Alternative Material Substitution,Engineering-driven
actual,2025-01,B10,SH-CATB-D01,PANEL BOTTOM AS,domestic,123207.0,111757.0,-11450.0,cr,Alternative Material Substitution,Engineering-driven
actual,2025-02,B10,SH-CATB-D01,PANEL BOTTOM AS,domestic,111757.0,103982.0,-7775.0,cr,VA/VE Improvement,Engineering-driven
actual,2025-03,B10,SH-CATB-D01,PANEL BOTTOM AS,domestic,103982.0,101708.0,-2274.0,cr,Process Improvement (Yield Up),Operational-driven
actual,2025-04,B10,SH-CATB-D01,PANEL BOTTOM AS,domestic,101708.0,94151.0,-7557.0,cr,Localization / Local Sourcing,Operational-driven
actual,2025-05,B10,SH-CATB-D01,PANEL BOTTOM AS,domestic,94151.0,87989.0,-6162.0,cr,Process Improvement (Yield Up),Operational-driven
actual,2025-06,B10,SH-CATB-D01,PANEL BOTTOM AS,domestic,87989.0,85585.0,-2404.0,cr,Localization / Local Sourcing,Operational-driven
actual,2025-07,B10,SH-CATB-D01,PANEL BOTTOM AS,domestic,85585.0,78415.0,-7170.0,cr,Alternative Material Substitution,Engineering-driven
actual,2025-08,B10,SH-CATB-D01,PANEL BOTTOM AS,domestic,78415.0,84428.0,6013.0,cu,Yield/Scrap Rate Increase,Operational-driven
actual,2025-09,B10,SH-CATB-D01,PANEL BOTTOM AS,domestic,84428.0,84428.0,0.0,,,
actual,2025-10,B10,SH-CATB-D01,PANEL BOTTOM AS,domestic,84428.0,88028.0,3600.0,cu,Raw Material Price Increase,Market-driven
actual,2024-11,B10,SH-CATB-U01,CONNECTOR HOUSING,usd,58561.0,54352.0,-4209.0,cr,Localization / Local Sourcing,Operational-driven
actual,2024-12,B10,SH-CATB-U01,CONNECTOR HOUSING,usd,54352.0,49649.0,-4703.0,cr,Process Improvement (Yield Up),Operational-driven
actual,2025-01,B10,SH-CATB-U01,CONNECTOR HOUSING,usd,49649.0,48318.0,-1331.0,cr,Alternative Material Substitution,Engineering-driven
actual,2025-02,B10,SH-CATB-U01,CONNECTOR HOUSING,usd,48318.0,45900.0,-2418.0,cr,Localization / Local Sourcing,Operational-driven
actual,2025-03,B10,SH-CATB-U01,CONNECTOR HOUSING,usd,45900.0,44561.0,-1339.0,cr,Localization / Local Sourcing,Operational-driven
actual,2025-04,B10,SH-CATB-U01,CONNECTOR HOUSING,usd,44561.0,42100.0,-2461.0,cr,Localization / Local Sourcing,Operational-driven
actual,2025-05,B10,SH-CATB-U01,CONNECTOR HOUSING,usd,42100.0,42100.0,0.0,,,
actual,2025-06,B10,SH-CATB-U01,CONNECTOR HOUSING,usd,42100.0,45835.0,3735.0,cu,Raw Material Price Increase,Market-driven
actual,2025-07,B10,SH-CATB-U01,CONNECTOR HOUSING,usd,45835.0,42153.0,-3682.0,cr,Localization / Local Sourcing,Operational-driven
actual,2025-08,B10,SH-CATB-U01,CONNECTOR HOUSING,usd,42153.0,39350.0,-2803.0,cr,Supplier Negotiation,Operational-driven
actual,2025-09,B10,SH-CATB-U01,CONNECTOR HOUSING,usd,39350.0,40878.0,1528.0,cu,Supplier Change (Higher Cost Source),Market-driven
actual,2025-10,B10,SH-CATB-U01,CONNECTOR HOUSING,usd,40878.0,37163.0,-3715.0,cr,Supplier Negotiation,Operational-driven
actual,2024-11,B10,SH-IDX10,PRECISION GEAR,jpy,121193.0,121193.0,0.0,,,
actual,2024-12,B10,SH-IDX10,PRECISION GEAR,jpy,121193.0,113669.0,-7524.0,cr,Process Improvement (Yield Up),Operational-driven
actual,2025-01,B10,SH-IDX10,PRECISION GEAR,jpy,113669.0,107486.0,-6183.0,cr,Localization / Local Sourcing,Operational-driven
actual,2025-02,B10,SH-IDX10,PRECISION GEAR,jpy,107486.0,100468.0,-7018.0,cr,Localization / Local Sourcing,Operational-driven
actual,2025-03,B10,SH-IDX10,PRECISION GEAR,jpy,100468.0,94861.0,-5607.0,cr,Localization / Local Sourcing,Operational-driven
actual,2025-04,B10,SH-IDX10,PRECISION GEAR,jpy,94861.0,87984.0,-6877.0,cr,Supplier Negotiation,Operational-driven
actual,2025-05,B10,SH-IDX10,PRECISION GEAR,jpy,87984.0,92869.0,4885.0,cu,Supplier Change (Higher Cost Source),Market-driven
actual,2025-06,B10,SH-IDX10,PRECISION GEAR,jpy,92869.0,101147.0,8278.0,cu,Raw Material Price Increase,Market-driven
actual,2025-07,B10,SH-IDX10,PRECISION GEAR,jpy,101147.0,94023.0,-7124.0,cr,Process Improvement (Yield Up),Operational-driven
actual,2025-08,B10,SH-IDX10,PRECISION GEAR,jpy,94023.0,89045.0,-4978.0,cr,VA/VE Improvement,Engineering-driven
actual,2025-09,B10,SH-IDX10,PRECISION GEAR,jpy,89045.0,84573.0,-4472.0,cr,Localization / Local Sourcing,Operational-driven
actual,2025-10,B10,SH-IDX10,PRECISION GEAR,jpy,84573.0,79970.0,-4603.0,cr,Alternative Material Substitution,Engineering-driven
actual,2024-11,B10,UQ-B10-01,PANEL FRONT AS,domestic,654227.0,654227.0,0.0,,,
actual,2024-12,B10,UQ-B10-01,PANEL FRONT AS,domestic,654227.0,711656.0,57429.0,cu,Supplier Change (Higher Cost Source),Market-driven
actual,2025-01,B10,UQ-B10-01,PANEL FRONT AS,domestic,711656.0,750521.0,38865.0,cu,Engineering Change / Spec Upgrade,Engineering-driven
actual,2025-02,B10,UQ-B10-01,PANEL FRONT AS,domestic,750521.0,694918.0,-55603.0,cr,Alternative Material Substitution,Engineering-driven
actual,2025-03,B10,UQ-B10-01,PANEL FRONT AS,domestic,694918.0,724135.0,29217.0,cu,Logistics/Freight Cost Increase,Market-driven
actual,2025-04,B10,UQ-B10-01,PANEL FRONT AS,domestic,724135.0,766093.0,41958.0,cu,Engineering Change / Spec Upgrade,Engineering-driven
actual,2025-05,B10,UQ-B10-01,PANEL FRONT AS,domestic,766093.0,804397.0,38304.0,cu,Supplier Change (Higher Cost Source),Market-driven
actual,2025-06,B10,UQ-B10-01,PANEL FRONT AS,domestic,804397.0,748722.0,-55675.0,cr,Process Improvement (Yield Up),Operational-driven
actual,2025-07,B10,UQ-B10-01,PANEL FRONT AS,domestic,748722.0,798142.0,49420.0,cu,Engineering Change / Spec Upgrade,Engineering-driven
actual,2025-08,B10,UQ-B10-01,PANEL FRONT AS,domestic,798142.0,866529.0,68387.0,cu,Engineering Change / Spec Upgrade,Engineering-driven
actual,2025-09,B10,UQ-B10-01,PANEL FRONT AS,domestic,866529.0,927070.0,60541.0,cu,Logistics/Freight Cost Increase,Market-driven
actual,2025-10,B10,UQ-B10-01,PANEL FRONT AS,domestic,927070.0,991345.0,64275.0,cu,Engineering Change / Spec Upgrade,Engineering-driven
actual,2024-11,B10,UQ-B10-02,BRACKET SUPPORT,domestic,556821.0,601155.0,44334.0,cu,Engineering Change / Spec Upgrade,Engineering-driven
actual,2024-12,B10,UQ-B10-02,BRACKET SUPPORT,domestic,601155.0,612905.0,11750.0,cu,Supplier Change (Higher Cost Source),Market-driven
actual,2025-01,B10,UQ-B10-02,BRACKET SUPPORT,domestic,612905.0,612905.0,0.0,,,
actual,2025-02,B10,UQ-B10-02,BRACKET SUPPORT,domestic,612905.0,626110.0,13205.0,cu,Raw Material Price Increase,Market-driven
actual,2025-03,B10,UQ-B10-02,BRACKET SUPPORT,domestic,626110.0,659235.0,33125.0,cu,Raw Material Price Increase,Market-driven
actual,2025-04,B10,UQ-B10-02,BRACKET SUPPORT,domestic,659235.0,649831.0,-9404.0,cr,Process Improvement (Yield Up),Operational-driven
actual,2025-05,B10,UQ-B10-02,BRACKET SUPPORT,domestic,649831.0,666681.0,16850.0,cu,Raw Material Price Increase,Market-driven
actual,2025-06,B10,UQ-B10-02,BRACKET SUPPORT,domestic,666681.0,636432.0,-30249.0,cr,Process Improvement (Yield Up),Operational-driven
actual,2025-07,B10,UQ-B10-02,BRACKET SUPPORT,domestic,636432.0,671320.0,34888.0,cu,Engineering Change / Spec Upgrade,Engineering-driven
actual,2025-08,B10,UQ-B10-02,BRACKET SUPPORT,domestic,671320.0,712746.0,41426.0,cu,Logistics/Freight Cost Increase,Market-driven
actual,2025-09,B10,UQ-B10-02,BRACKET SUPPORT,domestic,712746.0,770965.0,58219.0,cu,Logistics/Freight Cost Increase,Market-driven
actual,2025-10,B10,UQ-B10-02,BRACKET SUPPORT,domestic,770965.0,808844.0,37879.0,cu,Engineering Change / Spec Upgrade,Engineering-driven
actual,2024-11,B10,UQ-B10-03,IC CHIP CONTROL,usd,608301.0,561085.0,-47216.0,cr,VA/VE Improvement,Engineering-driven
actual,2024-12,B10,UQ-B10-03,IC CHIP CONTROL,usd,561085.0,586872.0,25787.0,cu,Raw Material Price Increase,Market-driven
actual,2025-01,B10,UQ-B10-03,IC CHIP CONTROL,usd,586872.0,600992.0,14120.0,cu,Engineering Change / Spec Upgrade,Engineering-driven
actual,2025-02,B10,UQ-B10-03,IC CHIP CONTROL,usd,600992.0,621879.0,20887.0,cu,Engineering Change / Spec Upgrade,Engineering-driven
actual,2025-03,B10,UQ-B10-03,IC CHIP CONTROL,usd,621879.0,653065.0,31186.0,cu,Engineering Change / Spec Upgrade,Engineering-driven
actual,2025-04,B10,UQ-B10-03,IC CHIP CONTROL,usd,653065.0,703487.0,50422.0,cu,Yield/Scrap Rate Increase,Operational-driven
actual,2025-05,B10,UQ-B10-03,IC CHIP CONTROL,usd,703487.0,656357.0,-47130.0,cr,Localization / Local Sourcing,Operational-driven
actual,2025-06,B10,UQ-B10-03,IC CHIP CONTROL,usd,656357.0,676541.0,20184.0,cu,Logistics/Freight Cost Increase,Market-driven
actual,2025-07,B10,UQ-B10-03,IC CHIP CONTROL,usd,676541.0,712906.0,36365.0,cu,Yield/Scrap Rate Increase,Operational-driven
actual,2025-08,B10,UQ-B10-03,IC CHIP CONTROL,usd,712906.0,712906.0,0.0,,,
actual,2025-09,B10,UQ-B10-03,IC CHIP CONTROL,usd,712906.0,781126.0,68220.0,cu,Engineering Change / Spec Upgrade,Engineering-driven
actual,2025-10,B10,UQ-B10-03,IC CHIP CONTROL,usd,781126.0,836568.0,55442.0,cu,Supplier Change (Higher Cost Source),Market-driven
actual,2024-11,B10,UQ-B10-04,MOTOR UNIT,jpy,404959.0,377706.0,-27253.0,cr,Process Improvement (Yield Up),Operational-driven
actual,2024-12,B10,UQ-B10-04,MOTOR UNIT,jpy,377706.0,402584.0,24878.0,cu,Supplier Change (Higher Cost Source),Market-driven
actual,2025-01,B10,UQ-B10-04,MOTOR UNIT,jpy,402584.0,374587.0,-27997.0,cr,Supplier Negotiation,Operational-driven
actual,2025-02,B10,UQ-B10-04,MOTOR UNIT,jpy,374587.0,374587.0,0.0,,,
actual,2025-03,B10,UQ-B10-04,MOTOR UNIT,jpy,374587.0,353882.0,-20705.0,cr,Process Improvement (Yield Up),Operational-driven
actual,2025-04,B10,UQ-B10-04,MOTOR UNIT,jpy,353882.0,335019.0,-18863.0,cr,VA/VE Improvement,Engineering-driven
actual,2025-05,B10,UQ-B10-04,MOTOR UNIT,jpy,335019.0,311352.0,-23667.0,cr,Process Improvement (Yield Up),Operational-driven
actual,2025-06,B10,UQ-B10-04,MOTOR UNIT,jpy,311352.0,328051.0,16699.0,cu,Engineering Change / Spec Upgrade,Engineering-driven
actual,2025-07,B10,UQ-B10-04,MOTOR UNIT,jpy,328051.0,307964.0,-20087.0,cr,Localization / Local Sourcing,Operational-driven
actual,2025-08,B10,UQ-B10-04,MOTOR UNIT,jpy,307964.0,286594.0,-21370.0,cr,Alternative Material Substitution,Engineering-driven
actual,2025-09,B10,UQ-B10-04,MOTOR UNIT,jpy,286594.0,270923.0,-15671.0,cr,Alternative Material Substitution,Engineering-driven
actual,2025-10,B10,UQ-B10-04,MOTOR UNIT,jpy,270923.0,250666.0,-20257.0,cr,Localization / Local Sourcing,Operational-driven
actual,2024-11,B10,UQ-B10-05,SENSOR MODULE,jpy,359334.0,392149.0,32815.0,cu,Engineering Change / Spec Upgrade,Engineering-driven
actual,2024-12,B10,UQ-B10-05,SENSOR MODULE,jpy,392149.0,377099.0,-15050.0,cr,VA/VE Improvement,Engineering-driven
actual,2025-01,B10,UQ-B10-05,SENSOR MODULE,jpy,377099.0,361203.0,-15896.0,cr,Supplier Negotiation,Operational-driven
actual,2025-02,B10,UQ-B10-05,SENSOR MODULE,jpy,361203.0,347598.0,-13605.0,cr,Supplier Negotiation,Operational-driven
actual,2025-03,B10,UQ-B10-05,SENSOR MODULE,jpy,347598.0,332822.0,-14776.0,cr,Supplier Negotiation,Operational-driven
actual,2025-04,B10,UQ-B10-05,SENSOR MODULE,jpy,332822.0,332822.0,0.0,,,
actual,2025-05,B10,UQ-B10-05,SENSOR MODULE,jpy,332822.0,316187.0,-16635.0,cr,VA/VE Improvement,Engineering-driven
actual,2025-06,B10,UQ-B10-05,SENSOR MODULE,jpy,316187.0,301259.0,-14928.0,cr,VA/VE Improvement,Engineering-driven
actual,2025-07,B10,UQ-B10-05,SENSOR MODULE,jpy,301259.0,278468.0,-22791.0,cr,Localization / Local Sourcing,Operational-driven
actual,2025-08,B10,UQ-B10-05,SENSOR MODULE,jpy,278468.0,258586.0,-19882.0,cr,Alternative Material Substitution,Engineering-driven
actual,2025-09,B10,UQ-B10-05,SENSOR MODULE,jpy,258586.0,271900.0,13314.0,cu,Engineering Change / Spec Upgrade,Engineering-driven
actual,2025-10,B10,UQ-B10-05,SENSOR MODULE,jpy,271900.0,251905.0,-19995.0,cr,Alternative Material Substitution,Engineering-driven
actual,2024-11,B10,SH-EVEN-01,TAPE PU-F,domestic,70295.0,75075.0,4780.0,cu,Raw Material Price Increase,Market-driven
actual,2024-12,B10,SH-EVEN-01,TAPE PU-F,domestic,75075.0,80181.0,5106.0,cu,Raw Material Price Increase,Market-driven
actual,2025-01,B10,SH-EVEN-01,TAPE PU-F,domestic,80181.0,82639.0,2458.0,cu,Engineering Change / Spec Upgrade,Engineering-driven
actual,2025-02,B10,SH-EVEN-01,TAPE PU-F,domestic,82639.0,87878.0,5239.0,cu,Engineering Change / Spec Upgrade,Engineering-driven
actual,2025-03,B10,SH-EVEN-01,TAPE PU-F,domestic,87878.0,93563.0,5685.0,cu,Engineering Change / Spec Upgrade,Engineering-driven
actual,2025-04,B10,SH-EVEN-01,TAPE PU-F,domestic,93563.0,89152.0,-4411.0,cr,VA/VE Improvement,Engineering-driven
actual,2025-05,B10,SH-EVEN-01,TAPE PU-F,domestic,89152.0,94914.0,5762.0,cu,Supplier Change (Higher Cost Source),Market-driven
actual,2025-06,B10,SH-EVEN-01,TAPE PU-F,domestic,94914.0,101876.0,6962.0,cu,Supplier Change (Higher Cost Source),Market-driven
actual,2025-07,B10,SH-EVEN-01,TAPE PU-F,domestic,101876.0,94152.0,-7724.0,cr,Process Improvement (Yield Up),Operational-driven
actual,2025-08,B10,SH-EVEN-01,TAPE PU-F,domestic,94152.0,96785.0,2633.0,cu,Supplier Change (Higher Cost Source),Market-driven
actual,2025-09,B10,SH-EVEN-01,TAPE PU-F,domestic,96785.0,96785.0,0.0,,,
actual,2025-10,B10,SH-EVEN-01,TAPE PU-F,domestic,96785.0,101858.0,5073.0,cu,Yield/Scrap Rate Increase,Operational-driven
actual,2024-11,B10,SH-EVEN-02,RESIN COMPOUND,usd,19042.0,19491.0,449.0,cu,Supplier Change (Higher Cost Source),Market-driven
actual,2024-12,B10,SH-EVEN-02,RESIN COMPOUND,usd,19491.0,20366.0,875.0,cu,Supplier Change (Higher Cost Source),Market-driven
actual,2025-01,B10,SH-EVEN-02,RESIN COMPOUND,usd,20366.0,20895.0,529.0,cu,Raw Material Price Increase,Market-driven
actual,2025-02,B10,SH-EVEN-02,RESIN COMPOUND,usd,20895.0,21472.0,577.0,cu,Logistics/Freight Cost Increase,Market-driven
actual,2025-03,B10,SH-EVEN-02,RESIN COMPOUND,usd,21472.0,22839.0,1367.0,cu,Logistics/Freight Cost Increase,Market-driven
actual,2025-04,B10,SH-EVEN-02,RESIN COMPOUND,usd,22839.0,22839.0,0.0,,,
actual,2025-05,B10,SH-EVEN-02,RESIN COMPOUND,usd,22839.0,21574.0,-1265.0,cr,Localization / Local Sourcing,Operational-driven
actual,2025-06,B10,SH-EVEN-02,RESIN COMPOUND,usd,21574.0,22763.0,1189.0,cu,Logistics/Freight Cost Increase,Market-driven
actual,2025-07,B10,SH-EVEN-02,RESIN COMPOUND,usd,22763.0,21147.0,-1616.0,cr,Alternative Material Substitution,Engineering-driven
actual,2025-08,B10,SH-EVEN-02,RESIN COMPOUND,usd,21147.0,22059.0,912.0,cu,Raw Material Price Increase,Market-driven
actual,2025-09,B10,SH-EVEN-02,RESIN COMPOUND,usd,22059.0,23441.0,1382.0,cu,Engineering Change / Spec Upgrade,Engineering-driven
actual,2025-10,B10,SH-EVEN-02,RESIN COMPOUND,usd,23441.0,24890.0,1449.0,cu,Yield/Scrap Rate Increase,Operational-driven
actual,2024-11,C1,SH-CATC-D01,PANEL BOTTOM AS,domestic,113259.0,104374.0,-8885.0,cr,Alternative Material Substitution,Engineering-driven
actual,2024-12,C1,SH-CATC-D01,PANEL BOTTOM AS,domestic,104374.0,98578.0,-5796.0,cr,Localization / Local Sourcing,Operational-driven
actual,2025-01,C1,SH-CATC-D01,PANEL BOTTOM AS,domestic,98578.0,95470.0,-3108.0,cr,VA/VE Improvement,Engineering-driven
actual,2025-02,C1,SH-CATC-D01,PANEL BOTTOM AS,domestic,95470.0,92816.0,-2654.0,cr,Localization / Local Sourcing,Operational-driven
actual,2025-03,C1,SH-CATC-D01,PANEL BOTTOM AS,domestic,92816.0,84185.0,-8631.0,cr,Localization / Local Sourcing,Operational-driven
actual,2025-04,C1,SH-CATC-D01,PANEL BOTTOM AS,domestic,84185.0,79911.0,-4274.0,cr,Supplier Negotiation,Operational-driven
actual,2025-05,C1,SH-CATC-D01,PANEL BOTTOM AS,domestic,79911.0,77487.0,-2424.0,cr,Supplier Negotiation,Operational-driven
actual,2025-06,C1,SH-CATC-D01,PANEL BOTTOM AS,domestic,77487.0,70423.0,-7064.0,cr,Alternative Material Substitution,Engineering-driven
actual,2025-07,C1,SH-CATC-D01,PANEL BOTTOM AS,domestic,70423.0,66105.0,-4318.0,cr,Localization / Local Sourcing,Operational-driven
actual,2025-08,C1,SH-CATC-D01,PANEL BOTTOM AS,domestic,66105.0,68892.0,2787.0,cu,Raw Material Price Increase,Market-driven
actual,2025-09,C1,SH-CATC-D01,PANEL BOTTOM AS,domestic,68892.0,68892.0,0.0,,,
actual,2025-10,C1,SH-CATC-D01,PANEL BOTTOM AS,domestic,68892.0,70195.0,1303.0,cu,Logistics/Freight Cost Increase,Market-driven
actual,2024-11,C1,SH-CATC-U01,CONNECTOR HOUSING,usd,54607.0,50488.0,-4119.0,cr,VA/VE Improvement,Engineering-driven
actual,2024-12,C1,SH-CATC-U01,CONNECTOR HOUSING,usd,50488.0,46777.0,-3711.0,cr,Supplier Negotiation,Operational-driven
actual,2025-01,C1,SH-CATC-U01,CONNECTOR HOUSING,usd,46777.0,44082.0,-2695.0,cr,Localization / Local Sourcing,Operational-driven
actual,2025-02,C1,SH-CATC-U01,CONNECTOR HOUSING,usd,44082.0,41207.0,-2875.0,cr,Supplier Negotiation,Operational-driven
actual,2025-03,C1,SH-CATC-U01,CONNECTOR HOUSING,usd,41207.0,38785.0,-2422.0,cr,Alternative Material Substitution,Engineering-driven
actual,2025-04,C1,SH-CATC-U01,CONNECTOR HOUSING,usd,38785.0,36814.0,-1971.0,cr,Process Improvement (Yield Up),Operational-driven
actual,2025-05,C1,SH-CATC-U01,CONNECTOR HOUSING,usd,36814.0,36814.0,0.0,,,
actual,2025-06,C1,SH-CATC-U01,CONNECTOR HOUSING,usd,36814.0,38712.0,1898.0,cu,Raw Material Price Increase,Market-driven
actual,2025-07,C1,SH-CATC-U01,CONNECTOR HOUSING,usd,38712.0,35494.0,-3218.0,cr,Localization / Local Sourcing,Operational-driven
actual,2025-08,C1,SH-CATC-U01,CONNECTOR HOUSING,usd,35494.0,33073.0,-2421.0,cr,Process Improvement (Yield Up),Operational-driven
actual,2025-09,C1,SH-CATC-U01,CONNECTOR HOUSING,usd,33073.0,34653.0,1580.0,cu,Raw Material Price Increase,Market-driven
actual,2025-10,C1,SH-CATC-U01,CONNECTOR HOUSING,usd,34653.0,32568.0,-2085.0,cr,VA/VE Improvement,Engineering-driven
actual,2024-11,C1,SH-IDX01,PRECISION GEAR,jpy,37408.0,37408.0,0.0,,,
actual,2024-12,C1,SH-IDX01,PRECISION GEAR,jpy,37408.0,35794.0,-1614.0,cr,Localization / Local Sourcing,Operational-driven
actual,2025-01,C1,SH-IDX01,PRECISION GEAR,jpy,35794.0,34755.0,-1039.0,cr,VA/VE Improvement,Engineering-driven
actual,2025-02,C1,SH-IDX01,PRECISION GEAR,jpy,34755.0,32826.0,-1929.0,cr,Supplier Negotiation,Operational-driven
actual,2025-03,C1,SH-IDX01,PRECISION GEAR,jpy,32826.0,31458.0,-1368.0,cr,Process Improvement (Yield Up),Operational-driven
actual,2025-04,C1,SH-IDX01,PRECISION GEAR,jpy,31458.0,29867.0,-1591.0,cr,Process Improvement (Yield Up),Operational-driven
actual,2025-05,C1,SH-IDX01,PRECISION GEAR,jpy,29867.0,32093.0,2226.0,cu,Supplier Change (Higher Cost Source),Market-driven
actual,2025-06,C1,SH-IDX01,PRECISION GEAR,jpy,32093.0,32785.0,692.0,cu,Yield/Scrap Rate Increase,Operational-driven
actual,2025-07,C1,SH-IDX01,PRECISION GEAR,jpy,32785.0,32049.0,-736.0,cr,Localization / Local Sourcing,Operational-driven
actual,2025-08,C1,SH-IDX01,PRECISION GEAR,jpy,32049.0,30671.0,-1378.0,cr,Process Improvement (Yield Up),Operational-driven
actual,2025-09,C1,SH-IDX01,PRECISION GEAR,jpy,30671.0,28482.0,-2189.0,cr,Alternative Material Substitution,Engineering-driven
actual,2025-10,C1,SH-IDX01,PRECISION GEAR,jpy,28482.0,25842.0,-2640.0,cr,Alternative Material Substitution,Engineering-driven
actual,2024-11,C1,UQ-C1-01,PANEL FRONT AS,domestic,741698.0,741698.0,0.0,,,
actual,2024-12,C1,UQ-C1-01,PANEL FRONT AS,domestic,741698.0,761042.0,19344.0,cu,Supplier Change (Higher Cost Source),Market-driven
actual,2025-01,C1,UQ-C1-01,PANEL FRONT AS,domestic,761042.0,819810.0,58768.0,cu,Logistics/Freight Cost Increase,Market-driven
actual,2025-02,C1,UQ-C1-01,PANEL FRONT AS,domestic,819810.0,768271.0,-51539.0,cr,Supplier Negotiation,Operational-driven
actual,2025-03,C1,UQ-C1-01,PANEL FRONT AS,domestic,768271.0,808457.0,40186.0,cu,Logistics/Freight Cost Increase,Market-driven
actual,2025-04,C1,UQ-C1-01,PANEL FRONT AS,domestic,808457.0,855305.0,46848.0,cu,Supplier Change (Higher Cost Source),Market-driven
actual,2025-05,C1,UQ-C1-01,PANEL FRONT AS,domestic,855305.0,895667.0,40362.0,cu,Engineering Change / Spec Upgrade,Engineering-driven
actual,2025-06,C1,UQ-C1-01,PANEL FRONT AS,domestic,895667.0,879381.0,-16286.0,cr,Supplier Negotiation,Operational-driven
actual,2025-07,C1,UQ-C1-01,PANEL FRONT AS,domestic,879381.0,912921.0,33540.0,cu,Yield/Scrap Rate Increase,Operational-driven
actual,2025-08,C1,UQ-C1-01,PANEL FRONT AS,domestic,912921.0,969103.0,56182.0,cu,Engineering Change / Spec Upgrade,Engineering-driven
actual,2025-09,C1,UQ-C1-01,PANEL FRONT AS,domestic,969103.0,1013120.0,44017.0,cu,Raw Material Price Increase,Market-driven
actual,2025-10,C1,UQ-C1-01,PANEL FRONT AS,domestic,1013120.0,1050681.0,37561.0,cu,Engineering Change / Spec Upgrade,Engineering-driven
actual,2024-11,C1,UQ-C1-02,BRACKET SUPPORT,domestic,1010337.0,1043480.0,33143.0,cu,Yield/Scrap Rate Increase,Operational-driven
actual,2024-12,C1,UQ-C1-02,BRACKET SUPPORT,domestic,1043480.0,1079048.0,35568.0,cu,Yield/Scrap Rate Increase,Operational-driven
actual,2025-01,C1,UQ-C1-02,BRACKET SUPPORT,domestic,1079048.0,1079048.0,0.0,,,
actual,2025-02,C1,UQ-C1-02,BRACKET SUPPORT,domestic,1079048.0,1116889.0,37841.0,cu,Yield/Scrap Rate Increase,Operational-driven
actual,2025-03,C1,UQ-C1-02,BRACKET SUPPORT,domestic,1116889.0,1160103.0,43214.0,cu,Engineering Change / Spec Upgrade,Engineering-driven
actual,2025-04,C1,UQ-C1-02,BRACKET SUPPORT,domestic,1160103.0,1135074.0,-25029.0,cr,VA/VE Improvement,Engineering-driven
actual,2025-05,C1,UQ-C1-02,BRACKET SUPPORT,domestic,1135074.0,1205499.0,70425.0,cu,Raw Material Price Increase,Market-driven
actual,2025-06,C1,UQ-C1-02,BRACKET SUPPORT,domestic,1205499.0,1101179.0,-104320.0,cr,Supplier Negotiation,Operational-driven
actual,2025-07,C1,UQ-C1-02,BRACKET SUPPORT,domestic,1101179.0,1149184.0,48005.0,cu,Yield/Scrap Rate Increase,Operational-driven
actual,2025-08,C1,UQ-C1-02,BRACKET SUPPORT,domestic,1149184.0,1193177.0,43993.0,cu,Supplier Change (Higher Cost Source),Market-driven
actual,2025-09,C1,UQ-C1-02,BRACKET SUPPORT,domestic,1193177.0,1266654.0,73477.0,cu,Yield/Scrap Rate Increase,Operational-driven
actual,2025-10,C1,UQ-C1-02,BRACKET SUPPORT,domestic,1266654.0,1292596.0,25942.0,cu,Engineering Change / Spec Upgrade,Engineering-driven
actual,2024-11,C1,UQ-C1-03,IC CHIP CONTROL,usd,1219891.0,1131966.0,-87925.0,cr,Alternative Material Substitution,Engineering-driven
actual,2024-12,C1,UQ-C1-03,IC CHIP CONTROL,usd,1131966.0,1164557.0,32591.0,cu,Yield/Scrap Rate Increase,Operational-driven
actual,2025-01,C1,UQ-C1-03,IC CHIP CONTROL,usd,1164557.0,1191558.0,27001.0,cu,Raw Material Price Increase,Market-driven
actual,2025-02,C1,UQ-C1-03,IC CHIP CONTROL,usd,1191558.0,1294330.0,102772.0,cu,Raw Material Price Increase,Market-driven
actual,2025-03,C1,UQ-C1-03,IC CHIP CONTROL,usd,1294330.0,1329339.0,35009.0,cu,Yield/Scrap Rate Increase,Operational-driven
actual,2025-04,C1,UQ-C1-03,IC CHIP CONTROL,usd,1329339.0,1396282.0,66943.0,cu,Logistics/Freight Cost Increase,Market-driven
actual,2025-05,C1,UQ-C1-03,IC CHIP CONTROL,usd,1396282.0,1328903.0,-67379.0,cr,Supplier Negotiation,Operational-driven
actual,2025-06,C1,UQ-C1-03,IC CHIP CONTROL,usd,1328903.0,1416886.0,87983.0,cu,Logistics/Freight Cost Increase,Market-driven
actual,2025-07,C1,UQ-C1-03,IC CHIP CONTROL,usd,1416886.0,1456729.0,39843.0,cu,Raw Material Price Increase,Market-driven
actual,2025-08,C1,UQ-C1-03,IC CHIP CONTROL,usd,1456729.0,1456729.0,0.0,,,
actual,2025-09,C1,UQ-C1-03,IC CHIP CONTROL,usd,1456729.0,1583894.0,127165.0,cu,Engineering Change / Spec Upgrade,Engineering-driven
actual,2025-10,C1,UQ-C1-03,IC CHIP CONTROL,usd,1583894.0,1700550.0,116656.0,cu,Supplier Change (Higher Cost Source),Market-driven
actual,2024-11,C1,UQ-C1-04,MOTOR UNIT,jpy,56626.0,52772.0,-3854.0,cr,Localization / Local Sourcing,Operational-driven
actual,2024-12,C1,UQ-C1-04,MOTOR UNIT,jpy,52772.0,55005.0,2233.0,cu,Raw Material Price Increase,Market-driven
actual,2025-01,C1,UQ-C1-04,MOTOR UNIT,jpy,55005.0,52211.0,-2794.0,cr,Alternative Material Substitution,Engineering-driven
actual,2025-02,C1,UQ-C1-04,MOTOR UNIT,jpy,52211.0,52211.0,0.0,,,
actual,2025-03,C1,UQ-C1-04,MOTOR UNIT,jpy,52211.0,51053.0,-1158.0,cr,Localization / Local Sourcing,Operational-driven
actual,2025-04,C1,UQ-C1-04,MOTOR UNIT,jpy,51053.0,49746.0,-1307.0,cr,Alternative Material Substitution,Engineering-driven
actual,2025-05,C1,UQ-C1-04,MOTOR UNIT,jpy,49746.0,47465.0,-2281.0,cr,Process Improvement (Yield Up),Operational-driven
actual,2025-06,C1,UQ-C1-04,MOTOR UNIT,jpy,47465.0,48720.0,1255.0,cu,Logistics/Freight Cost Increase,Market-driven
actual,2025-07,C1,UQ-C1-04,MOTOR UNIT,jpy,48720.0,45408.0,-3312.0,cr,Process Improvement (Yield Up),Operational-driven
actual,2025-08,C1,UQ-C1-04,MOTOR UNIT,jpy,45408.0,42545.0,-2863.0,cr,Localization / Local Sourcing,Operational-driven
actual,2025-09,C1,UQ-C1-04,MOTOR UNIT,jpy,42545.0,41365.0,-1180.0,cr,Process Improvement (Yield Up),Operational-driven
actual,2025-10,C1,UQ-C1-04,MOTOR UNIT,jpy,41365.0,40113.0,-1252.0,cr,Alternative Material Substitution,Engineering-driven
actual,2024-11,C1,UQ-C1-05,SENSOR MODULE,jpy,81800.0,85235.0,3435.0,cu,Raw Material Price Increase,Market-driven
actual,2024-12,C1,UQ-C1-05,SENSOR MODULE,jpy,85235.0,78830.0,-6405.0,cr,Localization / Local Sourcing,Operational-driven
actual,2025-01,C1,UQ-C1-05,SENSOR MODULE,jpy,78830.0,76848.0,-1982.0,cr,Supplier Negotiation,Operational-driven
actual,2025-02,C1,UQ-C1-05,SENSOR MODULE,jpy,76848.0,74060.0,-2788.0,cr,Process Improvement (Yield Up),Operational-driven
actual,2025-03,C1,UQ-C1-05,SENSOR MODULE,jpy,74060.0,70870.0,-3190.0,cr,VA/VE Improvement,Engineering-driven
actual,2025-04,C1,UQ-C1-05,SENSOR MODULE,jpy,70870.0,70870.0,0.0,,,
actual,2025-05,C1,UQ-C1-05,SENSOR MODULE,jpy,70870.0,69931.0,-939.0,cr,VA/VE Improvement,Engineering-driven
actual,2025-06,C1,UQ-C1-05,SENSOR MODULE,jpy,69931.0,67517.0,-2414.0,cr,Supplier Negotiation,Operational-driven
actual,2025-07,C1,UQ-C1-05,SENSOR MODULE,jpy,67517.0,64744.0,-2773.0,cr,Supplier Negotiation,Operational-driven
actual,2025-08,C1,UQ-C1-05,SENSOR MODULE,jpy,64744.0,59460.0,-5284.0,cr,Supplier Negotiation,Operational-driven
actual,2025-09,C1,UQ-C1-05,SENSOR MODULE,jpy,59460.0,62738.0,3278.0,cu,Raw Material Price Increase,Market-driven
actual,2025-10,C1,UQ-C1-05,SENSOR MODULE,jpy,62738.0,57559.0,-5179.0,cr,Alternative Material Substitution,Engineering-driven
actual,2024-11,C2,SH-CATC-D01,PANEL BOTTOM AS,domestic,113259.0,104374.0,-8885.0,cr,Alternative Material Substitution,Engineering-driven
actual,2024-12,C2,SH-CATC-D01,PANEL BOTTOM AS,domestic,104374.0,98578.0,-5796.0,cr,Localization / Local Sourcing,Operational-driven
actual,2025-01,C2,SH-CATC-D01,PANEL BOTTOM AS,domestic,98578.0,95470.0,-3108.0,cr,VA/VE Improvement,Engineering-driven
actual,2025-02,C2,SH-CATC-D01,PANEL BOTTOM AS,domestic,95470.0,92816.0,-2654.0,cr,Localization / Local Sourcing,Operational-driven
actual,2025-03,C2,SH-CATC-D01,PANEL BOTTOM AS,domestic,92816.0,84185.0,-8631.0,cr,Localization / Local Sourcing,Operational-driven
actual,2025-04,C2,SH-CATC-D01,PANEL BOTTOM AS,domestic,84185.0,79911.0,-4274.0,cr,Supplier Negotiation,Operational-driven
actual,2025-05,C2,SH-CATC-D01,PANEL BOTTOM AS,domestic,79911.0,77487.0,-2424.0,cr,Supplier Negotiation,Operational-driven
actual,2025-06,C2,SH-CATC-D01,PANEL BOTTOM AS,domestic,77487.0,70423.0,-7064.0,cr,Alternative Material Substitution,Engineering-driven
actual,2025-07,C2,SH-CATC-D01,PANEL BOTTOM AS,domestic,70423.0,66105.0,-4318.0,cr,Localization / Local Sourcing,Operational-driven
actual,2025-08,C2,SH-CATC-D01,PANEL BOTTOM AS,domestic,66105.0,68892.0,2787.0,cu,Raw Material Price Increase,Market-driven
actual,2025-09,C2,SH-CATC-D01,PANEL BOTTOM AS,domestic,68892.0,68892.0,0.0,,,
actual,2025-10,C2,SH-CATC-D01,PANEL BOTTOM AS,domestic,68892.0,70195.0,1303.0,cu,Logistics/Freight Cost Increase,Market-driven
actual,2024-11,C2,SH-CATC-U01,CONNECTOR HOUSING,usd,54607.0,50488.0,-4119.0,cr,VA/VE Improvement,Engineering-driven
actual,2024-12,C2,SH-CATC-U01,CONNECTOR HOUSING,usd,50488.0,46777.0,-3711.0,cr,Supplier Negotiation,Operational-driven
actual,2025-01,C2,SH-CATC-U01,CONNECTOR HOUSING,usd,46777.0,44082.0,-2695.0,cr,Localization / Local Sourcing,Operational-driven
actual,2025-02,C2,SH-CATC-U01,CONNECTOR HOUSING,usd,44082.0,41207.0,-2875.0,cr,Supplier Negotiation,Operational-driven
actual,2025-03,C2,SH-CATC-U01,CONNECTOR HOUSING,usd,41207.0,38785.0,-2422.0,cr,Alternative Material Substitution,Engineering-driven
actual,2025-04,C2,SH-CATC-U01,CONNECTOR HOUSING,usd,38785.0,36814.0,-1971.0,cr,Process Improvement (Yield Up),Operational-driven
actual,2025-05,C2,SH-CATC-U01,CONNECTOR HOUSING,usd,36814.0,36814.0,0.0,,,
actual,2025-06,C2,SH-CATC-U01,CONNECTOR HOUSING,usd,36814.0,38712.0,1898.0,cu,Raw Material Price Increase,Market-driven
actual,2025-07,C2,SH-CATC-U01,CONNECTOR HOUSING,usd,38712.0,35494.0,-3218.0,cr,Localization / Local Sourcing,Operational-driven
actual,2025-08,C2,SH-CATC-U01,CONNECTOR HOUSING,usd,35494.0,33073.0,-2421.0,cr,Process Improvement (Yield Up),Operational-driven
actual,2025-09,C2,SH-CATC-U01,CONNECTOR HOUSING,usd,33073.0,34653.0,1580.0,cu,Raw Material Price Increase,Market-driven
actual,2025-10,C2,SH-CATC-U01,CONNECTOR HOUSING,usd,34653.0,32568.0,-2085.0,cr,VA/VE Improvement,Engineering-driven
actual,2024-11,C2,SH-IDX02,PRECISION GEAR,jpy,42447.0,42447.0,0.0,,,
actual,2024-12,C2,SH-IDX02,PRECISION GEAR,jpy,42447.0,39851.0,-2596.0,cr,Alternative Material Substitution,Engineering-driven
actual,2025-01,C2,SH-IDX02,PRECISION GEAR,jpy,39851.0,36447.0,-3404.0,cr,Localization / Local Sourcing,Operational-driven
actual,2025-02,C2,SH-IDX02,PRECISION GEAR,jpy,36447.0,34626.0,-1821.0,cr,Localization / Local Sourcing,Operational-driven
actual,2025-03,C2,SH-IDX02,PRECISION GEAR,jpy,34626.0,33156.0,-1470.0,cr,Localization / Local Sourcing,Operational-driven
actual,2025-04,C2,SH-IDX02,PRECISION GEAR,jpy,33156.0,31648.0,-1508.0,cr,Process Improvement (Yield Up),Operational-driven
actual,2025-05,C2,SH-IDX02,PRECISION GEAR,jpy,31648.0,34991.0,3343.0,cu,Logistics/Freight Cost Increase,Market-driven
actual,2025-06,C2,SH-IDX02,PRECISION GEAR,jpy,34991.0,37140.0,2149.0,cu,Engineering Change / Spec Upgrade,Engineering-driven
actual,2025-07,C2,SH-IDX02,PRECISION GEAR,jpy,37140.0,36201.0,-939.0,cr,Alternative Material Substitution,Engineering-driven
actual,2025-08,C2,SH-IDX02,PRECISION GEAR,jpy,36201.0,32634.0,-3567.0,cr,VA/VE Improvement,Engineering-driven
actual,2025-09,C2,SH-IDX02,PRECISION GEAR,jpy,32634.0,30187.0,-2447.0,cr,VA/VE Improvement,Engineering-driven
actual,2025-10,C2,SH-IDX02,PRECISION GEAR,jpy,30187.0,27771.0,-2416.0,cr,VA/VE Improvement,Engineering-driven
actual,2024-11,C2,UQ-C2-01,PANEL FRONT AS,domestic,586213.0,586213.0,0.0,,,
actual,2024-12,C2,UQ-C2-01,PANEL FRONT AS,domestic,586213.0,630808.0,44595.0,cu,Yield/Scrap Rate Increase,Operational-driven
actual,2025-01,C2,UQ-C2-01,PANEL FRONT AS,domestic,630808.0,666298.0,35490.0,cu,Yield/Scrap Rate Increase,Operational-driven
actual,2025-02,C2,UQ-C2-01,PANEL FRONT AS,domestic,666298.0,615043.0,-51255.0,cr,Supplier Negotiation,Operational-driven
actual,2025-03,C2,UQ-C2-01,PANEL FRONT AS,domestic,615043.0,655727.0,40684.0,cu,Logistics/Freight Cost Increase,Market-driven
actual,2025-04,C2,UQ-C2-01,PANEL FRONT AS,domestic,655727.0,667396.0,11669.0,cu,Yield/Scrap Rate Increase,Operational-driven
actual,2025-05,C2,UQ-C2-01,PANEL FRONT AS,domestic,667396.0,691662.0,24266.0,cu,Engineering Change / Spec Upgrade,Engineering-driven
actual,2025-06,C2,UQ-C2-01,PANEL FRONT AS,domestic,691662.0,635132.0,-56530.0,cr,Alternative Material Substitution,Engineering-driven
actual,2025-07,C2,UQ-C2-01,PANEL FRONT AS,domestic,635132.0,676434.0,41302.0,cu,Raw Material Price Increase,Market-driven
actual,2025-08,C2,UQ-C2-01,PANEL FRONT AS,domestic,676434.0,717014.0,40580.0,cu,Yield/Scrap Rate Increase,Operational-driven
actual,2025-09,C2,UQ-C2-01,PANEL FRONT AS,domestic,717014.0,767247.0,50233.0,cu,Engineering Change / Spec Upgrade,Engineering-driven
actual,2025-10,C2,UQ-C2-01,PANEL FRONT AS,domestic,767247.0,818934.0,51687.0,cu,Engineering Change / Spec Upgrade,Engineering-driven
actual,2024-11,C2,UQ-C2-02,BRACKET SUPPORT,domestic,852551.0,901529.0,48978.0,cu,Supplier Change (Higher Cost Source),Market-driven
actual,2024-12,C2,UQ-C2-02,BRACKET SUPPORT,domestic,901529.0,942418.0,40889.0,cu,Engineering Change / Spec Upgrade,Engineering-driven
actual,2025-01,C2,UQ-C2-02,BRACKET SUPPORT,domestic,942418.0,942418.0,0.0,,,
actual,2025-02,C2,UQ-C2-02,BRACKET SUPPORT,domestic,942418.0,1004109.0,61691.0,cu,Raw Material Price Increase,Market-driven
actual,2025-03,C2,UQ-C2-02,BRACKET SUPPORT,domestic,1004109.0,1060810.0,56701.0,cu,Yield/Scrap Rate Increase,Operational-driven
actual,2025-04,C2,UQ-C2-02,BRACKET SUPPORT,domestic,1060810.0,1004735.0,-56075.0,cr,Supplier Negotiation,Operational-driven
actual,2025-05,C2,UQ-C2-02,BRACKET SUPPORT,domestic,1004735.0,1039352.0,34617.0,cu,Supplier Change (Higher Cost Source),Market-driven
actual,2025-06,C2,UQ-C2-02,BRACKET SUPPORT,domestic,1039352.0,999253.0,-40099.0,cr,Localization / Local Sourcing,Operational-driven
actual,2025-07,C2,UQ-C2-02,BRACKET SUPPORT,domestic,999253.0,1082108.0,82855.0,cu,Engineering Change / Spec Upgrade,Engineering-driven
actual,2025-08,C2,UQ-C2-02,BRACKET SUPPORT,domestic,1082108.0,1141981.0,59873.0,cu,Raw Material Price Increase,Market-driven
actual,2025-09,C2,UQ-C2-02,BRACKET SUPPORT,domestic,1141981.0,1245843.0,103862.0,cu,Raw Material Price Increase,Market-driven
actual,2025-10,C2,UQ-C2-02,BRACKET SUPPORT,domestic,1245843.0,1314238.0,68395.0,cu,Yield/Scrap Rate Increase,Operational-driven
actual,2024-11,C2,UQ-C2-03,IC CHIP CONTROL,usd,557288.0,545034.0,-12254.0,cr,Alternative Material Substitution,Engineering-driven
actual,2024-12,C2,UQ-C2-03,IC CHIP CONTROL,usd,545034.0,564658.0,19624.0,cu,Supplier Change (Higher Cost Source),Market-driven
actual,2025-01,C2,UQ-C2-03,IC CHIP CONTROL,usd,564658.0,577864.0,13206.0,cu,Raw Material Price Increase,Market-driven
actual,2025-02,C2,UQ-C2-03,IC CHIP CONTROL,usd,577864.0,608996.0,31132.0,cu,Logistics/Freight Cost Increase,Market-driven
actual,2025-03,C2,UQ-C2-03,IC CHIP CONTROL,usd,608996.0,647841.0,38845.0,cu,Engineering Change / Spec Upgrade,Engineering-driven
actual,2025-04,C2,UQ-C2-03,IC CHIP CONTROL,usd,647841.0,696574.0,48733.0,cu,Engineering Change / Spec Upgrade,Engineering-driven
actual,2025-05,C2,UQ-C2-03,IC CHIP CONTROL,usd,696574.0,661285.0,-35289.0,cr,Process Improvement (Yield Up),Operational-driven
actual,2025-06,C2,UQ-C2-03,IC CHIP CONTROL,usd,661285.0,677194.0,15909.0,cu,Logistics/Freight Cost Increase,Market-driven
actual,2025-07,C2,UQ-C2-03,IC CHIP CONTROL,usd,677194.0,691164.0,13970.0,cu,Yield/Scrap Rate Increase,Operational-driven
actual,2025-08,C2,UQ-C2-03,IC CHIP CONTROL,usd,691164.0,691164.0,0.0,,,
actual,2025-09,C2,UQ-C2-03,IC CHIP CONTROL,usd,691164.0,743234.0,52070.0,cu,Logistics/Freight Cost Increase,Market-driven
actual,2025-10,C2,UQ-C2-03,IC CHIP CONTROL,usd,743234.0,784734.0,41500.0,cu,Logistics/Freight Cost Increase,Market-driven
actual,2024-11,C2,UQ-C2-04,MOTOR UNIT,jpy,285109.0,259345.0,-25764.0,cr,Alternative Material Substitution,Engineering-driven
actual,2024-12,C2,UQ-C2-04,MOTOR UNIT,jpy,259345.0,276466.0,17121.0,cu,Raw Material Price Increase,Market-driven
actual,2025-01,C2,UQ-C2-04,MOTOR UNIT,jpy,276466.0,258776.0,-17690.0,cr,VA/VE Improvement,Engineering-driven
actual,2025-02,C2,UQ-C2-04,MOTOR UNIT,jpy,258776.0,258776.0,0.0,,,
actual,2025-03,C2,UQ-C2-04,MOTOR UNIT,jpy,258776.0,253614.0,-5162.0,cr,Process Improvement (Yield Up),Operational-driven
actual,2025-04,C2,UQ-C2-04,MOTOR UNIT,jpy,253614.0,245288.0,-8326.0,cr,Alternative Material Substitution,Engineering-driven
actual,2025-05,C2,UQ-C2-04,MOTOR UNIT,jpy,245288.0,233763.0,-11525.0,cr,Supplier Negotiation,Operational-driven
actual,2025-06,C2,UQ-C2-04,MOTOR UNIT,jpy,233763.0,248511.0,14748.0,cu,Raw Material Price Increase,Market-driven
actual,2025-07,C2,UQ-C2-04,MOTOR UNIT,jpy,248511.0,242430.0,-6081.0,cr,VA/VE Improvement,Engineering-driven
actual,2025-08,C2,UQ-C2-04,MOTOR UNIT,jpy,242430.0,225896.0,-16534.0,cr,Localization / Local Sourcing,Operational-driven
actual,2025-09,C2,UQ-C2-04,MOTOR UNIT,jpy,225896.0,213030.0,-12866.0,cr,Process Improvement (Yield Up),Operational-driven
actual,2025-10,C2,UQ-C2-04,MOTOR UNIT,jpy,213030.0,199603.0,-13427.0,cr,Alternative Material Substitution,Engineering-driven
actual,2024-11,C2,UQ-C2-05,SENSOR MODULE,jpy,190718.0,195703.0,4985.0,cu,Engineering Change / Spec Upgrade,Engineering-driven
actual,2024-12,C2,UQ-C2-05,SENSOR MODULE,jpy,195703.0,180025.0,-15678.0,cr,Localization / Local Sourcing,Operational-driven
actual,2025-01,C2,UQ-C2-05,SENSOR MODULE,jpy,180025.0,176373.0,-3652.0,cr,Alternative Material Substitution,Engineering-driven
actual,2025-02,C2,UQ-C2-05,SENSOR MODULE,jpy,176373.0,165970.0,-10403.0,cr,Alternative Material Substitution,Engineering-driven
actual,2025-03,C2,UQ-C2-05,SENSOR MODULE,jpy,165970.0,156383.0,-9587.0,cr,Localization / Local Sourcing,Operational-driven
actual,2025-04,C2,UQ-C2-05,SENSOR MODULE,jpy,156383.0,156383.0,0.0,,,
actual,2025-05,C2,UQ-C2-05,SENSOR MODULE,jpy,156383.0,149320.0,-7063.0,cr,Localization / Local Sourcing,Operational-driven
actual,2025-06,C2,UQ-C2-05,SENSOR MODULE,jpy,149320.0,139403.0,-9917.0,cr,Process Improvement (Yield Up),Operational-driven
actual,2025-07,C2,UQ-C2-05,SENSOR MODULE,jpy,139403.0,137319.0,-2084.0,cr,Alternative Material Substitution,Engineering-driven
actual,2025-08,C2,UQ-C2-05,SENSOR MODULE,jpy,137319.0,132492.0,-4827.0,cr,Localization / Local Sourcing,Operational-driven
actual,2025-09,C2,UQ-C2-05,SENSOR MODULE,jpy,132492.0,143167.0,10675.0,cu,Raw Material Price Increase,Market-driven
actual,2025-10,C2,UQ-C2-05,SENSOR MODULE,jpy,143167.0,132447.0,-10720.0,cr,Process Improvement (Yield Up),Operational-driven
actual,2024-11,C2,SH-EVEN-01,TAPE PU-F,domestic,70295.0,75075.0,4780.0,cu,Raw Material Price Increase,Market-driven
actual,2024-12,C2,SH-EVEN-01,TAPE PU-F,domestic,75075.0,80181.0,5106.0,cu,Raw Material Price Increase,Market-driven
actual,2025-01,C2,SH-EVEN-01,TAPE PU-F,domestic,80181.0,82639.0,2458.0,cu,Engineering Change / Spec Upgrade,Engineering-driven
actual,2025-02,C2,SH-EVEN-01,TAPE PU-F,domestic,82639.0,87878.0,5239.0,cu,Engineering Change / Spec Upgrade,Engineering-driven
actual,2025-03,C2,SH-EVEN-01,TAPE PU-F,domestic,87878.0,93563.0,5685.0,cu,Engineering Change / Spec Upgrade,Engineering-driven
actual,2025-04,C2,SH-EVEN-01,TAPE PU-F,domestic,93563.0,89152.0,-4411.0,cr,VA/VE Improvement,Engineering-driven
actual,2025-05,C2,SH-EVEN-01,TAPE PU-F,domestic,89152.0,94914.0,5762.0,cu,Supplier Change (Higher Cost Source),Market-driven
actual,2025-06,C2,SH-EVEN-01,TAPE PU-F,domestic,94914.0,101876.0,6962.0,cu,Supplier Change (Higher Cost Source),Market-driven
actual,2025-07,C2,SH-EVEN-01,TAPE PU-F,domestic,101876.0,94152.0,-7724.0,cr,Process Improvement (Yield Up),Operational-driven
actual,2025-08,C2,SH-EVEN-01,TAPE PU-F,domestic,94152.0,96785.0,2633.0,cu,Supplier Change (Higher Cost Source),Market-driven
actual,2025-09,C2,SH-EVEN-01,TAPE PU-F,domestic,96785.0,96785.0,0.0,,,
actual,2025-10,C2,SH-EVEN-01,TAPE PU-F,domestic,96785.0,101858.0,5073.0,cu,Yield/Scrap Rate Increase,Operational-driven
actual,2024-11,C2,SH-EVEN-02,RESIN COMPOUND,usd,19042.0,19491.0,449.0,cu,Supplier Change (Higher Cost Source),Market-driven
actual,2024-12,C2,SH-EVEN-02,RESIN COMPOUND,usd,19491.0,20366.0,875.0,cu,Supplier Change (Higher Cost Source),Market-driven
actual,2025-01,C2,SH-EVEN-02,RESIN COMPOUND,usd,20366.0,20895.0,529.0,cu,Raw Material Price Increase,Market-driven
actual,2025-02,C2,SH-EVEN-02,RESIN COMPOUND,usd,20895.0,21472.0,577.0,cu,Logistics/Freight Cost Increase,Market-driven
actual,2025-03,C2,SH-EVEN-02,RESIN COMPOUND,usd,21472.0,22839.0,1367.0,cu,Logistics/Freight Cost Increase,Market-driven
actual,2025-04,C2,SH-EVEN-02,RESIN COMPOUND,usd,22839.0,22839.0,0.0,,,
actual,2025-05,C2,SH-EVEN-02,RESIN COMPOUND,usd,22839.0,21574.0,-1265.0,cr,Localization / Local Sourcing,Operational-driven
actual,2025-06,C2,SH-EVEN-02,RESIN COMPOUND,usd,21574.0,22763.0,1189.0,cu,Logistics/Freight Cost Increase,Market-driven
actual,2025-07,C2,SH-EVEN-02,RESIN COMPOUND,usd,22763.0,21147.0,-1616.0,cr,Alternative Material Substitution,Engineering-driven
actual,2025-08,C2,SH-EVEN-02,RESIN COMPOUND,usd,21147.0,22059.0,912.0,cu,Raw Material Price Increase,Market-driven
actual,2025-09,C2,SH-EVEN-02,RESIN COMPOUND,usd,22059.0,23441.0,1382.0,cu,Engineering Change / Spec Upgrade,Engineering-driven
actual,2025-10,C2,SH-EVEN-02,RESIN COMPOUND,usd,23441.0,24890.0,1449.0,cu,Yield/Scrap Rate Increase,Operational-driven
actual,2024-11,C3,SH-CATC-D01,PANEL BOTTOM AS,domestic,113259.0,104374.0,-8885.0,cr,Alternative Material Substitution,Engineering-driven
actual,2024-12,C3,SH-CATC-D01,PANEL BOTTOM AS,domestic,104374.0,98578.0,-5796.0,cr,Localization / Local Sourcing,Operational-driven
actual,2025-01,C3,SH-CATC-D01,PANEL BOTTOM AS,domestic,98578.0,95470.0,-3108.0,cr,VA/VE Improvement,Engineering-driven
actual,2025-02,C3,SH-CATC-D01,PANEL BOTTOM AS,domestic,95470.0,92816.0,-2654.0,cr,Localization / Local Sourcing,Operational-driven
actual,2025-03,C3,SH-CATC-D01,PANEL BOTTOM AS,domestic,92816.0,84185.0,-8631.0,cr,Localization / Local Sourcing,Operational-driven
actual,2025-04,C3,SH-CATC-D01,PANEL BOTTOM AS,domestic,84185.0,79911.0,-4274.0,cr,Supplier Negotiation,Operational-driven
actual,2025-05,C3,SH-CATC-D01,PANEL BOTTOM AS,domestic,79911.0,77487.0,-2424.0,cr,Supplier Negotiation,Operational-driven
actual,2025-06,C3,SH-CATC-D01,PANEL BOTTOM AS,domestic,77487.0,70423.0,-7064.0,cr,Alternative Material Substitution,Engineering-driven
actual,2025-07,C3,SH-CATC-D01,PANEL BOTTOM AS,domestic,70423.0,66105.0,-4318.0,cr,Localization / Local Sourcing,Operational-driven
actual,2025-08,C3,SH-CATC-D01,PANEL BOTTOM AS,domestic,66105.0,68892.0,2787.0,cu,Raw Material Price Increase,Market-driven
actual,2025-09,C3,SH-CATC-D01,PANEL BOTTOM AS,domestic,68892.0,68892.0,0.0,,,
actual,2025-10,C3,SH-CATC-D01,PANEL BOTTOM AS,domestic,68892.0,70195.0,1303.0,cu,Logistics/Freight Cost Increase,Market-driven
actual,2024-11,C3,SH-CATC-U01,CONNECTOR HOUSING,usd,54607.0,50488.0,-4119.0,cr,VA/VE Improvement,Engineering-driven
actual,2024-12,C3,SH-CATC-U01,CONNECTOR HOUSING,usd,50488.0,46777.0,-3711.0,cr,Supplier Negotiation,Operational-driven
actual,2025-01,C3,SH-CATC-U01,CONNECTOR HOUSING,usd,46777.0,44082.0,-2695.0,cr,Localization / Local Sourcing,Operational-driven
actual,2025-02,C3,SH-CATC-U01,CONNECTOR HOUSING,usd,44082.0,41207.0,-2875.0,cr,Supplier Negotiation,Operational-driven
actual,2025-03,C3,SH-CATC-U01,CONNECTOR HOUSING,usd,41207.0,38785.0,-2422.0,cr,Alternative Material Substitution,Engineering-driven
actual,2025-04,C3,SH-CATC-U01,CONNECTOR HOUSING,usd,38785.0,36814.0,-1971.0,cr,Process Improvement (Yield Up),Operational-driven
actual,2025-05,C3,SH-CATC-U01,CONNECTOR HOUSING,usd,36814.0,36814.0,0.0,,,
actual,2025-06,C3,SH-CATC-U01,CONNECTOR HOUSING,usd,36814.0,38712.0,1898.0,cu,Raw Material Price Increase,Market-driven
actual,2025-07,C3,SH-CATC-U01,CONNECTOR HOUSING,usd,38712.0,35494.0,-3218.0,cr,Localization / Local Sourcing,Operational-driven
actual,2025-08,C3,SH-CATC-U01,CONNECTOR HOUSING,usd,35494.0,33073.0,-2421.0,cr,Process Improvement (Yield Up),Operational-driven
actual,2025-09,C3,SH-CATC-U01,CONNECTOR HOUSING,usd,33073.0,34653.0,1580.0,cu,Raw Material Price Increase,Market-driven
actual,2025-10,C3,SH-CATC-U01,CONNECTOR HOUSING,usd,34653.0,32568.0,-2085.0,cr,VA/VE Improvement,Engineering-driven
actual,2024-11,C3,SH-IDX03,PRECISION GEAR,jpy,110238.0,110238.0,0.0,,,
actual,2024-12,C3,SH-IDX03,PRECISION GEAR,jpy,110238.0,105176.0,-5062.0,cr,Alternative Material Substitution,Engineering-driven
actual,2025-01,C3,SH-IDX03,PRECISION GEAR,jpy,105176.0,96942.0,-8234.0,cr,Alternative Material Substitution,Engineering-driven
actual,2025-02,C3,SH-IDX03,PRECISION GEAR,jpy,96942.0,94448.0,-2494.0,cr,Process Improvement (Yield Up),Operational-driven
actual,2025-03,C3,SH-IDX03,PRECISION GEAR,jpy,94448.0,88401.0,-6047.0,cr,Process Improvement (Yield Up),Operational-driven
actual,2025-04,C3,SH-IDX03,PRECISION GEAR,jpy,88401.0,83341.0,-5060.0,cr,Process Improvement (Yield Up),Operational-driven
actual,2025-05,C3,SH-IDX03,PRECISION GEAR,jpy,83341.0,88426.0,5085.0,cu,Logistics/Freight Cost Increase,Market-driven
actual,2025-06,C3,SH-IDX03,PRECISION GEAR,jpy,88426.0,90488.0,2062.0,cu,Yield/Scrap Rate Increase,Operational-driven
actual,2025-07,C3,SH-IDX03,PRECISION GEAR,jpy,90488.0,85504.0,-4984.0,cr,Supplier Negotiation,Operational-driven
actual,2025-08,C3,SH-IDX03,PRECISION GEAR,jpy,85504.0,81232.0,-4272.0,cr,Supplier Negotiation,Operational-driven
actual,2025-09,C3,SH-IDX03,PRECISION GEAR,jpy,81232.0,78288.0,-2944.0,cr,Supplier Negotiation,Operational-driven
actual,2025-10,C3,SH-IDX03,PRECISION GEAR,jpy,78288.0,74377.0,-3911.0,cr,Alternative Material Substitution,Engineering-driven
actual,2024-11,C3,UQ-C3-01,PANEL FRONT AS,domestic,732736.0,732736.0,0.0,,,
actual,2024-12,C3,UQ-C3-01,PANEL FRONT AS,domestic,732736.0,787253.0,54517.0,cu,Logistics/Freight Cost Increase,Market-driven
actual,2025-01,C3,UQ-C3-01,PANEL FRONT AS,domestic,787253.0,840687.0,53434.0,cu,Raw Material Price Increase,Market-driven
actual,2025-02,C3,UQ-C3-01,PANEL FRONT AS,domestic,840687.0,774169.0,-66518.0,cr,Localization / Local Sourcing,Operational-driven
actual,2025-03,C3,UQ-C3-01,PANEL FRONT AS,domestic,774169.0,835350.0,61181.0,cu,Yield/Scrap Rate Increase,Operational-driven
actual,2025-04,C3,UQ-C3-01,PANEL FRONT AS,domestic,835350.0,848908.0,13558.0,cu,Supplier Change (Higher Cost Source),Market-driven
actual,2025-05,C3,UQ-C3-01,PANEL FRONT AS,domestic,848908.0,903734.0,54826.0,cu,Logistics/Freight Cost Increase,Market-driven
actual,2025-06,C3,UQ-C3-01,PANEL FRONT AS,domestic,903734.0,817620.0,-86114.0,cr,Localization / Local Sourcing,Operational-driven
actual,2025-07,C3,UQ-C3-01,PANEL FRONT AS,domestic,817620.0,879256.0,61636.0,cu,Logistics/Freight Cost Increase,Market-driven
actual,2025-08,C3,UQ-C3-01,PANEL FRONT AS,domestic,879256.0,931440.0,52184.0,cu,Supplier Change (Higher Cost Source),Market-driven
actual,2025-09,C3,UQ-C3-01,PANEL FRONT AS,domestic,931440.0,972761.0,41321.0,cu,Supplier Change (Higher Cost Source),Market-driven
actual,2025-10,C3,UQ-C3-01,PANEL FRONT AS,domestic,972761.0,991996.0,19235.0,cu,Raw Material Price Increase,Market-driven
actual,2024-11,C3,UQ-C3-02,BRACKET SUPPORT,domestic,998584.0,1047717.0,49133.0,cu,Logistics/Freight Cost Increase,Market-driven
actual,2024-12,C3,UQ-C3-02,BRACKET SUPPORT,domestic,1047717.0,1112558.0,64841.0,cu,Engineering Change / Spec Upgrade,Engineering-driven
actual,2025-01,C3,UQ-C3-02,BRACKET SUPPORT,domestic,1112558.0,1112558.0,0.0,,,
actual,2025-02,C3,UQ-C3-02,BRACKET SUPPORT,domestic,1112558.0,1164664.0,52106.0,cu,Logistics/Freight Cost Increase,Market-driven
actual,2025-03,C3,UQ-C3-02,BRACKET SUPPORT,domestic,1164664.0,1274015.0,109351.0,cu,Raw Material Price Increase,Market-driven
actual,2025-04,C3,UQ-C3-02,BRACKET SUPPORT,domestic,1274015.0,1223463.0,-50552.0,cr,Alternative Material Substitution,Engineering-driven
actual,2025-05,C3,UQ-C3-02,BRACKET SUPPORT,domestic,1223463.0,1252834.0,29371.0,cu,Engineering Change / Spec Upgrade,Engineering-driven
actual,2025-06,C3,UQ-C3-02,BRACKET SUPPORT,domestic,1252834.0,1157680.0,-95154.0,cr,Alternative Material Substitution,Engineering-driven
actual,2025-07,C3,UQ-C3-02,BRACKET SUPPORT,domestic,1157680.0,1220369.0,62689.0,cu,Supplier Change (Higher Cost Source),Market-driven
actual,2025-08,C3,UQ-C3-02,BRACKET SUPPORT,domestic,1220369.0,1253565.0,33196.0,cu,Yield/Scrap Rate Increase,Operational-driven
actual,2025-09,C3,UQ-C3-02,BRACKET SUPPORT,domestic,1253565.0,1327773.0,74208.0,cu,Supplier Change (Higher Cost Source),Market-driven
actual,2025-10,C3,UQ-C3-02,BRACKET SUPPORT,domestic,1327773.0,1378709.0,50936.0,cu,Supplier Change (Higher Cost Source),Market-driven
actual,2024-11,C3,UQ-C3-03,IC CHIP CONTROL,usd,1238564.0,1218038.0,-20526.0,cr,Supplier Negotiation,Operational-driven
actual,2024-12,C3,UQ-C3-03,IC CHIP CONTROL,usd,1218038.0,1304633.0,86595.0,cu,Supplier Change (Higher Cost Source),Market-driven
actual,2025-01,C3,UQ-C3-03,IC CHIP CONTROL,usd,1304633.0,1382566.0,77933.0,cu,Logistics/Freight Cost Increase,Market-driven
actual,2025-02,C3,UQ-C3-03,IC CHIP CONTROL,usd,1382566.0,1443274.0,60708.0,cu,Engineering Change / Spec Upgrade,Engineering-driven
actual,2025-03,C3,UQ-C3-03,IC CHIP CONTROL,usd,1443274.0,1574082.0,130808.0,cu,Logistics/Freight Cost Increase,Market-driven
actual,2025-04,C3,UQ-C3-03,IC CHIP CONTROL,usd,1574082.0,1639441.0,65359.0,cu,Engineering Change / Spec Upgrade,Engineering-driven
actual,2025-05,C3,UQ-C3-03,IC CHIP CONTROL,usd,1639441.0,1561674.0,-77767.0,cr,VA/VE Improvement,Engineering-driven
actual,2025-06,C3,UQ-C3-03,IC CHIP CONTROL,usd,1561674.0,1613439.0,51765.0,cu,Raw Material Price Increase,Market-driven
actual,2025-07,C3,UQ-C3-03,IC CHIP CONTROL,usd,1613439.0,1732192.0,118753.0,cu,Logistics/Freight Cost Increase,Market-driven
actual,2025-08,C3,UQ-C3-03,IC CHIP CONTROL,usd,1732192.0,1732192.0,0.0,,,
actual,2025-09,C3,UQ-C3-03,IC CHIP CONTROL,usd,1732192.0,1859015.0,126823.0,cu,Yield/Scrap Rate Increase,Operational-driven
actual,2025-10,C3,UQ-C3-03,IC CHIP CONTROL,usd,1859015.0,2006276.0,147261.0,cu,Raw Material Price Increase,Market-driven
actual,2024-11,C3,UQ-C3-04,MOTOR UNIT,jpy,166021.0,152244.0,-13777.0,cr,Process Improvement (Yield Up),Operational-driven
actual,2024-12,C3,UQ-C3-04,MOTOR UNIT,jpy,152244.0,159925.0,7681.0,cu,Yield/Scrap Rate Increase,Operational-driven
actual,2025-01,C3,UQ-C3-04,MOTOR UNIT,jpy,159925.0,155133.0,-4792.0,cr,Alternative Material Substitution,Engineering-driven
actual,2025-02,C3,UQ-C3-04,MOTOR UNIT,jpy,155133.0,155133.0,0.0,,,
actual,2025-03,C3,UQ-C3-04,MOTOR UNIT,jpy,155133.0,152204.0,-2929.0,cr,Supplier Negotiation,Operational-driven
actual,2025-04,C3,UQ-C3-04,MOTOR UNIT,jpy,152204.0,140340.0,-11864.0,cr,Localization / Local Sourcing,Operational-driven
actual,2025-05,C3,UQ-C3-04,MOTOR UNIT,jpy,140340.0,138255.0,-2085.0,cr,VA/VE Improvement,Engineering-driven
actual,2025-06,C3,UQ-C3-04,MOTOR UNIT,jpy,138255.0,146643.0,8388.0,cu,Raw Material Price Increase,Market-driven
actual,2025-07,C3,UQ-C3-04,MOTOR UNIT,jpy,146643.0,138372.0,-8271.0,cr,Localization / Local Sourcing,Operational-driven
actual,2025-08,C3,UQ-C3-04,MOTOR UNIT,jpy,138372.0,128478.0,-9894.0,cr,Localization / Local Sourcing,Operational-driven
actual,2025-09,C3,UQ-C3-04,MOTOR UNIT,jpy,128478.0,120284.0,-8194.0,cr,Localization / Local Sourcing,Operational-driven
actual,2025-10,C3,UQ-C3-04,MOTOR UNIT,jpy,120284.0,116713.0,-3571.0,cr,Alternative Material Substitution,Engineering-driven
actual,2024-11,C3,UQ-C3-05,SENSOR MODULE,jpy,205424.0,221383.0,15959.0,cu,Supplier Change (Higher Cost Source),Market-driven
actual,2024-12,C3,UQ-C3-05,SENSOR MODULE,jpy,221383.0,211233.0,-10150.0,cr,Process Improvement (Yield Up),Operational-driven
actual,2025-01,C3,UQ-C3-05,SENSOR MODULE,jpy,211233.0,200281.0,-10952.0,cr,Process Improvement (Yield Up),Operational-driven
actual,2025-02,C3,UQ-C3-05,SENSOR MODULE,jpy,200281.0,181311.0,-18970.0,cr,Alternative Material Substitution,Engineering-driven
actual,2025-03,C3,UQ-C3-05,SENSOR MODULE,jpy,181311.0,176444.0,-4867.0,cr,Alternative Material Substitution,Engineering-driven
actual,2025-04,C3,UQ-C3-05,SENSOR MODULE,jpy,176444.0,176444.0,0.0,,,
actual,2025-05,C3,UQ-C3-05,SENSOR MODULE,jpy,176444.0,171984.0,-4460.0,cr,Localization / Local Sourcing,Operational-driven
actual,2025-06,C3,UQ-C3-05,SENSOR MODULE,jpy,171984.0,163530.0,-8454.0,cr,Alternative Material Substitution,Engineering-driven
actual,2025-07,C3,UQ-C3-05,SENSOR MODULE,jpy,163530.0,154792.0,-8738.0,cr,Localization / Local Sourcing,Operational-driven
actual,2025-08,C3,UQ-C3-05,SENSOR MODULE,jpy,154792.0,147744.0,-7048.0,cr,VA/VE Improvement,Engineering-driven
actual,2025-09,C3,UQ-C3-05,SENSOR MODULE,jpy,147744.0,154779.0,7035.0,cu,Raw Material Price Increase,Market-driven
actual,2025-10,C3,UQ-C3-05,SENSOR MODULE,jpy,154779.0,147038.0,-7741.0,cr,Process Improvement (Yield Up),Operational-driven
actual,2024-11,C4,SH-CATC-D01,PANEL BOTTOM AS,domestic,113259.0,104374.0,-8885.0,cr,Alternative Material Substitution,Engineering-driven
actual,2024-12,C4,SH-CATC-D01,PANEL BOTTOM AS,domestic,104374.0,98578.0,-5796.0,cr,Localization / Local Sourcing,Operational-driven
actual,2025-01,C4,SH-CATC-D01,PANEL BOTTOM AS,domestic,98578.0,95470.0,-3108.0,cr,VA/VE Improvement,Engineering-driven
actual,2025-02,C4,SH-CATC-D01,PANEL BOTTOM AS,domestic,95470.0,92816.0,-2654.0,cr,Localization / Local Sourcing,Operational-driven
actual,2025-03,C4,SH-CATC-D01,PANEL BOTTOM AS,domestic,92816.0,84185.0,-8631.0,cr,Localization / Local Sourcing,Operational-driven
actual,2025-04,C4,SH-CATC-D01,PANEL BOTTOM AS,domestic,84185.0,79911.0,-4274.0,cr,Supplier Negotiation,Operational-driven
actual,2025-05,C4,SH-CATC-D01,PANEL BOTTOM AS,domestic,79911.0,77487.0,-2424.0,cr,Supplier Negotiation,Operational-driven
actual,2025-06,C4,SH-CATC-D01,PANEL BOTTOM AS,domestic,77487.0,70423.0,-7064.0,cr,Alternative Material Substitution,Engineering-driven
actual,2025-07,C4,SH-CATC-D01,PANEL BOTTOM AS,domestic,70423.0,66105.0,-4318.0,cr,Localization / Local Sourcing,Operational-driven
actual,2025-08,C4,SH-CATC-D01,PANEL BOTTOM AS,domestic,66105.0,68892.0,2787.0,cu,Raw Material Price Increase,Market-driven
actual,2025-09,C4,SH-CATC-D01,PANEL BOTTOM AS,domestic,68892.0,68892.0,0.0,,,
actual,2025-10,C4,SH-CATC-D01,PANEL BOTTOM AS,domestic,68892.0,70195.0,1303.0,cu,Logistics/Freight Cost Increase,Market-driven
actual,2024-11,C4,SH-CATC-U01,CONNECTOR HOUSING,usd,54607.0,50488.0,-4119.0,cr,VA/VE Improvement,Engineering-driven
actual,2024-12,C4,SH-CATC-U01,CONNECTOR HOUSING,usd,50488.0,46777.0,-3711.0,cr,Supplier Negotiation,Operational-driven
actual,2025-01,C4,SH-CATC-U01,CONNECTOR HOUSING,usd,46777.0,44082.0,-2695.0,cr,Localization / Local Sourcing,Operational-driven
actual,2025-02,C4,SH-CATC-U01,CONNECTOR HOUSING,usd,44082.0,41207.0,-2875.0,cr,Supplier Negotiation,Operational-driven
actual,2025-03,C4,SH-CATC-U01,CONNECTOR HOUSING,usd,41207.0,38785.0,-2422.0,cr,Alternative Material Substitution,Engineering-driven
actual,2025-04,C4,SH-CATC-U01,CONNECTOR HOUSING,usd,38785.0,36814.0,-1971.0,cr,Process Improvement (Yield Up),Operational-driven
actual,2025-05,C4,SH-CATC-U01,CONNECTOR HOUSING,usd,36814.0,36814.0,0.0,,,
actual,2025-06,C4,SH-CATC-U01,CONNECTOR HOUSING,usd,36814.0,38712.0,1898.0,cu,Raw Material Price Increase,Market-driven
actual,2025-07,C4,SH-CATC-U01,CONNECTOR HOUSING,usd,38712.0,35494.0,-3218.0,cr,Localization / Local Sourcing,Operational-driven
actual,2025-08,C4,SH-CATC-U01,CONNECTOR HOUSING,usd,35494.0,33073.0,-2421.0,cr,Process Improvement (Yield Up),Operational-driven
actual,2025-09,C4,SH-CATC-U01,CONNECTOR HOUSING,usd,33073.0,34653.0,1580.0,cu,Raw Material Price Increase,Market-driven
actual,2025-10,C4,SH-CATC-U01,CONNECTOR HOUSING,usd,34653.0,32568.0,-2085.0,cr,VA/VE Improvement,Engineering-driven
actual,2024-11,C4,SH-IDX04,PRECISION GEAR,jpy,26043.0,26043.0,0.0,,,
actual,2024-12,C4,SH-IDX04,PRECISION GEAR,jpy,26043.0,24553.0,-1490.0,cr,Process Improvement (Yield Up),Operational-driven
actual,2025-01,C4,SH-IDX04,PRECISION GEAR,jpy,24553.0,23382.0,-1171.0,cr,VA/VE Improvement,Engineering-driven
actual,2025-02,C4,SH-IDX04,PRECISION GEAR,jpy,23382.0,22887.0,-495.0,cr,Localization / Local Sourcing,Operational-driven
actual,2025-03,C4,SH-IDX04,PRECISION GEAR,jpy,22887.0,21667.0,-1220.0,cr,Process Improvement (Yield Up),Operational-driven
actual,2025-04,C4,SH-IDX04,PRECISION GEAR,jpy,21667.0,20320.0,-1347.0,cr,Alternative Material Substitution,Engineering-driven
actual,2025-05,C4,SH-IDX04,PRECISION GEAR,jpy,20320.0,21901.0,1581.0,cu,Supplier Change (Higher Cost Source),Market-driven
actual,2025-06,C4,SH-IDX04,PRECISION GEAR,jpy,21901.0,23452.0,1551.0,cu,Logistics/Freight Cost Increase,Market-driven
actual,2025-07,C4,SH-IDX04,PRECISION GEAR,jpy,23452.0,21629.0,-1823.0,cr,VA/VE Improvement,Engineering-driven
actual,2025-08,C4,SH-IDX04,PRECISION GEAR,jpy,21629.0,19802.0,-1827.0,cr,Alternative Material Substitution,Engineering-driven
actual,2025-09,C4,SH-IDX04,PRECISION GEAR,jpy,19802.0,18588.0,-1214.0,cr,Localization / Local Sourcing,Operational-driven
actual,2025-10,C4,SH-IDX04,PRECISION GEAR,jpy,18588.0,17157.0,-1431.0,cr,Alternative Material Substitution,Engineering-driven
actual,2024-11,C4,UQ-C4-01,PANEL FRONT AS,domestic,571285.0,571285.0,0.0,,,
actual,2024-12,C4,UQ-C4-01,PANEL FRONT AS,domestic,571285.0,606566.0,35281.0,cu,Yield/Scrap Rate Increase,Operational-driven
actual,2025-01,C4,UQ-C4-01,PANEL FRONT AS,domestic,606566.0,626762.0,20196.0,cu,Engineering Change / Spec Upgrade,Engineering-driven
actual,2025-02,C4,UQ-C4-01,PANEL FRONT AS,domestic,626762.0,584305.0,-42457.0,cr,Localization / Local Sourcing,Operational-driven
actual,2025-03,C4,UQ-C4-01,PANEL FRONT AS,domestic,584305.0,637030.0,52725.0,cu,Logistics/Freight Cost Increase,Market-driven
actual,2025-04,C4,UQ-C4-01,PANEL FRONT AS,domestic,637030.0,689610.0,52580.0,cu,Raw Material Price Increase,Market-driven
actual,2025-05,C4,UQ-C4-01,PANEL FRONT AS,domestic,689610.0,761169.0,71559.0,cu,Yield/Scrap Rate Increase,Operational-driven
actual,2025-06,C4,UQ-C4-01,PANEL FRONT AS,domestic,761169.0,739016.0,-22153.0,cr,Process Improvement (Yield Up),Operational-driven
actual,2025-07,C4,UQ-C4-01,PANEL FRONT AS,domestic,739016.0,779539.0,40523.0,cu,Yield/Scrap Rate Increase,Operational-driven
actual,2025-08,C4,UQ-C4-01,PANEL FRONT AS,domestic,779539.0,821397.0,41858.0,cu,Supplier Change (Higher Cost Source),Market-driven
actual,2025-09,C4,UQ-C4-01,PANEL FRONT AS,domestic,821397.0,893892.0,72495.0,cu,Supplier Change (Higher Cost Source),Market-driven
actual,2025-10,C4,UQ-C4-01,PANEL FRONT AS,domestic,893892.0,922897.0,29005.0,cu,Logistics/Freight Cost Increase,Market-driven
actual,2024-11,C4,UQ-C4-02,BRACKET SUPPORT,domestic,554379.0,596270.0,41891.0,cu,Logistics/Freight Cost Increase,Market-driven
actual,2024-12,C4,UQ-C4-02,BRACKET SUPPORT,domestic,596270.0,648455.0,52185.0,cu,Logistics/Freight Cost Increase,Market-driven
actual,2025-01,C4,UQ-C4-02,BRACKET SUPPORT,domestic,648455.0,648455.0,0.0,,,
actual,2025-02,C4,UQ-C4-02,BRACKET SUPPORT,domestic,648455.0,658393.0,9938.0,cu,Logistics/Freight Cost Increase,Market-driven
actual,2025-03,C4,UQ-C4-02,BRACKET SUPPORT,domestic,658393.0,676233.0,17840.0,cu,Raw Material Price Increase,Market-driven
actual,2025-04,C4,UQ-C4-02,BRACKET SUPPORT,domestic,676233.0,661100.0,-15133.0,cr,Localization / Local Sourcing,Operational-driven
actual,2025-05,C4,UQ-C4-02,BRACKET SUPPORT,domestic,661100.0,707575.0,46475.0,cu,Yield/Scrap Rate Increase,Operational-driven
actual,2025-06,C4,UQ-C4-02,BRACKET SUPPORT,domestic,707575.0,667622.0,-39953.0,cr,VA/VE Improvement,Engineering-driven
actual,2025-07,C4,UQ-C4-02,BRACKET SUPPORT,domestic,667622.0,691744.0,24122.0,cu,Yield/Scrap Rate Increase,Operational-driven
actual,2025-08,C4,UQ-C4-02,BRACKET SUPPORT,domestic,691744.0,727505.0,35761.0,cu,Engineering Change / Spec Upgrade,Engineering-driven
actual,2025-09,C4,UQ-C4-02,BRACKET SUPPORT,domestic,727505.0,757339.0,29834.0,cu,Supplier Change (Higher Cost Source),Market-driven
actual,2025-10,C4,UQ-C4-02,BRACKET SUPPORT,domestic,757339.0,776118.0,18779.0,cu,Yield/Scrap Rate Increase,Operational-driven
actual,2024-11,C4,UQ-C4-03,IC CHIP CONTROL,usd,268251.0,264057.0,-4194.0,cr,VA/VE Improvement,Engineering-driven
actual,2024-12,C4,UQ-C4-03,IC CHIP CONTROL,usd,264057.0,283512.0,19455.0,cu,Logistics/Freight Cost Increase,Market-driven
actual,2025-01,C4,UQ-C4-03,IC CHIP CONTROL,usd,283512.0,295166.0,11654.0,cu,Raw Material Price Increase,Market-driven
actual,2025-02,C4,UQ-C4-03,IC CHIP CONTROL,usd,295166.0,307952.0,12786.0,cu,Engineering Change / Spec Upgrade,Engineering-driven
actual,2025-03,C4,UQ-C4-03,IC CHIP CONTROL,usd,307952.0,322078.0,14126.0,cu,Yield/Scrap Rate Increase,Operational-driven
actual,2025-04,C4,UQ-C4-03,IC CHIP CONTROL,usd,322078.0,338609.0,16531.0,cu,Yield/Scrap Rate Increase,Operational-driven
actual,2025-05,C4,UQ-C4-03,IC CHIP CONTROL,usd,338609.0,307373.0,-31236.0,cr,Process Improvement (Yield Up),Operational-driven
actual,2025-06,C4,UQ-C4-03,IC CHIP CONTROL,usd,307373.0,317157.0,9784.0,cu,Supplier Change (Higher Cost Source),Market-driven
actual,2025-07,C4,UQ-C4-03,IC CHIP CONTROL,usd,317157.0,335647.0,18490.0,cu,Supplier Change (Higher Cost Source),Market-driven
actual,2025-08,C4,UQ-C4-03,IC CHIP CONTROL,usd,335647.0,335647.0,0.0,,,
actual,2025-09,C4,UQ-C4-03,IC CHIP CONTROL,usd,335647.0,343308.0,7661.0,cu,Supplier Change (Higher Cost Source),Market-driven
actual,2025-10,C4,UQ-C4-03,IC CHIP CONTROL,usd,343308.0,352658.0,9350.0,cu,Supplier Change (Higher Cost Source),Market-driven
actual,2024-11,C4,UQ-C4-04,MOTOR UNIT,jpy,427675.0,415755.0,-11920.0,cr,Process Improvement (Yield Up),Operational-driven
actual,2024-12,C4,UQ-C4-04,MOTOR UNIT,jpy,415755.0,440479.0,24724.0,cu,Engineering Change / Spec Upgrade,Engineering-driven
actual,2025-01,C4,UQ-C4-04,MOTOR UNIT,jpy,440479.0,409304.0,-31175.0,cr,Alternative Material Substitution,Engineering-driven
actual,2025-02,C4,UQ-C4-04,MOTOR UNIT,jpy,409304.0,409304.0,0.0,,,
actual,2025-03,C4,UQ-C4-04,MOTOR UNIT,jpy,409304.0,378437.0,-30867.0,cr,Alternative Material Substitution,Engineering-driven
actual,2025-04,C4,UQ-C4-04,MOTOR UNIT,jpy,378437.0,343160.0,-35277.0,cr,VA/VE Improvement,Engineering-driven
actual,2025-05,C4,UQ-C4-04,MOTOR UNIT,jpy,343160.0,316968.0,-26192.0,cr,VA/VE Improvement,Engineering-driven
actual,2025-06,C4,UQ-C4-04,MOTOR UNIT,jpy,316968.0,348977.0,32009.0,cu,Logistics/Freight Cost Increase,Market-driven
actual,2025-07,C4,UQ-C4-04,MOTOR UNIT,jpy,348977.0,339920.0,-9057.0,cr,Supplier Negotiation,Operational-driven
actual,2025-08,C4,UQ-C4-04,MOTOR UNIT,jpy,339920.0,322040.0,-17880.0,cr,Process Improvement (Yield Up),Operational-driven
actual,2025-09,C4,UQ-C4-04,MOTOR UNIT,jpy,322040.0,304331.0,-17709.0,cr,Localization / Local Sourcing,Operational-driven
actual,2025-10,C4,UQ-C4-04,MOTOR UNIT,jpy,304331.0,291445.0,-12886.0,cr,VA/VE Improvement,Engineering-driven
actual,2024-11,C4,UQ-C4-05,SENSOR MODULE,jpy,467550.0,492671.0,25121.0,cu,Yield/Scrap Rate Increase,Operational-driven
actual,2024-12,C4,UQ-C4-05,SENSOR MODULE,jpy,492671.0,453479.0,-39192.0,cr,Localization / Local Sourcing,Operational-driven
actual,2025-01,C4,UQ-C4-05,SENSOR MODULE,jpy,453479.0,440804.0,-12675.0,cr,Localization / Local Sourcing,Operational-driven
actual,2025-02,C4,UQ-C4-05,SENSOR MODULE,jpy,440804.0,406031.0,-34773.0,cr,VA/VE Improvement,Engineering-driven
actual,2025-03,C4,UQ-C4-05,SENSOR MODULE,jpy,406031.0,386177.0,-19854.0,cr,VA/VE Improvement,Engineering-driven
actual,2025-04,C4,UQ-C4-05,SENSOR MODULE,jpy,386177.0,386177.0,0.0,,,
actual,2025-05,C4,UQ-C4-05,SENSOR MODULE,jpy,386177.0,374050.0,-12127.0,cr,Supplier Negotiation,Operational-driven
actual,2025-06,C4,UQ-C4-05,SENSOR MODULE,jpy,374050.0,360659.0,-13391.0,cr,Alternative Material Substitution,Engineering-driven
actual,2025-07,C4,UQ-C4-05,SENSOR MODULE,jpy,360659.0,346582.0,-14077.0,cr,Localization / Local Sourcing,Operational-driven
actual,2025-08,C4,UQ-C4-05,SENSOR MODULE,jpy,346582.0,330024.0,-16558.0,cr,Process Improvement (Yield Up),Operational-driven
actual,2025-09,C4,UQ-C4-05,SENSOR MODULE,jpy,330024.0,360421.0,30397.0,cu,Logistics/Freight Cost Increase,Market-driven
actual,2025-10,C4,UQ-C4-05,SENSOR MODULE,jpy,360421.0,337839.0,-22582.0,cr,Alternative Material Substitution,Engineering-driven
actual,2024-11,C4,SH-EVEN-01,TAPE PU-F,domestic,70295.0,75075.0,4780.0,cu,Raw Material Price Increase,Market-driven
actual,2024-12,C4,SH-EVEN-01,TAPE PU-F,domestic,75075.0,80181.0,5106.0,cu,Raw Material Price Increase,Market-driven
actual,2025-01,C4,SH-EVEN-01,TAPE PU-F,domestic,80181.0,82639.0,2458.0,cu,Engineering Change / Spec Upgrade,Engineering-driven
actual,2025-02,C4,SH-EVEN-01,TAPE PU-F,domestic,82639.0,87878.0,5239.0,cu,Engineering Change / Spec Upgrade,Engineering-driven
actual,2025-03,C4,SH-EVEN-01,TAPE PU-F,domestic,87878.0,93563.0,5685.0,cu,Engineering Change / Spec Upgrade,Engineering-driven
actual,2025-04,C4,SH-EVEN-01,TAPE PU-F,domestic,93563.0,89152.0,-4411.0,cr,VA/VE Improvement,Engineering-driven
actual,2025-05,C4,SH-EVEN-01,TAPE PU-F,domestic,89152.0,94914.0,5762.0,cu,Supplier Change (Higher Cost Source),Market-driven
actual,2025-06,C4,SH-EVEN-01,TAPE PU-F,domestic,94914.0,101876.0,6962.0,cu,Supplier Change (Higher Cost Source),Market-driven
actual,2025-07,C4,SH-EVEN-01,TAPE PU-F,domestic,101876.0,94152.0,-7724.0,cr,Process Improvement (Yield Up),Operational-driven
actual,2025-08,C4,SH-EVEN-01,TAPE PU-F,domestic,94152.0,96785.0,2633.0,cu,Supplier Change (Higher Cost Source),Market-driven
actual,2025-09,C4,SH-EVEN-01,TAPE PU-F,domestic,96785.0,96785.0,0.0,,,
actual,2025-10,C4,SH-EVEN-01,TAPE PU-F,domestic,96785.0,101858.0,5073.0,cu,Yield/Scrap Rate Increase,Operational-driven
actual,2024-11,C4,SH-EVEN-02,RESIN COMPOUND,usd,19042.0,19491.0,449.0,cu,Supplier Change (Higher Cost Source),Market-driven
actual,2024-12,C4,SH-EVEN-02,RESIN COMPOUND,usd,19491.0,20366.0,875.0,cu,Supplier Change (Higher Cost Source),Market-driven
actual,2025-01,C4,SH-EVEN-02,RESIN COMPOUND,usd,20366.0,20895.0,529.0,cu,Raw Material Price Increase,Market-driven
actual,2025-02,C4,SH-EVEN-02,RESIN COMPOUND,usd,20895.0,21472.0,577.0,cu,Logistics/Freight Cost Increase,Market-driven
actual,2025-03,C4,SH-EVEN-02,RESIN COMPOUND,usd,21472.0,22839.0,1367.0,cu,Logistics/Freight Cost Increase,Market-driven
actual,2025-04,C4,SH-EVEN-02,RESIN COMPOUND,usd,22839.0,22839.0,0.0,,,
actual,2025-05,C4,SH-EVEN-02,RESIN COMPOUND,usd,22839.0,21574.0,-1265.0,cr,Localization / Local Sourcing,Operational-driven
actual,2025-06,C4,SH-EVEN-02,RESIN COMPOUND,usd,21574.0,22763.0,1189.0,cu,Logistics/Freight Cost Increase,Market-driven
actual,2025-07,C4,SH-EVEN-02,RESIN COMPOUND,usd,22763.0,21147.0,-1616.0,cr,Alternative Material Substitution,Engineering-driven
actual,2025-08,C4,SH-EVEN-02,RESIN COMPOUND,usd,21147.0,22059.0,912.0,cu,Raw Material Price Increase,Market-driven
actual,2025-09,C4,SH-EVEN-02,RESIN COMPOUND,usd,22059.0,23441.0,1382.0,cu,Engineering Change / Spec Upgrade,Engineering-driven
actual,2025-10,C4,SH-EVEN-02,RESIN COMPOUND,usd,23441.0,24890.0,1449.0,cu,Yield/Scrap Rate Increase,Operational-driven
actual,2024-11,C5,SH-CATC-D01,PANEL BOTTOM AS,domestic,113259.0,104374.0,-8885.0,cr,Alternative Material Substitution,Engineering-driven
actual,2024-12,C5,SH-CATC-D01,PANEL BOTTOM AS,domestic,104374.0,98578.0,-5796.0,cr,Localization / Local Sourcing,Operational-driven
actual,2025-01,C5,SH-CATC-D01,PANEL BOTTOM AS,domestic,98578.0,95470.0,-3108.0,cr,VA/VE Improvement,Engineering-driven
actual,2025-02,C5,SH-CATC-D01,PANEL BOTTOM AS,domestic,95470.0,92816.0,-2654.0,cr,Localization / Local Sourcing,Operational-driven
actual,2025-03,C5,SH-CATC-D01,PANEL BOTTOM AS,domestic,92816.0,84185.0,-8631.0,cr,Localization / Local Sourcing,Operational-driven
actual,2025-04,C5,SH-CATC-D01,PANEL BOTTOM AS,domestic,84185.0,79911.0,-4274.0,cr,Supplier Negotiation,Operational-driven
actual,2025-05,C5,SH-CATC-D01,PANEL BOTTOM AS,domestic,79911.0,77487.0,-2424.0,cr,Supplier Negotiation,Operational-driven
actual,2025-06,C5,SH-CATC-D01,PANEL BOTTOM AS,domestic,77487.0,70423.0,-7064.0,cr,Alternative Material Substitution,Engineering-driven
actual,2025-07,C5,SH-CATC-D01,PANEL BOTTOM AS,domestic,70423.0,66105.0,-4318.0,cr,Localization / Local Sourcing,Operational-driven
actual,2025-08,C5,SH-CATC-D01,PANEL BOTTOM AS,domestic,66105.0,68892.0,2787.0,cu,Raw Material Price Increase,Market-driven
actual,2025-09,C5,SH-CATC-D01,PANEL BOTTOM AS,domestic,68892.0,68892.0,0.0,,,
actual,2025-10,C5,SH-CATC-D01,PANEL BOTTOM AS,domestic,68892.0,70195.0,1303.0,cu,Logistics/Freight Cost Increase,Market-driven
actual,2024-11,C5,SH-CATC-U01,CONNECTOR HOUSING,usd,54607.0,50488.0,-4119.0,cr,VA/VE Improvement,Engineering-driven
actual,2024-12,C5,SH-CATC-U01,CONNECTOR HOUSING,usd,50488.0,46777.0,-3711.0,cr,Supplier Negotiation,Operational-driven
actual,2025-01,C5,SH-CATC-U01,CONNECTOR HOUSING,usd,46777.0,44082.0,-2695.0,cr,Localization / Local Sourcing,Operational-driven
actual,2025-02,C5,SH-CATC-U01,CONNECTOR HOUSING,usd,44082.0,41207.0,-2875.0,cr,Supplier Negotiation,Operational-driven
actual,2025-03,C5,SH-CATC-U01,CONNECTOR HOUSING,usd,41207.0,38785.0,-2422.0,cr,Alternative Material Substitution,Engineering-driven
actual,2025-04,C5,SH-CATC-U01,CONNECTOR HOUSING,usd,38785.0,36814.0,-1971.0,cr,Process Improvement (Yield Up),Operational-driven
actual,2025-05,C5,SH-CATC-U01,CONNECTOR HOUSING,usd,36814.0,36814.0,0.0,,,
actual,2025-06,C5,SH-CATC-U01,CONNECTOR HOUSING,usd,36814.0,38712.0,1898.0,cu,Raw Material Price Increase,Market-driven
actual,2025-07,C5,SH-CATC-U01,CONNECTOR HOUSING,usd,38712.0,35494.0,-3218.0,cr,Localization / Local Sourcing,Operational-driven
actual,2025-08,C5,SH-CATC-U01,CONNECTOR HOUSING,usd,35494.0,33073.0,-2421.0,cr,Process Improvement (Yield Up),Operational-driven
actual,2025-09,C5,SH-CATC-U01,CONNECTOR HOUSING,usd,33073.0,34653.0,1580.0,cu,Raw Material Price Increase,Market-driven
actual,2025-10,C5,SH-CATC-U01,CONNECTOR HOUSING,usd,34653.0,32568.0,-2085.0,cr,VA/VE Improvement,Engineering-driven
actual,2024-11,C5,SH-IDX05,PRECISION GEAR,jpy,152329.0,152329.0,0.0,,,
actual,2024-12,C5,SH-IDX05,PRECISION GEAR,jpy,152329.0,148294.0,-4035.0,cr,Localization / Local Sourcing,Operational-driven
actual,2025-01,C5,SH-IDX05,PRECISION GEAR,jpy,148294.0,142104.0,-6190.0,cr,Alternative Material Substitution,Engineering-driven
actual,2025-02,C5,SH-IDX05,PRECISION GEAR,jpy,142104.0,132705.0,-9399.0,cr,Localization / Local Sourcing,Operational-driven
actual,2025-03,C5,SH-IDX05,PRECISION GEAR,jpy,132705.0,123674.0,-9031.0,cr,Supplier Negotiation,Operational-driven
actual,2025-04,C5,SH-IDX05,PRECISION GEAR,jpy,123674.0,117965.0,-5709.0,cr,Process Improvement (Yield Up),Operational-driven
actual,2025-05,C5,SH-IDX05,PRECISION GEAR,jpy,117965.0,125144.0,7179.0,cu,Yield/Scrap Rate Increase,Operational-driven
actual,2025-06,C5,SH-IDX05,PRECISION GEAR,jpy,125144.0,135054.0,9910.0,cu,Logistics/Freight Cost Increase,Market-driven
actual,2025-07,C5,SH-IDX05,PRECISION GEAR,jpy,135054.0,126022.0,-9032.0,cr,Localization / Local Sourcing,Operational-driven
actual,2025-08,C5,SH-IDX05,PRECISION GEAR,jpy,126022.0,118229.0,-7793.0,cr,Supplier Negotiation,Operational-driven
actual,2025-09,C5,SH-IDX05,PRECISION GEAR,jpy,118229.0,113088.0,-5141.0,cr,Localization / Local Sourcing,Operational-driven
actual,2025-10,C5,SH-IDX05,PRECISION GEAR,jpy,113088.0,109804.0,-3284.0,cr,VA/VE Improvement,Engineering-driven
actual,2024-11,C5,UQ-C5-01,PANEL FRONT AS,domestic,365206.0,365206.0,0.0,,,
actual,2024-12,C5,UQ-C5-01,PANEL FRONT AS,domestic,365206.0,391023.0,25817.0,cu,Yield/Scrap Rate Increase,Operational-driven
actual,2025-01,C5,UQ-C5-01,PANEL FRONT AS,domestic,391023.0,405124.0,14101.0,cu,Engineering Change / Spec Upgrade,Engineering-driven
actual,2025-02,C5,UQ-C5-01,PANEL FRONT AS,domestic,405124.0,394592.0,-10532.0,cr,Alternative Material Substitution,Engineering-driven
actual,2025-03,C5,UQ-C5-01,PANEL FRONT AS,domestic,394592.0,416434.0,21842.0,cu,Raw Material Price Increase,Market-driven
actual,2025-04,C5,UQ-C5-01,PANEL FRONT AS,domestic,416434.0,439816.0,23382.0,cu,Yield/Scrap Rate Increase,Operational-driven
actual,2025-05,C5,UQ-C5-01,PANEL FRONT AS,domestic,439816.0,473946.0,34130.0,cu,Logistics/Freight Cost Increase,Market-driven
actual,2025-06,C5,UQ-C5-01,PANEL FRONT AS,domestic,473946.0,449567.0,-24379.0,cr,Process Improvement (Yield Up),Operational-driven
actual,2025-07,C5,UQ-C5-01,PANEL FRONT AS,domestic,449567.0,463855.0,14288.0,cu,Engineering Change / Spec Upgrade,Engineering-driven
actual,2025-08,C5,UQ-C5-01,PANEL FRONT AS,domestic,463855.0,494498.0,30643.0,cu,Yield/Scrap Rate Increase,Operational-driven
actual,2025-09,C5,UQ-C5-01,PANEL FRONT AS,domestic,494498.0,521589.0,27091.0,cu,Raw Material Price Increase,Market-driven
actual,2025-10,C5,UQ-C5-01,PANEL FRONT AS,domestic,521589.0,532147.0,10558.0,cu,Supplier Change (Higher Cost Source),Market-driven
actual,2024-11,C5,UQ-C5-02,BRACKET SUPPORT,domestic,404942.0,422768.0,17826.0,cu,Supplier Change (Higher Cost Source),Market-driven
actual,2024-12,C5,UQ-C5-02,BRACKET SUPPORT,domestic,422768.0,448983.0,26215.0,cu,Yield/Scrap Rate Increase,Operational-driven
actual,2025-01,C5,UQ-C5-02,BRACKET SUPPORT,domestic,448983.0,448983.0,0.0,,,
actual,2025-02,C5,UQ-C5-02,BRACKET SUPPORT,domestic,448983.0,471570.0,22587.0,cu,Yield/Scrap Rate Increase,Operational-driven
actual,2025-03,C5,UQ-C5-02,BRACKET SUPPORT,domestic,471570.0,496887.0,25317.0,cu,Yield/Scrap Rate Increase,Operational-driven
actual,2025-04,C5,UQ-C5-02,BRACKET SUPPORT,domestic,496887.0,458103.0,-38784.0,cr,Alternative Material Substitution,Engineering-driven
actual,2025-05,C5,UQ-C5-02,BRACKET SUPPORT,domestic,458103.0,491024.0,32921.0,cu,Logistics/Freight Cost Increase,Market-driven
actual,2025-06,C5,UQ-C5-02,BRACKET SUPPORT,domestic,491024.0,469723.0,-21301.0,cr,Supplier Negotiation,Operational-driven
actual,2025-07,C5,UQ-C5-02,BRACKET SUPPORT,domestic,469723.0,499966.0,30243.0,cu,Logistics/Freight Cost Increase,Market-driven
actual,2025-08,C5,UQ-C5-02,BRACKET SUPPORT,domestic,499966.0,528768.0,28802.0,cu,Yield/Scrap Rate Increase,Operational-driven
actual,2025-09,C5,UQ-C5-02,BRACKET SUPPORT,domestic,528768.0,569952.0,41184.0,cu,Yield/Scrap Rate Increase,Operational-driven
actual,2025-10,C5,UQ-C5-02,BRACKET SUPPORT,domestic,569952.0,611940.0,41988.0,cu,Raw Material Price Increase,Market-driven
actual,2024-11,C5,UQ-C5-03,IC CHIP CONTROL,usd,1098385.0,1053632.0,-44753.0,cr,Supplier Negotiation,Operational-driven
actual,2024-12,C5,UQ-C5-03,IC CHIP CONTROL,usd,1053632.0,1116330.0,62698.0,cu,Engineering Change / Spec Upgrade,Engineering-driven
actual,2025-01,C5,UQ-C5-03,IC CHIP CONTROL,usd,1116330.0,1173030.0,56700.0,cu,Supplier Change (Higher Cost Source),Market-driven
actual,2025-02,C5,UQ-C5-03,IC CHIP CONTROL,usd,1173030.0,1224602.0,51572.0,cu,Raw Material Price Increase,Market-driven
actual,2025-03,C5,UQ-C5-03,IC CHIP CONTROL,usd,1224602.0,1349057.0,124455.0,cu,Raw Material Price Increase,Market-driven
actual,2025-04,C5,UQ-C5-03,IC CHIP CONTROL,usd,1349057.0,1441908.0,92851.0,cu,Raw Material Price Increase,Market-driven
actual,2025-05,C5,UQ-C5-03,IC CHIP CONTROL,usd,1441908.0,1347412.0,-94496.0,cr,Supplier Negotiation,Operational-driven
actual,2025-06,C5,UQ-C5-03,IC CHIP CONTROL,usd,1347412.0,1427449.0,80037.0,cu,Engineering Change / Spec Upgrade,Engineering-driven
actual,2025-07,C5,UQ-C5-03,IC CHIP CONTROL,usd,1427449.0,1445783.0,18334.0,cu,Supplier Change (Higher Cost Source),Market-driven
actual,2025-08,C5,UQ-C5-03,IC CHIP CONTROL,usd,1445783.0,1445783.0,0.0,,,
actual,2025-09,C5,UQ-C5-03,IC CHIP CONTROL,usd,1445783.0,1501058.0,55275.0,cu,Logistics/Freight Cost Increase,Market-driven
actual,2025-10,C5,UQ-C5-03,IC CHIP CONTROL,usd,1501058.0,1561453.0,60395.0,cu,Engineering Change / Spec Upgrade,Engineering-driven
actual,2024-11,C5,UQ-C5-04,MOTOR UNIT,jpy,391977.0,383874.0,-8103.0,cr,Alternative Material Substitution,Engineering-driven
actual,2024-12,C5,UQ-C5-04,MOTOR UNIT,jpy,383874.0,394080.0,10206.0,cu,Raw Material Price Increase,Market-driven
actual,2025-01,C5,UQ-C5-04,MOTOR UNIT,jpy,394080.0,382590.0,-11490.0,cr,VA/VE Improvement,Engineering-driven
actual,2025-02,C5,UQ-C5-04,MOTOR UNIT,jpy,382590.0,382590.0,0.0,,,
actual,2025-03,C5,UQ-C5-04,MOTOR UNIT,jpy,382590.0,354449.0,-28141.0,cr,Localization / Local Sourcing,Operational-driven
actual,2025-04,C5,UQ-C5-04,MOTOR UNIT,jpy,354449.0,333001.0,-21448.0,cr,Process Improvement (Yield Up),Operational-driven
actual,2025-05,C5,UQ-C5-04,MOTOR UNIT,jpy,333001.0,315297.0,-17704.0,cr,Alternative Material Substitution,Engineering-driven
actual,2025-06,C5,UQ-C5-04,MOTOR UNIT,jpy,315297.0,326109.0,10812.0,cu,Raw Material Price Increase,Market-driven
actual,2025-07,C5,UQ-C5-04,MOTOR UNIT,jpy,326109.0,308938.0,-17171.0,cr,Alternative Material Substitution,Engineering-driven
actual,2025-08,C5,UQ-C5-04,MOTOR UNIT,jpy,308938.0,297969.0,-10969.0,cr,VA/VE Improvement,Engineering-driven
actual,2025-09,C5,UQ-C5-04,MOTOR UNIT,jpy,297969.0,276847.0,-21122.0,cr,VA/VE Improvement,Engineering-driven
actual,2025-10,C5,UQ-C5-04,MOTOR UNIT,jpy,276847.0,269140.0,-7707.0,cr,Alternative Material Substitution,Engineering-driven
actual,2024-11,C5,UQ-C5-05,SENSOR MODULE,jpy,272530.0,291773.0,19243.0,cu,Engineering Change / Spec Upgrade,Engineering-driven
actual,2024-12,C5,UQ-C5-05,SENSOR MODULE,jpy,291773.0,268725.0,-23048.0,cr,Process Improvement (Yield Up),Operational-driven
actual,2025-01,C5,UQ-C5-05,SENSOR MODULE,jpy,268725.0,254836.0,-13889.0,cr,Supplier Negotiation,Operational-driven
actual,2025-02,C5,UQ-C5-05,SENSOR MODULE,jpy,254836.0,241009.0,-13827.0,cr,Supplier Negotiation,Operational-driven
actual,2025-03,C5,UQ-C5-05,SENSOR MODULE,jpy,241009.0,219688.0,-21321.0,cr,Process Improvement (Yield Up),Operational-driven
actual,2025-04,C5,UQ-C5-05,SENSOR MODULE,jpy,219688.0,219688.0,0.0,,,
actual,2025-05,C5,UQ-C5-05,SENSOR MODULE,jpy,219688.0,211891.0,-7797.0,cr,Alternative Material Substitution,Engineering-driven
actual,2025-06,C5,UQ-C5-05,SENSOR MODULE,jpy,211891.0,203509.0,-8382.0,cr,VA/VE Improvement,Engineering-driven
actual,2025-07,C5,UQ-C5-05,SENSOR MODULE,jpy,203509.0,198089.0,-5420.0,cr,Alternative Material Substitution,Engineering-driven
actual,2025-08,C5,UQ-C5-05,SENSOR MODULE,jpy,198089.0,184191.0,-13898.0,cr,Process Improvement (Yield Up),Operational-driven
actual,2025-09,C5,UQ-C5-05,SENSOR MODULE,jpy,184191.0,191062.0,6871.0,cu,Raw Material Price Increase,Market-driven
actual,2025-10,C5,UQ-C5-05,SENSOR MODULE,jpy,191062.0,179433.0,-11629.0,cr,Process Improvement (Yield Up),Operational-driven
actual,2024-11,C6,SH-CATC-D01,PANEL BOTTOM AS,domestic,113259.0,104374.0,-8885.0,cr,Alternative Material Substitution,Engineering-driven
actual,2024-12,C6,SH-CATC-D01,PANEL BOTTOM AS,domestic,104374.0,98578.0,-5796.0,cr,Localization / Local Sourcing,Operational-driven
actual,2025-01,C6,SH-CATC-D01,PANEL BOTTOM AS,domestic,98578.0,95470.0,-3108.0,cr,VA/VE Improvement,Engineering-driven
actual,2025-02,C6,SH-CATC-D01,PANEL BOTTOM AS,domestic,95470.0,92816.0,-2654.0,cr,Localization / Local Sourcing,Operational-driven
actual,2025-03,C6,SH-CATC-D01,PANEL BOTTOM AS,domestic,92816.0,84185.0,-8631.0,cr,Localization / Local Sourcing,Operational-driven
actual,2025-04,C6,SH-CATC-D01,PANEL BOTTOM AS,domestic,84185.0,79911.0,-4274.0,cr,Supplier Negotiation,Operational-driven
actual,2025-05,C6,SH-CATC-D01,PANEL BOTTOM AS,domestic,79911.0,77487.0,-2424.0,cr,Supplier Negotiation,Operational-driven
actual,2025-06,C6,SH-CATC-D01,PANEL BOTTOM AS,domestic,77487.0,70423.0,-7064.0,cr,Alternative Material Substitution,Engineering-driven
actual,2025-07,C6,SH-CATC-D01,PANEL BOTTOM AS,domestic,70423.0,66105.0,-4318.0,cr,Localization / Local Sourcing,Operational-driven
actual,2025-08,C6,SH-CATC-D01,PANEL BOTTOM AS,domestic,66105.0,68892.0,2787.0,cu,Raw Material Price Increase,Market-driven
actual,2025-09,C6,SH-CATC-D01,PANEL BOTTOM AS,domestic,68892.0,68892.0,0.0,,,
actual,2025-10,C6,SH-CATC-D01,PANEL BOTTOM AS,domestic,68892.0,70195.0,1303.0,cu,Logistics/Freight Cost Increase,Market-driven
actual,2024-11,C6,SH-CATC-U01,CONNECTOR HOUSING,usd,54607.0,50488.0,-4119.0,cr,VA/VE Improvement,Engineering-driven
actual,2024-12,C6,SH-CATC-U01,CONNECTOR HOUSING,usd,50488.0,46777.0,-3711.0,cr,Supplier Negotiation,Operational-driven
actual,2025-01,C6,SH-CATC-U01,CONNECTOR HOUSING,usd,46777.0,44082.0,-2695.0,cr,Localization / Local Sourcing,Operational-driven
actual,2025-02,C6,SH-CATC-U01,CONNECTOR HOUSING,usd,44082.0,41207.0,-2875.0,cr,Supplier Negotiation,Operational-driven
actual,2025-03,C6,SH-CATC-U01,CONNECTOR HOUSING,usd,41207.0,38785.0,-2422.0,cr,Alternative Material Substitution,Engineering-driven
actual,2025-04,C6,SH-CATC-U01,CONNECTOR HOUSING,usd,38785.0,36814.0,-1971.0,cr,Process Improvement (Yield Up),Operational-driven
actual,2025-05,C6,SH-CATC-U01,CONNECTOR HOUSING,usd,36814.0,36814.0,0.0,,,
actual,2025-06,C6,SH-CATC-U01,CONNECTOR HOUSING,usd,36814.0,38712.0,1898.0,cu,Raw Material Price Increase,Market-driven
actual,2025-07,C6,SH-CATC-U01,CONNECTOR HOUSING,usd,38712.0,35494.0,-3218.0,cr,Localization / Local Sourcing,Operational-driven
actual,2025-08,C6,SH-CATC-U01,CONNECTOR HOUSING,usd,35494.0,33073.0,-2421.0,cr,Process Improvement (Yield Up),Operational-driven
actual,2025-09,C6,SH-CATC-U01,CONNECTOR HOUSING,usd,33073.0,34653.0,1580.0,cu,Raw Material Price Increase,Market-driven
actual,2025-10,C6,SH-CATC-U01,CONNECTOR HOUSING,usd,34653.0,32568.0,-2085.0,cr,VA/VE Improvement,Engineering-driven
actual,2024-11,C6,SH-IDX06,PRECISION GEAR,jpy,48576.0,48576.0,0.0,,,
actual,2024-12,C6,SH-IDX06,PRECISION GEAR,jpy,48576.0,45631.0,-2945.0,cr,Process Improvement (Yield Up),Operational-driven
actual,2025-01,C6,SH-IDX06,PRECISION GEAR,jpy,45631.0,44649.0,-982.0,cr,Localization / Local Sourcing,Operational-driven
actual,2025-02,C6,SH-IDX06,PRECISION GEAR,jpy,44649.0,42313.0,-2336.0,cr,Supplier Negotiation,Operational-driven
actual,2025-03,C6,SH-IDX06,PRECISION GEAR,jpy,42313.0,41202.0,-1111.0,cr,Supplier Negotiation,Operational-driven
actual,2025-04,C6,SH-IDX06,PRECISION GEAR,jpy,41202.0,39698.0,-1504.0,cr,Process Improvement (Yield Up),Operational-driven
actual,2025-05,C6,SH-IDX06,PRECISION GEAR,jpy,39698.0,42574.0,2876.0,cu,Engineering Change / Spec Upgrade,Engineering-driven
actual,2025-06,C6,SH-IDX06,PRECISION GEAR,jpy,42574.0,44440.0,1866.0,cu,Yield/Scrap Rate Increase,Operational-driven
actual,2025-07,C6,SH-IDX06,PRECISION GEAR,jpy,44440.0,41513.0,-2927.0,cr,Alternative Material Substitution,Engineering-driven
actual,2025-08,C6,SH-IDX06,PRECISION GEAR,jpy,41513.0,37740.0,-3773.0,cr,VA/VE Improvement,Engineering-driven
actual,2025-09,C6,SH-IDX06,PRECISION GEAR,jpy,37740.0,36585.0,-1155.0,cr,Process Improvement (Yield Up),Operational-driven
actual,2025-10,C6,SH-IDX06,PRECISION GEAR,jpy,36585.0,33985.0,-2600.0,cr,VA/VE Improvement,Engineering-driven
actual,2024-11,C6,UQ-C6-01,PANEL FRONT AS,domestic,666129.0,666129.0,0.0,,,
actual,2024-12,C6,UQ-C6-01,PANEL FRONT AS,domestic,666129.0,685469.0,19340.0,cu,Engineering Change / Spec Upgrade,Engineering-driven
actual,2025-01,C6,UQ-C6-01,PANEL FRONT AS,domestic,685469.0,738987.0,53518.0,cu,Engineering Change / Spec Upgrade,Engineering-driven
actual,2025-02,C6,UQ-C6-01,PANEL FRONT AS,domestic,738987.0,708190.0,-30797.0,cr,Localization / Local Sourcing,Operational-driven
actual,2025-03,C6,UQ-C6-01,PANEL FRONT AS,domestic,708190.0,749946.0,41756.0,cu,Engineering Change / Spec Upgrade,Engineering-driven
actual,2025-04,C6,UQ-C6-01,PANEL FRONT AS,domestic,749946.0,800615.0,50669.0,cu,Engineering Change / Spec Upgrade,Engineering-driven
actual,2025-05,C6,UQ-C6-01,PANEL FRONT AS,domestic,800615.0,843615.0,43000.0,cu,Logistics/Freight Cost Increase,Market-driven
actual,2025-06,C6,UQ-C6-01,PANEL FRONT AS,domestic,843615.0,826203.0,-17412.0,cr,Localization / Local Sourcing,Operational-driven
actual,2025-07,C6,UQ-C6-01,PANEL FRONT AS,domestic,826203.0,864857.0,38654.0,cu,Engineering Change / Spec Upgrade,Engineering-driven
actual,2025-08,C6,UQ-C6-01,PANEL FRONT AS,domestic,864857.0,916152.0,51295.0,cu,Supplier Change (Higher Cost Source),Market-driven
actual,2025-09,C6,UQ-C6-01,PANEL FRONT AS,domestic,916152.0,962253.0,46101.0,cu,Yield/Scrap Rate Increase,Operational-driven
actual,2025-10,C6,UQ-C6-01,PANEL FRONT AS,domestic,962253.0,993066.0,30813.0,cu,Supplier Change (Higher Cost Source),Market-driven
actual,2024-11,C6,UQ-C6-02,BRACKET SUPPORT,domestic,569051.0,599965.0,30914.0,cu,Yield/Scrap Rate Increase,Operational-driven
actual,2024-12,C6,UQ-C6-02,BRACKET SUPPORT,domestic,599965.0,624076.0,24111.0,cu,Supplier Change (Higher Cost Source),Market-driven
actual,2025-01,C6,UQ-C6-02,BRACKET SUPPORT,domestic,624076.0,624076.0,0.0,,,
actual,2025-02,C6,UQ-C6-02,BRACKET SUPPORT,domestic,624076.0,635008.0,10932.0,cu,Logistics/Freight Cost Increase,Market-driven
actual,2025-03,C6,UQ-C6-02,BRACKET SUPPORT,domestic,635008.0,661275.0,26267.0,cu,Logistics/Freight Cost Increase,Market-driven
actual,2025-04,C6,UQ-C6-02,BRACKET SUPPORT,domestic,661275.0,646965.0,-14310.0,cr,Alternative Material Substitution,Engineering-driven
actual,2025-05,C6,UQ-C6-02,BRACKET SUPPORT,domestic,646965.0,706665.0,59700.0,cu,Engineering Change / Spec Upgrade,Engineering-driven
actual,2025-06,C6,UQ-C6-02,BRACKET SUPPORT,domestic,706665.0,653054.0,-53611.0,cr,VA/VE Improvement,Engineering-driven
actual,2025-07,C6,UQ-C6-02,BRACKET SUPPORT,domestic,653054.0,689017.0,35963.0,cu,Yield/Scrap Rate Increase,Operational-driven
actual,2025-08,C6,UQ-C6-02,BRACKET SUPPORT,domestic,689017.0,740303.0,51286.0,cu,Raw Material Price Increase,Market-driven
actual,2025-09,C6,UQ-C6-02,BRACKET SUPPORT,domestic,740303.0,780492.0,40189.0,cu,Yield/Scrap Rate Increase,Operational-driven
actual,2025-10,C6,UQ-C6-02,BRACKET SUPPORT,domestic,780492.0,804983.0,24491.0,cu,Engineering Change / Spec Upgrade,Engineering-driven
actual,2024-11,C6,UQ-C6-03,IC CHIP CONTROL,usd,740599.0,704051.0,-36548.0,cr,Process Improvement (Yield Up),Operational-driven
actual,2024-12,C6,UQ-C6-03,IC CHIP CONTROL,usd,704051.0,729886.0,25835.0,cu,Raw Material Price Increase,Market-driven
actual,2025-01,C6,UQ-C6-03,IC CHIP CONTROL,usd,729886.0,789242.0,59356.0,cu,Engineering Change / Spec Upgrade,Engineering-driven
actual,2025-02,C6,UQ-C6-03,IC CHIP CONTROL,usd,789242.0,805097.0,15855.0,cu,Engineering Change / Spec Upgrade,Engineering-driven
actual,2025-03,C6,UQ-C6-03,IC CHIP CONTROL,usd,805097.0,856310.0,51213.0,cu,Yield/Scrap Rate Increase,Operational-driven
actual,2025-04,C6,UQ-C6-03,IC CHIP CONTROL,usd,856310.0,867812.0,11502.0,cu,Logistics/Freight Cost Increase,Market-driven
actual,2025-05,C6,UQ-C6-03,IC CHIP CONTROL,usd,867812.0,825413.0,-42399.0,cr,Supplier Negotiation,Operational-driven
actual,2025-06,C6,UQ-C6-03,IC CHIP CONTROL,usd,825413.0,856981.0,31568.0,cu,Logistics/Freight Cost Increase,Market-driven
actual,2025-07,C6,UQ-C6-03,IC CHIP CONTROL,usd,856981.0,883102.0,26121.0,cu,Yield/Scrap Rate Increase,Operational-driven
actual,2025-08,C6,UQ-C6-03,IC CHIP CONTROL,usd,883102.0,883102.0,0.0,,,
actual,2025-09,C6,UQ-C6-03,IC CHIP CONTROL,usd,883102.0,923851.0,40749.0,cu,Supplier Change (Higher Cost Source),Market-driven
actual,2025-10,C6,UQ-C6-03,IC CHIP CONTROL,usd,923851.0,1000059.0,76208.0,cu,Raw Material Price Increase,Market-driven
actual,2024-11,C6,UQ-C6-04,MOTOR UNIT,jpy,126591.0,119163.0,-7428.0,cr,Supplier Negotiation,Operational-driven
actual,2024-12,C6,UQ-C6-04,MOTOR UNIT,jpy,119163.0,121538.0,2375.0,cu,Logistics/Freight Cost Increase,Market-driven
actual,2025-01,C6,UQ-C6-04,MOTOR UNIT,jpy,121538.0,115431.0,-6107.0,cr,Process Improvement (Yield Up),Operational-driven
actual,2025-02,C6,UQ-C6-04,MOTOR UNIT,jpy,115431.0,115431.0,0.0,,,
actual,2025-03,C6,UQ-C6-04,MOTOR UNIT,jpy,115431.0,106549.0,-8882.0,cr,Alternative Material Substitution,Engineering-driven
actual,2025-04,C6,UQ-C6-04,MOTOR UNIT,jpy,106549.0,101092.0,-5457.0,cr,Process Improvement (Yield Up),Operational-driven
actual,2025-05,C6,UQ-C6-04,MOTOR UNIT,jpy,101092.0,93059.0,-8033.0,cr,Localization / Local Sourcing,Operational-driven
actual,2025-06,C6,UQ-C6-04,MOTOR UNIT,jpy,93059.0,100403.0,7344.0,cu,Supplier Change (Higher Cost Source),Market-driven
actual,2025-07,C6,UQ-C6-04,MOTOR UNIT,jpy,100403.0,98681.0,-1722.0,cr,Supplier Negotiation,Operational-driven
actual,2025-08,C6,UQ-C6-04,MOTOR UNIT,jpy,98681.0,92470.0,-6211.0,cr,Supplier Negotiation,Operational-driven
actual,2025-09,C6,UQ-C6-04,MOTOR UNIT,jpy,92470.0,90054.0,-2416.0,cr,Localization / Local Sourcing,Operational-driven
actual,2025-10,C6,UQ-C6-04,MOTOR UNIT,jpy,90054.0,86299.0,-3755.0,cr,Process Improvement (Yield Up),Operational-driven
actual,2024-11,C6,UQ-C6-05,SENSOR MODULE,jpy,122585.0,129213.0,6628.0,cu,Raw Material Price Increase,Market-driven
actual,2024-12,C6,UQ-C6-05,SENSOR MODULE,jpy,129213.0,125248.0,-3965.0,cr,Process Improvement (Yield Up),Operational-driven
actual,2025-01,C6,UQ-C6-05,SENSOR MODULE,jpy,125248.0,119015.0,-6233.0,cr,Alternative Material Substitution,Engineering-driven
actual,2025-02,C6,UQ-C6-05,SENSOR MODULE,jpy,119015.0,113799.0,-5216.0,cr,Localization / Local Sourcing,Operational-driven
actual,2025-03,C6,UQ-C6-05,SENSOR MODULE,jpy,113799.0,111721.0,-2078.0,cr,Supplier Negotiation,Operational-driven
actual,2025-04,C6,UQ-C6-05,SENSOR MODULE,jpy,111721.0,111721.0,0.0,,,
actual,2025-05,C6,UQ-C6-05,SENSOR MODULE,jpy,111721.0,109524.0,-2197.0,cr,Localization / Local Sourcing,Operational-driven
actual,2025-06,C6,UQ-C6-05,SENSOR MODULE,jpy,109524.0,107720.0,-1804.0,cr,Supplier Negotiation,Operational-driven
actual,2025-07,C6,UQ-C6-05,SENSOR MODULE,jpy,107720.0,106080.0,-1640.0,cr,Process Improvement (Yield Up),Operational-driven
actual,2025-08,C6,UQ-C6-05,SENSOR MODULE,jpy,106080.0,103619.0,-2461.0,cr,Process Improvement (Yield Up),Operational-driven
actual,2025-09,C6,UQ-C6-05,SENSOR MODULE,jpy,103619.0,105691.0,2072.0,cu,Raw Material Price Increase,Market-driven
actual,2025-10,C6,UQ-C6-05,SENSOR MODULE,jpy,105691.0,100540.0,-5151.0,cr,VA/VE Improvement,Engineering-driven
actual,2024-11,C6,SH-EVEN-01,TAPE PU-F,domestic,70295.0,75075.0,4780.0,cu,Raw Material Price Increase,Market-driven
actual,2024-12,C6,SH-EVEN-01,TAPE PU-F,domestic,75075.0,80181.0,5106.0,cu,Raw Material Price Increase,Market-driven
actual,2025-01,C6,SH-EVEN-01,TAPE PU-F,domestic,80181.0,82639.0,2458.0,cu,Engineering Change / Spec Upgrade,Engineering-driven
actual,2025-02,C6,SH-EVEN-01,TAPE PU-F,domestic,82639.0,87878.0,5239.0,cu,Engineering Change / Spec Upgrade,Engineering-driven
actual,2025-03,C6,SH-EVEN-01,TAPE PU-F,domestic,87878.0,93563.0,5685.0,cu,Engineering Change / Spec Upgrade,Engineering-driven
actual,2025-04,C6,SH-EVEN-01,TAPE PU-F,domestic,93563.0,89152.0,-4411.0,cr,VA/VE Improvement,Engineering-driven
actual,2025-05,C6,SH-EVEN-01,TAPE PU-F,domestic,89152.0,94914.0,5762.0,cu,Supplier Change (Higher Cost Source),Market-driven
actual,2025-06,C6,SH-EVEN-01,TAPE PU-F,domestic,94914.0,101876.0,6962.0,cu,Supplier Change (Higher Cost Source),Market-driven
actual,2025-07,C6,SH-EVEN-01,TAPE PU-F,domestic,101876.0,94152.0,-7724.0,cr,Process Improvement (Yield Up),Operational-driven
actual,2025-08,C6,SH-EVEN-01,TAPE PU-F,domestic,94152.0,96785.0,2633.0,cu,Supplier Change (Higher Cost Source),Market-driven
actual,2025-09,C6,SH-EVEN-01,TAPE PU-F,domestic,96785.0,96785.0,0.0,,,
actual,2025-10,C6,SH-EVEN-01,TAPE PU-F,domestic,96785.0,101858.0,5073.0,cu,Yield/Scrap Rate Increase,Operational-driven
actual,2024-11,C6,SH-EVEN-02,RESIN COMPOUND,usd,19042.0,19491.0,449.0,cu,Supplier Change (Higher Cost Source),Market-driven
actual,2024-12,C6,SH-EVEN-02,RESIN COMPOUND,usd,19491.0,20366.0,875.0,cu,Supplier Change (Higher Cost Source),Market-driven
actual,2025-01,C6,SH-EVEN-02,RESIN COMPOUND,usd,20366.0,20895.0,529.0,cu,Raw Material Price Increase,Market-driven
actual,2025-02,C6,SH-EVEN-02,RESIN COMPOUND,usd,20895.0,21472.0,577.0,cu,Logistics/Freight Cost Increase,Market-driven
actual,2025-03,C6,SH-EVEN-02,RESIN COMPOUND,usd,21472.0,22839.0,1367.0,cu,Logistics/Freight Cost Increase,Market-driven
actual,2025-04,C6,SH-EVEN-02,RESIN COMPOUND,usd,22839.0,22839.0,0.0,,,
actual,2025-05,C6,SH-EVEN-02,RESIN COMPOUND,usd,22839.0,21574.0,-1265.0,cr,Localization / Local Sourcing,Operational-driven
actual,2025-06,C6,SH-EVEN-02,RESIN COMPOUND,usd,21574.0,22763.0,1189.0,cu,Logistics/Freight Cost Increase,Market-driven
actual,2025-07,C6,SH-EVEN-02,RESIN COMPOUND,usd,22763.0,21147.0,-1616.0,cr,Alternative Material Substitution,Engineering-driven
actual,2025-08,C6,SH-EVEN-02,RESIN COMPOUND,usd,21147.0,22059.0,912.0,cu,Raw Material Price Increase,Market-driven
actual,2025-09,C6,SH-EVEN-02,RESIN COMPOUND,usd,22059.0,23441.0,1382.0,cu,Engineering Change / Spec Upgrade,Engineering-driven
actual,2025-10,C6,SH-EVEN-02,RESIN COMPOUND,usd,23441.0,24890.0,1449.0,cu,Yield/Scrap Rate Increase,Operational-driven
actual,2024-11,C7,SH-CATC-D01,PANEL BOTTOM AS,domestic,113259.0,104374.0,-8885.0,cr,Alternative Material Substitution,Engineering-driven
actual,2024-12,C7,SH-CATC-D01,PANEL BOTTOM AS,domestic,104374.0,98578.0,-5796.0,cr,Localization / Local Sourcing,Operational-driven
actual,2025-01,C7,SH-CATC-D01,PANEL BOTTOM AS,domestic,98578.0,95470.0,-3108.0,cr,VA/VE Improvement,Engineering-driven
actual,2025-02,C7,SH-CATC-D01,PANEL BOTTOM AS,domestic,95470.0,92816.0,-2654.0,cr,Localization / Local Sourcing,Operational-driven
actual,2025-03,C7,SH-CATC-D01,PANEL BOTTOM AS,domestic,92816.0,84185.0,-8631.0,cr,Localization / Local Sourcing,Operational-driven
actual,2025-04,C7,SH-CATC-D01,PANEL BOTTOM AS,domestic,84185.0,79911.0,-4274.0,cr,Supplier Negotiation,Operational-driven
actual,2025-05,C7,SH-CATC-D01,PANEL BOTTOM AS,domestic,79911.0,77487.0,-2424.0,cr,Supplier Negotiation,Operational-driven
actual,2025-06,C7,SH-CATC-D01,PANEL BOTTOM AS,domestic,77487.0,70423.0,-7064.0,cr,Alternative Material Substitution,Engineering-driven
actual,2025-07,C7,SH-CATC-D01,PANEL BOTTOM AS,domestic,70423.0,66105.0,-4318.0,cr,Localization / Local Sourcing,Operational-driven
actual,2025-08,C7,SH-CATC-D01,PANEL BOTTOM AS,domestic,66105.0,68892.0,2787.0,cu,Raw Material Price Increase,Market-driven
actual,2025-09,C7,SH-CATC-D01,PANEL BOTTOM AS,domestic,68892.0,68892.0,0.0,,,
actual,2025-10,C7,SH-CATC-D01,PANEL BOTTOM AS,domestic,68892.0,70195.0,1303.0,cu,Logistics/Freight Cost Increase,Market-driven
actual,2024-11,C7,SH-CATC-U01,CONNECTOR HOUSING,usd,54607.0,50488.0,-4119.0,cr,VA/VE Improvement,Engineering-driven
actual,2024-12,C7,SH-CATC-U01,CONNECTOR HOUSING,usd,50488.0,46777.0,-3711.0,cr,Supplier Negotiation,Operational-driven
actual,2025-01,C7,SH-CATC-U01,CONNECTOR HOUSING,usd,46777.0,44082.0,-2695.0,cr,Localization / Local Sourcing,Operational-driven
actual,2025-02,C7,SH-CATC-U01,CONNECTOR HOUSING,usd,44082.0,41207.0,-2875.0,cr,Supplier Negotiation,Operational-driven
actual,2025-03,C7,SH-CATC-U01,CONNECTOR HOUSING,usd,41207.0,38785.0,-2422.0,cr,Alternative Material Substitution,Engineering-driven
actual,2025-04,C7,SH-CATC-U01,CONNECTOR HOUSING,usd,38785.0,36814.0,-1971.0,cr,Process Improvement (Yield Up),Operational-driven
actual,2025-05,C7,SH-CATC-U01,CONNECTOR HOUSING,usd,36814.0,36814.0,0.0,,,
actual,2025-06,C7,SH-CATC-U01,CONNECTOR HOUSING,usd,36814.0,38712.0,1898.0,cu,Raw Material Price Increase,Market-driven
actual,2025-07,C7,SH-CATC-U01,CONNECTOR HOUSING,usd,38712.0,35494.0,-3218.0,cr,Localization / Local Sourcing,Operational-driven
actual,2025-08,C7,SH-CATC-U01,CONNECTOR HOUSING,usd,35494.0,33073.0,-2421.0,cr,Process Improvement (Yield Up),Operational-driven
actual,2025-09,C7,SH-CATC-U01,CONNECTOR HOUSING,usd,33073.0,34653.0,1580.0,cu,Raw Material Price Increase,Market-driven
actual,2025-10,C7,SH-CATC-U01,CONNECTOR HOUSING,usd,34653.0,32568.0,-2085.0,cr,VA/VE Improvement,Engineering-driven
actual,2024-11,C7,SH-IDX07,PRECISION GEAR,jpy,203264.0,203264.0,0.0,,,
actual,2024-12,C7,SH-IDX07,PRECISION GEAR,jpy,203264.0,186811.0,-16453.0,cr,Supplier Negotiation,Operational-driven
actual,2025-01,C7,SH-IDX07,PRECISION GEAR,jpy,186811.0,173296.0,-13515.0,cr,VA/VE Improvement,Engineering-driven
actual,2025-02,C7,SH-IDX07,PRECISION GEAR,jpy,173296.0,162366.0,-10930.0,cr,Process Improvement (Yield Up),Operational-driven
actual,2025-03,C7,SH-IDX07,PRECISION GEAR,jpy,162366.0,152465.0,-9901.0,cr,Localization / Local Sourcing,Operational-driven
actual,2025-04,C7,SH-IDX07,PRECISION GEAR,jpy,152465.0,145383.0,-7082.0,cr,Localization / Local Sourcing,Operational-driven
actual,2025-05,C7,SH-IDX07,PRECISION GEAR,jpy,145383.0,154399.0,9016.0,cu,Yield/Scrap Rate Increase,Operational-driven
actual,2025-06,C7,SH-IDX07,PRECISION GEAR,jpy,154399.0,161975.0,7576.0,cu,Yield/Scrap Rate Increase,Operational-driven
actual,2025-07,C7,SH-IDX07,PRECISION GEAR,jpy,161975.0,154112.0,-7863.0,cr,Localization / Local Sourcing,Operational-driven
actual,2025-08,C7,SH-IDX07,PRECISION GEAR,jpy,154112.0,143056.0,-11056.0,cr,Alternative Material Substitution,Engineering-driven
actual,2025-09,C7,SH-IDX07,PRECISION GEAR,jpy,143056.0,137044.0,-6012.0,cr,Supplier Negotiation,Operational-driven
actual,2025-10,C7,SH-IDX07,PRECISION GEAR,jpy,137044.0,129698.0,-7346.0,cr,Localization / Local Sourcing,Operational-driven
actual,2024-11,C7,UQ-C7-01,PANEL FRONT AS,domestic,452311.0,452311.0,0.0,,,
actual,2024-12,C7,UQ-C7-01,PANEL FRONT AS,domestic,452311.0,483871.0,31560.0,cu,Supplier Change (Higher Cost Source),Market-driven
actual,2025-01,C7,UQ-C7-01,PANEL FRONT AS,domestic,483871.0,516778.0,32907.0,cu,Logistics/Freight Cost Increase,Market-driven
actual,2025-02,C7,UQ-C7-01,PANEL FRONT AS,domestic,516778.0,501265.0,-15513.0,cr,Supplier Negotiation,Operational-driven
actual,2025-03,C7,UQ-C7-01,PANEL FRONT AS,domestic,501265.0,544375.0,43110.0,cu,Supplier Change (Higher Cost Source),Market-driven
actual,2025-04,C7,UQ-C7-01,PANEL FRONT AS,domestic,544375.0,553097.0,8722.0,cu,Raw Material Price Increase,Market-driven
actual,2025-05,C7,UQ-C7-01,PANEL FRONT AS,domestic,553097.0,588432.0,35335.0,cu,Yield/Scrap Rate Increase,Operational-driven
actual,2025-06,C7,UQ-C7-01,PANEL FRONT AS,domestic,588432.0,569492.0,-18940.0,cr,Supplier Negotiation,Operational-driven
actual,2025-07,C7,UQ-C7-01,PANEL FRONT AS,domestic,569492.0,616383.0,46891.0,cu,Yield/Scrap Rate Increase,Operational-driven
actual,2025-08,C7,UQ-C7-01,PANEL FRONT AS,domestic,616383.0,664236.0,47853.0,cu,Logistics/Freight Cost Increase,Market-driven
actual,2025-09,C7,UQ-C7-01,PANEL FRONT AS,domestic,664236.0,726568.0,62332.0,cu,Supplier Change (Higher Cost Source),Market-driven
actual,2025-10,C7,UQ-C7-01,PANEL FRONT AS,domestic,726568.0,773200.0,46632.0,cu,Raw Material Price Increase,Market-driven
actual,2024-11,C7,UQ-C7-02,BRACKET SUPPORT,domestic,421773.0,446357.0,24584.0,cu,Yield/Scrap Rate Increase,Operational-driven
actual,2024-12,C7,UQ-C7-02,BRACKET SUPPORT,domestic,446357.0,466034.0,19677.0,cu,Supplier Change (Higher Cost Source),Market-driven
actual,2025-01,C7,UQ-C7-02,BRACKET SUPPORT,domestic,466034.0,466034.0,0.0,,,
actual,2025-02,C7,UQ-C7-02,BRACKET SUPPORT,domestic,466034.0,478412.0,12378.0,cu,Raw Material Price Increase,Market-driven
actual,2025-03,C7,UQ-C7-02,BRACKET SUPPORT,domestic,478412.0,497250.0,18838.0,cu,Supplier Change (Higher Cost Source),Market-driven
actual,2025-04,C7,UQ-C7-02,BRACKET SUPPORT,domestic,497250.0,464827.0,-32423.0,cr,Supplier Negotiation,Operational-driven
actual,2025-05,C7,UQ-C7-02,BRACKET SUPPORT,domestic,464827.0,488967.0,24140.0,cu,Engineering Change / Spec Upgrade,Engineering-driven
actual,2025-06,C7,UQ-C7-02,BRACKET SUPPORT,domestic,488967.0,465681.0,-23286.0,cr,Alternative Material Substitution,Engineering-driven
actual,2025-07,C7,UQ-C7-02,BRACKET SUPPORT,domestic,465681.0,472991.0,7310.0,cu,Raw Material Price Increase,Market-driven
actual,2025-08,C7,UQ-C7-02,BRACKET SUPPORT,domestic,472991.0,497540.0,24549.0,cu,Engineering Change / Spec Upgrade,Engineering-driven
actual,2025-09,C7,UQ-C7-02,BRACKET SUPPORT,domestic,497540.0,512022.0,14482.0,cu,Logistics/Freight Cost Increase,Market-driven
actual,2025-10,C7,UQ-C7-02,BRACKET SUPPORT,domestic,512022.0,534238.0,22216.0,cu,Yield/Scrap Rate Increase,Operational-driven
actual,2024-11,C7,UQ-C7-03,IC CHIP CONTROL,usd,453509.0,426137.0,-27372.0,cr,VA/VE Improvement,Engineering-driven
actual,2024-12,C7,UQ-C7-03,IC CHIP CONTROL,usd,426137.0,445883.0,19746.0,cu,Logistics/Freight Cost Increase,Market-driven
actual,2025-01,C7,UQ-C7-03,IC CHIP CONTROL,usd,445883.0,454468.0,8585.0,cu,Yield/Scrap Rate Increase,Operational-driven
actual,2025-02,C7,UQ-C7-03,IC CHIP CONTROL,usd,454468.0,480934.0,26466.0,cu,Yield/Scrap Rate Increase,Operational-driven
actual,2025-03,C7,UQ-C7-03,IC CHIP CONTROL,usd,480934.0,530064.0,49130.0,cu,Raw Material Price Increase,Market-driven
actual,2025-04,C7,UQ-C7-03,IC CHIP CONTROL,usd,530064.0,541591.0,11527.0,cu,Engineering Change / Spec Upgrade,Engineering-driven
actual,2025-05,C7,UQ-C7-03,IC CHIP CONTROL,usd,541591.0,508758.0,-32833.0,cr,Localization / Local Sourcing,Operational-driven
actual,2025-06,C7,UQ-C7-03,IC CHIP CONTROL,usd,508758.0,525613.0,16855.0,cu,Engineering Change / Spec Upgrade,Engineering-driven
actual,2025-07,C7,UQ-C7-03,IC CHIP CONTROL,usd,525613.0,538152.0,12539.0,cu,Logistics/Freight Cost Increase,Market-driven
actual,2025-08,C7,UQ-C7-03,IC CHIP CONTROL,usd,538152.0,538152.0,0.0,,,
actual,2025-09,C7,UQ-C7-03,IC CHIP CONTROL,usd,538152.0,551540.0,13388.0,cu,Engineering Change / Spec Upgrade,Engineering-driven
actual,2025-10,C7,UQ-C7-03,IC CHIP CONTROL,usd,551540.0,577013.0,25473.0,cu,Yield/Scrap Rate Increase,Operational-driven
actual,2024-11,C7,UQ-C7-04,MOTOR UNIT,jpy,353134.0,346708.0,-6426.0,cr,Alternative Material Substitution,Engineering-driven
actual,2024-12,C7,UQ-C7-04,MOTOR UNIT,jpy,346708.0,361400.0,14692.0,cu,Yield/Scrap Rate Increase,Operational-driven
actual,2025-01,C7,UQ-C7-04,MOTOR UNIT,jpy,361400.0,341692.0,-19708.0,cr,Supplier Negotiation,Operational-driven
actual,2025-02,C7,UQ-C7-04,MOTOR UNIT,jpy,341692.0,341692.0,0.0,,,
actual,2025-03,C7,UQ-C7-04,MOTOR UNIT,jpy,341692.0,315119.0,-26573.0,cr,Process Improvement (Yield Up),Operational-driven
actual,2025-04,C7,UQ-C7-04,MOTOR UNIT,jpy,315119.0,307804.0,-7315.0,cr,Supplier Negotiation,Operational-driven
actual,2025-05,C7,UQ-C7-04,MOTOR UNIT,jpy,307804.0,286770.0,-21034.0,cr,Alternative Material Substitution,Engineering-driven
actual,2025-06,C7,UQ-C7-04,MOTOR UNIT,jpy,286770.0,298042.0,11272.0,cu,Supplier Change (Higher Cost Source),Market-driven
actual,2025-07,C7,UQ-C7-04,MOTOR UNIT,jpy,298042.0,282847.0,-15195.0,cr,VA/VE Improvement,Engineering-driven
actual,2025-08,C7,UQ-C7-04,MOTOR UNIT,jpy,282847.0,267926.0,-14921.0,cr,Supplier Negotiation,Operational-driven
actual,2025-09,C7,UQ-C7-04,MOTOR UNIT,jpy,267926.0,259414.0,-8512.0,cr,Localization / Local Sourcing,Operational-driven
actual,2025-10,C7,UQ-C7-04,MOTOR UNIT,jpy,259414.0,242912.0,-16502.0,cr,Localization / Local Sourcing,Operational-driven
actual,2024-11,C7,UQ-C7-05,SENSOR MODULE,jpy,294439.0,305812.0,11373.0,cu,Supplier Change (Higher Cost Source),Market-driven
actual,2024-12,C7,UQ-C7-05,SENSOR MODULE,jpy,305812.0,281102.0,-24710.0,cr,Alternative Material Substitution,Engineering-driven
actual,2025-01,C7,UQ-C7-05,SENSOR MODULE,jpy,281102.0,260346.0,-20756.0,cr,Localization / Local Sourcing,Operational-driven
actual,2025-02,C7,UQ-C7-05,SENSOR MODULE,jpy,260346.0,251424.0,-8922.0,cr,Process Improvement (Yield Up),Operational-driven
actual,2025-03,C7,UQ-C7-05,SENSOR MODULE,jpy,251424.0,242844.0,-8580.0,cr,Process Improvement (Yield Up),Operational-driven
actual,2025-04,C7,UQ-C7-05,SENSOR MODULE,jpy,242844.0,242844.0,0.0,,,
actual,2025-05,C7,UQ-C7-05,SENSOR MODULE,jpy,242844.0,226272.0,-16572.0,cr,VA/VE Improvement,Engineering-driven
actual,2025-06,C7,UQ-C7-05,SENSOR MODULE,jpy,226272.0,208069.0,-18203.0,cr,VA/VE Improvement,Engineering-driven
actual,2025-07,C7,UQ-C7-05,SENSOR MODULE,jpy,208069.0,193706.0,-14363.0,cr,Alternative Material Substitution,Engineering-driven
actual,2025-08,C7,UQ-C7-05,SENSOR MODULE,jpy,193706.0,183901.0,-9805.0,cr,Localization / Local Sourcing,Operational-driven
actual,2025-09,C7,UQ-C7-05,SENSOR MODULE,jpy,183901.0,201117.0,17216.0,cu,Yield/Scrap Rate Increase,Operational-driven
actual,2025-10,C7,UQ-C7-05,SENSOR MODULE,jpy,201117.0,190890.0,-10227.0,cr,Process Improvement (Yield Up),Operational-driven
actual,2024-11,C8,SH-CATC-D01,PANEL BOTTOM AS,domestic,113259.0,104374.0,-8885.0,cr,Alternative Material Substitution,Engineering-driven
actual,2024-12,C8,SH-CATC-D01,PANEL BOTTOM AS,domestic,104374.0,98578.0,-5796.0,cr,Localization / Local Sourcing,Operational-driven
actual,2025-01,C8,SH-CATC-D01,PANEL BOTTOM AS,domestic,98578.0,95470.0,-3108.0,cr,VA/VE Improvement,Engineering-driven
actual,2025-02,C8,SH-CATC-D01,PANEL BOTTOM AS,domestic,95470.0,92816.0,-2654.0,cr,Localization / Local Sourcing,Operational-driven
actual,2025-03,C8,SH-CATC-D01,PANEL BOTTOM AS,domestic,92816.0,84185.0,-8631.0,cr,Localization / Local Sourcing,Operational-driven
actual,2025-04,C8,SH-CATC-D01,PANEL BOTTOM AS,domestic,84185.0,79911.0,-4274.0,cr,Supplier Negotiation,Operational-driven
actual,2025-05,C8,SH-CATC-D01,PANEL BOTTOM AS,domestic,79911.0,77487.0,-2424.0,cr,Supplier Negotiation,Operational-driven
actual,2025-06,C8,SH-CATC-D01,PANEL BOTTOM AS,domestic,77487.0,70423.0,-7064.0,cr,Alternative Material Substitution,Engineering-driven
actual,2025-07,C8,SH-CATC-D01,PANEL BOTTOM AS,domestic,70423.0,66105.0,-4318.0,cr,Localization / Local Sourcing,Operational-driven
actual,2025-08,C8,SH-CATC-D01,PANEL BOTTOM AS,domestic,66105.0,68892.0,2787.0,cu,Raw Material Price Increase,Market-driven
actual,2025-09,C8,SH-CATC-D01,PANEL BOTTOM AS,domestic,68892.0,68892.0,0.0,,,
actual,2025-10,C8,SH-CATC-D01,PANEL BOTTOM AS,domestic,68892.0,70195.0,1303.0,cu,Logistics/Freight Cost Increase,Market-driven
actual,2024-11,C8,SH-CATC-U01,CONNECTOR HOUSING,usd,54607.0,50488.0,-4119.0,cr,VA/VE Improvement,Engineering-driven
actual,2024-12,C8,SH-CATC-U01,CONNECTOR HOUSING,usd,50488.0,46777.0,-3711.0,cr,Supplier Negotiation,Operational-driven
actual,2025-01,C8,SH-CATC-U01,CONNECTOR HOUSING,usd,46777.0,44082.0,-2695.0,cr,Localization / Local Sourcing,Operational-driven
actual,2025-02,C8,SH-CATC-U01,CONNECTOR HOUSING,usd,44082.0,41207.0,-2875.0,cr,Supplier Negotiation,Operational-driven
actual,2025-03,C8,SH-CATC-U01,CONNECTOR HOUSING,usd,41207.0,38785.0,-2422.0,cr,Alternative Material Substitution,Engineering-driven
actual,2025-04,C8,SH-CATC-U01,CONNECTOR HOUSING,usd,38785.0,36814.0,-1971.0,cr,Process Improvement (Yield Up),Operational-driven
actual,2025-05,C8,SH-CATC-U01,CONNECTOR HOUSING,usd,36814.0,36814.0,0.0,,,
actual,2025-06,C8,SH-CATC-U01,CONNECTOR HOUSING,usd,36814.0,38712.0,1898.0,cu,Raw Material Price Increase,Market-driven
actual,2025-07,C8,SH-CATC-U01,CONNECTOR HOUSING,usd,38712.0,35494.0,-3218.0,cr,Localization / Local Sourcing,Operational-driven
actual,2025-08,C8,SH-CATC-U01,CONNECTOR HOUSING,usd,35494.0,33073.0,-2421.0,cr,Process Improvement (Yield Up),Operational-driven
actual,2025-09,C8,SH-CATC-U01,CONNECTOR HOUSING,usd,33073.0,34653.0,1580.0,cu,Raw Material Price Increase,Market-driven
actual,2025-10,C8,SH-CATC-U01,CONNECTOR HOUSING,usd,34653.0,32568.0,-2085.0,cr,VA/VE Improvement,Engineering-driven
actual,2024-11,C8,SH-IDX08,PRECISION GEAR,jpy,78230.0,78230.0,0.0,,,
actual,2024-12,C8,SH-IDX08,PRECISION GEAR,jpy,78230.0,73299.0,-4931.0,cr,VA/VE Improvement,Engineering-driven
actual,2025-01,C8,SH-IDX08,PRECISION GEAR,jpy,73299.0,70357.0,-2942.0,cr,Localization / Local Sourcing,Operational-driven
actual,2025-02,C8,SH-IDX08,PRECISION GEAR,jpy,70357.0,64084.0,-6273.0,cr,Supplier Negotiation,Operational-driven
actual,2025-03,C8,SH-IDX08,PRECISION GEAR,jpy,64084.0,58979.0,-5105.0,cr,Localization / Local Sourcing,Operational-driven
actual,2025-04,C8,SH-IDX08,PRECISION GEAR,jpy,58979.0,54813.0,-4166.0,cr,Process Improvement (Yield Up),Operational-driven
actual,2025-05,C8,SH-IDX08,PRECISION GEAR,jpy,54813.0,58412.0,3599.0,cu,Raw Material Price Increase,Market-driven
actual,2025-06,C8,SH-IDX08,PRECISION GEAR,jpy,58412.0,60313.0,1901.0,cu,Yield/Scrap Rate Increase,Operational-driven
actual,2025-07,C8,SH-IDX08,PRECISION GEAR,jpy,60313.0,57606.0,-2707.0,cr,Alternative Material Substitution,Engineering-driven
actual,2025-08,C8,SH-IDX08,PRECISION GEAR,jpy,57606.0,55309.0,-2297.0,cr,VA/VE Improvement,Engineering-driven
actual,2025-09,C8,SH-IDX08,PRECISION GEAR,jpy,55309.0,50622.0,-4687.0,cr,Localization / Local Sourcing,Operational-driven
actual,2025-10,C8,SH-IDX08,PRECISION GEAR,jpy,50622.0,47262.0,-3360.0,cr,Supplier Negotiation,Operational-driven
actual,2024-11,C8,UQ-C8-01,PANEL FRONT AS,domestic,863128.0,863128.0,0.0,,,
actual,2024-12,C8,UQ-C8-01,PANEL FRONT AS,domestic,863128.0,930477.0,67349.0,cu,Logistics/Freight Cost Increase,Market-driven
actual,2025-01,C8,UQ-C8-01,PANEL FRONT AS,domestic,930477.0,997543.0,67066.0,cu,Engineering Change / Spec Upgrade,Engineering-driven
actual,2025-02,C8,UQ-C8-01,PANEL FRONT AS,domestic,997543.0,932588.0,-64955.0,cr,Process Improvement (Yield Up),Operational-driven
actual,2025-03,C8,UQ-C8-01,PANEL FRONT AS,domestic,932588.0,964975.0,32387.0,cu,Raw Material Price Increase,Market-driven
actual,2025-04,C8,UQ-C8-01,PANEL FRONT AS,domestic,964975.0,1014336.0,49361.0,cu,Logistics/Freight Cost Increase,Market-driven
actual,2025-05,C8,UQ-C8-01,PANEL FRONT AS,domestic,1014336.0,1045561.0,31225.0,cu,Yield/Scrap Rate Increase,Operational-driven
actual,2025-06,C8,UQ-C8-01,PANEL FRONT AS,domestic,1045561.0,988658.0,-56903.0,cr,Localization / Local Sourcing,Operational-driven
actual,2025-07,C8,UQ-C8-01,PANEL FRONT AS,domestic,988658.0,1007309.0,18651.0,cu,Raw Material Price Increase,Market-driven
actual,2025-08,C8,UQ-C8-01,PANEL FRONT AS,domestic,1007309.0,1065608.0,58299.0,cu,Logistics/Freight Cost Increase,Market-driven
actual,2025-09,C8,UQ-C8-01,PANEL FRONT AS,domestic,1065608.0,1113270.0,47662.0,cu,Engineering Change / Spec Upgrade,Engineering-driven
actual,2025-10,C8,UQ-C8-01,PANEL FRONT AS,domestic,1113270.0,1167466.0,54196.0,cu,Logistics/Freight Cost Increase,Market-driven
actual,2024-11,C8,UQ-C8-02,BRACKET SUPPORT,domestic,632546.0,658391.0,25845.0,cu,Raw Material Price Increase,Market-driven
actual,2024-12,C8,UQ-C8-02,BRACKET SUPPORT,domestic,658391.0,713609.0,55218.0,cu,Yield/Scrap Rate Increase,Operational-driven
actual,2025-01,C8,UQ-C8-02,BRACKET SUPPORT,domestic,713609.0,713609.0,0.0,,,
actual,2025-02,C8,UQ-C8-02,BRACKET SUPPORT,domestic,713609.0,737645.0,24036.0,cu,Raw Material Price Increase,Market-driven
actual,2025-03,C8,UQ-C8-02,BRACKET SUPPORT,domestic,737645.0,788445.0,50800.0,cu,Engineering Change / Spec Upgrade,Engineering-driven
actual,2025-04,C8,UQ-C8-02,BRACKET SUPPORT,domestic,788445.0,770361.0,-18084.0,cr,Process Improvement (Yield Up),Operational-driven
actual,2025-05,C8,UQ-C8-02,BRACKET SUPPORT,domestic,770361.0,823643.0,53282.0,cu,Engineering Change / Spec Upgrade,Engineering-driven
actual,2025-06,C8,UQ-C8-02,BRACKET SUPPORT,domestic,823643.0,779626.0,-44017.0,cr,Process Improvement (Yield Up),Operational-driven
actual,2025-07,C8,UQ-C8-02,BRACKET SUPPORT,domestic,779626.0,835975.0,56349.0,cu,Supplier Change (Higher Cost Source),Market-driven
actual,2025-08,C8,UQ-C8-02,BRACKET SUPPORT,domestic,835975.0,906375.0,70400.0,cu,Engineering Change / Spec Upgrade,Engineering-driven
actual,2025-09,C8,UQ-C8-02,BRACKET SUPPORT,domestic,906375.0,931350.0,24975.0,cu,Supplier Change (Higher Cost Source),Market-driven
actual,2025-10,C8,UQ-C8-02,BRACKET SUPPORT,domestic,931350.0,975557.0,44207.0,cu,Yield/Scrap Rate Increase,Operational-driven
actual,2024-11,C8,UQ-C8-03,IC CHIP CONTROL,usd,1345762.0,1242585.0,-103177.0,cr,Localization / Local Sourcing,Operational-driven
actual,2024-12,C8,UQ-C8-03,IC CHIP CONTROL,usd,1242585.0,1301346.0,58761.0,cu,Engineering Change / Spec Upgrade,Engineering-driven
actual,2025-01,C8,UQ-C8-03,IC CHIP CONTROL,usd,1301346.0,1342825.0,41479.0,cu,Supplier Change (Higher Cost Source),Market-driven
actual,2025-02,C8,UQ-C8-03,IC CHIP CONTROL,usd,1342825.0,1366882.0,24057.0,cu,Yield/Scrap Rate Increase,Operational-driven
actual,2025-03,C8,UQ-C8-03,IC CHIP CONTROL,usd,1366882.0,1486622.0,119740.0,cu,Supplier Change (Higher Cost Source),Market-driven
actual,2025-04,C8,UQ-C8-03,IC CHIP CONTROL,usd,1486622.0,1518642.0,32020.0,cu,Yield/Scrap Rate Increase,Operational-driven
actual,2025-05,C8,UQ-C8-03,IC CHIP CONTROL,usd,1518642.0,1462284.0,-56358.0,cr,Localization / Local Sourcing,Operational-driven
actual,2025-06,C8,UQ-C8-03,IC CHIP CONTROL,usd,1462284.0,1529583.0,67299.0,cu,Yield/Scrap Rate Increase,Operational-driven
actual,2025-07,C8,UQ-C8-03,IC CHIP CONTROL,usd,1529583.0,1654891.0,125308.0,cu,Engineering Change / Spec Upgrade,Engineering-driven
actual,2025-08,C8,UQ-C8-03,IC CHIP CONTROL,usd,1654891.0,1654891.0,0.0,,,
actual,2025-09,C8,UQ-C8-03,IC CHIP CONTROL,usd,1654891.0,1756491.0,101600.0,cu,Logistics/Freight Cost Increase,Market-driven
actual,2025-10,C8,UQ-C8-03,IC CHIP CONTROL,usd,1756491.0,1912790.0,156299.0,cu,Logistics/Freight Cost Increase,Market-driven
actual,2024-11,C8,UQ-C8-04,MOTOR UNIT,jpy,387890.0,377763.0,-10127.0,cr,Process Improvement (Yield Up),Operational-driven
actual,2024-12,C8,UQ-C8-04,MOTOR UNIT,jpy,377763.0,386590.0,8827.0,cu,Yield/Scrap Rate Increase,Operational-driven
actual,2025-01,C8,UQ-C8-04,MOTOR UNIT,jpy,386590.0,355421.0,-31169.0,cr,Alternative Material Substitution,Engineering-driven
actual,2025-02,C8,UQ-C8-04,MOTOR UNIT,jpy,355421.0,355421.0,0.0,,,
actual,2025-03,C8,UQ-C8-04,MOTOR UNIT,jpy,355421.0,348350.0,-7071.0,cr,Supplier Negotiation,Operational-driven
actual,2025-04,C8,UQ-C8-04,MOTOR UNIT,jpy,348350.0,324115.0,-24235.0,cr,Alternative Material Substitution,Engineering-driven
actual,2025-05,C8,UQ-C8-04,MOTOR UNIT,jpy,324115.0,312875.0,-11240.0,cr,Alternative Material Substitution,Engineering-driven
actual,2025-06,C8,UQ-C8-04,MOTOR UNIT,jpy,312875.0,331040.0,18165.0,cu,Raw Material Price Increase,Market-driven
actual,2025-07,C8,UQ-C8-04,MOTOR UNIT,jpy,331040.0,324117.0,-6923.0,cr,Alternative Material Substitution,Engineering-driven
actual,2025-08,C8,UQ-C8-04,MOTOR UNIT,jpy,324117.0,311461.0,-12656.0,cr,Alternative Material Substitution,Engineering-driven
actual,2025-09,C8,UQ-C8-04,MOTOR UNIT,jpy,311461.0,297936.0,-13525.0,cr,Process Improvement (Yield Up),Operational-driven
actual,2025-10,C8,UQ-C8-04,MOTOR UNIT,jpy,297936.0,271711.0,-26225.0,cr,VA/VE Improvement,Engineering-driven
actual,2024-11,C8,UQ-C8-05,SENSOR MODULE,jpy,342621.0,368840.0,26219.0,cu,Supplier Change (Higher Cost Source),Market-driven
actual,2024-12,C8,UQ-C8-05,SENSOR MODULE,jpy,368840.0,354762.0,-14078.0,cr,VA/VE Improvement,Engineering-driven
actual,2025-01,C8,UQ-C8-05,SENSOR MODULE,jpy,354762.0,337723.0,-17039.0,cr,VA/VE Improvement,Engineering-driven
actual,2025-02,C8,UQ-C8-05,SENSOR MODULE,jpy,337723.0,314133.0,-23590.0,cr,VA/VE Improvement,Engineering-driven
actual,2025-03,C8,UQ-C8-05,SENSOR MODULE,jpy,314133.0,305977.0,-8156.0,cr,Alternative Material Substitution,Engineering-driven
actual,2025-04,C8,UQ-C8-05,SENSOR MODULE,jpy,305977.0,305977.0,0.0,,,
actual,2025-05,C8,UQ-C8-05,SENSOR MODULE,jpy,305977.0,291928.0,-14049.0,cr,Localization / Local Sourcing,Operational-driven
actual,2025-06,C8,UQ-C8-05,SENSOR MODULE,jpy,291928.0,282804.0,-9124.0,cr,VA/VE Improvement,Engineering-driven
actual,2025-07,C8,UQ-C8-05,SENSOR MODULE,jpy,282804.0,271716.0,-11088.0,cr,Process Improvement (Yield Up),Operational-driven
actual,2025-08,C8,UQ-C8-05,SENSOR MODULE,jpy,271716.0,261569.0,-10147.0,cr,Supplier Negotiation,Operational-driven
actual,2025-09,C8,UQ-C8-05,SENSOR MODULE,jpy,261569.0,273544.0,11975.0,cu,Supplier Change (Higher Cost Source),Market-driven
actual,2025-10,C8,UQ-C8-05,SENSOR MODULE,jpy,273544.0,253955.0,-19589.0,cr,Supplier Negotiation,Operational-driven
actual,2024-11,C8,SH-EVEN-01,TAPE PU-F,domestic,70295.0,75075.0,4780.0,cu,Raw Material Price Increase,Market-driven
actual,2024-12,C8,SH-EVEN-01,TAPE PU-F,domestic,75075.0,80181.0,5106.0,cu,Raw Material Price Increase,Market-driven
actual,2025-01,C8,SH-EVEN-01,TAPE PU-F,domestic,80181.0,82639.0,2458.0,cu,Engineering Change / Spec Upgrade,Engineering-driven
actual,2025-02,C8,SH-EVEN-01,TAPE PU-F,domestic,82639.0,87878.0,5239.0,cu,Engineering Change / Spec Upgrade,Engineering-driven
actual,2025-03,C8,SH-EVEN-01,TAPE PU-F,domestic,87878.0,93563.0,5685.0,cu,Engineering Change / Spec Upgrade,Engineering-driven
actual,2025-04,C8,SH-EVEN-01,TAPE PU-F,domestic,93563.0,89152.0,-4411.0,cr,VA/VE Improvement,Engineering-driven
actual,2025-05,C8,SH-EVEN-01,TAPE PU-F,domestic,89152.0,94914.0,5762.0,cu,Supplier Change (Higher Cost Source),Market-driven
actual,2025-06,C8,SH-EVEN-01,TAPE PU-F,domestic,94914.0,101876.0,6962.0,cu,Supplier Change (Higher Cost Source),Market-driven
actual,2025-07,C8,SH-EVEN-01,TAPE PU-F,domestic,101876.0,94152.0,-7724.0,cr,Process Improvement (Yield Up),Operational-driven
actual,2025-08,C8,SH-EVEN-01,TAPE PU-F,domestic,94152.0,96785.0,2633.0,cu,Supplier Change (Higher Cost Source),Market-driven
actual,2025-09,C8,SH-EVEN-01,TAPE PU-F,domestic,96785.0,96785.0,0.0,,,
actual,2025-10,C8,SH-EVEN-01,TAPE PU-F,domestic,96785.0,101858.0,5073.0,cu,Yield/Scrap Rate Increase,Operational-driven
actual,2024-11,C8,SH-EVEN-02,RESIN COMPOUND,usd,19042.0,19491.0,449.0,cu,Supplier Change (Higher Cost Source),Market-driven
actual,2024-12,C8,SH-EVEN-02,RESIN COMPOUND,usd,19491.0,20366.0,875.0,cu,Supplier Change (Higher Cost Source),Market-driven
actual,2025-01,C8,SH-EVEN-02,RESIN COMPOUND,usd,20366.0,20895.0,529.0,cu,Raw Material Price Increase,Market-driven
actual,2025-02,C8,SH-EVEN-02,RESIN COMPOUND,usd,20895.0,21472.0,577.0,cu,Logistics/Freight Cost Increase,Market-driven
actual,2025-03,C8,SH-EVEN-02,RESIN COMPOUND,usd,21472.0,22839.0,1367.0,cu,Logistics/Freight Cost Increase,Market-driven
actual,2025-04,C8,SH-EVEN-02,RESIN COMPOUND,usd,22839.0,22839.0,0.0,,,
actual,2025-05,C8,SH-EVEN-02,RESIN COMPOUND,usd,22839.0,21574.0,-1265.0,cr,Localization / Local Sourcing,Operational-driven
actual,2025-06,C8,SH-EVEN-02,RESIN COMPOUND,usd,21574.0,22763.0,1189.0,cu,Logistics/Freight Cost Increase,Market-driven
actual,2025-07,C8,SH-EVEN-02,RESIN COMPOUND,usd,22763.0,21147.0,-1616.0,cr,Alternative Material Substitution,Engineering-driven
actual,2025-08,C8,SH-EVEN-02,RESIN COMPOUND,usd,21147.0,22059.0,912.0,cu,Raw Material Price Increase,Market-driven
actual,2025-09,C8,SH-EVEN-02,RESIN COMPOUND,usd,22059.0,23441.0,1382.0,cu,Engineering Change / Spec Upgrade,Engineering-driven
actual,2025-10,C8,SH-EVEN-02,RESIN COMPOUND,usd,23441.0,24890.0,1449.0,cu,Yield/Scrap Rate Increase,Operational-driven
actual,2024-11,C9,SH-CATC-D01,PANEL BOTTOM AS,domestic,113259.0,104374.0,-8885.0,cr,Alternative Material Substitution,Engineering-driven
actual,2024-12,C9,SH-CATC-D01,PANEL BOTTOM AS,domestic,104374.0,98578.0,-5796.0,cr,Localization / Local Sourcing,Operational-driven
actual,2025-01,C9,SH-CATC-D01,PANEL BOTTOM AS,domestic,98578.0,95470.0,-3108.0,cr,VA/VE Improvement,Engineering-driven
actual,2025-02,C9,SH-CATC-D01,PANEL BOTTOM AS,domestic,95470.0,92816.0,-2654.0,cr,Localization / Local Sourcing,Operational-driven
actual,2025-03,C9,SH-CATC-D01,PANEL BOTTOM AS,domestic,92816.0,84185.0,-8631.0,cr,Localization / Local Sourcing,Operational-driven
actual,2025-04,C9,SH-CATC-D01,PANEL BOTTOM AS,domestic,84185.0,79911.0,-4274.0,cr,Supplier Negotiation,Operational-driven
actual,2025-05,C9,SH-CATC-D01,PANEL BOTTOM AS,domestic,79911.0,77487.0,-2424.0,cr,Supplier Negotiation,Operational-driven
actual,2025-06,C9,SH-CATC-D01,PANEL BOTTOM AS,domestic,77487.0,70423.0,-7064.0,cr,Alternative Material Substitution,Engineering-driven
actual,2025-07,C9,SH-CATC-D01,PANEL BOTTOM AS,domestic,70423.0,66105.0,-4318.0,cr,Localization / Local Sourcing,Operational-driven
actual,2025-08,C9,SH-CATC-D01,PANEL BOTTOM AS,domestic,66105.0,68892.0,2787.0,cu,Raw Material Price Increase,Market-driven
actual,2025-09,C9,SH-CATC-D01,PANEL BOTTOM AS,domestic,68892.0,68892.0,0.0,,,
actual,2025-10,C9,SH-CATC-D01,PANEL BOTTOM AS,domestic,68892.0,70195.0,1303.0,cu,Logistics/Freight Cost Increase,Market-driven
actual,2024-11,C9,SH-CATC-U01,CONNECTOR HOUSING,usd,54607.0,50488.0,-4119.0,cr,VA/VE Improvement,Engineering-driven
actual,2024-12,C9,SH-CATC-U01,CONNECTOR HOUSING,usd,50488.0,46777.0,-3711.0,cr,Supplier Negotiation,Operational-driven
actual,2025-01,C9,SH-CATC-U01,CONNECTOR HOUSING,usd,46777.0,44082.0,-2695.0,cr,Localization / Local Sourcing,Operational-driven
actual,2025-02,C9,SH-CATC-U01,CONNECTOR HOUSING,usd,44082.0,41207.0,-2875.0,cr,Supplier Negotiation,Operational-driven
actual,2025-03,C9,SH-CATC-U01,CONNECTOR HOUSING,usd,41207.0,38785.0,-2422.0,cr,Alternative Material Substitution,Engineering-driven
actual,2025-04,C9,SH-CATC-U01,CONNECTOR HOUSING,usd,38785.0,36814.0,-1971.0,cr,Process Improvement (Yield Up),Operational-driven
actual,2025-05,C9,SH-CATC-U01,CONNECTOR HOUSING,usd,36814.0,36814.0,0.0,,,
actual,2025-06,C9,SH-CATC-U01,CONNECTOR HOUSING,usd,36814.0,38712.0,1898.0,cu,Raw Material Price Increase,Market-driven
actual,2025-07,C9,SH-CATC-U01,CONNECTOR HOUSING,usd,38712.0,35494.0,-3218.0,cr,Localization / Local Sourcing,Operational-driven
actual,2025-08,C9,SH-CATC-U01,CONNECTOR HOUSING,usd,35494.0,33073.0,-2421.0,cr,Process Improvement (Yield Up),Operational-driven
actual,2025-09,C9,SH-CATC-U01,CONNECTOR HOUSING,usd,33073.0,34653.0,1580.0,cu,Raw Material Price Increase,Market-driven
actual,2025-10,C9,SH-CATC-U01,CONNECTOR HOUSING,usd,34653.0,32568.0,-2085.0,cr,VA/VE Improvement,Engineering-driven
actual,2024-11,C9,SH-IDX09,PRECISION GEAR,jpy,56507.0,56507.0,0.0,,,
actual,2024-12,C9,SH-IDX09,PRECISION GEAR,jpy,56507.0,55041.0,-1466.0,cr,Supplier Negotiation,Operational-driven
actual,2025-01,C9,SH-IDX09,PRECISION GEAR,jpy,55041.0,53874.0,-1167.0,cr,VA/VE Improvement,Engineering-driven
actual,2025-02,C9,SH-IDX09,PRECISION GEAR,jpy,53874.0,50143.0,-3731.0,cr,Supplier Negotiation,Operational-driven
actual,2025-03,C9,SH-IDX09,PRECISION GEAR,jpy,50143.0,46939.0,-3204.0,cr,Alternative Material Substitution,Engineering-driven
actual,2025-04,C9,SH-IDX09,PRECISION GEAR,jpy,46939.0,45715.0,-1224.0,cr,Process Improvement (Yield Up),Operational-driven
actual,2025-05,C9,SH-IDX09,PRECISION GEAR,jpy,45715.0,46848.0,1133.0,cu,Logistics/Freight Cost Increase,Market-driven
actual,2025-06,C9,SH-IDX09,PRECISION GEAR,jpy,46848.0,49533.0,2685.0,cu,Logistics/Freight Cost Increase,Market-driven
actual,2025-07,C9,SH-IDX09,PRECISION GEAR,jpy,49533.0,45057.0,-4476.0,cr,VA/VE Improvement,Engineering-driven
actual,2025-08,C9,SH-IDX09,PRECISION GEAR,jpy,45057.0,42057.0,-3000.0,cr,Process Improvement (Yield Up),Operational-driven
actual,2025-09,C9,SH-IDX09,PRECISION GEAR,jpy,42057.0,38411.0,-3646.0,cr,Supplier Negotiation,Operational-driven
actual,2025-10,C9,SH-IDX09,PRECISION GEAR,jpy,38411.0,37086.0,-1325.0,cr,Process Improvement (Yield Up),Operational-driven
actual,2024-11,C9,UQ-C9-01,PANEL FRONT AS,domestic,976467.0,976467.0,0.0,,,
actual,2024-12,C9,UQ-C9-01,PANEL FRONT AS,domestic,976467.0,1015519.0,39052.0,cu,Logistics/Freight Cost Increase,Market-driven
actual,2025-01,C9,UQ-C9-01,PANEL FRONT AS,domestic,1015519.0,1098202.0,82683.0,cu,Yield/Scrap Rate Increase,Operational-driven
actual,2025-02,C9,UQ-C9-01,PANEL FRONT AS,domestic,1098202.0,1047306.0,-50896.0,cr,VA/VE Improvement,Engineering-driven
actual,2025-03,C9,UQ-C9-01,PANEL FRONT AS,domestic,1047306.0,1072844.0,25538.0,cu,Yield/Scrap Rate Increase,Operational-driven
actual,2025-04,C9,UQ-C9-01,PANEL FRONT AS,domestic,1072844.0,1175926.0,103082.0,cu,Logistics/Freight Cost Increase,Market-driven
actual,2025-05,C9,UQ-C9-01,PANEL FRONT AS,domestic,1175926.0,1228592.0,52666.0,cu,Raw Material Price Increase,Market-driven
actual,2025-06,C9,UQ-C9-01,PANEL FRONT AS,domestic,1228592.0,1130460.0,-98132.0,cr,VA/VE Improvement,Engineering-driven
actual,2025-07,C9,UQ-C9-01,PANEL FRONT AS,domestic,1130460.0,1199704.0,69244.0,cu,Logistics/Freight Cost Increase,Market-driven
actual,2025-08,C9,UQ-C9-01,PANEL FRONT AS,domestic,1199704.0,1231898.0,32194.0,cu,Supplier Change (Higher Cost Source),Market-driven
actual,2025-09,C9,UQ-C9-01,PANEL FRONT AS,domestic,1231898.0,1328189.0,96291.0,cu,Yield/Scrap Rate Increase,Operational-driven
actual,2025-10,C9,UQ-C9-01,PANEL FRONT AS,domestic,1328189.0,1381836.0,53647.0,cu,Engineering Change / Spec Upgrade,Engineering-driven
actual,2024-11,C9,UQ-C9-02,BRACKET SUPPORT,domestic,746492.0,808245.0,61753.0,cu,Engineering Change / Spec Upgrade,Engineering-driven
actual,2024-12,C9,UQ-C9-02,BRACKET SUPPORT,domestic,808245.0,861236.0,52991.0,cu,Raw Material Price Increase,Market-driven
actual,2025-01,C9,UQ-C9-02,BRACKET SUPPORT,domestic,861236.0,861236.0,0.0,,,
actual,2025-02,C9,UQ-C9-02,BRACKET SUPPORT,domestic,861236.0,883269.0,22033.0,cu,Yield/Scrap Rate Increase,Operational-driven
actual,2025-03,C9,UQ-C9-02,BRACKET SUPPORT,domestic,883269.0,949122.0,65853.0,cu,Logistics/Freight Cost Increase,Market-driven
actual,2025-04,C9,UQ-C9-02,BRACKET SUPPORT,domestic,949122.0,905820.0,-43302.0,cr,Localization / Local Sourcing,Operational-driven
actual,2025-05,C9,UQ-C9-02,BRACKET SUPPORT,domestic,905820.0,949290.0,43470.0,cu,Supplier Change (Higher Cost Source),Market-driven
actual,2025-06,C9,UQ-C9-02,BRACKET SUPPORT,domestic,949290.0,889162.0,-60128.0,cr,Alternative Material Substitution,Engineering-driven
actual,2025-07,C9,UQ-C9-02,BRACKET SUPPORT,domestic,889162.0,938975.0,49813.0,cu,Raw Material Price Increase,Market-driven
actual,2025-08,C9,UQ-C9-02,BRACKET SUPPORT,domestic,938975.0,962925.0,23950.0,cu,Raw Material Price Increase,Market-driven
actual,2025-09,C9,UQ-C9-02,BRACKET SUPPORT,domestic,962925.0,1014038.0,51113.0,cu,Supplier Change (Higher Cost Source),Market-driven
actual,2025-10,C9,UQ-C9-02,BRACKET SUPPORT,domestic,1014038.0,1098711.0,84673.0,cu,Yield/Scrap Rate Increase,Operational-driven
actual,2024-11,C9,UQ-C9-03,IC CHIP CONTROL,usd,359881.0,333395.0,-26486.0,cr,Supplier Negotiation,Operational-driven
actual,2024-12,C9,UQ-C9-03,IC CHIP CONTROL,usd,333395.0,341130.0,7735.0,cu,Engineering Change / Spec Upgrade,Engineering-driven
actual,2025-01,C9,UQ-C9-03,IC CHIP CONTROL,usd,341130.0,362564.0,21434.0,cu,Engineering Change / Spec Upgrade,Engineering-driven
actual,2025-02,C9,UQ-C9-03,IC CHIP CONTROL,usd,362564.0,387615.0,25051.0,cu,Raw Material Price Increase,Market-driven
actual,2025-03,C9,UQ-C9-03,IC CHIP CONTROL,usd,387615.0,397184.0,9569.0,cu,Engineering Change / Spec Upgrade,Engineering-driven
actual,2025-04,C9,UQ-C9-03,IC CHIP CONTROL,usd,397184.0,415852.0,18668.0,cu,Yield/Scrap Rate Increase,Operational-driven
actual,2025-05,C9,UQ-C9-03,IC CHIP CONTROL,usd,415852.0,394142.0,-21710.0,cr,Alternative Material Substitution,Engineering-driven
actual,2025-06,C9,UQ-C9-03,IC CHIP CONTROL,usd,394142.0,409474.0,15332.0,cu,Supplier Change (Higher Cost Source),Market-driven
actual,2025-07,C9,UQ-C9-03,IC CHIP CONTROL,usd,409474.0,449769.0,40295.0,cu,Yield/Scrap Rate Increase,Operational-driven
actual,2025-08,C9,UQ-C9-03,IC CHIP CONTROL,usd,449769.0,449769.0,0.0,,,
actual,2025-09,C9,UQ-C9-03,IC CHIP CONTROL,usd,449769.0,462247.0,12478.0,cu,Supplier Change (Higher Cost Source),Market-driven
actual,2025-10,C9,UQ-C9-03,IC CHIP CONTROL,usd,462247.0,499127.0,36880.0,cu,Yield/Scrap Rate Increase,Operational-driven
actual,2024-11,C9,UQ-C9-04,MOTOR UNIT,jpy,390382.0,383720.0,-6662.0,cr,Alternative Material Substitution,Engineering-driven
actual,2024-12,C9,UQ-C9-04,MOTOR UNIT,jpy,383720.0,402461.0,18741.0,cu,Raw Material Price Increase,Market-driven
actual,2025-01,C9,UQ-C9-04,MOTOR UNIT,jpy,402461.0,371590.0,-30871.0,cr,Process Improvement (Yield Up),Operational-driven
actual,2025-02,C9,UQ-C9-04,MOTOR UNIT,jpy,371590.0,371590.0,0.0,,,
actual,2025-03,C9,UQ-C9-04,MOTOR UNIT,jpy,371590.0,359064.0,-12526.0,cr,Supplier Negotiation,Operational-driven
actual,2025-04,C9,UQ-C9-04,MOTOR UNIT,jpy,359064.0,335977.0,-23087.0,cr,Supplier Negotiation,Operational-driven
actual,2025-05,C9,UQ-C9-04,MOTOR UNIT,jpy,335977.0,322460.0,-13517.0,cr,VA/VE Improvement,Engineering-driven
actual,2025-06,C9,UQ-C9-04,MOTOR UNIT,jpy,322460.0,331039.0,8579.0,cu,Raw Material Price Increase,Market-driven
actual,2025-07,C9,UQ-C9-04,MOTOR UNIT,jpy,331039.0,304377.0,-26662.0,cr,VA/VE Improvement,Engineering-driven
actual,2025-08,C9,UQ-C9-04,MOTOR UNIT,jpy,304377.0,290990.0,-13387.0,cr,Alternative Material Substitution,Engineering-driven
actual,2025-09,C9,UQ-C9-04,MOTOR UNIT,jpy,290990.0,280091.0,-10899.0,cr,Alternative Material Substitution,Engineering-driven
actual,2025-10,C9,UQ-C9-04,MOTOR UNIT,jpy,280091.0,267914.0,-12177.0,cr,Supplier Negotiation,Operational-driven
actual,2024-11,C9,UQ-C9-05,SENSOR MODULE,jpy,355860.0,383418.0,27558.0,cu,Logistics/Freight Cost Increase,Market-driven
actual,2024-12,C9,UQ-C9-05,SENSOR MODULE,jpy,383418.0,359505.0,-23913.0,cr,Alternative Material Substitution,Engineering-driven
actual,2025-01,C9,UQ-C9-05,SENSOR MODULE,jpy,359505.0,333625.0,-25880.0,cr,VA/VE Improvement,Engineering-driven
actual,2025-02,C9,UQ-C9-05,SENSOR MODULE,jpy,333625.0,320891.0,-12734.0,cr,Localization / Local Sourcing,Operational-driven
actual,2025-03,C9,UQ-C9-05,SENSOR MODULE,jpy,320891.0,305515.0,-15376.0,cr,VA/VE Improvement,Engineering-driven
actual,2025-04,C9,UQ-C9-05,SENSOR MODULE,jpy,305515.0,305515.0,0.0,,,
actual,2025-05,C9,UQ-C9-05,SENSOR MODULE,jpy,305515.0,280861.0,-24654.0,cr,Process Improvement (Yield Up),Operational-driven
actual,2025-06,C9,UQ-C9-05,SENSOR MODULE,jpy,280861.0,258509.0,-22352.0,cr,Localization / Local Sourcing,Operational-driven
actual,2025-07,C9,UQ-C9-05,SENSOR MODULE,jpy,258509.0,245387.0,-13122.0,cr,Process Improvement (Yield Up),Operational-driven
actual,2025-08,C9,UQ-C9-05,SENSOR MODULE,jpy,245387.0,235243.0,-10144.0,cr,VA/VE Improvement,Engineering-driven
actual,2025-09,C9,UQ-C9-05,SENSOR MODULE,jpy,235243.0,240546.0,5303.0,cu,Raw Material Price Increase,Market-driven
actual,2025-10,C9,UQ-C9-05,SENSOR MODULE,jpy,240546.0,224119.0,-16427.0,cr,Supplier Negotiation,Operational-driven
actual,2024-11,C10,SH-CATC-D01,PANEL BOTTOM AS,domestic,113259.0,104374.0,-8885.0,cr,Alternative Material Substitution,Engineering-driven
actual,2024-12,C10,SH-CATC-D01,PANEL BOTTOM AS,domestic,104374.0,98578.0,-5796.0,cr,Localization / Local Sourcing,Operational-driven
actual,2025-01,C10,SH-CATC-D01,PANEL BOTTOM AS,domestic,98578.0,95470.0,-3108.0,cr,VA/VE Improvement,Engineering-driven
actual,2025-02,C10,SH-CATC-D01,PANEL BOTTOM AS,domestic,95470.0,92816.0,-2654.0,cr,Localization / Local Sourcing,Operational-driven
actual,2025-03,C10,SH-CATC-D01,PANEL BOTTOM AS,domestic,92816.0,84185.0,-8631.0,cr,Localization / Local Sourcing,Operational-driven
actual,2025-04,C10,SH-CATC-D01,PANEL BOTTOM AS,domestic,84185.0,79911.0,-4274.0,cr,Supplier Negotiation,Operational-driven
actual,2025-05,C10,SH-CATC-D01,PANEL BOTTOM AS,domestic,79911.0,77487.0,-2424.0,cr,Supplier Negotiation,Operational-driven
actual,2025-06,C10,SH-CATC-D01,PANEL BOTTOM AS,domestic,77487.0,70423.0,-7064.0,cr,Alternative Material Substitution,Engineering-driven
actual,2025-07,C10,SH-CATC-D01,PANEL BOTTOM AS,domestic,70423.0,66105.0,-4318.0,cr,Localization / Local Sourcing,Operational-driven
actual,2025-08,C10,SH-CATC-D01,PANEL BOTTOM AS,domestic,66105.0,68892.0,2787.0,cu,Raw Material Price Increase,Market-driven
actual,2025-09,C10,SH-CATC-D01,PANEL BOTTOM AS,domestic,68892.0,68892.0,0.0,,,
actual,2025-10,C10,SH-CATC-D01,PANEL BOTTOM AS,domestic,68892.0,70195.0,1303.0,cu,Logistics/Freight Cost Increase,Market-driven
actual,2024-11,C10,SH-CATC-U01,CONNECTOR HOUSING,usd,54607.0,50488.0,-4119.0,cr,VA/VE Improvement,Engineering-driven
actual,2024-12,C10,SH-CATC-U01,CONNECTOR HOUSING,usd,50488.0,46777.0,-3711.0,cr,Supplier Negotiation,Operational-driven
actual,2025-01,C10,SH-CATC-U01,CONNECTOR HOUSING,usd,46777.0,44082.0,-2695.0,cr,Localization / Local Sourcing,Operational-driven
actual,2025-02,C10,SH-CATC-U01,CONNECTOR HOUSING,usd,44082.0,41207.0,-2875.0,cr,Supplier Negotiation,Operational-driven
actual,2025-03,C10,SH-CATC-U01,CONNECTOR HOUSING,usd,41207.0,38785.0,-2422.0,cr,Alternative Material Substitution,Engineering-driven
actual,2025-04,C10,SH-CATC-U01,CONNECTOR HOUSING,usd,38785.0,36814.0,-1971.0,cr,Process Improvement (Yield Up),Operational-driven
actual,2025-05,C10,SH-CATC-U01,CONNECTOR HOUSING,usd,36814.0,36814.0,0.0,,,
actual,2025-06,C10,SH-CATC-U01,CONNECTOR HOUSING,usd,36814.0,38712.0,1898.0,cu,Raw Material Price Increase,Market-driven
actual,2025-07,C10,SH-CATC-U01,CONNECTOR HOUSING,usd,38712.0,35494.0,-3218.0,cr,Localization / Local Sourcing,Operational-driven
actual,2025-08,C10,SH-CATC-U01,CONNECTOR HOUSING,usd,35494.0,33073.0,-2421.0,cr,Process Improvement (Yield Up),Operational-driven
actual,2025-09,C10,SH-CATC-U01,CONNECTOR HOUSING,usd,33073.0,34653.0,1580.0,cu,Raw Material Price Increase,Market-driven
actual,2025-10,C10,SH-CATC-U01,CONNECTOR HOUSING,usd,34653.0,32568.0,-2085.0,cr,VA/VE Improvement,Engineering-driven
actual,2024-11,C10,SH-IDX10,PRECISION GEAR,jpy,121193.0,121193.0,0.0,,,
actual,2024-12,C10,SH-IDX10,PRECISION GEAR,jpy,121193.0,113669.0,-7524.0,cr,Process Improvement (Yield Up),Operational-driven
actual,2025-01,C10,SH-IDX10,PRECISION GEAR,jpy,113669.0,107486.0,-6183.0,cr,Localization / Local Sourcing,Operational-driven
actual,2025-02,C10,SH-IDX10,PRECISION GEAR,jpy,107486.0,100468.0,-7018.0,cr,Localization / Local Sourcing,Operational-driven
actual,2025-03,C10,SH-IDX10,PRECISION GEAR,jpy,100468.0,94861.0,-5607.0,cr,Localization / Local Sourcing,Operational-driven
actual,2025-04,C10,SH-IDX10,PRECISION GEAR,jpy,94861.0,87984.0,-6877.0,cr,Supplier Negotiation,Operational-driven
actual,2025-05,C10,SH-IDX10,PRECISION GEAR,jpy,87984.0,92869.0,4885.0,cu,Supplier Change (Higher Cost Source),Market-driven
actual,2025-06,C10,SH-IDX10,PRECISION GEAR,jpy,92869.0,101147.0,8278.0,cu,Raw Material Price Increase,Market-driven
actual,2025-07,C10,SH-IDX10,PRECISION GEAR,jpy,101147.0,94023.0,-7124.0,cr,Process Improvement (Yield Up),Operational-driven
actual,2025-08,C10,SH-IDX10,PRECISION GEAR,jpy,94023.0,89045.0,-4978.0,cr,VA/VE Improvement,Engineering-driven
actual,2025-09,C10,SH-IDX10,PRECISION GEAR,jpy,89045.0,84573.0,-4472.0,cr,Localization / Local Sourcing,Operational-driven
actual,2025-10,C10,SH-IDX10,PRECISION GEAR,jpy,84573.0,79970.0,-4603.0,cr,Alternative Material Substitution,Engineering-driven
actual,2024-11,C10,UQ-C10-01,PANEL FRONT AS,domestic,958803.0,958803.0,0.0,,,
actual,2024-12,C10,UQ-C10-01,PANEL FRONT AS,domestic,958803.0,1025487.0,66684.0,cu,Supplier Change (Higher Cost Source),Market-driven
actual,2025-01,C10,UQ-C10-01,PANEL FRONT AS,domestic,1025487.0,1083496.0,58009.0,cu,Logistics/Freight Cost Increase,Market-driven
actual,2025-02,C10,UQ-C10-01,PANEL FRONT AS,domestic,1083496.0,993822.0,-89674.0,cr,Localization / Local Sourcing,Operational-driven
actual,2025-03,C10,UQ-C10-01,PANEL FRONT AS,domestic,993822.0,1036130.0,42308.0,cu,Raw Material Price Increase,Market-driven
actual,2025-04,C10,UQ-C10-01,PANEL FRONT AS,domestic,1036130.0,1056021.0,19891.0,cu,Logistics/Freight Cost Increase,Market-driven
actual,2025-05,C10,UQ-C10-01,PANEL FRONT AS,domestic,1056021.0,1109629.0,53608.0,cu,Logistics/Freight Cost Increase,Market-driven
actual,2025-06,C10,UQ-C10-01,PANEL FRONT AS,domestic,1109629.0,1079521.0,-30108.0,cr,Localization / Local Sourcing,Operational-driven
actual,2025-07,C10,UQ-C10-01,PANEL FRONT AS,domestic,1079521.0,1140373.0,60852.0,cu,Supplier Change (Higher Cost Source),Market-driven
actual,2025-08,C10,UQ-C10-01,PANEL FRONT AS,domestic,1140373.0,1208122.0,67749.0,cu,Engineering Change / Spec Upgrade,Engineering-driven
actual,2025-09,C10,UQ-C10-01,PANEL FRONT AS,domestic,1208122.0,1272970.0,64848.0,cu,Logistics/Freight Cost Increase,Market-driven
actual,2025-10,C10,UQ-C10-01,PANEL FRONT AS,domestic,1272970.0,1338265.0,65295.0,cu,Engineering Change / Spec Upgrade,Engineering-driven
actual,2024-11,C10,UQ-C10-02,BRACKET SUPPORT,domestic,672339.0,709725.0,37386.0,cu,Supplier Change (Higher Cost Source),Market-driven
actual,2024-12,C10,UQ-C10-02,BRACKET SUPPORT,domestic,709725.0,757657.0,47932.0,cu,Raw Material Price Increase,Market-driven
actual,2025-01,C10,UQ-C10-02,BRACKET SUPPORT,domestic,757657.0,757657.0,0.0,,,
actual,2025-02,C10,UQ-C10-02,BRACKET SUPPORT,domestic,757657.0,788364.0,30707.0,cu,Raw Material Price Increase,Market-driven
actual,2025-03,C10,UQ-C10-02,BRACKET SUPPORT,domestic,788364.0,815520.0,27156.0,cu,Engineering Change / Spec Upgrade,Engineering-driven
actual,2025-04,C10,UQ-C10-02,BRACKET SUPPORT,domestic,815520.0,748526.0,-66994.0,cr,VA/VE Improvement,Engineering-driven
actual,2025-05,C10,UQ-C10-02,BRACKET SUPPORT,domestic,748526.0,776107.0,27581.0,cu,Engineering Change / Spec Upgrade,Engineering-driven
actual,2025-06,C10,UQ-C10-02,BRACKET SUPPORT,domestic,776107.0,762680.0,-13427.0,cr,Localization / Local Sourcing,Operational-driven
actual,2025-07,C10,UQ-C10-02,BRACKET SUPPORT,domestic,762680.0,834104.0,71424.0,cu,Supplier Change (Higher Cost Source),Market-driven
actual,2025-08,C10,UQ-C10-02,BRACKET SUPPORT,domestic,834104.0,853018.0,18914.0,cu,Engineering Change / Spec Upgrade,Engineering-driven
actual,2025-09,C10,UQ-C10-02,BRACKET SUPPORT,domestic,853018.0,878988.0,25970.0,cu,Yield/Scrap Rate Increase,Operational-driven
actual,2025-10,C10,UQ-C10-02,BRACKET SUPPORT,domestic,878988.0,941455.0,62467.0,cu,Raw Material Price Increase,Market-driven
actual,2024-11,C10,UQ-C10-03,IC CHIP CONTROL,usd,1070401.0,994632.0,-75769.0,cr,VA/VE Improvement,Engineering-driven
actual,2024-12,C10,UQ-C10-03,IC CHIP CONTROL,usd,994632.0,1053832.0,59200.0,cu,Raw Material Price Increase,Market-driven
actual,2025-01,C10,UQ-C10-03,IC CHIP CONTROL,usd,1053832.0,1099824.0,45992.0,cu,Yield/Scrap Rate Increase,Operational-driven
actual,2025-02,C10,UQ-C10-03,IC CHIP CONTROL,usd,1099824.0,1152629.0,52805.0,cu,Logistics/Freight Cost Increase,Market-driven
actual,2025-03,C10,UQ-C10-03,IC CHIP CONTROL,usd,1152629.0,1234074.0,81445.0,cu,Yield/Scrap Rate Increase,Operational-driven
actual,2025-04,C10,UQ-C10-03,IC CHIP CONTROL,usd,1234074.0,1305225.0,71151.0,cu,Engineering Change / Spec Upgrade,Engineering-driven
actual,2025-05,C10,UQ-C10-03,IC CHIP CONTROL,usd,1305225.0,1234929.0,-70296.0,cr,Alternative Material Substitution,Engineering-driven
actual,2025-06,C10,UQ-C10-03,IC CHIP CONTROL,usd,1234929.0,1319409.0,84480.0,cu,Engineering Change / Spec Upgrade,Engineering-driven
actual,2025-07,C10,UQ-C10-03,IC CHIP CONTROL,usd,1319409.0,1403008.0,83599.0,cu,Engineering Change / Spec Upgrade,Engineering-driven
actual,2025-08,C10,UQ-C10-03,IC CHIP CONTROL,usd,1403008.0,1403008.0,0.0,,,
actual,2025-09,C10,UQ-C10-03,IC CHIP CONTROL,usd,1403008.0,1486165.0,83157.0,cu,Logistics/Freight Cost Increase,Market-driven
actual,2025-10,C10,UQ-C10-03,IC CHIP CONTROL,usd,1486165.0,1604105.0,117940.0,cu,Supplier Change (Higher Cost Source),Market-driven
actual,2024-11,C10,UQ-C10-04,MOTOR UNIT,jpy,400523.0,387817.0,-12706.0,cr,Supplier Negotiation,Operational-driven
actual,2024-12,C10,UQ-C10-04,MOTOR UNIT,jpy,387817.0,424223.0,36406.0,cu,Yield/Scrap Rate Increase,Operational-driven
actual,2025-01,C10,UQ-C10-04,MOTOR UNIT,jpy,424223.0,380204.0,-44019.0,cr,Alternative Material Substitution,Engineering-driven
actual,2025-02,C10,UQ-C10-04,MOTOR UNIT,jpy,380204.0,380204.0,0.0,,,
actual,2025-03,C10,UQ-C10-04,MOTOR UNIT,jpy,380204.0,355166.0,-25038.0,cr,Process Improvement (Yield Up),Operational-driven
actual,2025-04,C10,UQ-C10-04,MOTOR UNIT,jpy,355166.0,342817.0,-12349.0,cr,Supplier Negotiation,Operational-driven
actual,2025-05,C10,UQ-C10-04,MOTOR UNIT,jpy,342817.0,320742.0,-22075.0,cr,Process Improvement (Yield Up),Operational-driven
actual,2025-06,C10,UQ-C10-04,MOTOR UNIT,jpy,320742.0,332887.0,12145.0,cu,Yield/Scrap Rate Increase,Operational-driven
actual,2025-07,C10,UQ-C10-04,MOTOR UNIT,jpy,332887.0,307891.0,-24996.0,cr,Alternative Material Substitution,Engineering-driven
actual,2025-08,C10,UQ-C10-04,MOTOR UNIT,jpy,307891.0,290852.0,-17039.0,cr,Alternative Material Substitution,Engineering-driven
actual,2025-09,C10,UQ-C10-04,MOTOR UNIT,jpy,290852.0,276830.0,-14022.0,cr,Process Improvement (Yield Up),Operational-driven
actual,2025-10,C10,UQ-C10-04,MOTOR UNIT,jpy,276830.0,256066.0,-20764.0,cr,Process Improvement (Yield Up),Operational-driven
actual,2024-11,C10,UQ-C10-05,SENSOR MODULE,jpy,477917.0,516751.0,38834.0,cu,Raw Material Price Increase,Market-driven
actual,2024-12,C10,UQ-C10-05,SENSOR MODULE,jpy,516751.0,471511.0,-45240.0,cr,Localization / Local Sourcing,Operational-driven
actual,2025-01,C10,UQ-C10-05,SENSOR MODULE,jpy,471511.0,450324.0,-21187.0,cr,Alternative Material Substitution,Engineering-driven
actual,2025-02,C10,UQ-C10-05,SENSOR MODULE,jpy,450324.0,417484.0,-32840.0,cr,Localization / Local Sourcing,Operational-driven
actual,2025-03,C10,UQ-C10-05,SENSOR MODULE,jpy,417484.0,396907.0,-20577.0,cr,Process Improvement (Yield Up),Operational-driven
actual,2025-04,C10,UQ-C10-05,SENSOR MODULE,jpy,396907.0,396907.0,0.0,,,
actual,2025-05,C10,UQ-C10-05,SENSOR MODULE,jpy,396907.0,370009.0,-26898.0,cr,Supplier Negotiation,Operational-driven
actual,2025-06,C10,UQ-C10-05,SENSOR MODULE,jpy,370009.0,346706.0,-23303.0,cr,VA/VE Improvement,Engineering-driven
actual,2025-07,C10,UQ-C10-05,SENSOR MODULE,jpy,346706.0,320208.0,-26498.0,cr,Supplier Negotiation,Operational-driven
actual,2025-08,C10,UQ-C10-05,SENSOR MODULE,jpy,320208.0,300785.0,-19423.0,cr,VA/VE Improvement,Engineering-driven
actual,2025-09,C10,UQ-C10-05,SENSOR MODULE,jpy,300785.0,315626.0,14841.0,cu,Supplier Change (Higher Cost Source),Market-driven
actual,2025-10,C10,UQ-C10-05,SENSOR MODULE,jpy,315626.0,301960.0,-13666.0,cr,Supplier Negotiation,Operational-driven
actual,2024-11,C10,SH-EVEN-01,TAPE PU-F,domestic,70295.0,75075.0,4780.0,cu,Raw Material Price Increase,Market-driven
actual,2024-12,C10,SH-EVEN-01,TAPE PU-F,domestic,75075.0,80181.0,5106.0,cu,Raw Material Price Increase,Market-driven
actual,2025-01,C10,SH-EVEN-01,TAPE PU-F,domestic,80181.0,82639.0,2458.0,cu,Engineering Change / Spec Upgrade,Engineering-driven
actual,2025-02,C10,SH-EVEN-01,TAPE PU-F,domestic,82639.0,87878.0,5239.0,cu,Engineering Change / Spec Upgrade,Engineering-driven
actual,2025-03,C10,SH-EVEN-01,TAPE PU-F,domestic,87878.0,93563.0,5685.0,cu,Engineering Change / Spec Upgrade,Engineering-driven
actual,2025-04,C10,SH-EVEN-01,TAPE PU-F,domestic,93563.0,89152.0,-4411.0,cr,VA/VE Improvement,Engineering-driven
actual,2025-05,C10,SH-EVEN-01,TAPE PU-F,domestic,89152.0,94914.0,5762.0,cu,Supplier Change (Higher Cost Source),Market-driven
actual,2025-06,C10,SH-EVEN-01,TAPE PU-F,domestic,94914.0,101876.0,6962.0,cu,Supplier Change (Higher Cost Source),Market-driven
actual,2025-07,C10,SH-EVEN-01,TAPE PU-F,domestic,101876.0,94152.0,-7724.0,cr,Process Improvement (Yield Up),Operational-driven
actual,2025-08,C10,SH-EVEN-01,TAPE PU-F,domestic,94152.0,96785.0,2633.0,cu,Supplier Change (Higher Cost Source),Market-driven
actual,2025-09,C10,SH-EVEN-01,TAPE PU-F,domestic,96785.0,96785.0,0.0,,,
actual,2025-10,C10,SH-EVEN-01,TAPE PU-F,domestic,96785.0,101858.0,5073.0,cu,Yield/Scrap Rate Increase,Operational-driven
actual,2024-11,C10,SH-EVEN-02,RESIN COMPOUND,usd,19042.0,19491.0,449.0,cu,Supplier Change (Higher Cost Source),Market-driven
actual,2024-12,C10,SH-EVEN-02,RESIN COMPOUND,usd,19491.0,20366.0,875.0,cu,Supplier Change (Higher Cost Source),Market-driven
actual,2025-01,C10,SH-EVEN-02,RESIN COMPOUND,usd,20366.0,20895.0,529.0,cu,Raw Material Price Increase,Market-driven
actual,2025-02,C10,SH-EVEN-02,RESIN COMPOUND,usd,20895.0,21472.0,577.0,cu,Logistics/Freight Cost Increase,Market-driven
actual,2025-03,C10,SH-EVEN-02,RESIN COMPOUND,usd,21472.0,22839.0,1367.0,cu,Logistics/Freight Cost Increase,Market-driven
actual,2025-04,C10,SH-EVEN-02,RESIN COMPOUND,usd,22839.0,22839.0,0.0,,,
actual,2025-05,C10,SH-EVEN-02,RESIN COMPOUND,usd,22839.0,21574.0,-1265.0,cr,Localization / Local Sourcing,Operational-driven
actual,2025-06,C10,SH-EVEN-02,RESIN COMPOUND,usd,21574.0,22763.0,1189.0,cu,Logistics/Freight Cost Increase,Market-driven
actual,2025-07,C10,SH-EVEN-02,RESIN COMPOUND,usd,22763.0,21147.0,-1616.0,cr,Alternative Material Substitution,Engineering-driven
actual,2025-08,C10,SH-EVEN-02,RESIN COMPOUND,usd,21147.0,22059.0,912.0,cu,Raw Material Price Increase,Market-driven
actual,2025-09,C10,SH-EVEN-02,RESIN COMPOUND,usd,22059.0,23441.0,1382.0,cu,Engineering Change / Spec Upgrade,Engineering-driven
actual,2025-10,C10,SH-EVEN-02,RESIN COMPOUND,usd,23441.0,24890.0,1449.0,cu,Yield/Scrap Rate Increase,Operational-driven
