ID,Year_Birth,Education,Marital_Status,Income,Kidhome,Teenhome,Dt_Customer,Recency,MntWines,MntFruits,MntMeatProducts,MntFishProducts,MntSweetProducts,MntGoldProds,NumDealsPurchases,NumWebPurchases,NumCatalogPurchases,NumStorePurchases,NumWebVisitsMonth,AcceptedCmp3,AcceptedCmp4,AcceptedCmp5,AcceptedCmp1,AcceptedCmp2,Complain,Z_CostContact,Z_Revenue,Response,Dt_year,Dt_month,Dt_day,Children,IsParent,MntTotal,Age,log_Age,log_Recency,log_Income,log_MntTotal,log_MntWines,log_MntFruits,log_MntMeatProducts,log_MntFishProducts,log_MntSweetProducts,log_MntGoldProds
5524,1957,Graduation,Single,58138.0,0,0,2012-09-04,58,635,88,546,172,88,88,3,8,10,4,7,0,0,0,0,0,0,3,11,1,2012,9,4,0,0,1617,68,4.23410650459726,4.07753744390572,10.970591974102547,7.388946097618437,6.455198563340122,4.48863636973214,6.304448802421981,5.153291594497779,4.48863636973214,4.48863636973214
2174,1954,Graduation,Single,46344.0,1,1,2014-03-08,38,11,1,6,2,1,6,2,1,1,2,5,0,0,0,0,0,0,3,11,0,2014,3,8,2,1,27,71,4.276666119016055,3.6635616461296463,10.743868690309933,3.332204510175204,2.4849066497880004,0.6931471805599453,1.9459101490553132,1.0986122886681096,0.6931471805599453,1.9459101490553132
4141,1965,Graduation,In a relationship,71613.0,0,0,2013-08-21,26,426,49,127,111,21,42,1,8,2,10,4,0,0,0,0,0,0,3,11,0,2013,8,21,0,0,776,60,4.110873864173311,3.295836866004329,11.179045864561353,6.655440350367647,6.056784013228625,3.912023005428146,4.852030263919617,4.718498871295094,3.091042453358316,3.7612001156935624
6182,1984,Graduation,In a relationship,26646.0,1,0,2014-02-10,26,11,4,20,10,3,5,2,2,0,4,6,0,0,0,0,0,0,3,11,0,2014,2,10,1,1,53,41,3.7376696182833684,3.295836866004329,10.190431852901,3.9889840465642745,2.4849066497880004,1.6094379124341003,3.044522437723423,2.3978952727983707,1.3862943611198906,1.791759469228055
5324,1981,PhD,In a relationship,58293.0,1,0,2014-01-19,94,173,43,118,46,27,15,5,5,3,6,5,0,0,0,0,0,0,3,11,0,2014,1,19,1,1,422,44,3.8066624897703196,4.553876891600541,10.973254451090401,6.0473721790462776,5.159055299214529,3.784189633918261,4.77912349311153,3.8501476017100584,3.332204510175204,2.772588722239781
7446,1967,Master,In a relationship,62513.0,0,1,2013-09-09,16,520,42,98,0,42,14,2,6,4,10,6,0,0,0,0,0,0,3,11,0,2013,9,9,1,1,716,58,4.07753744390572,2.833213344056216,11.043145810640238,6.57507584059962,6.255750041753367,3.7612001156935624,4.59511985013459,0.0,3.7612001156935624,2.70805020110221
965,1971,Graduation,Single,55635.0,0,1,2012-11-13,34,235,65,164,50,49,27,4,7,3,7,6,0,0,0,0,0,0,3,11,0,2012,11,13,1,1,590,54,4.007333185232471,3.5553480614894135,10.926585752727021,6.3818160174060985,5.4638318050256105,4.189654742026425,5.10594547390058,3.9318256327243257,3.912023005428146,3.332204510175204
6177,1985,PhD,In a relationship,33454.0,1,0,2013-05-08,32,76,10,56,3,1,23,2,4,0,4,8,0,0,0,0,0,0,3,11,0,2013,5,8,1,1,169,40,3.713572066704308,3.4965075614664802,10.417956531216918,5.135798437050262,4.343805421853684,2.3978952727983707,4.04305126783455,1.3862943611198906,0.6931471805599453,3.1780538303479458
4855,1974,PhD,In a relationship,30351.0,1,0,2013-06-06,19,14,0,24,3,3,2,1,3,0,2,9,0,0,0,0,0,0,3,11,1,2013,6,6,1,1,46,51,3.9512437185814275,2.995732273553991,10.320617692174796,3.8501476017100584,2.70805020110221,0.0,3.2188758248682006,1.3862943611198906,1.3862943611198906,1.0986122886681096
5899,1950,PhD,In a relationship,5648.0,1,1,2014-03-13,68,28,0,6,1,1,13,1,1,0,0,20,1,0,0,0,0,0,3,11,0,2014,3,13,2,1,49,75,4.330733340286331,4.23410650459726,8.639233817325263,3.912023005428146,3.367295829986474,0.0,1.9459101490553132,0.6931471805599453,0.6931471805599453,2.639057329615259
387,1976,Basic,In a relationship,7500.0,0,0,2012-11-13,59,6,16,11,11,1,16,1,2,0,3,8,0,0,0,0,0,0,3,11,0,2012,11,13,0,0,61,49,3.912023005428146,4.0943445622221,8.922791623969637,4.127134385045092,1.9459101490553132,2.833213344056216,2.4849066497880004,2.4849066497880004,0.6931471805599453,2.833213344056216
2125,1959,Graduation,Single,63033.0,0,0,2013-11-15,82,194,61,480,225,112,30,1,3,4,8,2,0,0,0,0,0,0,3,11,0,2013,11,15,0,0,1102,66,4.204692619390966,4.418840607796598,11.051429542337106,7.005789019253503,5.272999558563747,4.127134385045092,6.175867270105761,5.420534999272286,4.727387818712341,3.4339872044851463
8180,1952,Master,Single,59354.0,1,1,2013-11-15,53,233,2,53,3,5,14,3,6,1,5,6,0,0,0,0,0,0,3,11,0,2013,11,15,2,1,310,73,4.304065093204169,3.9889840465642745,10.991291642487635,5.739792912179234,5.455321115357702,1.0986122886681096,3.9889840465642745,1.3862943611198906,1.791759469228055,2.70805020110221
2569,1987,Graduation,In a relationship,17323.0,0,0,2012-10-10,38,3,14,17,6,1,5,1,1,0,3,8,0,0,0,0,0,0,3,11,0,2012,10,10,0,0,46,38,3.6635616461296463,3.6635616461296463,9.759848102334518,3.8501476017100584,1.3862943611198906,2.70805020110221,2.8903717578961645,1.9459101490553132,0.6931471805599453,1.791759469228055
2114,1946,PhD,Single,82800.0,0,0,2012-11-24,23,1006,22,115,59,68,45,1,7,6,12,3,0,0,1,1,0,0,3,11,1,2012,11,24,0,0,1315,79,4.382026634673881,3.1780538303479458,11.324195417595107,7.182352111885263,6.914730892718563,3.1354942159291497,4.7535901911063645,4.0943445622221,4.23410650459726,3.828641396489095
9736,1980,Graduation,In a relationship,41850.0,1,1,2012-12-24,51,53,5,19,2,13,4,3,3,0,3,8,0,0,0,0,0,0,3,11,0,2012,12,24,2,1,96,45,3.828641396489095,3.9512437185814275,10.641870970494749,4.574710978503383,3.9889840465642745,1.791759469228055,2.995732273553991,1.0986122886681096,2.639057329615259,1.6094379124341003
4939,1946,Graduation,In a relationship,37760.0,0,0,2012-08-31,20,84,5,38,150,12,28,2,4,1,6,7,0,0,0,0,0,0,3,11,0,2012,8,31,0,0,317,79,4.382026634673881,3.044522437723423,10.539032102959615,5.762051382780177,4.442651256490317,1.791759469228055,3.6635616461296463,5.017279836814924,2.5649493574615367,3.367295829986474
6565,1949,Master,In a relationship,76995.0,0,1,2013-03-28,91,1012,80,498,0,16,176,2,11,4,9,5,0,0,0,1,0,0,3,11,0,2013,3,28,1,1,1782,76,4.343805421853684,4.5217885770490405,11.251508751434526,7.48605261786314,6.920671504248683,4.394449154672439,6.212606095751519,0.0,2.833213344056216,5.176149732573829
2278,1985,2n Cycle,Single,33812.0,1,0,2012-11-03,86,4,17,19,30,24,39,2,2,1,3,6,0,0,0,0,0,0,3,11,0,2012,11,3,1,1,133,40,3.713572066704308,4.465908118654584,10.428600622910189,4.897839799950911,1.6094379124341003,2.8903717578961645,2.995732273553991,3.4339872044851463,3.2188758248682006,3.6888794541139363
9360,1982,Graduation,In a relationship,37040.0,0,0,2012-08-08,41,86,2,73,69,38,48,1,4,2,5,8,0,0,0,0,0,0,3,11,0,2012,8,8,0,0,316,43,3.784189633918261,3.7376696182833684,10.519780686235853,5.75890177387728,4.465908118654584,1.0986122886681096,4.304065093204169,4.248495242049359,3.6635616461296463,3.8918202981106265
1993,1949,PhD,In a relationship,58607.0,0,1,2012-12-23,63,867,0,86,0,0,19,3,2,3,9,8,0,1,0,0,0,0,3,11,0,2012,12,23,1,1,972,76,4.343805421853684,4.1588830833596715,10.978626485018596,6.880384082186005,6.7661917146603505,0.0,4.465908118654584,0.0,0.0,2.995732273553991
4047,1954,PhD,In a relationship,65324.0,0,1,2014-01-11,0,384,0,102,21,32,5,3,6,2,9,4,0,0,0,0,0,0,3,11,0,2014,1,11,1,1,544,71,4.276666119016055,0.0,11.087130090388813,6.300785794663244,5.953243334287785,0.0,4.634728988229636,3.091042453358316,3.4965075614664802,1.791759469228055
1409,1951,Graduation,In a relationship,40689.0,0,1,2013-03-18,69,270,3,27,39,6,99,7,7,1,5,8,0,0,0,0,0,0,3,11,0,2013,3,18,1,1,444,74,4.31748811353631,4.248495242049359,10.613737640995735,6.09807428216624,5.602118820879701,1.3862943611198906,3.332204510175204,3.6888794541139363,1.9459101490553132,4.605170185988092
7892,1969,Graduation,Single,18589.0,0,0,2013-01-02,89,6,4,25,15,12,13,2,2,1,3,7,0,0,0,0,0,0,3,11,0,2013,1,2,0,0,75,56,4.04305126783455,4.499809670330265,9.83037908071549,4.330733340286331,1.9459101490553132,1.6094379124341003,3.258096538021482,2.772588722239781,2.5649493574615367,2.639057329615259
2404,1976,Graduation,In a relationship,53359.0,1,1,2013-05-27,4,173,4,30,3,6,41,4,5,1,4,7,0,0,0,0,0,0,3,11,0,2013,5,27,2,1,257,49,3.912023005428146,1.6094379124341003,10.884816680589505,5.552959584921617,5.159055299214529,1.6094379124341003,3.4339872044851463,1.3862943611198906,1.9459101490553132,3.7376696182833684
9422,1989,Graduation,In a relationship,38360.0,1,0,2013-05-31,26,36,2,42,20,21,10,2,2,1,4,3,0,0,0,0,0,0,3,11,0,2013,5,31,1,1,131,36,3.6109179126442243,3.295836866004329,10.554796597479278,4.882801922586371,3.6109179126442243,1.0986122886681096,3.7612001156935624,3.044522437723423,3.091042453358316,2.3978952727983707
1966,1965,PhD,In a relationship,84618.0,0,0,2013-11-22,96,684,100,801,21,66,0,1,6,9,10,2,0,0,1,0,0,0,3,11,0,2013,11,22,0,0,1672,60,4.110873864173311,4.574710978503383,11.345914106667006,7.422373700986824,6.529418838262226,4.61512051684126,6.687108607866515,3.091042453358316,4.204692619390966,0.0
6864,1989,Master,Single,10979.0,0,0,2014-05-22,34,8,4,10,2,2,4,2,3,0,3,5,0,0,0,0,0,0,3,11,0,2014,5,22,0,0,30,36,3.6109179126442243,3.5553480614894135,9.30383071506352,3.4339872044851463,2.1972245773362196,1.6094379124341003,2.3978952727983707,1.0986122886681096,1.0986122886681096,1.6094379124341003
3033,1963,Master,In a relationship,38620.0,0,0,2013-05-11,56,112,17,44,34,22,89,1,2,5,3,3,0,0,0,0,0,0,3,11,0,2013,5,11,0,0,318,62,4.143134726391533,4.04305126783455,10.561551448966803,5.765191102784844,4.727387818712341,2.8903717578961645,3.8066624897703196,3.5553480614894135,3.1354942159291497,4.499809670330265
5710,1970,Graduation,In a relationship,40548.0,0,1,2012-10-10,31,110,0,5,2,0,3,2,2,1,4,5,0,1,0,0,0,0,3,11,0,2012,10,10,1,1,120,55,4.02535169073515,3.4657359027997265,10.61026639832702,4.795790545596741,4.709530201312334,0.0,1.791759469228055,1.0986122886681096,0.0,1.3862943611198906
7373,1952,PhD,Single,46610.0,0,2,2012-10-29,8,96,12,96,33,22,43,6,4,1,6,6,0,0,0,0,0,0,3,11,1,2012,10,29,2,1,302,73,4.304065093204169,2.1972245773362196,10.749591843760111,5.713732805509369,4.574710978503383,2.5649493574615367,4.574710978503383,3.5263605246161616,3.1354942159291497,3.784189633918261
8755,1946,Master,In a relationship,68657.0,0,0,2013-02-20,4,482,34,471,119,68,22,1,3,5,9,7,0,0,0,0,0,0,3,11,0,2013,2,20,0,0,1196,79,4.382026634673881,1.6094379124341003,11.13689293754577,7.087573705557973,6.180016653652572,3.5553480614894135,6.156978985585555,4.787491742782046,4.23410650459726,3.1354942159291497
10738,1951,Master,Single,49389.0,1,1,2013-08-29,55,40,0,19,2,1,3,1,2,0,3,7,0,0,0,0,0,0,3,11,0,2013,8,29,2,1,65,74,4.31748811353631,4.02535169073515,10.807503253534671,4.189654742026425,3.713572066704308,0.0,2.995732273553991,1.0986122886681096,0.6931471805599453,1.3862943611198906
4339,1970,PhD,In a relationship,67353.0,0,1,2013-12-31,37,702,17,151,0,8,35,5,5,6,12,2,0,0,0,0,0,0,3,11,0,2013,12,31,1,1,913,55,4.02535169073515,3.6375861597263857,11.117717571314712,6.81783057145415,6.555356891810665,2.8903717578961645,5.0238805208462765,0.0,2.1972245773362196,3.58351893845611
10755,1976,2n Cycle,In a relationship,23718.0,1,0,2013-09-02,76,6,3,14,15,7,36,3,3,1,2,7,0,0,0,0,0,0,3,11,0,2013,9,2,1,1,81,49,3.912023005428146,4.343805421853684,10.074031693706946,4.406719247264253,1.9459101490553132,1.3862943611198906,2.70805020110221,2.772588722239781,2.0794415416798357,3.6109179126442243
8595,1973,Graduation,Single,42429.0,0,1,2014-02-11,99,55,0,6,2,0,4,2,1,1,3,5,0,0,0,0,0,0,3,11,0,2014,2,11,1,1,67,52,3.970291913552122,4.605170185988092,10.65561093819637,4.219507705176107,4.02535169073515,0.0,1.9459101490553132,1.0986122886681096,0.0,1.6094379124341003
2968,1943,PhD,Single,48948.0,0,0,2013-02-01,53,437,8,206,160,49,42,2,7,10,5,6,1,0,0,0,0,0,3,11,1,2013,2,1,0,0,902,82,4.418840607796598,3.9889840465642745,10.79853421874079,6.805722553416985,6.082218910376446,2.1972245773362196,5.332718793265369,5.081404364984463,3.912023005428146,3.7612001156935624
8601,1980,Graduation,In a relationship,80011.0,0,1,2013-04-29,3,421,76,536,82,178,102,2,8,6,5,4,0,0,0,0,0,0,3,11,0,2013,4,29,1,1,1395,45,3.828641396489095,1.3862943611198906,11.289931902407144,7.241366283322318,6.045005314036012,4.343805421853684,6.285998094508865,4.418840607796598,5.187385805840755,4.634728988229636
503,1985,Master,In a relationship,20559.0,1,0,2013-03-12,88,13,1,29,3,0,7,2,2,0,3,8,0,0,0,0,0,0,3,11,0,2013,3,12,1,1,53,40,3.713572066704308,4.48863636973214,9.931102719569102,3.9889840465642745,2.639057329615259,0.6931471805599453,3.4011973816621555,1.3862943611198906,0.0,2.0794415416798357
8430,1957,Graduation,In a relationship,21994.0,0,1,2012-12-24,4,9,0,6,3,1,3,1,0,0,3,5,0,0,0,0,0,0,3,11,0,2012,12,24,1,1,22,68,4.23410650459726,1.6094379124341003,9.99857043378282,3.1354942159291497,2.302585092994046,0.0,1.9459101490553132,1.3862943611198906,0.6931471805599453,1.3862943611198906
2139,1975,Master,In a relationship,7500.0,1,0,2013-10-02,19,3,1,10,3,2,12,3,2,0,3,5,0,0,0,0,0,0,3,11,0,2013,10,2,1,1,31,50,3.9318256327243257,2.995732273553991,8.922791623969637,3.4657359027997265,1.3862943611198906,0.6931471805599453,2.3978952727983707,1.3862943611198906,1.0986122886681096,2.5649493574615367
1371,1976,Graduation,Single,79941.0,0,0,2014-06-28,72,123,164,266,227,30,174,1,2,4,9,1,0,0,0,0,0,0,3,11,0,2014,6,28,0,0,984,49,3.912023005428146,4.290459441148391,11.289056650716423,6.892641641172089,4.820281565605037,5.10594547390058,5.58724865840025,5.429345628954441,3.4339872044851463,5.1647859739235145
9909,1996,2n Cycle,In a relationship,7500.0,0,0,2012-11-09,24,3,18,14,15,22,50,3,3,1,3,9,0,0,0,0,0,0,3,11,1,2012,11,9,0,0,122,29,3.4011973816621555,3.2188758248682006,8.922791623969637,4.812184355372417,1.3862943611198906,2.9444389791664403,2.70805020110221,2.772588722239781,3.1354942159291497,3.9318256327243257
7286,1968,Graduation,In a relationship,41728.0,1,0,2013-05-24,92,13,6,15,3,5,13,1,2,0,2,10,0,0,0,0,0,0,3,11,0,2013,5,24,1,1,55,57,4.060443010546419,4.532599493153256,10.638951609723101,4.02535169073515,2.639057329615259,1.9459101490553132,2.772588722239781,1.3862943611198906,1.791759469228055,2.639057329615259
6566,1954,PhD,In a relationship,72550.0,1,1,2012-11-08,39,826,50,317,50,38,38,9,5,2,12,8,0,0,0,0,0,0,3,11,0,2012,11,8,2,1,1319,71,4.276666119016055,3.6888794541139363,11.19204504181486,7.1853870155804165,6.717804695023691,3.9318256327243257,5.762051382780177,3.9318256327243257,3.6635616461296463,3.6635616461296463
8614,1957,Graduation,Single,65486.0,0,1,2014-05-12,29,245,19,125,37,67,14,1,4,2,10,2,0,0,0,0,0,0,3,11,0,2014,5,12,1,1,507,68,4.23410650459726,3.4011973816621555,11.089606928642473,6.230481447578482,5.5053315359323625,2.995732273553991,4.836281906951478,3.6375861597263857,4.219507705176107,2.70805020110221
4114,1964,Master,In a relationship,79143.0,0,0,2012-08-11,2,650,37,780,27,167,32,1,6,9,13,3,0,0,0,0,0,0,3,11,0,2012,8,11,0,0,1693,61,4.127134385045092,1.0986122886681096,11.279024257003059,7.434847875211999,6.478509642208569,3.6375861597263857,6.660575149839686,3.332204510175204,5.123963979403259,3.4965075614664802
1331,1977,Graduation,Single,35790.0,1,0,2013-01-02,54,12,6,20,30,1,3,2,2,0,3,7,0,0,0,0,0,0,3,11,0,2013,1,2,1,1,72,48,3.8918202981106265,4.007333185232471,10.485451744135313,4.290459441148391,2.5649493574615367,1.9459101490553132,3.044522437723423,3.4339872044851463,0.6931471805599453,1.3862943611198906
2225,1977,Graduation,Single,82582.0,0,0,2014-06-07,54,510,120,550,156,40,241,1,4,9,7,1,1,0,0,1,0,0,3,11,1,2014,6,7,0,0,1617,48,3.8918202981106265,4.007333185232471,11.321559127189037,7.388946097618437,6.236369590203704,4.795790545596741,6.311734809152915,5.056245805348308,3.713572066704308,5.488937726156687
9381,1978,Graduation,In a relationship,66373.0,1,1,2013-06-12,57,328,9,124,12,24,109,7,4,2,10,3,0,0,0,0,0,0,3,11,0,2013,6,12,2,1,606,47,3.8712010109078907,4.060443010546419,11.103060692517378,6.408528791059498,5.796057750765372,2.302585092994046,4.8283137373023015,2.5649493574615367,3.2188758248682006,4.700480365792417
6260,1955,Master,In a relationship,82384.0,0,0,2012-11-19,55,984,51,432,180,120,190,1,3,10,13,1,0,0,1,0,0,0,3,11,1,2012,11,19,0,0,1957,70,4.2626798770413155,4.02535169073515,11.319158660491532,7.579678823090456,6.892641641172089,3.9512437185814275,6.07073772800249,5.198497031265826,4.795790545596741,5.25227342804663
10383,1966,Graduation,Single,70287.0,0,0,2013-04-02,30,295,35,482,121,120,40,1,5,5,10,3,0,0,0,0,0,0,3,11,1,2013,4,2,0,0,1093,59,4.0943445622221,3.4339872044851463,11.160356366215561,6.9975959829819265,5.69035945432406,3.58351893845611,6.180016653652572,4.804021044733257,4.795790545596741,3.713572066704308
7437,1988,Graduation,Single,27938.0,1,0,2014-04-28,31,13,0,8,2,1,5,1,1,0,4,3,0,0,0,0,0,0,3,11,0,2014,4,28,1,1,29,37,3.6375861597263857,3.4657359027997265,10.237778841189767,3.4011973816621555,2.639057329615259,0.0,2.1972245773362196,1.0986122886681096,0.6931471805599453,1.791759469228055
8375,1968,PhD,In a relationship,55954.0,0,1,2014-03-03,63,447,0,28,0,0,43,3,8,2,6,7,0,0,0,0,0,0,3,11,0,2014,3,3,1,1,518,57,4.060443010546419,4.1588830833596715,10.932303075252127,6.251903883165888,6.104793232414985,0.0,3.367295829986474,0.0,0.0,3.784189633918261
6853,1982,Master,Single,75777.0,0,0,2013-07-04,12,712,26,538,69,13,80,1,3,6,11,1,0,1,1,0,0,0,3,11,1,2013,7,4,0,0,1438,43,3.784189633918261,2.5649493574615367,11.2355632920364,7.271703706887368,6.569481420414296,3.295836866004329,6.289715570908998,4.248495242049359,2.639057329615259,4.394449154672439
3076,1975,Graduation,In a relationship,66653.0,1,1,2012-09-07,18,452,18,102,16,18,6,4,4,2,12,3,0,0,0,0,0,0,3,11,0,2012,9,7,2,1,612,50,3.9318256327243257,2.9444389791664403,11.107270338809778,6.418364935936212,6.115892125483034,2.9444389791664403,4.634728988229636,2.833213344056216,2.9444389791664403,1.9459101490553132
1012,1952,Graduation,Single,61823.0,0,1,2013-02-18,26,523,7,134,37,14,169,4,8,2,10,7,0,0,0,0,0,0,3,11,0,2013,2,18,1,1,884,73,4.304065093204169,3.295836866004329,11.03204691757219,6.785587645007929,6.261491684321042,2.0794415416798357,4.90527477843843,3.6375861597263857,2.70805020110221,5.135798437050262
6518,1951,PhD,Single,67680.0,0,1,2013-06-11,8,546,0,48,0,6,6,1,7,3,8,5,0,0,0,0,0,0,3,11,0,2013,6,11,1,1,606,74,4.31748811353631,2.1972245773362196,11.122560769584661,6.408528791059498,6.304448802421981,0.0,3.8918202981106265,0.0,1.9459101490553132,1.9459101490553132
4137,1948,Graduation,In a relationship,70666.0,0,0,2013-12-06,29,398,40,367,119,122,30,1,7,4,4,4,0,0,0,0,0,0,3,11,0,2013,12,6,0,0,1076,77,4.356708826689592,3.4011973816621555,11.165733981956047,6.981934677156389,5.988961416889864,3.713572066704308,5.908082938168931,4.787491742782046,4.812184355372417,3.4339872044851463
8082,1971,Graduation,In a relationship,25721.0,1,0,2013-05-21,75,1,3,6,3,6,15,1,1,1,2,7,0,0,0,0,0,0,3,11,1,2013,5,21,1,1,34,54,4.007333185232471,4.330733340286331,10.155101935826032,3.5553480614894135,0.6931471805599453,1.3862943611198906,1.9459101490553132,1.3862943611198906,1.9459101490553132,2.772588722239781
1386,1967,Graduation,In a relationship,32474.0,1,1,2014-05-11,0,10,0,1,0,0,0,1,1,0,2,7,0,0,0,0,0,0,3,11,0,2014,5,11,2,1,11,58,4.07753744390572,0.0,10.3882258415388,2.4849066497880004,2.3978952727983707,0.0,0.6931471805599453,0.0,0.0,0.0
9369,1979,2n Cycle,Single,88194.0,0,1,2014-03-19,19,688,14,309,201,24,38,1,11,10,10,5,1,0,0,1,0,0,3,11,1,2014,3,19,1,1,1274,46,3.8501476017100584,2.995732273553991,11.387305551045577,7.150701457592526,6.535241271013659,2.70805020110221,5.736572297479192,5.308267697401205,3.2188758248682006,3.6635616461296463
4477,1958,Graduation,In a relationship,69096.0,0,1,2013-09-27,4,247,49,159,7,82,109,1,5,2,10,4,0,0,0,0,0,0,3,11,0,2013,9,27,1,1,653,67,4.219507705176107,1.6094379124341003,11.143266593473202,6.483107351457199,5.5134287461649825,3.912023005428146,5.075173815233827,2.0794415416798357,4.418840607796598,4.700480365792417
1357,1970,Graduation,In a relationship,74854.0,1,2,2013-04-08,90,856,59,487,58,29,73,7,2,5,5,5,0,0,0,0,0,0,3,11,0,2013,4,8,3,1,1562,55,4.02535169073515,4.51085950651685,11.223308187883937,7.354362330421477,6.75343791859778,4.0943445622221,6.1903154058531475,4.07753744390572,3.4011973816621555,4.304065093204169
1402,1954,Master,In a relationship,66991.0,0,0,2012-09-11,1,496,36,460,189,60,12,3,4,8,6,3,0,0,0,0,0,0,3,11,0,2012,9,11,0,0,1253,71,4.276666119016055,0.6931471805599453,11.112328488258925,7.134093721192866,6.208590026096629,3.6109179126442243,6.133398042996649,5.247024072160486,4.110873864173311,2.5649493574615367
6312,1959,Graduation,In a relationship,65031.0,0,1,2013-03-17,29,258,107,291,84,37,86,4,10,3,13,7,0,0,0,0,0,0,3,11,0,2013,3,17,1,1,863,66,4.204692619390966,3.4011973816621555,11.082634735426408,6.761572768804055,5.556828061699537,4.68213122712422,5.676753802268282,4.442651256490317,3.6375861597263857,4.465908118654584
8132,1975,PhD,In a relationship,60631.0,1,1,2013-04-05,88,565,6,65,0,6,19,5,9,2,8,7,0,1,0,0,0,0,3,11,0,2013,4,5,2,1,661,50,3.9318256327243257,4.48863636973214,11.012578085491866,6.495265555937008,6.338594078203183,1.9459101490553132,4.189654742026425,0.0,1.9459101490553132,2.995732273553991
1050,1952,Graduation,In a relationship,28332.0,0,0,2014-04-30,58,14,10,13,4,15,9,1,2,1,4,2,0,0,0,0,0,0,3,11,0,2014,4,30,0,0,65,73,4.304065093204169,4.07753744390572,10.251782482029256,4.189654742026425,2.70805020110221,2.3978952727983707,2.639057329615259,1.6094379124341003,2.772588722239781,2.302585092994046
5846,1977,Graduation,Single,40246.0,1,0,2012-12-19,68,2,1,6,2,1,1,1,1,0,2,6,0,0,0,0,0,0,3,11,0,2012,12,19,1,1,13,48,3.8918202981106265,4.23410650459726,10.60279074590741,2.639057329615259,1.0986122886681096,0.6931471805599453,1.9459101490553132,1.0986122886681096,0.6931471805599453,0.6931471805599453
1859,1972,Master,In a relationship,75251.0,0,0,2012-08-27,34,721,111,925,97,18,18,1,7,6,5,5,0,0,0,0,0,0,3,11,1,2012,8,27,0,0,1890,53,3.9889840465642745,3.5553480614894135,11.228597760331022,7.544861068658458,6.582025138892826,4.718498871295094,6.8308742346461795,4.584967478670572,2.9444389791664403,2.9444389791664403
7503,1976,Graduation,Single,75825.0,0,0,2012-10-12,40,1032,105,779,137,105,51,0,5,8,9,4,1,0,0,0,0,0,3,11,1,2012,10,12,0,0,2209,49,3.912023005428146,3.713572066704308,11.236196520732264,7.700747794511798,6.940222469119639,4.663439094112067,6.659293919683638,4.927253685157205,4.663439094112067,3.9512437185814275
10401,1976,2n Cycle,In a relationship,26326.0,0,0,2013-09-04,12,1,0,5,0,3,9,1,0,0,3,3,0,0,0,0,0,1,3,11,0,2013,9,4,0,0,18,49,3.912023005428146,2.5649493574615367,10.17835030752565,2.9444389791664403,0.6931471805599453,0.0,1.791759469228055,0.0,1.3862943611198906,2.302585092994046
1618,1965,Graduation,In a relationship,56046.0,0,0,2013-01-02,9,577,0,64,0,0,51,2,10,1,8,8,1,0,0,0,0,0,3,11,1,2013,1,2,0,0,692,60,4.110873864173311,2.302585092994046,10.933945903428258,6.541029999189903,6.359573868672378,0.0,4.174387269895637,0.0,0.0,3.9512437185814275
3332,1985,Graduation,Single,29760.0,1,0,2012-08-29,87,64,4,68,7,5,17,4,3,1,4,8,0,0,0,0,0,0,3,11,0,2012,8,29,1,1,165,40,3.713572066704308,4.477336814478207,10.300954090533025,5.111987788356544,4.174387269895637,1.6094379124341003,4.23410650459726,2.0794415416798357,1.791759469228055,2.8903717578961645
2261,1969,Graduation,In a relationship,26304.0,1,0,2013-06-23,5,4,1,5,2,0,4,1,1,0,2,7,0,0,0,0,0,0,3,11,0,2013,6,23,1,1,16,56,4.04305126783455,1.791759469228055,10.177514314164908,2.833213344056216,1.6094379124341003,0.6931471805599453,1.791759469228055,1.0986122886681096,0.0,1.6094379124341003
5346,1973,2n Cycle,In a relationship,23559.0,1,0,2013-07-03,87,25,5,19,7,0,23,3,3,0,3,7,0,0,0,0,0,0,3,11,0,2013,7,3,1,1,79,52,3.970291913552122,4.477336814478207,10.067305637765523,4.382026634673881,3.258096538021482,1.791759469228055,2.995732273553991,2.0794415416798357,0.0,3.1780538303479458
4119,1963,Master,In a relationship,38620.0,0,0,2013-05-11,56,112,17,44,34,22,89,1,2,5,3,3,0,0,0,0,0,0,3,11,0,2013,5,11,0,0,318,62,4.143134726391533,4.04305126783455,10.561551448966803,5.765191102784844,4.727387818712341,2.8903717578961645,3.8066624897703196,3.5553480614894135,3.1354942159291497,4.499809670330265
535,1987,Graduation,Single,81361.0,0,0,2014-02-25,18,163,23,424,27,65,76,1,3,10,13,1,0,0,0,0,0,0,3,11,0,2014,2,25,0,0,778,38,3.6635616461296463,2.9444389791664403,11.306663612524535,6.658011045870748,5.099866427824199,3.1780538303479458,6.052089168924417,3.332204510175204,4.189654742026425,4.343805421853684
5268,1960,Graduation,In a relationship,29440.0,1,1,2013-08-11,95,17,8,14,10,4,3,2,1,0,4,7,0,0,0,0,0,0,3,11,0,2013,8,11,2,1,56,65,4.189654742026425,4.564348191467836,10.290143539657238,4.04305126783455,2.8903717578961645,2.1972245773362196,2.70805020110221,2.3978952727983707,1.6094379124341003,1.3862943611198906
273,1970,Master,In a relationship,36138.0,1,1,2013-07-16,48,130,0,16,0,0,5,5,3,1,4,7,0,1,0,0,0,0,3,11,0,2013,7,16,2,1,151,55,4.02535169073515,3.8918202981106265,10.495127893591839,5.0238805208462765,4.875197323201151,0.0,2.833213344056216,0.0,0.0,1.791759469228055
4452,1957,Graduation,Single,50388.0,0,1,2014-05-28,3,292,6,37,0,3,34,4,6,1,6,7,0,1,0,1,0,0,3,11,1,2014,5,28,1,1,372,68,4.23410650459726,1.3862943611198906,10.827528176270343,5.921578419643816,5.680172609017068,1.9459101490553132,3.6375861597263857,0.0,1.3862943611198906,3.5553480614894135
8504,1973,Graduation,In a relationship,79593.0,0,0,2014-05-12,70,350,60,568,110,133,145,1,5,6,7,2,0,0,1,0,0,0,3,11,0,2014,5,12,0,0,1366,52,3.970291913552122,4.2626798770413155,11.284693992107073,7.220373836723949,5.860786223465865,4.110873864173311,6.343880434126331,4.709530201312334,4.897839799950911,4.983606621708336
771,1967,Graduation,In a relationship,54178.0,0,1,2014-01-21,79,135,9,39,4,0,7,1,2,2,5,2,0,0,0,0,0,0,3,11,0,2014,1,21,1,1,194,58,4.07753744390572,4.382026634673881,10.900048658473553,5.272999558563747,4.912654885736052,2.302585092994046,3.6888794541139363,1.6094379124341003,0.0,2.0794415416798357
11178,1972,Master,Single,42394.0,1,0,2014-03-23,69,15,2,10,0,1,4,1,1,0,3,7,0,0,0,0,0,0,3,11,0,2014,3,23,1,1,32,53,3.9889840465642745,4.248495242049359,10.654785709738103,3.4965075614664802,2.772588722239781,1.0986122886681096,2.3978952727983707,0.0,0.6931471805599453,1.6094379124341003
2230,1970,PhD,In a relationship,23626.0,1,0,2014-05-24,84,27,2,14,0,0,0,3,3,1,3,5,0,0,0,0,0,0,3,11,0,2014,5,24,1,1,43,55,4.02535169073515,4.442651256490317,10.070145404863476,3.784189633918261,3.332204510175204,1.0986122886681096,2.70805020110221,0.0,0.0,0.0
7516,1983,Graduation,In a relationship,30096.0,1,0,2014-05-22,30,5,3,11,12,5,9,1,2,0,3,6,0,0,0,0,0,0,3,11,0,2014,5,22,1,1,45,42,3.7612001156935624,3.4339872044851463,10.312180777995717,3.828641396489095,1.791759469228055,1.3862943611198906,2.4849066497880004,2.5649493574615367,1.791759469228055,2.302585092994046
7247,1960,Graduation,Single,47916.0,0,1,2012-11-22,72,505,0,26,0,0,75,5,7,4,6,6,0,1,0,0,0,0,3,11,0,2012,11,22,1,1,606,65,4.189654742026425,4.290459441148391,10.77722562648903,6.408528791059498,6.226536669287466,0.0,3.295836866004329,0.0,0.0,4.330733340286331
11100,1972,Graduation,Single,51813.0,1,1,2013-04-11,37,51,2,7,0,1,2,2,2,0,3,7,0,0,0,0,0,0,3,11,0,2013,4,11,2,1,63,53,3.9889840465642745,3.6375861597263857,10.855415662001414,4.1588830833596715,3.9512437185814275,1.0986122886681096,2.0794415416798357,0.0,0.6931471805599453,1.0986122886681096
4646,1951,2n Cycle,In a relationship,78497.0,0,0,2013-12-01,44,207,26,447,75,0,223,1,5,7,12,2,0,0,0,1,0,0,3,11,0,2013,12,1,0,0,978,74,4.31748811353631,3.8066624897703196,11.270828425738932,6.88653164253051,5.337538079701318,3.295836866004329,6.104793232414985,4.330733340286331,0.0,5.4116460518550396
3037,1983,PhD,In a relationship,50150.0,0,0,2013-06-20,32,135,46,92,65,61,11,2,5,2,7,5,0,0,0,0,0,0,3,11,0,2013,6,20,0,0,410,42,3.7612001156935624,3.4965075614664802,10.822793733370741,6.018593214496234,4.912654885736052,3.8501476017100584,4.532599493153256,4.189654742026425,4.127134385045092,2.4849066497880004
1473,1960,2n Cycle,Single,47823.0,0,1,2013-07-23,0,53,1,5,2,1,10,2,2,0,3,8,0,0,0,0,0,0,3,11,0,2013,7,23,1,1,72,65,4.189654742026425,0.0,10.775282884523719,4.290459441148391,3.9889840465642745,0.6931471805599453,1.791759469228055,1.0986122886681096,0.6931471805599453,2.3978952727983707
1016,1959,PhD,Single,34554.0,0,1,2014-03-30,43,41,1,6,2,0,5,2,2,0,3,6,0,0,0,0,0,0,3,11,0,2014,3,30,1,1,55,66,4.204692619390966,3.784189633918261,10.450307536525495,4.02535169073515,3.7376696182833684,0.6931471805599453,1.9459101490553132,1.0986122886681096,0.0,1.791759469228055
4518,1979,Graduation,In a relationship,85693.0,0,1,2013-04-20,59,386,172,183,185,132,111,2,9,5,11,5,0,0,0,0,0,0,3,11,0,2013,4,20,1,1,1169,46,3.8501476017100584,4.0943445622221,11.358538090466329,7.064759027791802,5.958424693029782,5.153291594497779,5.214935757608986,5.225746673713202,4.890349128221754,4.718498871295094
9370,1945,PhD,In a relationship,65846.0,0,0,2013-05-17,68,562,81,276,80,40,81,1,6,3,6,4,0,0,0,0,0,0,3,11,0,2013,5,17,0,0,1120,80,4.394449154672439,4.23410650459726,11.095089148047066,7.02197642307216,6.333279628139691,4.406719247264253,5.6240175061873385,4.394449154672439,3.713572066704308,4.406719247264253
8908,1959,Graduation,In a relationship,87195.0,0,0,2014-05-08,35,217,76,690,50,26,38,1,3,11,5,1,0,0,0,0,0,0,3,11,1,2014,5,8,0,0,1097,66,4.204692619390966,3.58351893845611,11.375913737285305,7.001245622069476,5.384495062789089,4.343805421853684,6.53813982376767,3.9318256327243257,3.295836866004329,3.6635616461296463
8373,1979,Basic,In a relationship,24594.0,1,0,2013-12-10,94,1,3,6,10,0,9,1,1,0,3,5,0,0,0,0,0,0,3,11,0,2013,12,10,1,1,29,46,3.8501476017100584,4.553876891600541,10.11029844922944,3.4011973816621555,0.6931471805599453,1.3862943611198906,1.9459101490553132,2.3978952727983707,0.0,2.302585092994046
7533,1964,Graduation,In a relationship,49096.0,1,1,2013-09-24,15,144,1,32,2,1,7,4,4,1,4,7,0,0,0,0,0,0,3,11,0,2013,9,24,2,1,187,61,4.127134385045092,2.772588722239781,10.80155321211961,5.236441962829949,4.976733742420574,0.6931471805599453,3.4965075614664802,1.0986122886681096,0.6931471805599453,2.0794415416798357
2683,1969,Graduation,In a relationship,52413.0,0,2,2013-02-02,56,295,106,271,75,98,65,4,6,4,12,6,0,0,0,0,0,0,3,11,0,2013,2,2,2,1,910,56,4.04305126783455,4.04305126783455,10.866929010196616,6.814542897259958,5.69035945432406,4.672828834461906,5.605802066295998,4.330733340286331,4.59511985013459,4.189654742026425
3629,1978,Graduation,Single,38557.0,1,0,2012-12-19,17,76,3,31,4,4,27,2,3,1,3,7,0,0,0,0,0,0,3,11,0,2012,12,19,1,1,145,47,3.8712010109078907,2.8903717578961645,10.559918880159413,4.983606621708336,4.343805421853684,1.3862943611198906,3.4657359027997265,1.6094379124341003,1.6094379124341003,3.332204510175204
10991,1960,Master,In a relationship,89058.0,0,0,2012-12-07,18,454,194,106,31,22,43,1,5,4,4,2,0,0,0,0,0,0,3,11,0,2012,12,7,0,0,850,65,4.189654742026425,2.9444389791664403,11.397054350427297,6.7464121285733745,6.12029741895095,5.272999558563747,4.672828834461906,3.4657359027997265,3.1354942159291497,3.784189633918261
5077,1979,Graduation,In a relationship,77298.0,0,1,2013-11-02,46,425,115,292,23,35,79,1,6,6,11,3,0,0,0,0,0,0,3,11,0,2013,11,2,1,1,969,46,3.8501476017100584,3.8501476017100584,11.255436297881227,6.877296071497429,6.054439346269371,4.7535901911063645,5.680172609017068,3.1780538303479458,3.58351893845611,4.382026634673881
7431,1991,PhD,Single,68126.0,0,0,2012-11-10,40,1332,17,311,23,51,86,1,7,4,5,9,0,1,0,0,0,0,3,11,1,2012,11,10,0,0,1820,34,3.5553480614894135,3.713572066704308,11.129128889332778,7.507141079727608,7.195187320178709,2.8903717578961645,5.7430031878094825,3.1780538303479458,3.9512437185814275,4.465908118654584
3267,1963,Master,In a relationship,57288.0,0,1,2014-06-25,27,527,0,21,0,0,60,3,8,1,8,6,0,1,0,0,0,0,3,11,0,2014,6,25,1,1,608,62,4.143134726391533,3.332204510175204,10.955863912197044,6.411818267709897,6.269096283706261,0.0,3.091042453358316,0.0,0.0,4.110873864173311
999,1991,Graduation,Single,86037.0,0,0,2013-01-02,95,490,44,125,29,20,22,1,6,7,11,3,0,1,1,0,0,0,3,11,1,2013,1,2,0,0,730,34,3.5553480614894135,4.564348191467836,11.362544338109172,6.594413459749778,6.19644412779452,3.8066624897703196,4.836281906951478,3.4011973816621555,3.044522437723423,3.1354942159291497
9215,1980,PhD,In a relationship,43974.0,1,0,2012-12-12,19,378,0,101,0,0,72,5,6,4,6,7,0,0,0,0,0,0,3,11,0,2012,12,12,1,1,551,45,3.828641396489095,2.995732273553991,10.691376569605758,6.313548046277095,5.937536205082426,0.0,4.624972813284271,0.0,0.0,4.290459441148391
2286,1962,Graduation,Single,50785.0,1,1,2013-09-10,27,64,1,21,0,1,27,2,2,1,3,6,0,0,0,0,0,0,3,11,0,2013,9,10,2,1,114,63,4.1588830833596715,3.332204510175204,10.835376005033337,4.74493212836325,4.174387269895637,0.6931471805599453,3.091042453358316,0.0,0.6931471805599453,3.332204510175204
1592,1970,Graduation,In a relationship,90765.0,0,0,2014-01-24,25,547,99,812,151,82,33,0,4,6,5,1,0,0,1,1,0,0,3,11,0,2014,1,24,0,0,1724,55,4.02535169073515,3.258096538021482,11.416040045126518,7.45298232946546,6.306275286948016,4.605170185988092,6.70073110954781,5.0238805208462765,4.418840607796598,3.5263605246161616
367,1978,2n Cycle,In a relationship,36550.0,1,0,2013-02-19,74,47,90,94,123,103,120,5,9,1,5,9,0,0,0,0,0,0,3,11,0,2013,2,19,1,1,577,47,3.8712010109078907,4.31748811353631,10.506463824584774,6.359573868672378,3.8712010109078907,4.51085950651685,4.553876891600541,4.820281565605037,4.6443908991413725,4.795790545596741
5234,1967,2n Cycle,In a relationship,30753.0,1,1,2013-07-11,85,12,5,25,0,9,30,2,1,1,3,5,0,0,0,0,0,0,3,11,0,2013,7,11,2,1,81,58,4.07753744390572,4.454347296253507,10.333775346075639,4.406719247264253,2.5649493574615367,1.791759469228055,3.258096538021482,0.0,2.302585092994046,3.4339872044851463
9862,1969,Graduation,In a relationship,21918.0,1,0,2013-11-14,37,1,6,7,11,5,3,2,2,0,3,6,0,0,0,0,0,0,3,11,0,2013,11,14,1,1,33,56,4.04305126783455,3.6375861597263857,9.995109119583352,3.5263605246161616,0.6931471805599453,1.9459101490553132,2.0794415416798357,2.4849066497880004,1.791759469228055,1.3862943611198906
9805,1953,Master,In a relationship,56129.0,0,1,2013-06-20,65,320,48,133,39,72,48,4,6,2,10,4,0,0,0,0,0,0,3,11,0,2013,6,20,1,1,660,72,4.290459441148391,4.189654742026425,10.935425707936245,6.493753839851687,5.771441123130016,3.8918202981106265,4.897839799950911,3.6888794541139363,4.290459441148391,3.8918202981106265
6205,1967,Master,Single,32557.0,1,0,2014-02-24,13,34,3,29,0,4,10,3,2,1,3,5,0,0,0,0,0,0,3,11,1,2014,2,24,1,1,80,58,4.07753744390572,2.639057329615259,10.390778393168455,4.394449154672439,3.5553480614894135,1.3862943611198906,3.4011973816621555,0.0,1.6094379124341003,2.3978952727983707
8442,1985,Master,In a relationship,19510.0,2,0,2013-09-04,63,9,0,7,3,4,7,2,1,0,3,7,0,0,0,0,0,0,3,11,0,2013,9,4,2,1,30,40,3.713572066704308,4.1588830833596715,9.878733688069898,3.4339872044851463,2.302585092994046,0.0,2.0794415416798357,1.3862943611198906,1.6094379124341003,2.0794415416798357
7386,1976,Graduation,Single,30992.0,1,0,2013-04-22,83,17,0,14,7,3,2,1,1,0,3,7,0,0,0,0,0,0,3,11,0,2013,4,22,1,1,43,49,3.912023005428146,4.430816798843313,10.341516651517555,3.784189633918261,2.8903717578961645,0.0,2.70805020110221,2.0794415416798357,1.3862943611198906,1.0986122886681096
7215,1983,Graduation,Single,101970.0,0,0,2013-03-12,69,722,27,102,44,72,168,0,6,8,13,2,0,1,1,1,0,0,3,11,1,2013,3,12,0,0,1135,42,3.7612001156935624,4.248495242049359,11.532443738116108,7.035268599281097,6.583409222158765,3.332204510175204,4.634728988229636,3.8066624897703196,4.290459441148391,5.1298987149230735
1491,1965,2n Cycle,In a relationship,71488.0,0,0,2013-02-18,87,162,33,124,40,28,172,2,3,4,7,1,0,0,0,0,0,0,3,11,0,2013,2,18,0,0,559,60,4.110873864173311,4.477336814478207,11.17729887069272,6.327936783729195,5.093750200806762,3.5263605246161616,4.8283137373023015,3.713572066704308,3.367295829986474,5.153291594497779
11071,1984,Graduation,Single,79607.0,0,0,2013-04-21,37,450,133,951,173,0,216,1,3,6,6,1,0,0,0,0,0,0,3,11,1,2013,4,21,0,0,1923,41,3.7376696182833684,3.6375861597263857,11.284869869294997,7.562161631225652,6.111467339502679,4.897839799950911,6.858565034791365,5.159055299214529,0.0,5.37989735354046
3381,1953,Master,In a relationship,54348.0,1,1,2014-06-08,51,70,0,16,0,0,4,2,2,0,4,6,0,0,0,0,0,0,3,11,0,2014,6,8,2,1,90,72,4.290459441148391,3.9512437185814275,10.903181493116058,4.51085950651685,4.2626798770413155,0.0,2.833213344056216,0.0,0.0,1.6094379124341003
11051,1956,PhD,In a relationship,77376.0,1,1,2014-05-10,72,492,19,110,16,12,12,4,6,3,10,4,0,0,0,0,0,0,3,11,0,2014,5,10,2,1,661,69,4.248495242049359,4.290459441148391,11.256444857795005,6.495265555937008,6.20050917404269,2.995732273553991,4.709530201312334,2.833213344056216,2.5649493574615367,2.5649493574615367
8026,1952,Graduation,In a relationship,62998.0,0,1,2013-09-30,10,120,58,73,65,89,58,5,5,4,5,5,0,0,0,0,0,0,3,11,0,2013,9,30,1,1,463,73,4.304065093204169,2.3978952727983707,11.050874132231819,6.139884552226255,4.795790545596741,4.07753744390572,4.304065093204169,4.189654742026425,4.499809670330265,4.07753744390572
433,1958,Master,Single,61331.0,1,1,2013-03-10,42,534,5,47,0,5,41,5,11,1,6,8,0,0,0,0,0,0,3,11,0,2013,3,10,2,1,632,67,4.219507705176107,3.7612001156935624,11.02405700855628,6.450470422144176,6.282266746896006,1.791759469228055,3.8712010109078907,0.0,1.791759469228055,3.7376696182833684
9597,1969,Graduation,In a relationship,73448.0,0,0,2014-02-10,10,236,106,189,23,41,130,1,7,2,9,4,0,0,0,0,0,0,3,11,0,2014,2,10,0,0,725,56,4.04305126783455,2.3978952727983707,11.204346566805462,6.587550014824796,5.4680601411351315,4.672828834461906,5.247024072160486,3.1780538303479458,3.7376696182833684,4.875197323201151
5290,1964,PhD,In a relationship,41551.0,1,1,2013-08-14,51,220,0,33,3,0,23,5,5,1,5,8,0,0,0,0,0,0,3,11,0,2013,8,14,2,1,279,61,4.127134385045092,3.9512437185814275,10.63470093390253,5.634789603169249,5.3981627015177525,0.0,3.5263605246161616,1.3862943611198906,0.0,3.1780538303479458
1685,1967,PhD,In a relationship,62981.0,0,0,2013-03-17,21,796,14,590,38,44,0,1,4,5,13,3,0,1,0,0,0,0,3,11,0,2013,3,17,0,0,1482,58,4.07753744390572,3.091042453358316,11.050604250263852,7.301822342137932,6.680854678790215,2.70805020110221,6.3818160174060985,3.6635616461296463,3.8066624897703196,0.0
5342,1976,Basic,Single,9548.0,1,0,2012-08-08,31,0,1,3,10,6,9,2,1,0,3,8,0,0,0,0,0,0,3,11,0,2012,8,8,1,1,29,49,3.912023005428146,3.4657359027997265,9.164191715950203,3.4011973816621555,0.0,0.6931471805599453,1.3862943611198906,2.3978952727983707,1.9459101490553132,2.302585092994046
9579,1959,PhD,In a relationship,33762.0,2,1,2013-07-07,61,53,1,34,2,0,16,3,2,2,2,8,0,0,0,0,0,0,3,11,0,2013,7,7,3,1,106,66,4.204692619390966,4.127134385045092,10.427120807321092,4.672828834461906,3.9889840465642745,0.6931471805599453,3.5553480614894135,1.0986122886681096,0.0,2.833213344056216
7660,1973,PhD,Single,35860.0,1,1,2014-05-19,37,15,0,8,4,2,20,2,1,1,2,5,1,0,0,0,0,0,3,11,1,2014,5,19,2,1,49,52,3.970291913552122,3.6375861597263857,10.487405632994516,3.912023005428146,2.772588722239781,0.0,2.1972245773362196,1.6094379124341003,1.0986122886681096,3.044522437723423
1461,1965,PhD,Single,36921.0,1,1,2013-07-28,74,17,1,12,3,1,4,2,2,0,3,7,0,0,0,0,0,0,3,11,0,2013,7,28,2,1,38,60,4.110873864173311,4.31748811353631,10.516562858330515,3.6635616461296463,2.8903717578961645,0.6931471805599453,2.5649493574615367,1.3862943611198906,0.6931471805599453,1.6094379124341003
821,1992,Master,Single,92859.0,0,0,2012-10-19,46,962,61,921,52,61,20,1,5,4,12,2,0,0,0,0,0,0,3,11,0,2012,10,19,0,0,2077,33,3.5263605246161616,3.8501476017100584,11.438848261573913,7.639161171659173,6.870053411798126,4.127134385045092,6.826545223556594,3.970291913552122,4.127134385045092,3.044522437723423
11084,1976,Master,In a relationship,65104.0,0,1,2013-11-14,4,738,0,232,13,20,50,2,3,5,7,7,0,0,0,0,0,0,3,11,1,2013,11,14,1,1,1053,49,3.912023005428146,1.6094379124341003,11.083756630162828,6.960347729101308,6.6052979209482015,0.0,5.4510384535657,2.639057329615259,3.044522437723423,3.9318256327243257
8690,1962,Graduation,In a relationship,86111.0,0,0,2013-04-19,73,399,28,756,36,40,126,1,5,7,10,2,0,0,0,0,0,0,3,11,0,2013,4,19,0,0,1385,63,4.1588830833596715,4.304065093204169,11.363404053526633,7.234177179749849,5.991464547107982,3.367295829986474,6.6293632534374485,3.6109179126442243,3.713572066704308,4.844187086458591
2937,1974,PhD,Single,68352.0,0,1,2013-08-28,47,614,16,132,43,33,33,3,8,5,9,6,0,0,0,0,0,0,3,11,0,2013,8,28,1,1,871,51,3.9512437185814275,3.8712010109078907,11.132440732922605,6.77078942390898,6.421622267806518,2.833213344056216,4.890349128221754,3.784189633918261,3.5263605246161616,3.5263605246161616
9701,1988,Graduation,In a relationship,41883.0,1,0,2013-03-19,13,32,34,41,73,16,116,3,4,2,3,7,0,0,0,0,0,0,3,11,0,2013,3,19,1,1,312,37,3.6375861597263857,2.639057329615259,10.642659171407352,5.746203190540153,3.4965075614664802,3.5553480614894135,3.7376696182833684,4.304065093204169,2.833213344056216,4.762173934797756
9949,1976,Graduation,In a relationship,59809.0,0,2,2012-10-18,36,598,16,141,32,41,49,3,3,3,6,8,0,0,0,0,0,0,3,11,0,2012,10,18,2,1,877,49,3.912023005428146,3.6109179126442243,10.998928150038603,6.777646593635117,6.395261598115449,2.833213344056216,4.955827057601261,3.4965075614664802,3.7376696182833684,3.912023005428146
10837,1975,Graduation,In a relationship,23957.0,1,0,2012-10-28,47,2,1,18,20,11,16,1,2,0,3,6,0,0,0,0,0,0,3,11,1,2012,10,28,1,1,68,50,3.9318256327243257,3.8712010109078907,10.084057576291276,4.23410650459726,1.0986122886681096,0.6931471805599453,2.9444389791664403,3.044522437723423,2.4849066497880004,2.833213344056216
3120,1981,Graduation,In a relationship,38547.0,1,0,2013-08-28,49,6,1,10,0,1,4,1,1,0,2,8,0,0,0,0,0,1,3,11,0,2013,8,28,1,1,22,44,3.8066624897703196,3.912023005428146,10.559659496971179,3.1354942159291497,1.9459101490553132,0.6931471805599453,2.3978952727983707,0.0,0.6931471805599453,1.6094379124341003
5885,1973,2n Cycle,In a relationship,35688.0,2,1,2012-08-22,94,73,3,90,12,1,32,7,4,1,4,8,0,0,0,0,0,0,3,11,0,2012,8,22,3,1,211,52,3.970291913552122,4.553876891600541,10.482597797038709,5.356586274672012,4.304065093204169,1.3862943611198906,4.51085950651685,2.5649493574615367,0.6931471805599453,3.4965075614664802
4050,1966,Master,In a relationship,49605.0,0,0,2014-06-21,65,42,16,29,12,20,8,1,2,1,4,3,0,0,0,0,0,0,3,11,0,2014,6,21,0,0,127,59,4.0943445622221,4.189654742026425,10.811867073138947,4.852030263919617,3.7612001156935624,2.833213344056216,3.4011973816621555,2.5649493574615367,3.044522437723423,2.1972245773362196
3830,1953,Master,In a relationship,59354.0,0,2,2014-04-24,59,295,21,78,39,13,13,1,4,4,7,3,0,0,0,0,0,0,3,11,0,2014,4,24,2,1,459,72,4.290459441148391,4.0943445622221,10.991291642487635,6.131226489483141,5.69035945432406,3.091042453358316,4.3694478524670215,3.6888794541139363,2.639057329615259,2.639057329615259
7987,1969,Graduation,In a relationship,65747.0,0,1,2014-03-07,96,346,17,48,23,13,13,4,8,1,6,6,0,1,0,0,0,0,3,11,0,2014,3,7,1,1,460,56,4.04305126783455,4.574710978503383,11.093584531326416,6.133398042996649,5.849324779946859,2.8903717578961645,3.8918202981106265,3.1780538303479458,2.639057329615259,2.639057329615259
7798,1972,2n Cycle,In a relationship,46344.0,0,1,2012-12-14,28,233,20,57,8,20,91,4,7,1,5,7,0,0,0,0,0,0,3,11,0,2012,12,14,1,1,429,53,3.9889840465642745,3.367295829986474,10.743868690309933,6.063785208687608,5.455321115357702,3.044522437723423,4.060443010546419,2.1972245773362196,3.044522437723423,4.5217885770490405
92,1988,Graduation,Single,34176.0,1,0,2014-05-12,12,5,7,24,19,14,20,4,3,0,4,6,0,0,0,0,0,0,3,11,0,2014,5,12,1,1,89,37,3.6375861597263857,2.5649493574615367,10.439308182191418,4.499809670330265,1.791759469228055,2.0794415416798357,3.2188758248682006,2.995732273553991,2.70805020110221,3.044522437723423
7055,1952,PhD,In a relationship,61010.0,0,1,2012-10-09,57,888,0,57,0,0,76,2,8,5,11,5,0,0,0,0,0,0,3,11,0,2012,10,9,1,1,1021,73,4.304065093204169,4.060443010546419,11.018809454767185,6.92951677076365,6.790097235513905,0.0,4.060443010546419,0.0,0.0,4.343805421853684
10240,1949,Graduation,In a relationship,69372.0,0,0,2013-02-19,10,997,26,269,34,13,42,1,10,4,6,4,0,1,1,0,0,0,3,11,1,2013,2,19,0,0,1381,76,4.343805421853684,2.3978952727983707,11.147253021804348,7.231287004327616,6.905753276311464,3.295836866004329,5.598421958998375,3.5553480614894135,2.639057329615259,3.7612001156935624
3025,1958,Graduation,Single,49967.0,0,1,2013-07-08,4,212,6,69,4,12,3,3,6,1,5,7,0,0,0,0,0,0,3,11,0,2013,7,8,1,1,306,67,4.219507705176107,1.6094379124341003,10.81913807952286,5.726847747587197,5.3612921657094255,1.9459101490553132,4.248495242049359,1.6094379124341003,2.5649493574615367,1.3862943611198906
9283,1978,Graduation,Single,60199.0,1,2,2013-09-12,49,8,1,7,2,0,0,1,0,0,3,4,0,0,0,0,0,0,3,11,0,2013,9,12,3,1,18,47,3.8712010109078907,3.912023005428146,11.005427631296913,2.9444389791664403,2.1972245773362196,0.6931471805599453,2.0794415416798357,1.0986122886681096,0.0,0.0
9970,1977,Graduation,In a relationship,55375.0,0,1,2013-10-17,3,42,11,57,10,28,14,1,1,1,6,2,0,0,0,0,0,0,3,11,0,2013,10,17,1,1,162,48,3.8918202981106265,1.3862943611198906,10.921901565875125,5.093750200806762,3.7612001156935624,2.4849066497880004,4.060443010546419,2.3978952727983707,3.367295829986474,2.70805020110221
2730,1955,Graduation,Single,80317.0,0,0,2013-08-20,64,536,11,387,149,91,57,1,3,4,10,1,0,0,0,0,0,0,3,11,0,2013,8,20,0,0,1231,70,4.2626798770413155,4.174387269895637,11.29374903421713,7.116394144093465,6.285998094508865,2.4849066497880004,5.961005339623274,5.0106352940962555,4.5217885770490405,4.060443010546419
2795,1958,Master,Single,30523.0,2,1,2013-07-01,0,5,0,3,0,0,5,1,1,0,2,7,0,0,0,0,0,0,3,11,0,2013,7,1,3,1,13,67,4.219507705176107,0.0,10.326268538409524,2.639057329615259,1.791759469228055,0.0,1.3862943611198906,0.0,0.0,1.791759469228055
9260,1945,PhD,In a relationship,70356.0,0,0,2012-11-05,20,1349,16,249,43,16,33,2,10,6,9,6,0,0,0,0,0,0,3,11,0,2012,11,5,0,0,1706,80,4.394449154672439,3.044522437723423,11.161337560080053,7.442492722794441,7.2078598714324755,2.833213344056216,5.521460917862246,3.784189633918261,2.833213344056216,3.5263605246161616
8182,1984,Graduation,In a relationship,23228.0,1,0,2014-01-05,91,53,3,49,7,4,5,4,3,0,4,8,0,0,0,0,0,0,3,11,0,2014,1,5,1,1,121,41,3.7376696182833684,4.5217885770490405,10.053156777054832,4.804021044733257,3.9889840465642745,1.3862943611198906,3.912023005428146,2.0794415416798357,1.6094379124341003,1.791759469228055
10095,1975,PhD,Single,74165.0,0,0,2013-05-01,9,1001,12,240,16,12,12,1,5,4,10,2,0,0,0,0,0,0,3,11,0,2013,5,1,0,0,1293,50,3.9318256327243257,2.302585092994046,11.214061103115878,7.165493475060845,6.90975328164481,2.5649493574615367,5.484796933490655,2.833213344056216,2.5649493574615367,2.5649493574615367
4370,1966,Graduation,In a relationship,43482.0,2,1,2013-11-13,83,18,1,32,6,3,28,3,2,0,4,6,0,0,0,0,0,0,3,11,0,2013,11,13,3,1,88,59,4.0943445622221,4.430816798843313,10.680125336095056,4.48863636973214,2.9444389791664403,0.6931471805599453,3.4965075614664802,1.9459101490553132,1.3862943611198906,3.367295829986474
10573,1953,Graduation,Single,62551.0,0,0,2013-11-18,27,125,16,98,134,21,27,1,6,7,4,3,1,0,0,0,0,0,3,11,0,2013,11,18,0,0,421,72,4.290459441148391,3.332204510175204,11.04375348980435,6.045005314036012,4.836281906951478,2.833213344056216,4.59511985013459,4.90527477843843,3.091042453358316,3.332204510175204
3712,1959,Graduation,Single,52332.0,0,0,2013-08-28,63,212,5,33,7,0,2,1,3,2,6,4,0,1,0,0,0,0,3,11,0,2013,8,28,0,0,259,66,4.204692619390966,4.1588830833596715,10.865382426215298,5.560681631015528,5.3612921657094255,1.791759469228055,3.5263605246161616,2.0794415416798357,0.0,1.0986122886681096
6637,1988,Graduation,Single,66951.0,0,0,2013-11-02,46,277,162,305,173,76,124,1,3,4,7,1,0,0,0,0,0,0,3,11,0,2013,11,2,0,0,1117,37,3.6375861597263857,3.8501476017100584,11.11173122371271,7.0192966537150445,5.627621113690637,5.093750200806762,5.723585101952381,5.159055299214529,4.343805421853684,4.8283137373023015
3152,1957,Graduation,In a relationship,26091.0,1,1,2014-02-25,84,15,10,19,8,17,20,3,2,1,3,5,0,0,0,0,0,0,3,11,0,2014,2,25,2,1,89,68,4.23410650459726,4.442651256490317,10.169384032915987,4.499809670330265,2.772588722239781,2.3978952727983707,2.995732273553991,2.1972245773362196,2.8903717578961645,3.044522437723423
5610,1965,Graduation,In a relationship,33456.0,1,1,2014-04-21,58,7,3,10,8,1,7,2,1,0,3,7,0,0,0,0,0,0,3,11,0,2014,4,21,2,1,36,60,4.110873864173311,4.07753744390572,10.4180163112265,3.6109179126442243,2.0794415416798357,1.3862943611198906,2.3978952727983707,2.1972245773362196,0.6931471805599453,2.0794415416798357
6460,1982,Graduation,In a relationship,28718.0,1,0,2013-07-13,78,12,4,6,11,8,16,2,2,0,3,8,0,0,0,0,0,0,3,11,0,2013,7,13,1,1,57,43,3.784189633918261,4.3694478524670215,10.265314203614462,4.060443010546419,2.5649493574615367,1.6094379124341003,1.9459101490553132,2.4849066497880004,2.1972245773362196,2.833213344056216
1349,1970,Graduation,In a relationship,50447.0,2,0,2014-04-21,4,85,7,24,2,3,27,1,3,1,3,6,0,0,0,0,0,0,3,11,0,2014,4,21,2,1,148,55,4.02535169073515,1.6094379124341003,10.828698381784841,5.003946305945459,4.454347296253507,2.0794415416798357,3.2188758248682006,1.0986122886681096,1.3862943611198906,3.332204510175204
1880,1959,PhD,In a relationship,53537.0,1,1,2014-01-30,17,81,0,6,0,0,6,2,2,1,3,5,0,0,0,0,0,0,3,11,0,2014,1,30,2,1,93,66,4.204692619390966,2.8903717578961645,10.888146961128207,4.543294782270004,4.406719247264253,0.0,1.9459101490553132,0.0,0.0,1.9459101490553132
641,1967,Graduation,Single,52074.0,0,1,2014-04-04,77,59,0,12,0,0,48,1,2,2,2,4,1,0,0,0,0,0,3,11,0,2014,4,4,1,1,119,58,4.07753744390572,4.356708826689592,10.860440266129173,4.787491742782046,4.0943445622221,0.0,2.5649493574615367,0.0,0.0,3.8918202981106265
8717,1975,PhD,In a relationship,80427.0,0,1,2012-09-12,56,1149,71,449,69,71,26,1,11,8,8,5,0,0,0,0,0,0,3,11,0,2012,9,12,1,1,1835,50,3.9318256327243257,4.04305126783455,11.295117653245537,7.515344571180436,7.047517221357296,4.276666119016055,6.1092475827643655,4.248495242049359,4.276666119016055,3.295836866004329
10314,1948,PhD,In a relationship,83837.0,0,0,2012-12-16,79,847,66,119,86,89,111,1,9,10,5,4,0,1,0,1,0,0,3,11,1,2012,12,16,0,0,1318,77,4.356708826689592,4.382026634673881,11.336641644308504,7.1846291527173145,6.742880635791903,4.204692619390966,4.787491742782046,4.465908118654584,4.499809670330265,4.718498871295094
10854,1970,PhD,In a relationship,38853.0,1,1,2014-05-23,90,29,0,14,0,0,2,2,2,0,3,7,0,0,0,0,0,0,3,11,0,2014,5,23,2,1,45,55,4.02535169073515,4.51085950651685,10.567566310598727,3.828641396489095,3.4011973816621555,0.0,2.70805020110221,0.0,0.0,1.0986122886681096
10492,1959,Graduation,In a relationship,38285.0,2,1,2014-06-24,96,2,0,5,2,0,1,1,0,0,3,2,0,0,0,0,0,0,3,11,0,2014,6,24,3,1,10,66,4.204692619390966,4.574710978503383,10.552839573096401,2.3978952727983707,1.0986122886681096,0.0,1.791759469228055,1.0986122886681096,0.0,0.6931471805599453
6935,1951,2n Cycle,In a relationship,78497.0,0,0,2013-12-01,44,207,26,447,75,0,223,1,5,7,12,2,0,0,0,1,0,0,3,11,0,2013,12,1,0,0,978,74,4.31748811353631,3.8066624897703196,11.270828425738932,6.88653164253051,5.337538079701318,3.295836866004329,6.104793232414985,4.330733340286331,0.0,5.4116460518550396
7698,1976,PhD,In a relationship,51650.0,0,1,2014-05-11,81,152,3,22,2,5,7,1,4,1,4,5,0,0,0,0,0,0,3,11,0,2014,5,11,1,1,191,49,3.912023005428146,4.406719247264253,10.852264835444583,5.2574953720277815,5.030437921392435,1.3862943611198906,3.1354942159291497,1.0986122886681096,1.791759469228055,2.0794415416798357
3559,1988,2n Cycle,In a relationship,16248.0,1,0,2014-05-10,77,12,11,10,3,12,9,3,2,1,3,6,0,0,0,0,0,0,3,11,0,2014,5,10,1,1,57,37,3.6375861597263857,4.356708826689592,9.695786647402777,4.060443010546419,2.5649493574615367,2.4849066497880004,2.3978952727983707,1.3862943611198906,2.5649493574615367,2.302585092994046
10562,1946,Master,In a relationship,66835.0,0,0,2013-09-28,21,620,26,195,34,17,141,1,6,4,13,2,0,0,0,0,0,0,3,11,0,2013,9,28,0,0,1033,79,4.382026634673881,3.091042453358316,11.109997136514034,6.9411900550683745,6.431331081933479,3.295836866004329,5.278114659230518,3.5553480614894135,2.8903717578961645,4.955827057601261
10796,1984,Master,In a relationship,30477.0,1,0,2014-01-22,16,47,1,6,0,0,12,1,1,1,3,6,0,0,0,0,0,0,3,11,0,2014,1,22,1,1,66,41,3.7376696182833684,2.833213344056216,10.324760390849805,4.204692619390966,3.8712010109078907,0.6931471805599453,1.9459101490553132,0.0,0.0,2.5649493574615367
2563,1961,Basic,In a relationship,28249.0,0,0,2014-06-15,80,1,9,7,2,14,10,1,2,0,3,6,0,0,0,0,0,0,3,11,0,2014,6,15,0,0,43,64,4.174387269895637,4.394449154672439,10.248848736574587,3.784189633918261,0.6931471805599453,2.302585092994046,2.0794415416798357,1.0986122886681096,2.70805020110221,2.3978952727983707
3518,1983,Graduation,In a relationship,25271.0,1,0,2012-12-05,45,10,1,18,10,4,7,1,1,1,2,9,0,0,0,0,0,0,3,11,0,2012,12,5,1,1,50,42,3.7612001156935624,3.828641396489095,10.137452342481922,3.9318256327243257,2.3978952727983707,0.6931471805599453,2.9444389791664403,2.3978952727983707,1.6094379124341003,2.0794415416798357
5823,1970,PhD,Single,32303.0,0,1,2014-03-08,63,35,0,2,0,0,2,2,1,0,4,5,0,0,0,0,0,0,3,11,0,2014,3,8,1,1,39,55,4.02535169073515,4.1588830833596715,10.38294634055262,3.6888794541139363,3.58351893845611,0.0,1.0986122886681096,0.0,0.0,1.0986122886681096
3934,1966,Graduation,In a relationship,61286.0,0,1,2013-08-02,34,356,0,107,19,9,117,2,7,1,8,5,0,0,0,0,0,0,3,11,0,2013,8,2,1,1,608,59,4.0943445622221,3.5553480614894135,11.023323027655763,6.411818267709897,5.877735781779639,0.0,4.68213122712422,2.995732273553991,2.302585092994046,4.770684624465665
6982,1976,Graduation,In a relationship,74068.0,0,0,2013-03-19,14,783,30,537,140,76,15,1,4,10,9,2,0,0,0,0,0,0,3,11,0,2013,3,19,0,0,1581,49,3.912023005428146,2.70805020110221,11.212752370173659,7.366445148327599,6.664409020350408,3.4339872044851463,6.2878585601617845,4.948759890378168,4.343805421853684,2.772588722239781
6431,1964,PhD,In a relationship,45759.0,1,1,2013-02-23,13,42,1,18,3,0,4,2,2,0,3,7,0,0,0,0,0,0,3,11,0,2013,2,23,2,1,68,61,4.127134385045092,2.639057329615259,10.731165626053679,4.23410650459726,3.7612001156935624,0.6931471805599453,2.9444389791664403,1.3862943611198906,0.0,1.6094379124341003
9733,1978,Basic,In a relationship,24882.0,1,0,2012-09-09,52,1,4,10,29,0,36,1,1,1,2,6,1,0,0,0,0,0,3,11,0,2012,9,9,1,1,80,47,3.8712010109078907,3.970291913552122,10.121940118362215,4.394449154672439,0.6931471805599453,1.6094379124341003,2.3978952727983707,3.4011973816621555,0.0,3.6109179126442243
5602,1989,PhD,In a relationship,66973.0,0,0,2013-05-17,98,466,22,432,147,113,102,1,8,7,12,3,0,0,0,0,0,0,3,11,0,2013,5,17,0,0,1282,36,3.6109179126442243,4.59511985013459,11.11205976335696,7.1569563646156364,6.1463292576688975,3.1354942159291497,6.07073772800249,4.997212273764115,4.736198448394496,4.634728988229636
1324,1988,Graduation,In a relationship,38872.0,1,0,2013-05-30,93,23,3,21,3,19,22,2,3,0,3,8,0,0,0,0,0,0,3,11,0,2013,5,30,1,1,91,37,3.6375861597263857,4.543294782270004,10.568055201212758,4.5217885770490405,3.1780538303479458,1.3862943611198906,3.091042453358316,1.3862943611198906,2.995732273553991,3.1354942159291497
326,1973,Graduation,In a relationship,51148.0,1,1,2013-02-18,38,235,6,45,8,9,12,4,5,1,6,6,0,0,0,0,0,0,3,11,0,2013,2,18,2,1,315,52,3.970291913552122,3.6635616461296463,10.842498220846531,5.755742213586912,5.4638318050256105,1.9459101490553132,3.828641396489095,2.1972245773362196,2.302585092994046,2.5649493574615367
7224,1977,Graduation,In a relationship,31353.0,1,1,2013-12-29,24,10,0,10,3,1,7,2,1,1,2,8,0,0,0,0,0,0,3,11,0,2013,12,29,2,1,31,48,3.8918202981106265,3.2188758248682006,10.353097129628477,3.4657359027997265,2.3978952727983707,0.0,2.3978952727983707,1.3862943611198906,0.6931471805599453,2.0794415416798357
6999,1980,Master,In a relationship,69661.0,0,0,2014-05-13,80,656,16,106,32,16,8,1,7,3,12,3,0,0,0,0,0,0,3,11,0,2014,5,13,0,0,834,45,3.828641396489095,4.394449154672439,11.151410254389267,6.727431724850855,6.487684018484611,2.833213344056216,4.672828834461906,3.4965075614664802,2.833213344056216,2.1972245773362196
9938,1954,Graduation,In a relationship,80067.0,0,0,2013-09-19,82,519,17,813,27,173,51,1,4,6,6,2,0,0,1,0,0,0,3,11,0,2013,9,19,0,0,1600,71,4.276666119016055,4.418840607796598,11.290631552610597,7.3783837129967145,6.253828811575473,2.8903717578961645,6.70196036600254,3.332204510175204,5.159055299214529,3.9512437185814275
6422,1954,Graduation,In a relationship,86718.0,0,0,2013-01-17,20,344,189,482,50,33,172,1,5,6,5,2,0,0,0,0,0,0,3,11,0,2013,1,17,0,0,1270,71,4.276666119016055,3.044522437723423,11.370428285241672,7.147559271189454,5.84354441703136,5.247024072160486,6.180016653652572,3.9318256327243257,3.5263605246161616,5.153291594497779
3182,1973,PhD,Single,46854.0,1,1,2014-03-31,81,96,1,79,7,1,79,6,5,1,3,8,1,0,0,0,0,0,3,11,1,2014,3,31,2,1,263,52,3.970291913552122,4.406719247264253,10.754813005557924,5.575949103146316,4.574710978503383,0.6931471805599453,4.382026634673881,2.0794415416798357,0.6931471805599453,4.382026634673881
7300,1952,Graduation,Single,69142.0,0,1,2014-06-29,50,448,4,34,6,4,39,3,8,1,7,5,0,1,0,0,0,0,3,11,0,2014,6,29,1,1,535,73,4.304065093204169,3.9318256327243257,11.143932102757024,6.284134161070802,6.1070228877422545,1.6094379124341003,3.5553480614894135,1.9459101490553132,1.6094379124341003,3.6888794541139363
10424,1968,Graduation,Single,75922.0,0,0,2013-12-09,60,265,138,553,224,23,92,1,4,4,9,1,0,0,0,0,0,0,3,11,0,2013,12,9,0,0,1295,57,4.060443010546419,4.110873864173311,11.237474947782342,7.16703787691222,5.583496308781699,4.9344739331306915,6.317164686747284,5.41610040220442,3.1780538303479458,4.532599493153256
8727,1978,Graduation,Single,63693.0,0,1,2013-10-14,63,587,43,337,42,87,54,3,11,6,9,6,0,0,0,0,0,0,3,11,0,2013,10,14,1,1,1150,47,3.8712010109078907,4.1588830833596715,11.061845645601192,7.048386408721883,6.376726947898627,3.784189633918261,5.823045895483019,3.7612001156935624,4.477336814478207,4.007333185232471
2798,1977,PhD,In a relationship,102160.0,0,0,2012-11-02,54,763,29,138,76,176,58,0,7,9,10,4,0,1,1,1,0,0,3,11,1,2012,11,2,0,0,1240,48,3.8918202981106265,4.007333185232471,11.534305279225467,7.123672785204607,6.638567789166521,3.4011973816621555,4.9344739331306915,4.343805421853684,5.176149732573829,4.07753744390572
1030,1965,PhD,Single,40637.0,1,1,2013-07-17,72,22,0,13,0,0,3,2,1,0,3,7,0,0,0,0,0,0,3,11,0,2013,7,17,2,1,38,60,4.110873864173311,4.290459441148391,10.612458868442959,3.6635616461296463,3.1354942159291497,0.0,2.639057329615259,0.0,0.0,1.3862943611198906
624,1984,Master,Single,18890.0,0,0,2012-11-10,5,6,4,1,7,2,15,1,0,1,2,6,1,0,0,0,0,0,3,11,1,2012,11,10,0,0,35,41,3.7376696182833684,1.791759469228055,9.846440897156853,3.58351893845611,1.9459101490553132,1.6094379124341003,0.6931471805599453,2.0794415416798357,1.0986122886681096,2.772588722239781
5176,1988,Graduation,In a relationship,29604.0,1,0,2013-12-08,88,7,6,13,7,6,14,1,1,0,3,9,1,0,0,0,0,0,3,11,0,2013,12,8,1,1,53,37,3.6375861597263857,4.48863636973214,10.295698544965877,3.9889840465642745,2.0794415416798357,1.9459101490553132,2.639057329615259,2.0794415416798357,1.9459101490553132,2.70805020110221
5552,1963,Master,Single,48721.0,1,1,2013-05-13,50,81,18,113,47,13,21,6,4,2,5,6,0,0,0,0,0,0,3,11,0,2013,5,13,2,1,293,62,4.143134726391533,3.9318256327243257,10.793885952444333,5.683579767338681,4.406719247264253,2.9444389791664403,4.736198448394496,3.8712010109078907,2.639057329615259,3.091042453358316
868,1966,Graduation,In a relationship,44794.0,0,1,2014-06-08,99,54,0,7,0,0,4,1,2,0,3,6,0,0,0,0,0,0,3,11,0,2014,6,8,1,1,65,59,4.0943445622221,4.605170185988092,10.709851805031679,4.189654742026425,4.007333185232471,0.0,2.0794415416798357,0.0,0.0,1.6094379124341003
380,1954,Graduation,Single,64497.0,0,1,2012-09-10,17,1170,48,320,42,32,192,5,11,4,9,8,1,0,0,0,0,0,3,11,1,2012,9,10,1,1,1804,71,4.276666119016055,2.8903717578961645,11.074389494551175,7.498315870766981,7.065613363597717,3.8918202981106265,5.771441123130016,3.7612001156935624,3.4965075614664802,5.262690188904886
2677,1956,Graduation,In a relationship,46097.0,0,1,2013-03-31,11,72,24,68,65,4,8,5,3,1,6,4,0,0,0,0,0,0,3,11,0,2013,3,31,1,1,241,69,4.248495242049359,2.4849066497880004,10.73852484409569,5.488937726156687,4.290459441148391,3.2188758248682006,4.23410650459726,4.189654742026425,1.6094379124341003,2.1972245773362196
6521,1954,Graduation,In a relationship,77972.0,0,0,2014-03-18,18,613,22,319,33,102,12,1,4,6,9,1,0,0,0,0,0,0,3,11,0,2014,3,18,0,0,1101,71,4.276666119016055,2.9444389791664403,11.264117891900502,7.00488198971286,6.419994928147142,3.1354942159291497,5.768320995793772,3.5263605246161616,4.634728988229636,2.5649493574615367
6927,1968,PhD,In a relationship,44377.0,1,1,2012-10-05,70,224,0,30,0,0,10,8,5,1,5,8,0,0,0,0,0,0,3,11,0,2012,10,5,2,1,264,57,4.060443010546419,4.2626798770413155,10.700499130126362,5.579729825986222,5.41610040220442,0.0,3.4339872044851463,0.0,0.0,2.3978952727983707
2877,1974,Master,In a relationship,46014.0,1,1,2013-01-21,21,410,0,59,19,9,44,10,7,1,8,7,0,0,0,0,0,0,3,11,0,2013,1,21,2,1,541,51,3.9512437185814275,3.091042453358316,10.736722709272957,6.295266001439646,6.018593214496234,0.0,4.0943445622221,2.995732273553991,2.302585092994046,3.8066624897703196
0,1985,Graduation,In a relationship,70951.0,0,0,2013-05-04,66,239,10,554,254,87,54,1,3,4,9,1,0,0,0,0,0,0,3,11,0,2013,5,4,0,0,1198,40,3.713572066704308,4.204692619390966,11.169758871056288,7.089243155027514,5.480638923341991,2.3978952727983707,6.318968113746434,5.541263545158426,4.477336814478207,4.007333185232471
1584,1977,Graduation,In a relationship,41443.0,1,0,2014-04-01,79,171,7,171,25,19,89,6,8,1,5,8,0,0,0,0,0,0,3,11,0,2014,4,1,1,1,482,48,3.8918202981106265,4.382026634673881,10.632098397371642,6.180016653652572,5.147494476813453,2.0794415416798357,5.147494476813453,3.258096538021482,2.995732273553991,4.499809670330265
7264,1978,2n Cycle,Single,52195.0,2,1,2014-05-12,2,12,0,4,0,0,1,1,1,0,2,8,0,0,0,0,0,0,3,11,0,2014,5,12,3,1,17,47,3.8712010109078907,1.0986122886681096,10.862761142582137,2.8903717578961645,2.5649493574615367,0.0,1.6094379124341003,0.0,0.0,0.6931471805599453
6274,1948,Master,In a relationship,83790.0,0,0,2013-11-15,81,1076,16,417,42,48,16,1,8,10,6,3,0,1,1,0,0,0,3,11,0,2013,11,15,0,0,1615,77,4.356708826689592,4.406719247264253,11.336080882134516,7.38770923908104,6.981934677156389,2.833213344056216,6.035481432524756,3.7612001156935624,3.8918202981106265,2.833213344056216
1377,1954,Master,Single,44551.0,0,1,2013-08-31,24,182,4,33,0,0,66,2,4,1,5,7,0,0,0,0,0,0,3,11,0,2013,8,31,1,1,285,71,4.276666119016055,3.2188758248682006,10.704412325269505,5.655991810819852,5.209486152841421,1.6094379124341003,3.5263605246161616,0.0,0.0,4.204692619390966
454,1980,Graduation,In a relationship,69508.0,1,0,2012-11-14,48,824,32,162,42,32,43,2,11,4,11,6,0,0,0,0,0,0,3,11,0,2012,11,14,1,1,1135,45,3.828641396489095,3.8918202981106265,11.149211519571827,7.035268599281097,6.715383386334681,3.4965075614664802,5.093750200806762,3.7612001156935624,3.4965075614664802,3.784189633918261
1755,1988,2n Cycle,In a relationship,45204.0,1,0,2014-04-11,93,30,11,25,29,1,18,1,1,1,4,3,0,0,0,0,0,0,3,11,0,2014,4,11,1,1,114,37,3.6375861597263857,4.543294782270004,10.718962979171467,4.74493212836325,3.4339872044851463,2.4849066497880004,3.258096538021482,3.4011973816621555,0.6931471805599453,2.9444389791664403
2075,1969,Graduation,In a relationship,72460.0,0,0,2013-11-14,56,377,10,540,80,30,10,1,3,5,7,1,0,0,0,0,0,0,3,11,0,2013,11,14,0,0,1047,56,4.04305126783455,4.04305126783455,11.190803765071477,6.954638864880987,5.934894195619588,2.3978952727983707,6.293419278846481,4.394449154672439,3.4339872044851463,2.3978952727983707
4785,1970,PhD,In a relationship,77622.0,0,2,2014-04-14,3,520,7,154,19,0,14,2,6,3,11,3,0,0,0,0,0,0,3,11,0,2014,4,14,2,1,714,55,4.02535169073515,1.3862943611198906,11.25961905400853,6.5722825426940075,6.255750041753367,2.0794415416798357,5.043425116919247,2.995732273553991,0.0,2.70805020110221
9076,1980,PhD,In a relationship,30732.0,1,0,2013-01-05,44,155,1,25,0,1,3,4,4,1,4,8,0,0,0,0,0,0,3,11,0,2013,1,5,1,1,185,45,3.828641396489095,3.8066624897703196,10.333092274830772,5.225746673713202,5.049856007249537,0.6931471805599453,3.258096538021482,0.0,0.6931471805599453,1.3862943611198906
7079,1962,Graduation,Single,63887.0,0,1,2012-09-08,38,897,23,207,15,11,92,5,9,6,12,6,0,0,0,0,0,0,3,11,0,2012,9,8,1,1,1245,63,4.1588830833596715,3.6635616461296463,11.064886829303003,7.1276936993473985,6.8001700683022,3.1780538303479458,5.337538079701318,2.772588722239781,2.4849066497880004,4.532599493153256
4653,1978,Graduation,In a relationship,42011.0,1,0,2013-03-26,46,131,0,16,2,1,39,4,3,1,4,8,0,0,0,0,0,0,3,11,0,2013,3,26,1,1,189,47,3.8712010109078907,3.8501476017100584,10.645710570742667,5.247024072160486,4.882801922586371,0.0,2.833213344056216,1.0986122886681096,0.6931471805599453,3.6888794541139363
7375,1976,Graduation,In a relationship,51369.0,0,1,2012-10-25,84,297,7,79,0,11,182,2,8,2,4,8,0,0,0,0,0,0,3,11,0,2012,10,25,1,1,576,49,3.912023005428146,4.442651256490317,10.846809623461313,6.3578422665081,5.697093486505405,2.0794415416798357,4.382026634673881,0.0,2.4849066497880004,5.209486152841421
709,1952,Graduation,Single,51537.0,0,1,2012-12-09,27,787,20,204,0,0,92,3,2,2,11,8,0,0,0,0,0,0,3,11,0,2012,12,9,1,1,1103,73,4.304065093204169,3.332204510175204,10.850074678641633,7.00669522683704,6.669498089857879,3.044522437723423,5.3230099791384085,0.0,0.0,4.532599493153256
460,1972,PhD,In a relationship,79930.0,0,0,2012-08-08,72,792,86,740,67,51,17,1,3,5,8,2,0,0,0,0,0,0,3,11,0,2012,8,8,0,0,1753,53,3.9889840465642745,4.290459441148391,11.288919041488882,7.469654172932128,6.675823221634848,4.465908118654584,6.608000625296087,4.219507705176107,3.9512437185814275,2.8903717578961645
3726,1986,PhD,In a relationship,34320.0,1,0,2014-02-16,66,4,1,9,3,0,0,1,1,0,2,8,0,0,0,0,0,0,3,11,0,2014,2,16,1,1,17,39,3.6888794541139363,4.204692619390966,10.443512690706546,2.8903717578961645,1.6094379124341003,0.6931471805599453,2.302585092994046,1.3862943611198906,0.0,0.0
6798,1966,Graduation,Single,37070.0,1,1,2013-03-20,30,231,7,137,4,15,39,9,5,1,8,7,0,0,0,0,0,0,3,11,1,2013,3,20,2,1,433,59,4.0943445622221,3.4339872044851463,10.520590271772301,6.073044534100405,5.44673737166631,2.0794415416798357,4.927253685157205,1.6094379124341003,2.772588722239781,3.6888794541139363
5341,1962,2n Cycle,Single,81975.0,0,1,2013-01-05,2,983,76,184,180,138,27,1,6,3,4,7,0,0,1,0,0,0,3,11,0,2013,1,5,1,1,1588,63,4.1588830833596715,1.0986122886681096,11.314181800479554,7.370860166536716,6.891625897052253,4.343805421853684,5.220355825078325,5.198497031265826,4.9344739331306915,3.332204510175204
1606,1971,Graduation,In a relationship,38590.0,1,0,2013-05-15,65,3,1,8,4,3,3,1,1,0,2,8,0,0,0,0,0,0,3,11,0,2013,5,15,1,1,22,54,4.007333185232471,4.189654742026425,10.560774367644997,3.1354942159291497,1.3862943611198906,0.6931471805599453,2.1972245773362196,1.6094379124341003,1.3862943611198906,1.3862943611198906
9617,1951,Graduation,Single,15033.0,0,0,2014-04-16,37,0,4,5,6,0,4,1,1,0,3,3,0,0,0,0,0,0,3,11,0,2014,4,16,0,0,19,74,4.31748811353631,3.6375861597263857,9.618069581737414,2.995732273553991,0.0,1.6094379124341003,1.791759469228055,1.9459101490553132,0.0,1.6094379124341003
3233,1965,PhD,In a relationship,62745.0,0,1,2013-03-23,89,562,21,464,28,10,32,3,7,8,11,5,0,0,0,0,0,0,3,11,0,2013,3,23,1,1,1117,60,4.110873864173311,4.499809670330265,11.04685010994231,7.0192966537150445,6.333279628139691,3.091042453358316,6.142037405587356,3.367295829986474,2.3978952727983707,3.4965075614664802
89,1975,2n Cycle,In a relationship,22212.0,1,0,2013-12-09,49,5,9,20,6,8,21,2,2,0,4,6,0,0,0,0,0,0,3,11,0,2013,12,9,1,1,69,50,3.9318256327243257,3.912023005428146,10.008432982057622,4.248495242049359,1.791759469228055,2.302585092994046,3.044522437723423,1.9459101490553132,2.1972245773362196,3.091042453358316
2936,1982,Master,In a relationship,23661.0,1,0,2013-12-04,46,18,0,4,0,0,1,1,1,0,3,7,0,0,0,0,0,0,3,11,0,2013,12,4,1,1,23,43,3.784189633918261,3.8501476017100584,10.071625664813608,3.1780538303479458,2.9444389791664403,0.0,1.6094379124341003,0.0,0.0,0.6931471805599453
9449,1958,PhD,Single,79761.0,0,1,2013-10-04,32,415,5,124,15,35,11,1,5,2,11,3,0,0,0,0,0,0,3,11,0,2013,10,4,1,1,605,67,4.219507705176107,3.4965075614664802,11.286802479547019,6.406879986069314,6.030685260261263,1.791759469228055,4.8283137373023015,2.772588722239781,3.58351893845611,2.4849066497880004
7297,1973,Graduation,Single,7500.0,1,0,2013-12-26,54,5,3,10,12,7,20,4,3,1,3,7,0,0,0,0,0,0,3,11,0,2013,12,26,1,1,57,52,3.970291913552122,4.007333185232471,8.922791623969637,4.060443010546419,1.791759469228055,1.3862943611198906,2.3978952727983707,2.5649493574615367,2.0794415416798357,3.044522437723423
313,1968,Graduation,Single,73455.0,0,0,2013-10-28,98,901,61,757,186,163,20,1,6,5,10,3,0,1,0,0,0,0,3,11,0,2013,10,28,0,0,2088,57,4.060443010546419,4.59511985013459,11.204441866489002,7.644440761556566,6.804614520062624,4.127134385045092,6.630683385642372,5.231108616854587,5.099866427824199,3.044522437723423
9940,1958,Graduation,In a relationship,64961.0,0,1,2012-12-23,97,382,114,276,75,124,38,2,6,4,4,3,0,0,0,0,0,0,3,11,0,2012,12,23,1,1,1009,67,4.219507705176107,4.584967478670572,11.081557762538953,6.917705609835305,5.948034989180646,4.74493212836325,5.6240175061873385,4.330733340286331,4.8283137373023015,3.6635616461296463
10735,1971,Graduation,Single,22804.0,1,0,2013-07-31,75,14,1,7,2,1,1,1,2,0,2,9,0,0,0,0,0,0,3,11,0,2013,7,31,1,1,26,54,4.007333185232471,4.330733340286331,10.034735089145801,3.295836866004329,2.70805020110221,0.6931471805599453,2.0794415416798357,1.0986122886681096,0.6931471805599453,0.6931471805599453
9529,1990,Graduation,In a relationship,73687.0,0,0,2013-11-28,8,559,153,503,218,13,181,1,3,9,9,2,0,0,0,1,0,0,3,11,1,2013,11,28,0,0,1627,35,3.58351893845611,2.1972245773362196,11.207595242668072,7.395107546562485,6.327936783729195,5.0369526024136295,6.222576268071369,5.389071729816501,2.639057329615259,5.204006687076795
6439,1958,Graduation,In a relationship,61074.0,0,1,2012-08-17,37,789,0,133,0,28,152,7,11,5,8,7,0,0,0,0,0,0,3,11,0,2012,8,17,1,1,1102,67,4.219507705176107,3.6375861597263857,11.019857896125941,7.005789019253503,6.672032945461067,0.0,4.897839799950911,0.0,3.367295829986474,5.030437921392435
7411,1964,PhD,In a relationship,31686.0,1,1,2014-06-05,31,11,0,5,0,0,1,2,1,0,3,6,0,0,0,0,0,0,3,11,0,2014,6,5,2,1,17,61,4.127134385045092,3.4657359027997265,10.363661781116345,2.8903717578961645,2.4849066497880004,0.0,1.791759469228055,0.0,0.0,0.6931471805599453
2176,1972,Graduation,In a relationship,80134.0,1,0,2013-05-20,40,1218,16,272,104,0,80,2,5,3,6,6,0,1,1,1,0,0,3,11,1,2013,5,20,1,1,1690,53,3.9889840465642745,3.713572066704308,11.291467991427675,7.43307534889858,7.105786129481271,2.833213344056216,5.60947179518496,4.653960350157523,0.0,4.394449154672439
9265,1953,Graduation,In a relationship,75027.0,0,1,2013-01-09,74,925,64,179,133,12,77,2,9,4,6,5,0,0,0,0,0,0,3,11,0,2013,1,9,1,1,1390,72,4.290459441148391,4.31748811353631,11.225616656180232,7.237778191923443,6.8308742346461795,4.174387269895637,5.19295685089021,4.897839799950911,2.5649493574615367,4.356708826689592
8867,1988,PhD,In a relationship,67546.0,0,0,2012-08-31,90,864,134,768,150,38,172,1,4,10,5,3,0,0,0,0,0,0,3,11,0,2012,8,31,0,0,2126,37,3.6375861597263857,4.51085950651685,11.120578930855121,7.6624678152002375,6.762729506931879,4.90527477843843,6.645090969505644,5.017279836814924,3.6635616461296463,5.153291594497779
8932,1969,Master,In a relationship,65176.0,0,1,2012-10-29,57,960,28,183,220,70,70,4,9,6,6,6,0,0,0,0,0,0,3,11,0,2012,10,29,1,1,1531,56,4.04305126783455,4.060443010546419,11.084861924943842,7.3343293503005365,6.8679744089702925,3.367295829986474,5.214935757608986,5.3981627015177525,4.2626798770413155,4.2626798770413155
10236,1975,Master,Single,31160.0,1,0,2013-09-16,59,16,3,25,6,1,13,2,2,0,3,8,0,0,0,0,0,0,3,11,0,2013,9,16,1,1,64,50,3.9318256327243257,4.0943445622221,10.346922591895922,4.174387269895637,2.833213344056216,1.3862943611198906,3.258096538021482,1.9459101490553132,0.6931471805599453,2.639057329615259
6340,1985,Graduation,Single,29938.0,1,0,2013-10-27,52,3,3,7,0,2,11,2,1,0,3,6,0,0,0,0,0,0,3,11,0,2013,10,27,1,1,26,40,3.713572066704308,3.970291913552122,10.306917257282223,3.295836866004329,1.3862943611198906,1.3862943611198906,2.0794415416798357,0.0,1.0986122886681096,2.4849066497880004
10089,1974,Graduation,Single,102692.0,0,0,2013-04-05,5,168,148,444,32,172,148,1,6,9,13,2,0,1,1,1,1,0,3,11,1,2013,4,5,0,0,1112,51,3.9512437185814275,1.791759469228055,11.539499233905259,7.014814351275545,5.1298987149230735,5.003946305945459,6.09807428216624,3.4965075614664802,5.153291594497779,5.003946305945459
2227,1958,2n Cycle,In a relationship,26490.0,0,0,2012-09-22,92,45,47,52,21,20,25,2,3,1,5,6,0,0,0,0,0,0,3,11,0,2012,9,22,0,0,210,67,4.219507705176107,4.532599493153256,10.184560331647974,5.351858133476067,3.828641396489095,3.8712010109078907,3.970291913552122,3.091042453358316,3.044522437723423,3.258096538021482
10992,1967,Graduation,In a relationship,75702.0,1,1,2012-08-29,77,650,28,353,45,42,30,5,4,6,11,8,0,0,0,0,0,0,3,11,0,2012,8,29,2,1,1148,58,4.07753744390572,4.356708826689592,11.234573068759179,7.046647277848756,6.478509642208569,3.367295829986474,5.869296913133774,3.828641396489095,3.7612001156935624,3.4339872044851463
5304,1974,PhD,Single,30899.0,1,0,2012-10-13,35,24,0,8,0,0,1,2,1,0,3,6,0,0,0,0,0,0,3,11,0,2012,10,13,1,1,33,51,3.9512437185814275,3.58351893845611,10.338511462885837,3.5263605246161616,3.2188758248682006,0.0,2.1972245773362196,0.0,0.0,0.6931471805599453
309,1961,PhD,In a relationship,63342.0,0,1,2012-10-16,48,918,21,118,13,10,21,3,8,3,5,6,0,1,0,0,0,0,3,11,0,2012,10,16,1,1,1101,64,4.174387269895637,3.8918202981106265,11.056319682406446,7.00488198971286,6.823286122355687,3.091042453358316,4.77912349311153,2.639057329615259,2.3978952727983707,3.091042453358316
3406,1964,Graduation,Single,45989.0,0,1,2012-10-22,97,138,33,87,28,24,12,4,3,2,7,3,0,0,0,0,0,0,3,11,0,2012,10,22,1,1,322,61,4.127134385045092,4.584967478670572,10.73617926053397,5.777652323222656,4.9344739331306915,3.5263605246161616,4.477336814478207,3.367295829986474,3.2188758248682006,2.5649493574615367
2661,1964,Graduation,Single,18701.0,1,1,2013-06-04,95,12,4,2,10,6,10,4,2,0,4,5,0,0,0,0,0,0,3,11,0,2013,6,4,2,1,44,61,4.127134385045092,4.564348191467836,9.836385748995392,3.8066624897703196,2.5649493574615367,1.6094379124341003,1.0986122886681096,2.3978952727983707,1.9459101490553132,2.3978952727983707
3153,1957,PhD,Single,40737.0,2,1,2013-12-08,24,11,0,4,0,0,2,1,1,0,2,8,0,0,0,0,0,0,3,11,0,2013,12,8,3,1,17,68,4.23410650459726,3.2188758248682006,10.614916596774085,2.8903717578961645,2.4849066497880004,0.0,1.6094379124341003,0.0,0.0,1.0986122886681096
10264,1979,Graduation,Single,15287.0,1,0,2012-10-10,60,1,2,8,4,3,13,2,1,1,2,7,1,0,0,0,0,0,3,11,1,2012,10,10,1,1,31,46,3.8501476017100584,4.110873864173311,9.634823485920109,3.4657359027997265,0.6931471805599453,1.0986122886681096,2.1972245773362196,1.6094379124341003,1.3862943611198906,2.639057329615259
1184,1968,PhD,Single,69674.0,0,2,2013-05-22,46,554,41,215,11,0,24,3,10,2,10,5,0,0,0,0,0,0,3,11,0,2013,5,22,2,1,845,57,4.060443010546419,3.8501476017100584,11.15159685235015,6.740519359606223,6.318968113746434,3.7376696182833684,5.375278407684165,2.4849066497880004,0.0,3.2188758248682006
4200,1970,Master,In a relationship,44159.0,1,0,2014-06-17,85,167,2,62,24,13,7,4,4,1,6,5,0,0,0,0,0,0,3,11,0,2014,6,17,1,1,275,55,4.02535169073515,4.454347296253507,10.695574680950976,5.62040086571715,5.123963979403259,1.0986122886681096,4.143134726391533,3.2188758248682006,2.639057329615259,2.0794415416798357
9396,1978,PhD,In a relationship,37717.0,1,0,2012-11-23,31,9,0,6,4,1,5,1,1,0,2,9,0,0,0,0,0,0,3,11,0,2012,11,23,1,1,25,47,3.8712010109078907,3.4657359027997265,10.53789271307231,3.258096538021482,2.302585092994046,0.0,1.9459101490553132,1.6094379124341003,0.6931471805599453,1.791759469228055
2387,1952,Master,In a relationship,43776.0,1,1,2013-02-03,9,177,2,71,3,2,20,6,5,2,4,8,0,0,0,0,0,0,3,11,1,2013,2,3,2,1,275,73,4.304065093204169,2.302585092994046,10.686863844288563,5.62040086571715,5.181783550292085,1.0986122886681096,4.276666119016055,1.3862943611198906,1.0986122886681096,3.044522437723423
6690,1966,Master,In a relationship,38179.0,1,1,2013-03-14,30,38,4,22,4,2,20,4,3,1,3,7,0,0,0,0,0,0,3,11,0,2013,3,14,2,1,90,59,4.0943445622221,3.4339872044851463,10.550067097279738,4.51085950651685,3.6635616461296463,1.6094379124341003,3.1354942159291497,1.6094379124341003,1.0986122886681096,3.044522437723423
1225,1963,Graduation,In a relationship,80124.0,0,0,2014-06-26,47,483,84,398,205,84,241,1,3,7,8,1,1,0,0,0,0,0,3,11,0,2014,6,26,0,0,1495,62,4.143134726391533,3.8712010109078907,11.291343194222971,7.310550158534422,6.182084906716632,4.442651256490317,5.988961416889864,5.327876168789581,4.442651256490317,5.488937726156687
9703,1970,PhD,In a relationship,38097.0,1,1,2012-10-15,70,77,2,35,0,1,69,4,3,2,2,7,1,0,0,0,0,0,3,11,1,2012,10,15,2,1,184,55,4.02535169073515,4.2626798770413155,10.547917066298643,5.220355825078325,4.356708826689592,1.0986122886681096,3.58351893845611,0.0,0.6931471805599453,4.248495242049359
291,1970,Graduation,In a relationship,72940.0,0,0,2013-06-19,13,182,74,298,162,149,116,1,3,3,6,1,0,0,0,0,0,0,3,11,0,2013,6,19,0,0,981,55,4.02535169073515,2.639057329615259,11.197406174167238,6.889591308354466,5.209486152841421,4.31748811353631,5.700443573390686,5.093750200806762,5.0106352940962555,4.762173934797756
4557,1970,Graduation,In a relationship,22070.0,1,0,2013-10-04,11,10,7,19,8,2,21,2,2,2,2,6,0,0,0,0,0,0,3,11,0,2013,10,4,1,1,67,55,4.02535169073515,2.4849066497880004,10.002019808600375,4.219507705176107,2.3978952727983707,2.0794415416798357,2.995732273553991,2.1972245773362196,1.0986122886681096,3.091042453358316
2379,1953,Graduation,Single,69267.0,0,0,2012-09-22,31,778,44,499,95,73,146,2,3,4,5,7,0,0,0,0,0,0,3,11,1,2012,9,22,0,0,1635,72,4.290459441148391,3.4657359027997265,11.145738318072041,7.400009517162692,6.658011045870748,3.8066624897703196,6.214608098422191,4.564348191467836,4.304065093204169,4.990432586778736
5726,1983,Master,Single,31788.0,1,0,2014-03-20,15,16,7,23,0,8,6,3,3,0,4,5,0,0,0,0,0,1,3,11,0,2014,3,20,1,1,60,42,3.7612001156935624,2.772588722239781,10.366875596977243,4.110873864173311,2.833213344056216,2.0794415416798357,3.1780538303479458,0.0,2.1972245773362196,1.9459101490553132
3066,1975,PhD,In a relationship,61905.0,0,1,2014-02-04,2,167,0,43,6,2,13,2,4,2,4,5,0,0,0,0,0,0,3,11,0,2014,2,4,1,1,231,50,3.9318256327243257,1.0986122886681096,11.033372384508345,5.44673737166631,5.123963979403259,0.0,3.784189633918261,1.9459101490553132,1.0986122886681096,2.639057329615259
6336,1960,Graduation,In a relationship,29315.0,1,1,2014-04-06,55,13,2,14,8,7,4,4,2,0,4,6,0,0,0,0,0,0,3,11,0,2014,4,6,2,1,48,65,4.189654742026425,4.02535169073515,10.28588872104574,3.8918202981106265,2.639057329615259,1.0986122886681096,2.70805020110221,2.1972245773362196,2.0794415416798357,1.6094379124341003
10967,1963,Graduation,Single,33378.0,1,1,2013-02-06,38,33,6,40,3,7,10,3,2,0,4,7,0,0,0,0,0,0,3,11,0,2013,2,6,2,1,99,62,4.143134726391533,3.6635616461296463,10.415682238708357,4.605170185988092,3.5263605246161616,1.9459101490553132,3.713572066704308,1.3862943611198906,2.0794415416798357,2.3978952727983707
2304,1963,PhD,In a relationship,66313.0,0,1,2013-09-16,86,625,7,99,10,22,7,2,6,3,12,4,0,0,0,0,0,0,3,11,0,2013,9,16,1,1,770,62,4.143134726391533,4.465908118654584,11.102156315270157,6.647688373563329,6.439350371100098,2.0794415416798357,4.605170185988092,2.3978952727983707,3.1354942159291497,2.0794415416798357
3445,1956,Graduation,Single,60714.0,0,0,2013-01-17,56,216,162,224,101,92,162,2,7,4,10,5,0,0,0,0,0,0,3,11,1,2013,1,17,0,0,957,69,4.248495242049359,4.04305126783455,11.01394606348792,6.86484777797086,5.37989735354046,5.093750200806762,5.41610040220442,4.624972813284271,4.532599493153256,5.093750200806762
7828,1981,Master,In a relationship,77882.0,0,0,2014-04-30,29,68,129,396,188,22,15,1,3,3,5,1,0,0,0,0,0,0,3,11,0,2014,4,30,0,0,818,44,3.8066624897703196,3.4011973816621555,11.262962979545462,6.70808408385307,4.23410650459726,4.867534450455582,5.983936280687191,5.241747015059643,3.1354942159291497,2.772588722239781
3762,1986,PhD,Single,69867.0,0,0,2013-04-02,30,196,0,512,33,130,54,1,3,5,8,1,0,0,0,1,0,0,3,11,1,2013,4,2,0,0,925,39,3.6888794541139363,3.4339872044851463,11.154363026548284,6.8308742346461795,5.2832037287379885,0.0,6.240275845170769,3.5263605246161616,4.875197323201151,4.007333185232471
4391,1968,Master,Single,63841.0,0,1,2013-04-21,64,635,15,100,20,7,131,1,9,3,9,6,0,0,0,0,0,0,3,11,0,2013,4,21,1,1,908,57,4.060443010546419,4.174387269895637,11.06416655995377,6.812345094177479,6.455198563340122,2.772588722239781,4.61512051684126,3.044522437723423,2.0794415416798357,4.882801922586371
4669,1981,Basic,In a relationship,24480.0,1,0,2013-02-11,46,4,19,9,28,25,17,3,3,0,4,7,0,0,0,0,0,0,3,11,0,2013,2,11,1,1,102,44,3.8066624897703196,3.8501476017100584,10.10565258546514,4.634728988229636,1.6094379124341003,2.995732273553991,2.302585092994046,3.367295829986474,3.258096538021482,2.8903717578961645
10144,1976,Graduation,In a relationship,51369.0,0,1,2012-10-25,84,297,7,79,0,11,182,2,8,2,4,8,0,0,0,0,0,0,3,11,0,2012,10,25,1,1,576,49,3.912023005428146,4.442651256490317,10.846809623461313,6.3578422665081,5.697093486505405,2.0794415416798357,4.382026634673881,0.0,2.4849066497880004,5.209486152841421
8652,1946,Graduation,In a relationship,37760.0,0,0,2012-08-31,20,84,5,38,150,12,28,2,4,1,6,7,0,0,0,0,0,0,3,11,0,2012,8,31,0,0,317,79,4.382026634673881,3.044522437723423,10.539032102959615,5.762051382780177,4.442651256490317,1.791759469228055,3.6635616461296463,5.017279836814924,2.5649493574615367,3.367295829986474
1672,1974,PhD,In a relationship,65640.0,0,1,2014-03-01,74,204,7,149,20,15,66,1,5,1,8,2,0,0,0,0,0,0,3,11,0,2014,3,1,1,1,461,51,3.9512437185814275,4.31748811353631,11.091955779701022,6.135564891081739,5.3230099791384085,2.0794415416798357,5.0106352940962555,3.044522437723423,2.772588722239781,4.204692619390966
8962,1975,Master,In a relationship,44319.0,1,1,2014-04-17,18,26,0,8,0,0,3,2,2,0,3,5,0,0,0,0,0,0,3,11,0,2014,4,17,2,1,37,50,3.9318256327243257,2.9444389791664403,10.699191321421166,3.6375861597263857,3.295836866004329,0.0,2.1972245773362196,0.0,0.0,1.3862943611198906
9974,1974,Graduation,In a relationship,30631.0,1,0,2013-07-12,75,15,6,20,4,5,20,1,3,1,2,7,0,0,0,0,0,0,3,11,0,2013,7,12,1,1,70,51,3.9512437185814275,4.330733340286331,10.32980049315713,4.2626798770413155,2.772588722239781,1.9459101490553132,3.044522437723423,1.6094379124341003,1.791759469228055,3.044522437723423
10983,1952,Graduation,In a relationship,75278.0,0,0,2013-01-29,17,304,98,230,150,74,74,1,6,3,13,3,0,0,0,0,0,0,3,11,0,2013,1,29,0,0,930,73,4.304065093204169,2.8903717578961645,11.22895649043033,6.836259277277067,5.720311776607412,4.59511985013459,5.442417710521793,5.017279836814924,4.31748811353631,4.31748811353631
8148,1956,Master,In a relationship,50898.0,1,1,2013-01-08,88,285,28,242,55,114,135,13,6,2,12,5,0,0,0,0,0,0,3,11,0,2013,1,8,2,1,859,69,4.248495242049359,4.48863636973214,10.837598555980199,6.756932389247553,5.655991810819852,3.367295829986474,5.493061443340548,4.02535169073515,4.74493212836325,4.912654885736052
10102,1966,Graduation,Single,79946.0,0,0,2014-05-12,19,395,183,565,166,141,28,1,5,11,5,3,0,0,0,0,0,0,3,11,0,2014,5,12,0,0,1478,59,4.0943445622221,2.995732273553991,11.28911919410592,7.2991214627108,5.981414211254481,5.214935757608986,6.338594078203183,5.117993812416755,4.955827057601261,3.367295829986474
4697,1949,Master,Single,35416.0,0,0,2013-06-13,62,248,3,81,4,3,51,3,7,1,5,8,0,0,0,0,0,0,3,11,0,2013,6,13,0,0,390,76,4.343805421853684,4.143134726391533,10.47494720983897,5.968707559985366,5.517452896464707,1.3862943611198906,4.406719247264253,1.6094379124341003,1.3862943611198906,3.9512437185814275
9262,1984,2n Cycle,In a relationship,32414.0,0,0,2013-07-04,11,20,6,5,0,9,12,1,1,0,3,7,1,0,0,0,0,0,3,11,0,2013,7,4,0,0,52,41,3.7376696182833684,2.4849066497880004,10.386376557609095,3.970291913552122,3.044522437723423,1.9459101490553132,1.791759469228055,0.0,2.302585092994046,2.5649493574615367
7254,1969,Graduation,In a relationship,38361.0,1,0,2013-12-27,74,39,0,56,20,8,14,3,3,1,3,7,0,0,0,0,0,0,3,11,0,2013,12,27,1,1,137,56,4.04305126783455,4.31748811353631,10.554822665281634,4.927253685157205,3.6888794541139363,0.0,4.04305126783455,3.044522437723423,2.1972245773362196,2.70805020110221
4543,1980,Graduation,In a relationship,82497.0,0,0,2012-10-31,32,777,129,573,216,21,203,1,2,7,9,4,0,0,1,0,0,0,3,11,0,2012,10,31,0,0,1919,45,3.828641396489095,3.4965075614664802,11.320529329604678,7.560080465021827,6.656726524178391,4.867534450455582,6.352629396319567,5.37989735354046,3.091042453358316,5.318119993844216
4927,1971,Graduation,In a relationship,16626.0,2,0,2014-01-15,76,8,3,22,21,1,13,3,3,0,3,9,0,0,0,0,0,0,3,11,0,2014,1,15,2,1,68,54,4.007333185232471,4.343805421853684,9.71878315904038,4.23410650459726,2.1972245773362196,1.3862943611198906,3.1354942159291497,3.091042453358316,0.6931471805599453,2.639057329615259
10451,1965,Graduation,In a relationship,29672.0,1,1,2013-03-12,6,9,1,3,0,4,8,1,0,0,3,6,0,0,0,0,0,0,3,11,0,2013,3,12,2,1,25,60,4.110873864173311,1.9459101490553132,10.29799282040795,3.258096538021482,2.302585092994046,0.6931471805599453,1.3862943611198906,0.0,1.6094379124341003,2.1972245773362196
2926,1952,Master,In a relationship,55951.0,0,1,2012-08-23,62,1241,0,80,0,13,40,3,3,6,11,8,0,1,0,0,1,0,3,11,0,2012,8,23,1,1,1374,73,4.304065093204169,4.143134726391533,10.932249459303158,7.226209010100671,7.124478262493424,0.0,4.394449154672439,0.0,2.639057329615259,3.713572066704308
2874,1988,2n Cycle,Single,35388.0,1,0,2013-03-07,20,6,4,7,4,3,8,1,1,0,3,7,0,0,0,0,0,0,3,11,0,2013,3,7,1,1,32,37,3.6375861597263857,3.044522437723423,10.474156316370632,3.4965075614664802,1.9459101490553132,1.6094379124341003,2.0794415416798357,1.6094379124341003,1.3862943611198906,2.1972245773362196
9738,1986,Master,In a relationship,42386.0,1,0,2013-01-13,43,65,4,16,0,4,11,1,3,0,3,8,0,0,0,0,0,0,3,11,0,2013,1,13,1,1,100,39,3.6888794541139363,3.784189633918261,10.654596990433918,4.61512051684126,4.189654742026425,1.6094379124341003,2.833213344056216,0.0,1.6094379124341003,2.4849066497880004
7119,1982,Graduation,Single,68627.0,0,0,2013-01-12,45,395,15,263,60,54,38,1,2,3,6,1,0,0,0,0,0,0,3,11,0,2013,1,12,0,0,825,43,3.784189633918261,3.828641396489095,11.136455893703317,6.716594773520978,5.981414211254481,2.772588722239781,5.575949103146316,4.110873864173311,4.007333185232471,3.6635616461296463
3924,1965,PhD,Single,57912.0,0,1,2014-03-17,34,801,0,80,0,0,35,5,8,3,12,5,0,1,0,0,0,0,3,11,0,2014,3,17,1,1,916,60,4.110873864173311,3.5553480614894135,10.966697163402289,6.821107472256465,6.687108607866515,0.0,4.394449154672439,0.0,0.0,3.58351893845611
5827,1958,Graduation,Single,35246.0,1,1,2014-04-16,53,36,0,12,2,2,10,4,3,1,3,5,0,0,0,0,0,0,3,11,0,2014,4,16,2,1,62,67,4.219507705176107,3.9889840465642745,10.470135698235682,4.143134726391533,3.6109179126442243,0.0,2.5649493574615367,1.0986122886681096,1.0986122886681096,2.3978952727983707
5596,1956,2n Cycle,In a relationship,58821.0,0,1,2013-10-12,44,513,14,154,19,0,28,1,9,2,9,6,0,0,0,0,0,0,3,11,0,2013,10,12,1,1,728,69,4.248495242049359,3.8066624897703196,10.982271213570051,6.591673732008658,6.2422232654551655,2.70805020110221,5.043425116919247,2.995732273553991,0.0,3.367295829986474
10812,1978,PhD,In a relationship,46377.0,1,0,2014-03-01,89,37,0,46,4,3,0,1,2,1,3,4,0,0,0,0,0,0,3,11,0,2014,3,1,1,1,90,47,3.8712010109078907,4.499809670330265,10.744580487844381,4.51085950651685,3.6375861597263857,0.0,3.8501476017100584,1.6094379124341003,1.3862943611198906,0.0
1717,1988,Graduation,Single,39747.0,1,0,2014-04-13,43,80,15,93,20,13,52,3,5,1,4,8,0,0,0,0,0,0,3,11,0,2014,4,13,1,1,273,37,3.6375861597263857,3.784189633918261,10.590314804351253,5.6131281063880705,4.394449154672439,2.772588722239781,4.543294782270004,3.044522437723423,2.639057329615259,3.970291913552122
9491,1984,Graduation,In a relationship,23976.0,1,0,2013-12-27,68,14,1,21,2,3,25,3,3,1,3,7,0,0,0,0,0,0,3,11,0,2013,12,27,1,1,66,41,3.7376696182833684,4.23410650459726,10.08485031650177,4.204692619390966,2.70805020110221,0.6931471805599453,3.091042453358316,1.0986122886681096,1.3862943611198906,3.258096538021482
9274,1961,Master,In a relationship,80950.0,0,0,2013-03-28,44,525,147,112,219,147,63,1,6,7,9,2,0,0,0,1,0,0,3,11,0,2013,3,28,0,0,1213,64,4.174387269895637,3.8066624897703196,11.30159931233399,7.101675971619444,6.26530121273771,4.997212273764115,4.727387818712341,5.393627546352361,4.997212273764115,4.1588830833596715
6609,1966,Graduation,Single,27038.0,0,0,2012-09-18,64,1,26,25,17,23,15,1,3,0,3,9,0,0,0,0,0,0,3,11,1,2012,9,18,0,0,107,59,4.0943445622221,4.174387269895637,10.205035547224519,4.68213122712422,0.6931471805599453,3.295836866004329,3.258096538021482,2.8903717578961645,3.1780538303479458,2.772588722239781
6963,1947,Graduation,Single,77457.0,0,0,2014-03-05,85,675,11,400,15,45,11,1,2,5,10,1,0,0,1,0,0,0,3,11,0,2014,3,5,0,0,1157,78,4.3694478524670215,4.454347296253507,11.257491132957457,7.05444965813294,6.516193076042964,2.4849066497880004,5.993961427306569,2.772588722239781,3.828641396489095,2.4849066497880004
4440,1964,Master,In a relationship,64100.0,0,1,2013-09-10,93,509,0,27,0,0,10,1,8,3,6,7,0,1,0,0,0,0,3,11,0,2013,9,10,1,1,546,61,4.127134385045092,4.543294782270004,11.068215243411098,6.304448802421981,6.234410725718371,0.0,3.332204510175204,0.0,0.0,2.3978952727983707
1379,1992,Master,In a relationship,42670.0,0,0,2013-04-27,12,154,2,46,20,4,15,1,4,2,4,4,0,0,0,0,0,0,3,11,0,2013,4,27,0,0,241,33,3.5263605246161616,2.5649493574615367,10.661274811576522,5.488937726156687,5.043425116919247,1.0986122886681096,3.8501476017100584,3.044522437723423,1.6094379124341003,2.772588722239781
10032,1976,Graduation,Single,12571.0,1,0,2014-01-18,86,3,5,14,2,12,17,4,3,1,3,6,0,0,0,0,0,0,3,11,0,2014,1,18,1,1,53,49,3.912023005428146,4.465908118654584,9.439227397917458,3.9889840465642745,1.3862943611198906,1.791759469228055,2.70805020110221,1.0986122886681096,2.5649493574615367,2.8903717578961645
2826,1967,Graduation,In a relationship,22574.0,2,1,2013-10-28,28,25,0,8,2,0,2,2,2,0,3,7,0,0,0,0,0,0,3,11,0,2013,10,28,3,1,37,58,4.07753744390572,3.367295829986474,10.024598378285186,3.6375861597263857,3.258096538021482,0.0,2.1972245773362196,1.0986122886681096,0.0,1.0986122886681096
6320,1976,Master,Single,70893.0,0,0,2013-02-06,42,768,44,561,77,44,14,1,6,6,10,3,0,0,0,0,0,0,3,11,0,2013,2,6,0,0,1508,49,3.912023005428146,3.7612001156935624,11.168941082705084,7.319202458767849,6.645090969505644,3.8066624897703196,6.331501849893691,4.356708826689592,3.8066624897703196,2.70805020110221
3050,1966,Graduation,In a relationship,54198.0,1,1,2013-12-17,13,185,0,28,3,2,17,6,3,1,6,4,0,0,0,0,0,0,3,11,0,2013,12,17,2,1,235,59,4.0943445622221,2.639057329615259,10.90041773707303,5.4638318050256105,5.225746673713202,0.0,3.367295829986474,1.3862943611198906,1.0986122886681096,2.8903717578961645
231,1956,Master,In a relationship,28839.0,1,1,2014-03-11,86,24,0,7,0,0,1,2,2,0,3,5,0,0,0,0,0,0,3,11,0,2014,3,11,2,1,32,69,4.248495242049359,4.465908118654584,10.269518591398885,3.4965075614664802,3.2188758248682006,0.0,2.0794415416798357,0.0,0.0,0.6931471805599453
2392,1972,Graduation,In a relationship,40321.0,1,1,2013-07-29,59,44,4,21,6,0,27,2,3,0,3,7,0,0,0,0,0,0,3,11,0,2013,7,29,2,1,102,53,3.9889840465642745,4.0943445622221,10.604652504689657,4.634728988229636,3.8066624897703196,1.6094379124341003,3.091042453358316,1.9459101490553132,0.0,3.332204510175204
9478,1985,Graduation,Single,66503.0,1,0,2012-08-14,30,91,64,128,65,3,50,2,4,3,6,3,0,0,0,0,0,0,3,11,0,2012,8,14,1,1,401,40,3.713572066704308,3.4339872044851463,11.105017375210924,5.996452088619021,4.5217885770490405,4.174387269895637,4.859812404361672,4.189654742026425,1.3862943611198906,3.9318256327243257
113,1951,Graduation,In a relationship,30833.0,1,1,2013-07-16,33,11,0,7,3,1,6,2,1,0,3,5,0,0,0,0,0,0,3,11,0,2013,7,16,2,1,28,74,4.31748811353631,3.5263605246161616,10.336373256220284,3.367295829986474,2.4849066497880004,0.0,2.0794415416798357,1.3862943611198906,0.6931471805599453,1.9459101490553132
1802,1971,Graduation,In a relationship,64795.0,0,1,2013-01-17,23,412,5,119,38,29,77,3,3,3,12,2,0,0,0,0,0,0,3,11,0,2013,1,17,1,1,680,54,4.007333185232471,3.1780538303479458,11.078999152040028,6.523562306149512,6.023447592961033,1.791759469228055,4.787491742782046,3.6635616461296463,3.4011973816621555,4.356708826689592
520,1974,Graduation,In a relationship,34421.0,1,0,2013-07-01,81,3,3,7,6,2,9,1,1,0,2,7,0,0,0,0,0,0,3,11,0,2013,7,1,1,1,30,51,3.9512437185814275,4.406719247264253,10.446451173829926,3.4339872044851463,1.3862943611198906,1.3862943611198906,2.0794415416798357,1.9459101490553132,1.0986122886681096,2.302585092994046
8275,1965,PhD,Single,47025.0,1,1,2014-02-09,6,16,0,3,0,0,1,1,1,0,2,7,0,0,0,0,0,0,3,11,0,2014,2,9,2,1,20,60,4.110873864173311,1.9459101490553132,10.75845591922755,3.044522437723423,2.833213344056216,0.0,1.3862943611198906,0.0,0.0,0.6931471805599453
9750,1961,PhD,Single,64325.0,0,1,2013-02-07,41,731,60,353,78,12,73,5,10,3,5,7,0,0,0,0,0,0,3,11,0,2013,2,7,1,1,1307,64,4.174387269895637,3.7376696182833684,11.071719183084294,7.176254532017144,6.595780513961311,4.110873864173311,5.869296913133774,4.3694478524670215,2.5649493574615367,4.304065093204169
2607,1953,Graduation,Single,40464.0,0,1,2013-01-11,78,424,17,118,7,23,41,6,8,2,8,8,0,0,0,0,0,0,3,11,0,2013,1,11,1,1,630,72,4.290459441148391,4.3694478524670215,10.608192681929802,6.447305862541213,6.052089168924417,2.8903717578961645,4.77912349311153,2.0794415416798357,3.1780538303479458,3.7376696182833684
7214,1957,Graduation,In a relationship,62187.0,0,0,2013-07-05,49,792,0,275,45,45,126,1,4,8,5,3,0,0,0,0,0,0,3,11,0,2013,7,5,0,0,1283,68,4.23410650459726,3.912023005428146,11.03791733406963,7.157735484249907,6.675823221634848,0.0,5.62040086571715,3.828641396489095,3.828641396489095,4.844187086458591
5835,1976,PhD,Single,14849.0,1,0,2013-07-02,39,21,2,28,3,2,9,3,2,0,4,8,0,0,0,0,0,0,3,11,0,2013,7,2,1,1,65,49,3.912023005428146,3.6888794541139363,9.605755144230846,4.189654742026425,3.091042453358316,1.0986122886681096,3.367295829986474,1.3862943611198906,1.0986122886681096,2.302585092994046
3896,1984,Graduation,In a relationship,27255.0,1,0,2013-11-07,3,22,1,11,0,1,2,1,1,0,3,7,0,0,0,0,0,0,3,11,0,2013,11,7,1,1,37,41,3.7376696182833684,1.3862943611198906,10.213028959340802,3.6375861597263857,3.1354942159291497,0.6931471805599453,2.4849066497880004,0.0,0.6931471805599453,1.0986122886681096
10350,1950,PhD,In a relationship,54432.0,2,1,2013-05-09,37,33,0,5,0,0,0,1,1,0,3,4,0,0,0,0,0,0,3,11,0,2013,5,9,3,1,38,75,4.330733340286331,3.6375861597263857,10.904725866572983,3.6635616461296463,3.5263605246161616,0.0,1.791759469228055,0.0,0.0,0.0
7786,1986,PhD,Single,29999.0,1,0,2013-02-13,22,68,7,59,10,5,11,4,3,1,4,8,0,0,0,0,0,0,3,11,0,2013,2,13,1,1,160,39,3.6888794541139363,3.1354942159291497,10.308952660644293,5.081404364984463,4.23410650459726,2.0794415416798357,4.0943445622221,2.3978952727983707,1.791759469228055,2.4849066497880004
2861,1983,Graduation,Single,24072.0,1,0,2013-04-16,79,9,1,6,3,0,4,1,1,0,2,8,0,0,0,0,0,0,3,11,0,2013,4,16,1,1,23,42,3.7612001156935624,4.382026634673881,10.088846159487579,3.1780538303479458,2.302585092994046,0.6931471805599453,1.9459101490553132,1.3862943611198906,0.0,1.6094379124341003
663,1989,PhD,Single,33996.0,0,0,2013-09-11,46,40,2,15,8,0,6,1,1,1,3,4,0,0,0,0,0,0,3,11,0,2013,9,11,0,0,71,36,3.6109179126442243,3.8501476017100584,10.434027564411219,4.276666119016055,3.713572066704308,1.0986122886681096,2.772588722239781,2.1972245773362196,0.0,1.9459101490553132
10675,1956,PhD,In a relationship,66334.0,0,1,2013-04-03,82,909,11,218,0,0,23,2,9,3,5,5,0,0,0,0,0,0,3,11,1,2013,4,3,1,1,1161,69,4.248495242049359,4.418840607796598,11.102472940351017,7.057897937411856,6.813444599510896,2.4849066497880004,5.389071729816501,0.0,0.0,3.1780538303479458
2521,1971,Master,In a relationship,35178.0,1,0,2013-01-10,10,23,1,13,2,2,18,1,1,1,2,7,1,0,0,0,0,0,3,11,1,2013,1,10,1,1,59,54,4.007333185232471,2.3978952727983707,10.46820459264593,4.0943445622221,3.1780538303479458,0.6931471805599453,2.639057329615259,1.0986122886681096,1.0986122886681096,2.9444389791664403
9592,1983,Graduation,In a relationship,22010.0,1,0,2013-06-30,51,11,2,9,3,0,8,2,2,0,3,8,0,0,0,0,0,0,3,11,0,2013,6,30,1,1,33,42,3.7612001156935624,3.9512437185814275,9.999297607382104,3.5263605246161616,2.4849066497880004,1.0986122886681096,2.302585092994046,1.3862943611198906,0.0,2.1972245773362196
10151,1960,Graduation,Single,62204.0,0,2,2012-09-12,38,317,46,247,151,46,139,1,4,5,12,3,0,0,0,0,0,0,3,11,0,2012,9,12,2,1,946,65,4.189654742026425,3.6635616461296463,11.038190661348592,6.853299093186078,5.762051382780177,3.8501476017100584,5.5134287461649825,5.0238805208462765,3.8501476017100584,4.941642422609304
7381,1968,Graduation,Single,75693.0,0,0,2012-12-06,10,797,153,293,72,97,30,1,11,4,6,4,0,1,1,1,0,0,3,11,1,2012,12,6,0,0,1442,57,4.060443010546419,2.3978952727983707,11.234454176046501,7.274479558773871,6.682108597449809,5.0369526024136295,5.683579767338681,4.290459441148391,4.584967478670572,3.4339872044851463
4099,1972,Graduation,In a relationship,30675.0,1,0,2012-11-12,14,10,2,16,11,2,21,1,1,0,3,8,0,0,0,0,0,0,3,11,0,2012,11,12,1,1,62,53,3.9889840465642745,2.70805020110221,10.33123586888475,4.143134726391533,2.3978952727983707,1.0986122886681096,2.833213344056216,2.4849066497880004,1.0986122886681096,3.091042453358316
9560,1965,Graduation,In a relationship,83003.0,0,0,2013-03-03,18,856,61,570,40,25,122,1,7,6,8,3,0,0,1,0,0,0,3,11,1,2013,3,3,0,0,1674,60,4.110873864173311,2.9444389791664403,11.326644078388584,7.423568444259167,6.75343791859778,4.127134385045092,6.3473892096560105,3.713572066704308,3.258096538021482,4.812184355372417
10172,1988,Graduation,Single,68655.0,0,0,2012-08-10,95,456,19,832,75,118,38,1,4,5,11,3,0,0,0,0,0,0,3,11,0,2012,8,10,0,0,1538,37,3.6375861597263857,4.564348191467836,11.136863807231306,7.338888133838879,6.124683390894205,2.995732273553991,6.725033642166843,4.330733340286331,4.77912349311153,3.6635616461296463
11191,1986,Graduation,Single,41411.0,0,0,2013-12-07,11,37,32,38,11,3,18,1,2,1,4,6,0,0,0,0,0,0,3,11,0,2013,12,7,0,0,139,39,3.6888794541139363,2.4849066497880004,10.631325972886003,4.941642422609304,3.6375861597263857,3.4965075614664802,3.6635616461296463,2.4849066497880004,1.3862943611198906,2.9444389791664403
9707,1969,PhD,In a relationship,55212.0,0,1,2012-11-23,65,1103,0,45,0,0,34,3,4,2,11,8,0,1,0,0,1,0,3,11,0,2012,11,23,1,1,1182,56,4.04305126783455,4.189654742026425,10.918953711784086,7.075808863978387,7.00669522683704,0.0,3.828641396489095,0.0,0.0,3.5553480614894135
6245,1950,PhD,In a relationship,59292.0,0,1,2013-06-13,71,378,14,68,19,14,14,2,3,5,8,3,0,0,0,0,0,0,3,11,0,2013,6,13,1,1,507,75,4.330733340286331,4.276666119016055,10.990246534173238,6.230481447578482,5.937536205082426,2.70805020110221,4.23410650459726,2.995732273553991,2.70805020110221,2.70805020110221
8234,1973,Basic,In a relationship,27190.0,1,0,2013-08-15,13,1,6,7,0,1,3,1,1,0,2,8,1,0,0,0,0,0,3,11,1,2013,8,15,1,1,18,52,3.970291913552122,2.639057329615259,10.210641315177503,2.9444389791664403,0.6931471805599453,1.9459101490553132,2.0794415416798357,0.0,0.6931471805599453,1.3862943611198906
1411,1952,Graduation,Single,82623.0,0,0,2013-11-10,58,204,34,204,172,153,173,1,2,9,4,1,0,0,0,0,0,0,3,11,0,2013,11,10,0,0,940,73,4.304065093204169,4.07753744390572,11.322055474206314,6.846943139585379,5.3230099791384085,3.5553480614894135,5.3230099791384085,5.153291594497779,5.0369526024136295,5.159055299214529
8553,1965,Graduation,In a relationship,44300.0,1,1,2013-06-23,65,30,0,9,0,0,3,2,1,0,3,6,0,0,0,0,0,0,3,11,0,2013,6,23,2,1,42,60,4.110873864173311,4.189654742026425,10.698762529141884,3.7612001156935624,3.4339872044851463,0.0,2.302585092994046,0.0,0.0,1.3862943611198906
1826,1970,Graduation,Single,84835.0,0,0,2014-06-16,0,189,104,379,111,189,218,1,4,4,6,1,0,0,0,0,0,0,3,11,1,2014,6,16,0,0,1190,55,4.02535169073515,0.0,11.348475259995237,7.0825485693553,5.247024072160486,4.653960350157523,5.940171252720432,4.718498871295094,5.247024072160486,5.389071729816501
8842,1971,Graduation,Single,30372.0,1,1,2012-12-25,33,15,0,12,7,3,7,3,2,0,3,7,0,0,0,0,0,0,3,11,0,2012,12,25,2,1,44,54,4.007333185232471,3.5263605246161616,10.321309334853664,3.8066624897703196,2.772588722239781,0.0,2.5649493574615367,2.0794415416798357,1.3862943611198906,2.0794415416798357
11030,1976,Master,In a relationship,33181.0,1,0,2014-01-03,90,9,0,3,0,0,4,1,1,0,2,6,1,0,0,0,0,0,3,11,0,2014,1,3,1,1,16,49,3.912023005428146,4.51085950651685,10.409762839203301,2.833213344056216,2.302585092994046,0.0,1.3862943611198906,0.0,0.0,1.6094379124341003
2579,1957,Graduation,In a relationship,71113.0,0,1,2013-12-17,95,495,33,255,11,33,8,4,6,7,9,4,0,0,0,0,0,0,3,11,0,2013,12,17,1,1,835,68,4.23410650459726,4.564348191467836,11.172039502174462,6.728628613084702,6.206575926724928,3.5263605246161616,5.545177444479562,2.4849066497880004,3.5263605246161616,2.1972245773362196
175,1986,Graduation,In a relationship,71952.0,1,0,2013-01-10,93,656,80,455,52,107,93,2,8,4,8,4,1,0,1,0,0,0,3,11,0,2013,1,10,1,1,1443,39,3.6888794541139363,4.543294782270004,11.183768407068236,7.275172319452771,6.487684018484611,4.394449154672439,6.1224928095143865,3.970291913552122,4.68213122712422,4.543294782270004
9185,1966,PhD,Single,69759.0,0,0,2013-10-28,38,452,20,514,13,30,0,3,4,6,5,3,0,0,0,0,0,0,3,11,1,2013,10,28,0,0,1029,59,4.0943445622221,3.6635616461296463,11.15281605858286,6.937314081223682,6.115892125483034,3.044522437723423,6.244166900663736,2.639057329615259,3.4339872044851463,0.0
11056,1974,Graduation,In a relationship,72099.0,0,0,2012-10-27,18,546,91,410,119,0,22,1,3,4,10,1,0,0,0,0,0,0,3,11,0,2012,10,27,0,0,1188,51,3.9512437185814275,2.9444389791664403,11.185809323273041,7.080867896690782,6.304448802421981,4.5217885770490405,6.018593214496234,4.787491742782046,0.0,3.1354942159291497
9365,1976,PhD,Single,60000.0,0,1,2012-12-22,57,1048,0,217,0,0,12,5,11,3,5,6,0,0,0,0,0,0,3,11,0,2012,12,22,1,1,1277,49,3.912023005428146,4.060443010546419,11.002116507732017,7.15305163493748,6.955592608396297,0.0,5.384495062789089,0.0,0.0,2.5649493574615367
6201,1978,Graduation,Single,38643.0,1,1,2013-11-29,45,22,2,14,0,1,10,2,2,0,3,7,0,0,0,0,0,1,3,11,0,2013,11,29,2,1,49,47,3.8712010109078907,3.828641396489095,10.5621468026374,3.912023005428146,3.1354942159291497,1.0986122886681096,2.70805020110221,0.0,0.6931471805599453,2.3978952727983707
2061,1955,Graduation,In a relationship,50737.0,0,1,2013-05-11,61,78,0,11,0,0,10,1,2,0,4,6,0,1,0,0,0,0,3,11,0,2013,5,11,1,1,99,70,4.2626798770413155,4.127134385045092,10.834430415742597,4.605170185988092,4.3694478524670215,0.0,2.4849066497880004,0.0,0.0,2.3978952727983707
6184,1969,PhD,In a relationship,68462.0,0,0,2012-12-12,6,561,64,785,84,128,48,1,3,3,8,1,0,0,0,0,0,0,3,11,0,2012,12,12,0,0,1670,56,4.04305126783455,1.9459101490553132,11.13404873233352,7.421177528595393,6.331501849893691,4.174387269895637,6.666956792429207,4.442651256490317,4.859812404361672,3.8918202981106265
6142,1943,Master,In a relationship,65073.0,0,0,2013-08-20,65,629,17,177,69,0,8,1,5,3,5,2,0,0,0,0,0,1,3,11,0,2013,8,20,0,0,900,82,4.418840607796598,4.189654742026425,11.08328036286033,6.803505257608338,6.4457198193855785,2.8903717578961645,5.181783550292085,4.248495242049359,0.0,2.1972245773362196
4107,1948,PhD,In a relationship,46681.0,0,2,2013-10-08,52,269,15,69,15,19,38,2,4,6,4,5,0,0,0,0,0,0,3,11,0,2013,10,8,2,1,425,77,4.356708826689592,3.970291913552122,10.751113930384133,6.054439346269371,5.598421958998375,2.772588722239781,4.248495242049359,2.772588722239781,2.995732273553991,3.6635616461296463
7274,1957,Graduation,In a relationship,78618.0,0,0,2012-09-28,87,736,163,818,212,163,61,1,4,7,10,2,0,1,0,0,0,0,3,11,0,2012,9,28,0,0,2153,68,4.23410650459726,4.477336814478207,11.27236867948514,7.675081857716334,6.602587892189336,5.099866427824199,6.70808408385307,5.3612921657094255,5.099866427824199,4.127134385045092
9336,1969,PhD,Single,62187.0,0,1,2014-03-22,38,512,0,83,0,0,41,3,6,2,10,4,0,0,0,0,0,0,3,11,0,2014,3,22,1,1,636,56,4.04305126783455,3.6635616461296463,11.03791733406963,6.456769655572163,6.240275845170769,0.0,4.430816798843313,0.0,0.0,3.7376696182833684
2958,1978,Graduation,In a relationship,28442.0,2,0,2014-02-24,53,19,3,10,11,8,6,3,2,1,4,4,0,0,0,0,0,0,3,11,0,2014,2,24,2,1,57,47,3.8712010109078907,3.9889840465642745,10.255657363586069,4.060443010546419,2.995732273553991,1.3862943611198906,2.3978952727983707,2.4849066497880004,2.1972245773362196,1.9459101490553132
933,1978,PhD,In a relationship,37717.0,1,0,2012-11-23,31,9,0,6,4,1,5,1,1,0,2,9,0,0,0,0,0,0,3,11,0,2012,11,23,1,1,25,47,3.8712010109078907,3.4657359027997265,10.53789271307231,3.258096538021482,2.302585092994046,0.0,1.9459101490553132,1.6094379124341003,0.6931471805599453,1.791759469228055
5837,1967,Graduation,In a relationship,51479.0,1,1,2012-12-28,67,247,8,160,6,8,65,7,6,3,6,7,0,0,0,0,0,0,3,11,0,2012,12,28,2,1,494,58,4.07753744390572,4.219507705176107,10.848948661710063,6.20455776256869,5.5134287461649825,2.1972245773362196,5.081404364984463,1.9459101490553132,2.1972245773362196,4.189654742026425
10704,1969,Graduation,Single,54803.0,0,1,2012-08-21,65,404,0,92,28,27,142,2,6,2,9,4,0,0,0,0,0,0,3,11,0,2012,8,21,1,1,693,56,4.04305126783455,4.189654742026425,10.911518462973,6.542471960506805,6.003887067106539,0.0,4.532599493153256,3.367295829986474,3.332204510175204,4.962844630259907
5125,1960,Graduation,In a relationship,79530.0,0,0,2013-05-17,64,333,0,815,129,42,29,1,4,10,11,2,0,0,0,0,0,0,3,11,0,2013,5,17,0,0,1348,65,4.189654742026425,4.174387269895637,11.283902161743626,7.207118856207756,5.8111409929767,0.0,6.704414354964107,4.867534450455582,3.7612001156935624,3.4011973816621555
4432,1976,Graduation,Single,31615.0,1,0,2013-03-16,82,2,3,20,6,11,9,2,2,0,3,7,0,0,0,0,0,0,3,11,0,2013,3,16,1,1,51,49,3.912023005428146,4.418840607796598,10.361418600547594,3.9512437185814275,1.0986122886681096,1.3862943611198906,3.044522437723423,1.9459101490553132,2.4849066497880004,2.302585092994046
5955,1962,Graduation,In a relationship,72025.0,0,0,2012-11-17,27,833,33,549,151,133,233,1,4,3,8,3,0,0,0,0,0,0,3,11,0,2012,11,17,0,0,1932,63,4.1588830833596715,3.332204510175204,11.184782443924378,7.566828479208331,6.726233402358747,3.5263605246161616,6.309918278226516,5.0238805208462765,4.897839799950911,5.455321115357702
2928,1975,PhD,Single,52614.0,0,1,2012-12-01,63,789,0,142,12,9,38,2,2,4,8,8,0,0,0,0,0,0,3,11,0,2012,12,1,1,1,990,50,3.9318256327243257,4.1588830833596715,10.870756529174912,6.898714534329988,6.672032945461067,0.0,4.962844630259907,2.5649493574615367,2.302585092994046,3.6635616461296463
5680,1984,2n Cycle,In a relationship,35684.0,1,0,2014-04-22,66,10,4,7,0,6,3,1,1,0,3,6,0,0,0,0,0,0,3,11,0,2014,4,22,1,1,30,41,3.7376696182833684,4.204692619390966,10.482485711405168,3.4339872044851463,2.3978952727983707,1.6094379124341003,2.0794415416798357,0.0,1.9459101490553132,1.3862943611198906
10313,1975,Graduation,In a relationship,48178.0,1,1,2012-10-28,69,159,4,45,6,2,38,6,5,1,4,8,0,0,0,0,0,0,3,11,0,2012,10,28,2,1,254,50,3.9318256327243257,4.248495242049359,10.782678520453256,5.541263545158426,5.075173815233827,1.6094379124341003,3.828641396489095,1.9459101490553132,1.0986122886681096,3.6635616461296463
2557,1970,Master,Single,29548.0,1,0,2013-08-29,52,7,1,6,3,1,11,1,1,1,2,4,1,0,0,0,0,0,3,11,0,2013,8,29,1,1,29,55,4.02535169073515,3.970291913552122,10.29380518131408,3.4011973816621555,2.0794415416798357,0.6931471805599453,1.9459101490553132,1.3862943611198906,0.6931471805599453,2.4849066497880004
1245,1966,Graduation,Single,63810.0,0,1,2012-11-11,45,977,12,253,16,12,101,4,4,3,12,8,0,1,0,0,0,0,3,11,0,2012,11,11,1,1,1371,59,4.0943445622221,3.828641396489095,11.063680868264434,7.22402480828583,6.885509670034818,2.5649493574615367,5.537334267018537,2.833213344056216,2.5649493574615367,4.624972813284271
1519,1972,PhD,Single,38578.0,1,1,2013-06-22,2,38,4,22,3,3,3,3,3,0,3,8,0,0,0,0,0,0,3,11,1,2013,6,22,2,1,73,53,3.9889840465642745,1.0986122886681096,10.560463365957897,4.304065093204169,3.6635616461296463,1.6094379124341003,3.1354942159291497,1.3862943611198906,1.3862943611198906,1.3862943611198906
10703,1975,Master,Single,46098.0,1,1,2012-08-18,86,57,0,27,0,0,36,4,3,2,2,8,0,0,0,0,0,0,3,11,0,2012,8,18,2,1,120,50,3.9318256327243257,4.465908118654584,10.738546536775496,4.795790545596741,4.060443010546419,0.0,3.332204510175204,0.0,0.0,3.6109179126442243
1726,1970,Graduation,Single,22585.0,0,0,2013-03-18,23,3,9,15,13,2,39,1,1,1,2,9,1,0,0,0,0,0,3,11,1,2013,3,18,0,0,81,55,4.02535169073515,3.1780538303479458,10.025085524283616,4.406719247264253,1.3862943611198906,2.302585092994046,2.772588722239781,2.639057329615259,1.0986122886681096,3.6888794541139363
4459,1989,Graduation,Single,30279.0,1,0,2012-12-30,13,10,4,14,4,4,1,1,1,0,3,8,0,0,0,0,0,0,3,11,0,2012,12,30,1,1,37,36,3.6109179126442243,2.639057329615259,10.318242707551384,3.6375861597263857,2.3978952727983707,1.6094379124341003,2.70805020110221,1.6094379124341003,1.6094379124341003,0.6931471805599453
1729,1961,PhD,In a relationship,66426.0,0,1,2013-10-02,14,1043,24,97,32,24,157,2,3,5,10,6,0,0,0,0,0,0,3,11,0,2013,10,2,1,1,1377,64,4.174387269895637,2.70805020110221,11.103858879320397,7.228388451573604,6.950814768442584,3.2188758248682006,4.584967478670572,3.4965075614664802,3.2188758248682006,5.062595033026967
1517,1969,Graduation,Single,30822.0,1,0,2013-06-14,92,3,9,13,2,12,12,1,1,0,3,7,0,0,0,0,0,0,3,11,0,2013,6,14,1,1,51,56,4.04305126783455,4.532599493153256,10.336016443526942,3.9512437185814275,1.3862943611198906,2.302585092994046,2.639057329615259,1.0986122886681096,2.5649493574615367,2.5649493574615367
2098,1969,PhD,In a relationship,33581.0,2,0,2013-01-08,38,11,0,5,0,0,1,1,1,0,2,8,0,0,0,0,0,0,3,11,0,2013,1,8,2,1,17,56,4.04305126783455,3.6635616461296463,10.421745488119415,2.8903717578961645,2.4849066497880004,0.0,1.791759469228055,0.0,0.0,0.6931471805599453
9543,1985,Graduation,In a relationship,19986.0,1,0,2013-11-14,74,3,6,5,0,2,6,1,0,0,3,7,0,0,0,0,0,0,3,11,0,2013,11,14,1,1,22,40,3.713572066704308,4.31748811353631,9.902837341194541,3.1354942159291497,1.3862943611198906,1.9459101490553132,1.791759469228055,0.0,1.0986122886681096,1.9459101490553132
6878,1954,Graduation,Single,27421.0,0,0,2012-12-12,14,43,12,96,78,40,55,3,4,1,6,7,0,0,0,0,0,0,3,11,0,2012,12,12,0,0,324,71,4.276666119016055,2.70805020110221,10.2191008899166,5.783825182329737,3.784189633918261,2.5649493574615367,4.574710978503383,4.3694478524670215,3.713572066704308,4.02535169073515
3310,1973,2n Cycle,In a relationship,35688.0,2,1,2012-08-22,94,73,3,90,12,1,32,7,4,1,4,8,0,0,0,0,0,0,3,11,0,2012,8,22,3,1,211,52,3.970291913552122,4.553876891600541,10.482597797038709,5.356586274672012,4.304065093204169,1.3862943611198906,4.51085950651685,2.5649493574615367,0.6931471805599453,3.4965075614664802
2724,1981,Master,Single,36143.0,1,0,2014-03-30,33,12,0,1,0,0,6,1,0,1,2,3,0,0,0,0,0,0,3,11,0,2014,3,30,1,1,19,44,3.8066624897703196,3.5263605246161616,10.495266238707785,2.995732273553991,2.5649493574615367,0.0,0.6931471805599453,0.0,0.0,1.9459101490553132
948,1971,Graduation,Single,10245.0,1,0,2013-05-15,32,4,7,7,6,4,13,3,1,2,2,5,0,0,0,0,0,0,3,11,0,2013,5,15,1,1,41,54,4.007333185232471,3.4965075614664802,9.234642664499148,3.7376696182833684,1.6094379124341003,2.0794415416798357,2.0794415416798357,1.9459101490553132,1.6094379124341003,2.639057329615259
6720,1968,Master,In a relationship,43795.0,0,1,2013-10-16,11,314,11,53,4,3,107,3,7,3,4,7,0,1,0,0,0,0,3,11,1,2013,10,16,1,1,492,57,4.060443010546419,2.4849066497880004,10.687297767993316,6.20050917404269,5.752572638825633,2.4849066497880004,3.9889840465642745,1.6094379124341003,1.3862943611198906,4.68213122712422
6202,1960,Graduation,In a relationship,63381.0,0,1,2012-10-05,78,571,50,142,33,50,159,4,4,5,13,2,0,0,0,0,0,0,3,11,0,2012,10,5,1,1,1005,65,4.189654742026425,4.3694478524670215,11.056935188442845,6.913737350659685,6.349138991379798,3.9318256327243257,4.962844630259907,3.5263605246161616,3.9318256327243257,5.075173815233827
2066,1949,Graduation,In a relationship,38823.0,0,1,2012-08-30,56,70,0,11,2,8,23,1,2,1,3,6,0,0,0,0,0,0,3,11,0,2012,8,30,1,1,114,76,4.343805421853684,4.04305126783455,10.566793891085052,4.74493212836325,4.2626798770413155,0.0,2.4849066497880004,1.0986122886681096,2.1972245773362196,3.1780538303479458
9799,1968,PhD,Single,83664.0,1,1,2013-05-08,57,866,21,151,28,21,86,3,2,2,12,5,0,0,0,0,0,0,3,11,0,2013,5,8,2,1,1173,57,4.060443010546419,4.060443010546419,11.334576008928673,7.068172000388042,6.7650389767805414,3.091042453358316,5.0238805208462765,3.367295829986474,3.091042453358316,4.465908118654584
8318,1979,Graduation,In a relationship,90300.0,0,0,2014-01-03,7,594,134,786,33,134,57,0,5,6,8,1,0,0,1,0,0,0,3,11,0,2014,1,3,0,0,1738,46,3.8501476017100584,2.0794415416798357,11.410903813540878,7.461065514354283,6.38856140554563,4.90527477843843,6.668228248417403,3.5263605246161616,4.90527477843843,4.060443010546419
5642,1979,Master,In a relationship,62499.0,1,0,2013-12-09,0,140,4,61,0,13,4,2,3,1,6,4,0,0,0,0,0,0,3,11,0,2013,12,9,1,1,222,46,3.8501476017100584,0.0,11.042921835724492,5.407171771460119,4.948759890378168,1.6094379124341003,4.127134385045092,0.0,2.639057329615259,1.6094379124341003
2669,1993,Graduation,Single,74293.0,0,0,2014-05-04,66,375,152,335,93,91,81,1,5,4,6,2,0,0,0,0,0,0,3,11,0,2014,5,4,0,0,1127,32,3.4965075614664802,4.204692619390966,11.215785473743884,7.028201432058005,5.929589143389895,5.030437921392435,5.817111159963204,4.543294782270004,4.5217885770490405,4.406719247264253
455,1946,PhD,In a relationship,51012.0,0,0,2013-04-18,86,102,9,63,2,9,24,1,4,1,4,6,0,0,0,0,0,0,3,11,0,2013,4,18,0,0,209,79,4.382026634673881,4.465908118654584,10.839835781185261,5.3471075307174685,4.634728988229636,2.302585092994046,4.1588830833596715,1.0986122886681096,2.302585092994046,3.2188758248682006
7683,1968,Master,In a relationship,70777.0,0,1,2014-02-25,80,554,35,113,0,7,78,3,5,3,12,3,0,0,0,0,0,0,3,11,0,2014,2,25,1,1,787,57,4.060443010546419,4.394449154672439,11.167303496930577,6.669498089857879,6.318968113746434,3.58351893845611,4.736198448394496,0.0,2.0794415416798357,4.3694478524670215
3428,1991,PhD,In a relationship,68682.0,0,0,2013-10-06,56,919,0,505,99,30,45,1,4,9,10,2,0,0,0,0,0,0,3,11,0,2013,10,6,0,0,1598,34,3.5553480614894135,4.04305126783455,11.137256994896104,7.377133712833954,6.824373670043086,0.0,6.226536669287466,4.605170185988092,3.4339872044851463,3.828641396489095
7414,1971,Graduation,In a relationship,43824.0,1,1,2012-09-15,18,96,1,42,12,3,32,4,3,1,4,8,0,0,0,0,0,0,3,11,0,2012,9,15,2,1,186,54,4.007333185232471,2.9444389791664403,10.687959709789435,5.231108616854587,4.574710978503383,0.6931471805599453,3.7612001156935624,2.5649493574615367,1.3862943611198906,3.4965075614664802
6354,1984,Graduation,In a relationship,15345.0,1,0,2012-08-31,51,5,2,16,3,2,19,2,1,1,2,8,0,0,0,0,0,0,3,11,1,2012,8,31,1,1,47,41,3.7376696182833684,3.9512437185814275,9.638610132737611,3.8712010109078907,1.791759469228055,1.0986122886681096,2.833213344056216,1.3862943611198906,1.0986122886681096,2.995732273553991
798,1987,Graduation,Single,23442.0,1,0,2012-12-24,71,2,0,6,8,6,5,1,1,0,3,7,0,0,0,0,0,0,3,11,0,2012,12,24,1,1,27,38,3.6635616461296463,4.276666119016055,10.062327221849518,3.332204510175204,1.0986122886681096,0.0,1.9459101490553132,2.1972245773362196,1.9459101490553132,1.791759469228055
8213,1980,2n Cycle,In a relationship,14515.0,1,0,2012-11-09,71,6,4,9,6,36,35,4,2,2,3,7,0,0,0,0,0,0,3,11,1,2012,11,9,1,1,96,45,3.828641396489095,4.276666119016055,9.583006768332961,4.574710978503383,1.9459101490553132,1.6094379124341003,2.302585092994046,1.9459101490553132,3.6109179126442243,3.58351893845611
2488,1956,2n Cycle,Single,31395.0,1,1,2013-03-23,80,23,1,25,0,8,7,4,2,1,3,6,0,0,0,0,0,0,3,11,0,2013,3,23,2,1,64,69,4.248495242049359,4.394449154672439,10.354435775246705,4.174387269895637,3.1780538303479458,0.6931471805599453,3.258096538021482,0.0,2.1972245773362196,2.0794415416798357
9999,1965,Graduation,In a relationship,75276.0,0,0,2012-09-27,2,610,105,125,137,42,21,1,9,4,9,5,0,0,0,0,0,0,3,11,0,2012,9,27,0,0,1040,60,4.110873864173311,1.0986122886681096,11.228929922243076,6.947937068614969,6.415096959171596,4.663439094112067,4.836281906951478,4.927253685157205,3.7612001156935624,3.091042453358316
7617,1974,Graduation,Single,42373.0,1,1,2013-08-15,83,67,5,61,3,8,19,5,2,1,5,5,0,0,0,0,0,0,3,11,0,2013,8,15,2,1,163,51,3.9512437185814275,4.430816798843313,10.654290245584235,5.099866427824199,4.219507705176107,1.791759469228055,4.127134385045092,1.3862943611198906,2.1972245773362196,2.995732273553991
615,1960,Graduation,In a relationship,30507.0,0,0,2013-03-11,29,65,36,74,38,20,110,1,5,1,4,7,0,0,0,0,0,0,3,11,0,2013,3,11,0,0,343,65,4.189654742026425,3.4011973816621555,10.32574422328413,5.840641657373398,4.189654742026425,3.6109179126442243,4.31748811353631,3.6635616461296463,3.044522437723423,4.709530201312334
2552,1955,PhD,Single,55521.0,1,2,2013-10-22,11,416,0,26,0,0,4,9,6,3,6,7,0,1,0,0,0,0,3,11,1,2013,10,22,3,1,446,70,4.2626798770413155,2.4849066497880004,10.924534617586627,6.102558594613569,6.0330862217988015,0.0,3.295836866004329,0.0,0.0,1.6094379124341003
194,1965,Graduation,In a relationship,48006.0,1,1,2014-06-09,55,23,0,11,3,2,2,1,1,0,3,6,0,0,0,0,0,0,3,11,0,2014,6,9,2,1,41,60,4.110873864173311,4.02535169073515,10.779102112590714,3.7376696182833684,3.1780538303479458,0.0,2.4849066497880004,1.3862943611198906,1.0986122886681096,1.0986122886681096
3645,1972,PhD,Single,27213.0,1,0,2012-08-30,19,19,3,26,10,9,3,3,2,0,4,8,0,0,0,0,0,0,3,11,1,2012,8,30,1,1,70,53,3.9889840465642745,2.995732273553991,10.211486825750804,4.2626798770413155,2.995732273553991,1.3862943611198906,3.295836866004329,2.3978952727983707,2.302585092994046,1.3862943611198906
8890,1971,PhD,Single,65808.0,1,1,2014-05-30,1,155,7,80,13,7,10,3,5,1,5,6,0,0,0,0,0,0,3,11,0,2014,5,30,2,1,272,54,4.007333185232471,0.6931471805599453,11.094511886075637,5.60947179518496,5.049856007249537,2.0794415416798357,4.394449154672439,2.639057329615259,2.0794415416798357,2.3978952727983707
5049,1974,PhD,In a relationship,30351.0,1,0,2013-06-06,19,14,0,24,3,3,2,1,3,0,2,9,0,0,0,0,0,0,3,11,0,2013,6,6,1,1,46,51,3.9512437185814275,2.995732273553991,10.320617692174796,3.8501476017100584,2.70805020110221,0.0,3.2188758248682006,1.3862943611198906,1.3862943611198906,1.0986122886681096
9973,1963,Graduation,In a relationship,50437.0,0,2,2012-10-17,28,370,9,92,6,9,4,3,7,1,8,7,0,0,0,0,0,0,3,11,0,2012,10,17,2,1,490,62,4.143134726391533,3.367295829986474,10.828500138222152,6.19644412779452,5.916202062607435,2.302585092994046,4.532599493153256,1.9459101490553132,2.302585092994046,1.6094379124341003
7301,1982,2n Cycle,Single,23616.0,1,0,2012-11-17,76,4,22,11,3,7,32,2,3,0,3,8,0,0,0,0,0,0,3,11,1,2012,11,17,1,1,79,43,3.784189633918261,4.343805421853684,10.069722070677152,4.382026634673881,1.6094379124341003,3.1354942159291497,2.4849066497880004,1.3862943611198906,2.0794415416798357,3.4965075614664802
10882,1976,Graduation,In a relationship,53858.0,0,1,2012-11-09,50,407,53,221,58,150,26,4,4,3,6,4,0,0,0,0,0,0,3,11,0,2012,11,9,1,1,915,49,3.912023005428146,3.9318256327243257,10.894124799538938,6.82001636467413,6.0112671744041615,3.9889840465642745,5.402677381872279,4.07753744390572,5.017279836814924,3.295836866004329
7030,1955,PhD,In a relationship,66465.0,0,1,2013-03-30,1,1200,0,204,38,29,14,3,11,9,12,6,0,0,0,1,0,0,3,11,0,2013,3,30,1,1,1485,70,4.2626798770413155,0.6931471805599453,11.104445817701192,7.303843225277705,7.0909098220799835,0.0,5.3230099791384085,3.6635616461296463,3.4011973816621555,2.70805020110221
7422,1987,Graduation,Single,46923.0,1,0,2012-08-22,90,85,44,54,102,78,6,3,5,1,7,7,0,0,0,0,0,0,3,11,0,2012,8,22,1,1,369,38,3.6635616461296463,4.51085950651685,10.756284550625612,5.91350300563827,4.454347296253507,3.8066624897703196,4.007333185232471,4.634728988229636,4.3694478524670215,1.9459101490553132
3523,1962,Graduation,In a relationship,75072.0,0,1,2013-01-23,83,583,34,309,0,22,125,2,5,4,8,3,0,0,0,0,0,0,3,11,0,2013,1,23,1,1,1073,63,4.1588830833596715,4.430816798843313,11.226216252470039,6.97914527506881,6.369900982828227,3.5553480614894135,5.736572297479192,0.0,3.1354942159291497,4.836281906951478
7106,1943,PhD,In a relationship,75865.0,0,0,2014-03-31,73,483,0,591,156,0,12,1,3,5,10,1,0,0,0,0,0,0,3,11,0,2014,3,31,0,0,1242,82,4.418840607796598,4.304065093204169,11.236723905181373,7.1252830915107115,6.182084906716632,0.0,6.3835066348840055,5.056245805348308,0.0,2.5649493574615367
6504,1975,2n Cycle,In a relationship,19789.0,1,0,2013-11-20,24,2,5,9,28,6,28,3,2,1,3,5,1,0,0,0,0,0,3,11,0,2013,11,20,1,1,78,50,3.9318256327243257,3.2188758248682006,9.892932038596612,4.3694478524670215,1.0986122886681096,1.791759469228055,2.302585092994046,3.367295829986474,1.9459101490553132,3.367295829986474
5067,1994,Graduation,In a relationship,80134.0,0,0,2014-02-14,11,966,26,282,52,26,26,1,2,7,11,5,0,1,1,1,1,0,3,11,0,2014,2,14,0,0,1378,31,3.4657359027997265,2.4849066497880004,11.291467991427675,7.229113877793302,6.874198495453294,3.295836866004329,5.645446897643238,3.970291913552122,3.295836866004329,3.295836866004329
4216,1981,Graduation,Single,91065.0,0,0,2013-02-22,33,822,114,108,179,137,114,1,7,9,9,3,0,0,1,1,0,0,3,11,1,2013,2,22,0,0,1474,44,3.8066624897703196,3.5263605246161616,11.41933979733965,7.29641326877392,6.71295620067707,4.74493212836325,4.6913478822291435,5.19295685089021,4.927253685157205,4.74493212836325
8581,1971,Master,In a relationship,49505.0,1,1,2013-03-05,4,604,0,100,19,0,28,9,10,2,8,8,0,0,0,0,0,0,3,11,0,2013,3,5,2,1,751,54,4.007333185232471,1.6094379124341003,10.809849153332399,6.62273632394984,6.405228458030842,0.0,4.61512051684126,2.995732273553991,0.0,3.367295829986474
5929,1973,PhD,In a relationship,37401.0,1,0,2014-05-06,14,19,3,19,3,1,3,2,2,0,3,7,0,0,0,0,0,0,3,11,0,2014,5,6,1,1,48,52,3.970291913552122,2.70805020110221,10.529479457908666,3.8918202981106265,2.995732273553991,1.3862943611198906,2.995732273553991,1.3862943611198906,0.6931471805599453,1.3862943611198906
3129,1983,Graduation,In a relationship,30096.0,1,0,2014-05-22,30,5,3,11,12,5,9,1,2,0,3,6,0,0,0,0,0,0,3,11,0,2014,5,22,1,1,45,42,3.7612001156935624,3.4339872044851463,10.312180777995717,3.828641396489095,1.791759469228055,1.3862943611198906,2.4849066497880004,2.5649493574615367,1.791759469228055,2.302585092994046
6528,1982,Master,In a relationship,18492.0,1,0,2014-06-05,75,2,2,2,2,1,1,1,1,0,2,8,0,0,0,0,0,0,3,11,0,2014,6,5,1,1,10,43,3.784189633918261,4.330733340286331,9.825147561084876,2.3978952727983707,1.0986122886681096,1.0986122886681096,1.0986122886681096,1.0986122886681096,0.6931471805599453,0.6931471805599453
1361,1974,Master,In a relationship,82584.0,0,0,2013-06-04,26,1076,68,103,29,91,68,1,3,4,8,1,0,1,1,0,0,0,3,11,1,2013,6,4,0,0,1435,51,3.9512437185814275,3.295836866004329,11.32158334495519,7.269616749608169,6.981934677156389,4.23410650459726,4.6443908991413725,3.4011973816621555,4.5217885770490405,4.23410650459726
6932,1941,PhD,In a relationship,93027.0,0,0,2013-04-13,77,1285,42,716,55,0,21,0,7,10,5,2,0,0,1,0,0,0,3,11,0,2013,4,13,0,0,2119,84,4.442651256490317,4.356708826689592,11.440655802090147,7.659171367666058,7.1592919047975645,3.7612001156935624,6.57507584059962,4.02535169073515,0.0,3.091042453358316
7284,1953,Graduation,In a relationship,48686.0,1,2,2013-12-04,8,10,0,7,2,0,1,1,1,0,2,8,0,0,0,0,0,0,3,11,0,2013,12,4,3,1,20,72,4.290459441148391,2.1972245773362196,10.793167332983991,3.044522437723423,2.3978952727983707,0.0,2.0794415416798357,1.0986122886681096,0.0,0.6931471805599453
1340,1986,Graduation,In a relationship,92910.0,0,0,2014-04-24,42,551,137,792,179,103,33,1,6,7,13,1,0,1,1,1,0,0,3,11,0,2014,4,24,0,0,1795,39,3.6888794541139363,3.7612001156935624,11.439397324681515,7.493317248862145,6.313548046277095,4.927253685157205,6.675823221634848,5.19295685089021,4.6443908991413725,3.5263605246161616
8746,1989,Graduation,In a relationship,75433.0,1,0,2014-04-05,28,800,0,297,0,34,57,2,2,5,10,6,0,1,0,1,0,0,3,11,0,2014,4,5,1,1,1188,36,3.6109179126442243,3.367295829986474,11.231013380740361,7.080867896690782,6.68586094706836,0.0,5.697093486505405,0.0,3.5553480614894135,4.060443010546419
5987,1989,2n Cycle,In a relationship,10404.0,1,0,2014-05-04,52,2,2,11,10,6,12,2,1,0,4,5,0,0,0,0,0,0,3,11,0,2014,5,4,1,1,43,36,3.6109179126442243,3.970291913552122,9.250041738827735,3.784189633918261,1.0986122886681096,1.0986122886681096,2.4849066497880004,2.3978952727983707,1.9459101490553132,2.5649493574615367
3767,1968,Graduation,In a relationship,61314.0,0,1,2013-04-25,1,378,0,189,97,172,172,2,5,5,12,3,0,0,0,0,0,0,3,11,0,2013,4,25,1,1,1008,57,4.060443010546419,0.6931471805599453,11.023779790196127,6.9167150203536085,5.937536205082426,0.0,5.247024072160486,4.584967478670572,5.153291594497779,5.153291594497779
3725,1961,PhD,Single,84865.0,0,0,2013-05-09,1,1248,16,349,43,16,16,1,2,4,9,4,0,1,1,1,1,0,3,11,1,2013,5,9,0,0,1688,64,4.174387269895637,0.6931471805599453,11.348828820946935,7.4318919168078,7.130098510125578,2.833213344056216,5.857933154483459,3.784189633918261,2.833213344056216,2.833213344056216
4324,1989,Graduation,In a relationship,42387.0,1,0,2012-10-29,42,235,0,235,19,4,191,5,8,1,7,8,0,0,0,0,0,0,3,11,0,2012,10,29,1,1,684,36,3.6109179126442243,3.7612001156935624,10.654620582294726,6.529418838262226,5.4638318050256105,0.0,5.4638318050256105,2.995732273553991,1.6094379124341003,5.2574953720277815
238,1967,2n Cycle,In a relationship,67309.0,1,1,2013-01-23,76,515,47,181,149,95,95,15,9,6,9,7,0,0,0,0,0,0,3,11,0,2013,1,23,2,1,1082,58,4.07753744390572,4.343805421853684,11.117064093004759,6.9874902470009905,6.246106765481563,3.8712010109078907,5.204006687076795,5.0106352940962555,4.564348191467836,4.564348191467836
6694,1964,Graduation,In a relationship,75236.0,0,1,2013-11-25,27,438,66,400,12,38,114,1,8,3,13,4,0,0,0,0,0,0,3,11,0,2013,11,25,1,1,1068,61,4.127134385045092,3.332204510175204,11.228398410211748,6.974478911025045,6.0844994130751715,4.204692619390966,5.993961427306569,2.5649493574615367,3.6635616461296463,4.74493212836325
498,1970,Graduation,Single,30015.0,1,0,2014-02-02,28,25,0,22,2,3,5,2,1,0,4,5,0,0,0,0,0,0,3,11,0,2014,2,2,1,1,57,55,4.02535169073515,3.367295829986474,10.30948585180595,4.060443010546419,3.258096538021482,0.0,3.1354942159291497,1.0986122886681096,1.3862943611198906,1.791759469228055
9347,1956,Master,In a relationship,50943.0,0,1,2013-06-21,49,31,0,7,2,0,6,1,1,0,3,5,0,0,0,0,0,0,3,11,0,2013,6,21,1,1,46,69,4.248495242049359,3.912023005428146,10.838482269204055,3.8501476017100584,3.4657359027997265,0.0,2.0794415416798357,1.0986122886681096,0.0,1.9459101490553132
9699,1966,Graduation,Single,67272.0,0,1,2013-12-21,12,357,35,271,28,28,14,3,6,2,12,5,0,0,0,0,0,0,3,11,0,2013,12,21,1,1,733,59,4.0943445622221,2.5649493574615367,11.116514246427819,6.598509028614515,5.8805329864007,3.58351893845611,5.605802066295998,3.367295829986474,3.367295829986474,2.70805020110221
10664,1949,Master,Single,51529.0,0,1,2013-09-07,14,400,4,35,6,0,22,2,9,1,5,8,0,0,0,0,0,0,3,11,0,2013,9,7,1,1,467,76,4.343805421853684,2.70805020110221,10.84991944132227,6.148468295917647,5.993961427306569,1.6094379124341003,3.58351893845611,1.9459101490553132,0.0,3.1354942159291497
5455,1971,PhD,In a relationship,32011.0,1,0,2013-08-22,89,99,0,15,2,1,5,3,2,1,4,7,0,0,0,0,0,0,3,11,0,2013,8,22,1,1,122,54,4.007333185232471,4.499809670330265,10.373866111486937,4.812184355372417,4.605170185988092,0.0,2.772588722239781,1.0986122886681096,0.6931471805599453,1.791759469228055
456,1986,2n Cycle,In a relationship,7500.0,1,0,2013-02-07,96,1,11,5,4,6,9,2,2,0,3,8,0,0,0,0,0,0,3,11,0,2013,2,7,1,1,36,39,3.6888794541139363,4.574710978503383,8.922791623969637,3.6109179126442243,0.6931471805599453,2.4849066497880004,1.791759469228055,1.6094379124341003,1.9459101490553132,2.302585092994046
5012,1989,Graduation,In a relationship,28691.0,1,0,2013-07-04,56,5,4,13,8,0,4,1,1,0,3,8,0,0,0,0,0,0,3,11,0,2013,7,4,1,1,34,36,3.6109179126442243,4.04305126783455,10.264373617246324,3.5553480614894135,1.791759469228055,1.6094379124341003,2.639057329615259,2.1972245773362196,0.0,1.6094379124341003
7495,1948,PhD,In a relationship,56223.0,0,1,2013-12-20,72,77,28,31,16,0,4,2,2,1,5,4,0,0,0,0,0,0,3,11,0,2013,12,20,1,1,156,77,4.356708826689592,4.290459441148391,10.937098990986824,5.056245805348308,4.356708826689592,3.367295829986474,3.4657359027997265,2.833213344056216,0.0,1.6094379124341003
5029,1946,Graduation,In a relationship,18100.0,0,0,2013-08-06,14,3,1,2,4,3,1,1,0,0,3,5,0,0,0,0,0,0,3,11,0,2013,8,6,0,0,14,79,4.382026634673881,2.70805020110221,9.803722464346553,2.70805020110221,1.3862943611198906,0.6931471805599453,1.0986122886681096,1.6094379124341003,1.3862943611198906,0.6931471805599453
10642,1989,Graduation,Single,30279.0,1,0,2012-12-30,13,10,4,14,4,4,1,1,1,0,3,8,0,0,0,0,0,0,3,11,0,2012,12,30,1,1,37,36,3.6109179126442243,2.639057329615259,10.318242707551384,3.6375861597263857,2.3978952727983707,1.6094379124341003,2.70805020110221,1.6094379124341003,1.6094379124341003,0.6931471805599453
2106,1974,2n Cycle,In a relationship,20130.0,0,0,2014-03-17,99,0,6,3,7,6,12,1,1,0,3,8,0,0,0,0,0,0,3,11,0,2014,3,17,0,0,34,51,3.9512437185814275,4.605170185988092,9.910016194498828,3.5553480614894135,0.0,1.9459101490553132,1.3862943611198906,2.0794415416798357,1.9459101490553132,2.5649493574615367
10364,1959,Graduation,Single,23295.0,0,0,2013-07-13,72,0,0,1,2,12,5,1,1,0,2,8,0,0,0,0,0,0,3,11,0,2013,7,13,0,0,20,66,4.204692619390966,4.290459441148391,10.056036950996413,3.044522437723423,0.0,0.0,0.6931471805599453,1.0986122886681096,2.5649493574615367,1.791759469228055
5954,1972,Master,Single,42618.0,1,0,2013-10-09,92,76,14,74,13,5,10,2,5,0,4,8,0,0,0,0,0,0,3,11,0,2013,10,9,1,1,192,53,3.9889840465642745,4.532599493153256,10.66005544221451,5.262690188904886,4.343805421853684,2.70805020110221,4.31748811353631,2.639057329615259,1.791759469228055,2.3978952727983707
1137,1964,Graduation,Single,81246.0,0,0,2013-12-29,87,398,190,537,61,156,37,1,4,5,7,1,1,0,0,1,0,0,3,11,0,2013,12,29,0,0,1379,61,4.127134385045092,4.477336814478207,11.305249176433387,7.22983877815125,5.988961416889864,5.25227342804663,6.2878585601617845,4.127134385045092,5.056245805348308,3.6375861597263857
2541,1976,Graduation,In a relationship,24027.0,1,0,2013-06-09,7,14,7,11,11,0,5,2,2,0,3,8,0,0,0,0,0,0,3,11,0,2013,6,9,1,1,48,49,3.912023005428146,2.0794415416798357,10.086975095970052,3.8918202981106265,2.70805020110221,2.0794415416798357,2.4849066497880004,2.4849066497880004,0.0,1.791759469228055
1142,1953,PhD,In a relationship,55707.0,0,1,2013-12-22,91,208,7,82,30,66,35,2,3,2,9,3,0,0,0,0,0,0,3,11,0,2013,12,22,1,1,428,72,4.290459441148391,4.5217885770490405,10.927879042172982,6.061456918928017,5.342334251964811,2.0794415416798357,4.418840607796598,3.4339872044851463,4.204692619390966,3.58351893845611
2276,1955,Graduation,Single,57959.0,0,1,2013-05-02,71,430,16,322,43,24,33,5,4,7,11,3,0,0,0,0,0,0,3,11,0,2013,5,2,1,1,868,70,4.2626798770413155,4.276666119016055,10.967508396434619,6.767343125265392,6.066108090103747,2.833213344056216,5.777652323222656,3.784189633918261,3.2188758248682006,3.5263605246161616
2807,1969,Graduation,In a relationship,56796.0,0,1,2013-02-16,24,656,38,161,62,47,37,3,8,9,7,7,0,0,0,0,0,0,3,11,0,2013,2,16,1,1,1001,56,4.04305126783455,3.2188758248682006,10.947238786412973,6.90975328164481,6.487684018484611,3.6635616461296463,5.087596335232384,4.143134726391533,3.8712010109078907,3.6375861597263857
6471,1971,Master,Single,36230.0,1,0,2013-10-17,17,14,2,30,8,2,3,1,2,0,4,5,0,0,0,0,0,0,3,11,0,2013,10,17,1,1,59,54,4.007333185232471,2.8903717578961645,10.497670384943484,4.0943445622221,2.70805020110221,1.0986122886681096,3.4339872044851463,2.1972245773362196,1.0986122886681096,1.3862943611198906
6131,1980,2n Cycle,In a relationship,70829.0,1,1,2013-12-01,87,141,70,106,72,19,23,2,4,2,8,3,0,0,0,0,0,0,3,11,0,2013,12,1,2,1,431,45,3.828641396489095,4.477336814478207,11.168037918747668,6.068425588244111,4.955827057601261,4.2626798770413155,4.672828834461906,4.290459441148391,2.995732273553991,3.1780538303479458
6233,1976,Graduation,In a relationship,65991.0,0,1,2012-09-07,21,507,19,364,25,47,9,3,9,5,10,7,0,0,0,0,0,0,3,11,0,2012,9,7,1,1,971,49,3.912023005428146,3.091042453358316,11.097288801540568,6.879355804460439,6.230481447578482,2.995732273553991,5.8998973535824915,3.258096538021482,3.8712010109078907,2.302585092994046
4148,1972,Graduation,In a relationship,38988.0,1,2,2012-08-20,90,164,24,103,12,3,42,7,5,1,6,8,0,0,0,0,0,0,3,11,0,2012,8,20,3,1,348,53,3.9889840465642745,4.51085950651685,10.571034834045788,5.855071922202427,5.10594547390058,3.2188758248682006,4.6443908991413725,2.5649493574615367,1.3862943611198906,3.7612001156935624
4947,1966,2n Cycle,Single,89572.0,0,0,2012-09-15,44,606,24,974,197,194,64,1,7,7,9,4,0,1,0,1,0,0,3,11,1,2012,9,15,0,0,2059,59,4.0943445622221,3.8066624897703196,11.402809214265503,7.630461261783627,6.408528791059498,3.2188758248682006,6.882437470997847,5.288267030694535,5.272999558563747,4.174387269895637
3225,1984,Master,In a relationship,42207.0,1,0,2013-04-01,71,116,11,72,3,17,46,4,4,1,5,6,1,0,0,0,0,0,3,11,1,2013,4,1,1,1,265,41,3.7376696182833684,4.276666119016055,10.65036505551704,5.583496308781699,4.762173934797756,2.4849066497880004,4.290459441148391,1.3862943611198906,2.8903717578961645,3.8501476017100584
7540,1952,Graduation,In a relationship,50300.0,0,1,2014-05-25,52,143,15,60,24,23,5,2,2,1,8,2,0,0,0,0,0,0,3,11,0,2014,5,25,1,1,270,73,4.304065093204169,3.970291913552122,10.825780236605917,5.602118820879701,4.969813299576001,2.772588722239781,4.110873864173311,3.2188758248682006,3.1780538303479458,1.791759469228055
10648,1982,2n Cycle,In a relationship,66664.0,0,0,2012-09-25,78,398,96,447,220,96,32,1,5,7,6,3,0,0,0,0,0,0,3,11,0,2012,9,25,0,0,1289,43,3.784189633918261,4.3694478524670215,11.107435356549558,7.162397497355718,5.988961416889864,4.574710978503383,6.104793232414985,5.3981627015177525,4.574710978503383,3.4965075614664802
1992,1964,Graduation,In a relationship,60597.0,0,1,2014-01-01,2,522,0,257,32,16,66,4,2,2,8,7,0,0,0,1,0,0,3,11,1,2014,1,1,1,1,893,61,4.127134385045092,1.0986122886681096,11.012017168212456,6.795705775173515,6.259581464064923,0.0,5.552959584921617,3.4965075614664802,2.833213344056216,4.204692619390966
7851,1949,Graduation,Single,70165.0,0,0,2013-09-22,60,161,0,253,199,191,122,1,3,7,11,1,0,0,0,0,0,0,3,11,0,2013,9,22,0,0,926,76,4.343805421853684,4.110873864173311,11.158619142203678,6.831953565565855,5.087596335232384,0.0,5.537334267018537,5.298317366548036,5.2574953720277815,4.812184355372417
8594,1958,PhD,Single,50520.0,0,1,2014-01-28,25,112,0,6,2,1,14,2,3,1,3,6,0,0,0,0,0,0,3,11,0,2014,1,28,1,1,135,67,4.219507705176107,3.258096538021482,10.83014437040946,4.912654885736052,4.727387818712341,0.0,1.9459101490553132,1.0986122886681096,0.6931471805599453,2.70805020110221
7059,1963,Graduation,In a relationship,80124.0,0,0,2014-06-26,47,483,84,398,205,84,241,1,3,7,8,1,1,0,0,0,0,0,3,11,0,2014,6,26,0,0,1495,62,4.143134726391533,3.8712010109078907,11.291343194222971,7.310550158534422,6.182084906716632,4.442651256490317,5.988961416889864,5.327876168789581,4.442651256490317,5.488937726156687
2815,1975,Graduation,In a relationship,33183.0,1,0,2014-02-24,46,7,5,39,17,15,37,2,4,0,3,7,0,0,0,0,0,0,3,11,0,2014,2,24,1,1,120,50,3.9318256327243257,3.8501476017100584,10.409823111029255,4.795790545596741,2.0794415416798357,1.791759469228055,3.6888794541139363,2.8903717578961645,2.772588722239781,3.6375861597263857
2416,1969,PhD,Single,66582.0,0,0,2014-03-03,83,789,25,420,16,38,0,1,2,8,9,1,0,0,0,0,0,0,3,11,0,2014,3,3,0,0,1288,56,4.04305126783455,4.430816798843313,11.106204568690059,7.161622002939187,6.672032945461067,3.258096538021482,6.042632833682381,2.833213344056216,3.6635616461296463,0.0
7999,1955,PhD,In a relationship,75261.0,0,0,2013-04-23,17,1239,17,413,23,34,17,1,5,6,5,2,0,1,1,0,0,0,3,11,1,2013,4,23,0,0,1743,70,4.2626798770413155,2.8903717578961645,11.22873063833592,7.463936604468925,7.122866658599083,2.8903717578961645,6.025865973825314,3.1780538303479458,3.5553480614894135,2.8903717578961645
9213,1970,Graduation,Single,31880.0,1,0,2012-10-31,13,4,1,5,2,0,3,1,1,0,2,8,0,0,0,0,0,0,3,11,0,2012,10,31,1,1,15,55,4.02535169073515,2.639057329615259,10.369765500040804,2.772588722239781,1.6094379124341003,0.6931471805599453,1.791759469228055,1.0986122886681096,0.0,1.3862943611198906
9697,1951,Graduation,In a relationship,53790.0,0,2,2014-03-06,86,335,42,127,28,5,5,3,7,2,8,6,0,0,0,0,0,0,3,11,0,2014,3,6,2,1,542,74,4.31748811353631,4.465908118654584,10.892861445910619,6.297109319933935,5.817111159963204,3.7612001156935624,4.852030263919617,3.367295829986474,1.791759469228055,1.791759469228055
3916,1971,PhD,In a relationship,49269.0,1,0,2012-08-15,92,639,8,166,11,8,58,3,7,3,12,7,0,0,0,0,0,0,3,11,0,2012,8,15,1,1,890,54,4.007333185232471,4.532599493153256,10.805070655538008,6.792344427470809,6.461468176353717,2.1972245773362196,5.117993812416755,2.4849066497880004,2.1972245773362196,4.07753744390572
2021,1975,Graduation,In a relationship,61456.0,0,1,2013-03-27,47,563,76,384,84,192,89,4,6,10,13,4,0,0,0,0,0,0,3,11,0,2013,3,27,1,1,1388,50,3.9318256327243257,3.8712010109078907,11.02609302225752,7.236339342754344,6.335054251498059,4.343805421853684,5.953243334287785,4.442651256490317,5.262690188904886,4.499809670330265
1581,1980,Graduation,In a relationship,37406.0,1,0,2013-10-10,18,2,0,8,2,2,3,1,1,0,2,8,0,0,0,0,0,0,3,11,1,2013,10,10,1,1,17,45,3.828641396489095,2.9444389791664403,10.529613131664696,2.8903717578961645,1.0986122886681096,0.0,2.1972245773362196,1.0986122886681096,1.0986122886681096,1.3862943611198906
564,1981,PhD,In a relationship,56937.0,1,0,2012-08-04,81,746,8,125,11,8,8,7,8,6,9,6,0,1,0,0,0,0,3,11,1,2012,8,4,1,1,906,44,3.8066624897703196,4.406719247264253,10.949718235522482,6.810142450115136,6.616065185132817,2.1972245773362196,4.836281906951478,2.4849066497880004,2.1972245773362196,2.1972245773362196
6619,1978,Graduation,In a relationship,38415.0,1,1,2013-01-02,91,22,1,13,4,0,4,2,1,0,3,7,0,0,0,0,0,0,3,11,0,2013,1,2,2,1,44,47,3.8712010109078907,4.5217885770490405,10.556229318461034,3.8066624897703196,3.1354942159291497,0.6931471805599453,2.639057329615259,1.6094379124341003,0.0,1.6094379124341003
9081,1988,Graduation,Single,20518.0,1,0,2014-05-18,58,4,1,6,4,1,9,1,1,1,2,5,0,0,0,0,0,0,3,11,0,2014,5,18,1,1,25,37,3.6375861597263857,4.07753744390572,9.929106565153747,3.258096538021482,1.6094379124341003,0.6931471805599453,1.9459101490553132,1.6094379124341003,0.6931471805599453,2.302585092994046
178,1956,Graduation,In a relationship,62503.0,0,1,2013-02-18,40,478,0,193,110,75,117,4,8,3,11,5,0,0,0,0,0,0,3,11,0,2013,2,18,1,1,973,69,4.248495242049359,3.713572066704308,11.04298583367658,6.881411303642535,6.171700597410915,0.0,5.267858159063328,4.709530201312334,4.330733340286331,4.770684624465665
916,1972,PhD,Single,41644.0,1,1,2014-05-09,67,20,3,4,2,0,2,2,1,0,3,3,0,0,0,0,0,0,3,11,0,2014,5,9,2,1,31,53,3.9889840465642745,4.219507705176107,10.636936592369441,3.4657359027997265,3.044522437723423,1.3862943611198906,1.6094379124341003,1.0986122886681096,0.0,1.0986122886681096
5512,1977,Master,In a relationship,55842.0,0,1,2014-05-23,19,451,0,39,0,4,24,1,7,1,8,5,0,0,0,0,0,0,3,11,0,2014,5,23,1,1,518,48,3.8918202981106265,2.995732273553991,10.93029946092149,6.251903883165888,6.113682179832232,0.0,3.6888794541139363,0.0,1.6094379124341003,3.2188758248682006
8970,1972,PhD,In a relationship,62010.0,0,1,2012-10-23,93,371,22,39,6,0,92,4,6,2,7,5,0,0,0,0,0,0,3,11,0,2012,10,23,1,1,530,53,3.9889840465642745,4.543294782270004,11.035067067645114,6.274762021241939,5.918893854273146,3.1354942159291497,3.6888794541139363,1.9459101490553132,0.0,4.532599493153256
10581,1977,Graduation,In a relationship,41124.0,1,0,2012-10-31,41,281,7,84,15,0,119,7,7,3,4,8,0,0,0,0,0,0,3,11,0,2012,10,31,1,1,506,48,3.8918202981106265,3.7376696182833684,10.624371488067673,6.2285110035911835,5.641907070938114,2.0794415416798357,4.442651256490317,2.772588722239781,0.0,4.787491742782046
5300,1973,Master,In a relationship,38961.0,1,0,2013-12-30,60,19,7,19,0,1,24,1,2,1,2,7,0,0,0,0,0,0,3,11,0,2013,12,30,1,1,70,52,3.970291913552122,4.110873864173311,10.57034209114115,4.2626798770413155,2.995732273553991,2.0794415416798357,2.995732273553991,0.0,0.6931471805599453,3.2188758248682006
5154,1972,Master,Single,37760.0,1,0,2013-08-11,54,26,3,13,2,10,0,1,2,0,3,6,0,0,0,0,0,0,3,11,0,2013,8,11,1,1,54,53,3.9889840465642745,4.007333185232471,10.539032102959615,4.007333185232471,3.295836866004329,1.3862943611198906,2.639057329615259,1.0986122886681096,2.3978952727983707,0.0
8346,1974,Graduation,Single,32233.0,1,0,2012-08-19,26,138,15,35,25,11,72,2,6,2,2,9,1,0,0,0,0,0,3,11,1,2012,8,19,1,1,296,51,3.9512437185814275,3.295836866004329,10.380777075082664,5.6937321388027,4.9344739331306915,2.772588722239781,3.58351893845611,3.258096538021482,2.4849066497880004,4.290459441148391
1676,1975,Graduation,In a relationship,43057.0,0,1,2013-10-30,30,213,2,44,0,2,5,4,4,2,5,5,0,0,0,0,0,0,3,11,0,2013,10,30,1,1,266,50,3.9318256327243257,3.4339872044851463,10.670303323021274,5.58724865840025,5.365976015021851,1.0986122886681096,3.8066624897703196,0.0,1.0986122886681096,1.791759469228055
9286,1960,Master,In a relationship,83151.0,0,0,2012-10-10,93,407,28,100,120,74,18,1,5,9,4,3,0,0,0,0,0,0,3,11,0,2012,10,10,0,0,747,65,4.189654742026425,4.543294782270004,11.328425537248224,6.617402977974478,6.0112671744041615,3.367295829986474,4.61512051684126,4.795790545596741,4.31748811353631,2.9444389791664403
2426,1964,PhD,Single,78825.0,0,0,2012-09-14,35,483,74,114,169,37,18,1,5,10,13,3,0,0,0,0,0,0,3,11,1,2012,9,14,0,0,895,61,4.127134385045092,3.58351893845611,11.27499817066327,6.79794041297493,6.182084906716632,4.31748811353631,4.74493212836325,5.135798437050262,3.6375861597263857,2.9444389791664403
5172,1976,Master,In a relationship,65104.0,0,1,2013-11-14,4,738,0,232,13,20,50,2,3,5,7,7,0,0,0,0,0,0,3,11,0,2013,11,14,1,1,1053,49,3.912023005428146,1.6094379124341003,11.083756630162828,6.960347729101308,6.6052979209482015,0.0,5.4510384535657,2.639057329615259,3.044522437723423,3.9318256327243257
5562,1974,Graduation,In a relationship,60093.0,0,1,2013-06-26,92,502,12,109,16,6,90,2,7,2,10,6,0,0,0,0,0,0,3,11,0,2013,6,26,1,1,735,51,3.9512437185814275,4.532599493153256,11.003665281928944,6.601230118728877,6.220590170099739,2.5649493574615367,4.700480365792417,2.833213344056216,1.9459101490553132,4.51085950651685
3436,1969,Graduation,In a relationship,14045.0,1,0,2014-01-26,24,11,0,5,2,1,1,1,1,0,3,7,0,0,0,0,0,0,3,11,0,2014,1,26,1,1,20,56,4.04305126783455,3.2188758248682006,9.550092936718965,3.044522437723423,2.4849066497880004,0.0,1.791759469228055,1.0986122886681096,0.6931471805599453,0.6931471805599453
3921,1952,2n Cycle,Single,28457.0,0,0,2012-10-28,96,24,1,108,29,29,14,1,4,1,4,8,0,0,0,0,0,0,3,11,0,2012,10,28,0,0,205,73,4.304065093204169,4.574710978503383,10.256184595105637,5.327876168789581,3.2188758248682006,0.6931471805599453,4.6913478822291435,3.4011973816621555,3.4011973816621555,2.70805020110221
3403,1958,PhD,In a relationship,78952.0,0,1,2012-09-24,11,1170,19,594,99,76,134,2,2,5,12,6,0,0,0,0,0,0,3,11,0,2012,9,24,1,1,2092,67,4.219507705176107,2.4849066497880004,11.27660801769523,7.646353722445999,7.065613363597717,2.995732273553991,6.38856140554563,4.605170185988092,4.343805421853684,4.90527477843843
22,1976,Graduation,Single,46310.0,1,0,2012-12-03,99,185,2,88,15,5,14,2,6,1,5,8,0,0,0,0,0,0,3,11,0,2012,12,3,1,1,309,49,3.912023005428146,4.605170185988092,10.74313479284995,5.736572297479192,5.225746673713202,1.0986122886681096,4.48863636973214,2.772588722239781,1.791759469228055,2.70805020110221
10965,1955,Graduation,In a relationship,76005.0,0,0,2013-02-22,72,983,20,389,240,50,40,1,3,5,13,6,0,0,0,1,0,0,3,11,0,2013,2,22,0,0,1722,70,4.2626798770413155,4.290459441148391,11.238567563520709,7.45182223652793,6.891625897052253,3.044522437723423,5.966146739123692,5.484796933490655,3.9318256327243257,3.713572066704308
9426,1964,Master,Single,58308.0,0,1,2013-01-12,77,691,0,69,10,0,130,4,2,6,3,8,0,0,0,0,0,0,3,11,0,2013,1,12,1,1,900,61,4.127134385045092,4.356708826689592,10.973511734352114,6.803505257608338,6.539585955617669,0.0,4.248495242049359,2.3978952727983707,0.0,4.875197323201151
6605,1944,PhD,Single,55614.0,0,0,2013-11-27,85,504,13,131,8,0,26,1,9,4,6,7,0,1,0,0,0,0,3,11,0,2013,11,27,0,0,682,81,4.406719247264253,4.454347296253507,10.92620822802613,6.52649485957079,6.22455842927536,2.639057329615259,4.882801922586371,2.1972245773362196,0.0,3.295836866004329
3136,1962,Master,Single,59432.0,0,1,2013-04-13,88,317,25,265,25,19,12,3,5,3,11,5,0,0,0,0,0,0,3,11,0,2013,4,13,1,1,663,63,4.1588830833596715,4.48863636973214,10.992604906642436,6.498282149476434,5.762051382780177,3.258096538021482,5.583496308781699,3.258096538021482,2.995732273553991,2.5649493574615367
8737,1978,Graduation,Single,55563.0,0,1,2014-04-05,22,29,1,9,2,0,2,1,2,0,3,3,0,0,0,0,0,0,3,11,0,2014,4,5,1,1,43,47,3.8712010109078907,3.1354942159291497,10.92529078851728,3.784189633918261,3.4011973816621555,0.6931471805599453,2.302585092994046,1.0986122886681096,0.0,1.0986122886681096
11088,1971,PhD,In a relationship,78642.0,0,1,2013-04-21,83,1396,0,322,46,35,17,1,4,9,4,6,0,0,0,0,0,0,3,11,0,2013,4,21,1,1,1816,54,4.007333185232471,4.430816798843313,11.272673902618335,7.504942068396171,7.242082359256962,0.0,5.777652323222656,3.8501476017100584,3.58351893845611,2.8903717578961645
716,1949,PhD,In a relationship,67911.0,0,1,2014-05-22,63,529,0,356,63,28,0,3,6,7,11,3,0,0,0,0,0,0,3,11,0,2014,5,22,1,1,976,76,4.343805421853684,4.1588830833596715,11.125968028417804,6.884486652042782,6.272877006546167,0.0,5.877735781779639,4.1588830833596715,3.367295829986474,0.0
466,1944,Graduation,In a relationship,65275.0,0,0,2013-04-03,9,388,14,218,91,14,21,1,4,3,13,2,0,0,0,0,0,0,3,11,0,2013,4,3,0,0,746,81,4.406719247264253,2.302585092994046,11.086379713250825,6.616065185132817,5.963579343618446,2.70805020110221,5.389071729816501,4.5217885770490405,2.70805020110221,3.091042453358316
9135,1950,Graduation,In a relationship,27203.0,1,1,2012-08-06,92,13,2,21,4,0,24,2,1,1,2,8,0,0,0,0,0,0,3,11,0,2012,8,6,2,1,64,75,4.330733340286331,4.532599493153256,10.211119300295529,4.174387269895637,2.639057329615259,1.0986122886681096,3.091042453358316,1.6094379124341003,0.0,3.2188758248682006
10623,1961,Master,In a relationship,48330.0,0,1,2013-11-15,2,28,0,4,0,0,0,1,1,0,3,5,0,0,0,0,0,0,3,11,0,2013,11,15,1,1,32,64,4.174387269895637,1.0986122886681096,10.785828455707216,3.4965075614664802,3.367295829986474,0.0,1.6094379124341003,0.0,0.0,0.0
8151,1990,Basic,In a relationship,24279.0,0,0,2012-12-29,6,16,36,21,20,62,108,1,4,1,3,8,0,0,0,0,0,0,3,11,0,2012,12,29,0,0,263,35,3.58351893845611,1.9459101490553132,10.097408245173435,5.575949103146316,2.833213344056216,3.6109179126442243,3.091042453358316,3.044522437723423,4.143134726391533,4.6913478822291435
5140,1985,PhD,In a relationship,64355.0,1,0,2012-08-24,66,1047,0,140,67,38,153,2,4,3,12,8,0,0,0,0,0,0,3,11,0,2012,8,24,1,1,1445,40,3.713572066704308,4.204692619390966,11.072185448770925,7.27655640271871,6.954638864880987,0.0,4.948759890378168,4.219507705176107,3.6635616461296463,5.0369526024136295
10160,1956,Master,In a relationship,50943.0,0,1,2013-06-21,49,31,0,7,2,0,6,1,1,0,3,5,0,0,0,0,0,0,3,11,0,2013,6,21,1,1,46,69,4.248495242049359,3.912023005428146,10.838482269204055,3.8501476017100584,3.4657359027997265,0.0,2.0794415416798357,1.0986122886681096,0.0,1.9459101490553132
4945,1953,Graduation,Single,53653.0,0,0,2012-11-07,29,815,10,239,28,10,108,2,10,4,12,6,0,0,0,0,0,0,3,11,0,2012,11,7,0,0,1210,72,4.290459441148391,3.4011973816621555,10.890311302595522,7.099201743553092,6.704414354964107,2.3978952727983707,5.480638923341991,3.367295829986474,2.3978952727983707,4.6913478822291435
10584,1976,Graduation,In a relationship,65665.0,0,1,2013-12-02,77,225,162,387,106,36,29,1,5,10,8,3,0,0,0,0,0,0,3,11,0,2013,12,2,1,1,945,49,3.912023005428146,4.356708826689592,11.092336566716217,6.852242569051878,5.420534999272286,5.093750200806762,5.961005339623274,4.672828834461906,3.6109179126442243,3.4011973816621555
6071,1989,Graduation,Single,81217.0,0,0,2013-07-19,77,493,70,324,146,40,84,1,3,7,11,1,0,0,0,0,0,0,3,11,0,2013,7,19,0,0,1157,36,3.6109179126442243,4.356708826689592,11.304892176460372,7.05444965813294,6.202535517187923,4.2626798770413155,5.783825182329737,4.990432586778736,3.713572066704308,4.442651256490317
3386,1992,Graduation,In a relationship,34935.0,0,0,2013-06-21,71,34,4,66,3,10,20,1,2,1,4,7,0,0,0,0,0,0,3,11,0,2013,6,21,0,0,137,33,3.5263605246161616,4.276666119016055,10.461273095165398,4.927253685157205,3.5553480614894135,1.6094379124341003,4.204692619390966,1.3862943611198906,2.3978952727983707,3.044522437723423
8939,1959,Graduation,Single,61250.0,0,1,2012-12-16,49,382,138,65,60,26,59,6,5,2,12,5,0,0,0,0,0,0,3,11,0,2012,12,16,1,1,730,66,4.204692619390966,3.912023005428146,11.022735454804309,6.594413459749778,5.948034989180646,4.9344739331306915,4.189654742026425,4.110873864173311,3.295836866004329,4.0943445622221
9925,1981,PhD,In a relationship,39665.0,1,0,2013-05-25,97,127,1,56,0,1,31,3,4,2,3,7,1,0,0,0,0,0,3,11,0,2013,5,25,1,1,216,44,3.8066624897703196,4.584967478670572,10.588249676561633,5.37989735354046,4.852030263919617,0.6931471805599453,4.04305126783455,0.0,0.6931471805599453,3.4657359027997265
4320,1979,Graduation,Single,60152.0,0,1,2013-03-28,6,325,83,300,86,58,91,1,6,4,12,3,0,0,0,0,0,0,3,11,0,2013,3,28,1,1,943,46,3.8501476017100584,1.9459101490553132,11.004646595470813,6.8501261661455,5.786897381366708,4.430816798843313,5.707110264748875,4.465908118654584,4.07753744390572,4.5217885770490405
5389,1964,Graduation,In a relationship,48920.0,0,2,2013-10-20,93,238,17,68,8,10,6,3,6,2,5,7,0,1,0,0,0,0,3,11,0,2013,10,20,2,1,347,61,4.127134385045092,4.543294782270004,10.797962031129387,5.8522024797744745,5.476463551931511,2.8903717578961645,4.23410650459726,2.1972245773362196,2.3978952727983707,1.9459101490553132
6036,1959,Master,In a relationship,89120.0,0,0,2014-03-17,78,1168,92,408,72,129,55,1,5,6,7,1,0,0,1,0,0,0,3,11,0,2014,3,17,0,0,1924,66,4.204692619390966,4.3694478524670215,11.397750275924011,7.562681246721884,7.063903961472068,4.532599493153256,6.013715156042802,4.290459441148391,4.867534450455582,4.02535169073515
182,1946,PhD,In a relationship,44124.0,0,1,2013-05-11,62,284,0,55,0,6,52,4,6,2,5,8,0,0,0,0,0,0,3,11,0,2013,5,11,1,1,397,79,4.382026634673881,4.143134726391533,10.694781794235597,5.986452005284438,5.652489180268651,0.0,4.02535169073515,0.0,1.9459101490553132,3.970291913552122
203,1975,Master,Single,81169.0,0,0,2013-04-14,47,1288,20,613,80,61,27,1,5,7,9,2,0,0,0,0,0,0,3,11,0,2013,4,14,0,0,2089,50,3.9318256327243257,3.8712010109078907,11.304300999755222,7.644919344958857,7.161622002939187,3.044522437723423,6.419994928147142,4.394449154672439,4.127134385045092,3.332204510175204
11025,1961,Graduation,In a relationship,36443.0,1,1,2013-02-03,9,65,0,46,4,3,20,4,3,1,3,8,0,0,0,0,0,0,3,11,0,2013,2,3,2,1,138,64,4.174387269895637,2.302585092994046,10.50353211483375,4.9344739331306915,4.189654742026425,0.0,3.8501476017100584,1.6094379124341003,1.3862943611198906,3.044522437723423
10203,1990,Graduation,Single,26095.0,1,0,2013-06-30,77,11,7,9,3,1,11,1,1,0,3,7,0,0,0,0,0,0,3,11,0,2013,6,30,1,1,42,35,3.58351893845611,4.356708826689592,10.169537324860794,3.7612001156935624,2.4849066497880004,2.0794415416798357,2.302585092994046,1.3862943611198906,0.6931471805599453,2.4849066497880004
4607,1959,Graduation,In a relationship,71367.0,0,0,2013-08-23,24,227,23,389,42,21,75,1,4,5,7,2,0,0,0,0,0,0,3,11,0,2013,8,23,0,0,777,66,4.204692619390966,3.2188758248682006,11.17560486859362,6.656726524178391,5.429345628954441,3.1780538303479458,5.966146739123692,3.7612001156935624,3.091042453358316,4.330733340286331
3711,1944,Master,In a relationship,80184.0,0,0,2014-03-01,19,1035,134,670,25,38,0,1,6,3,10,3,0,0,1,1,0,0,3,11,0,2014,3,1,0,0,1902,81,4.406719247264253,2.995732273553991,11.29209174394291,7.551186867296149,6.943122422819428,4.90527477843843,6.508769136971682,3.258096538021482,3.6635616461296463,0.0
3696,1965,Graduation,Single,30630.0,1,1,2014-01-27,67,27,1,12,2,0,10,2,2,0,3,7,0,0,0,0,0,0,3,11,0,2014,1,27,2,1,52,60,4.110873864173311,4.219507705176107,10.329767847024877,3.970291913552122,3.332204510175204,0.6931471805599453,2.5649493574615367,1.0986122886681096,0.0,2.3978952727983707
2532,1987,Master,Single,73454.0,0,0,2014-03-01,95,982,73,351,56,14,175,1,2,4,6,5,1,0,0,0,0,0,3,11,0,2014,3,1,0,0,1651,38,3.6635616461296463,4.564348191467836,11.204428252804528,7.409741954080923,6.890609120147166,4.304065093204169,5.863631175598097,4.04305126783455,2.70805020110221,5.170483995038151
9214,1991,Graduation,In a relationship,42691.0,0,0,2013-08-16,48,179,2,64,38,17,58,1,5,1,6,5,0,0,0,0,0,0,3,11,0,2013,8,16,0,0,358,34,3.5553480614894135,3.8918202981106265,10.661766828033855,5.883322388488279,5.19295685089021,1.0986122886681096,4.174387269895637,3.6635616461296463,2.8903717578961645,4.07753744390572
4943,1953,Graduation,In a relationship,70503.0,0,0,2012-09-30,73,1379,33,216,0,33,66,1,2,4,9,6,0,1,1,0,0,0,3,11,0,2012,9,30,0,0,1727,72,4.290459441148391,4.304065093204169,11.163424724779496,7.454719949364001,7.22983877815125,3.5263605246161616,5.37989735354046,0.0,3.5263605246161616,4.204692619390966
35,1987,Graduation,In a relationship,25545.0,1,0,2012-09-08,35,32,1,64,16,12,85,3,2,2,3,6,0,0,0,0,0,0,3,11,1,2012,9,8,1,1,210,38,3.6635616461296463,3.58351893845611,10.148236027602723,5.351858133476067,3.4965075614664802,0.6931471805599453,4.174387269895637,2.833213344056216,2.5649493574615367,4.454347296253507
2258,1986,Graduation,In a relationship,32880.0,1,0,2012-12-04,76,8,4,15,7,6,2,1,1,0,3,8,0,0,0,0,0,0,3,11,0,2012,12,4,1,1,42,39,3.6888794541139363,4.343805421853684,10.400650262332935,3.7612001156935624,2.1972245773362196,1.6094379124341003,2.772588722239781,2.0794415416798357,1.9459101490553132,1.0986122886681096
4322,1958,PhD,In a relationship,77863.0,0,0,2013-11-27,20,881,38,319,16,25,12,1,4,5,10,2,0,0,0,0,0,0,3,11,0,2013,11,27,0,0,1291,67,4.219507705176107,3.044522437723423,11.26271899410633,7.163946684342547,6.782192056006791,3.6635616461296463,5.768320995793772,2.833213344056216,3.258096538021482,2.5649493574615367
713,1977,Master,In a relationship,50353.0,0,0,2014-06-08,72,141,15,153,67,31,35,1,4,4,6,3,0,0,0,0,0,0,3,11,0,2014,6,8,0,0,442,48,3.8918202981106265,4.290459441148391,10.82683333888396,6.093569770045136,4.955827057601261,2.772588722239781,5.0369526024136295,4.219507705176107,3.4657359027997265,3.58351893845611
4702,1964,Graduation,Single,61839.0,0,0,2012-08-12,20,1000,155,379,224,17,120,1,4,8,4,8,0,0,0,0,0,0,3,11,0,2012,8,12,0,0,1895,61,4.127134385045092,3.044522437723423,11.032305683261304,7.547501682814967,6.90875477931522,5.049856007249537,5.940171252720432,5.41610040220442,2.8903717578961645,4.795790545596741
3281,1960,PhD,In a relationship,49154.0,1,1,2013-11-03,69,206,10,67,30,27,71,6,4,1,8,6,0,0,0,0,0,0,3,11,0,2013,11,3,2,1,411,65,4.189654742026425,4.248495242049359,10.802733849801024,6.021023349349527,5.332718793265369,2.3978952727983707,4.219507705176107,3.4339872044851463,3.332204510175204,4.276666119016055
702,1975,2n Cycle,Single,47682.0,0,1,2013-02-15,80,162,61,83,97,57,61,4,4,3,8,5,0,0,0,0,0,0,3,11,0,2013,2,15,1,1,521,50,3.9318256327243257,4.394449154672439,10.772330219222972,6.257667587882639,5.093750200806762,4.127134385045092,4.430816798843313,4.584967478670572,4.060443010546419,4.127134385045092
2004,1969,Graduation,Single,72679.0,0,1,2013-09-18,65,619,54,260,127,54,54,1,4,7,5,1,0,0,0,0,0,0,3,11,0,2013,9,18,1,1,1168,56,4.04305126783455,4.189654742026425,11.193821522510108,7.063903961472068,6.429719478039138,4.007333185232471,5.564520407322694,4.852030263919617,4.007333185232471,4.007333185232471
4769,1977,Master,In a relationship,57954.0,1,1,2014-06-18,52,456,4,24,0,0,9,7,8,2,6,7,0,1,0,0,0,0,3,11,0,2014,6,18,2,1,493,48,3.8918202981106265,3.970291913552122,10.967422126322845,6.202535517187923,6.124683390894205,1.6094379124341003,3.2188758248682006,0.0,0.0,2.302585092994046
4437,1962,Graduation,In a relationship,65316.0,1,1,2013-04-24,65,112,6,92,3,9,38,2,3,2,5,4,0,0,0,0,0,0,3,11,0,2013,4,24,2,1,260,63,4.1588830833596715,4.189654742026425,11.087007618289336,5.564520407322694,4.727387818712341,1.9459101490553132,4.532599493153256,1.3862943611198906,2.302585092994046,3.6635616461296463
8724,1982,Graduation,Single,28567.0,1,0,2013-06-17,57,11,3,22,2,2,6,2,2,0,3,6,0,0,0,0,0,0,3,11,0,2013,6,17,1,1,46,43,3.784189633918261,4.060443010546419,10.260042489274284,3.8501476017100584,2.4849066497880004,1.3862943611198906,3.1354942159291497,1.0986122886681096,1.0986122886681096,1.9459101490553132
10741,1951,Master,In a relationship,47352.0,0,1,2013-04-11,70,172,12,112,8,0,15,4,6,1,5,7,0,0,0,0,0,0,3,11,0,2013,4,11,1,1,319,74,4.31748811353631,4.2626798770413155,10.765385454579738,5.768320995793772,5.153291594497779,2.5649493574615367,4.727387818712341,2.1972245773362196,0.0,2.772588722239781
1991,1967,Graduation,In a relationship,44931.0,0,1,2014-01-18,0,78,0,11,0,0,7,1,2,1,3,5,0,0,0,0,0,0,3,11,0,2014,1,18,1,1,96,58,4.07753744390572,0.0,10.71290551476146,4.574710978503383,4.3694478524670215,0.0,2.4849066497880004,0.0,0.0,2.0794415416798357
6931,1967,Graduation,Single,76982.0,0,0,2014-02-15,19,464,151,292,65,60,30,1,8,3,4,4,0,0,1,0,0,0,3,11,1,2014,2,15,0,0,1062,58,4.07753744390572,2.995732273553991,11.251339897239722,6.968850378341948,6.142037405587356,5.0238805208462765,5.680172609017068,4.189654742026425,4.110873864173311,3.4339872044851463
11096,1952,2n Cycle,In a relationship,57247.0,0,1,2013-08-08,50,99,4,32,37,54,6,2,2,1,7,2,0,0,0,0,0,0,3,11,0,2013,8,8,1,1,232,73,4.304065093204169,3.9318256327243257,10.955147986308445,5.4510384535657,4.605170185988092,1.6094379124341003,3.4965075614664802,3.6375861597263857,4.007333185232471,1.9459101490553132
304,1981,Master,Single,22944.0,1,0,2013-12-23,67,19,3,19,4,5,26,3,3,0,3,7,0,0,0,0,0,0,3,11,0,2013,12,23,1,1,76,44,3.8066624897703196,4.219507705176107,10.040855326828934,4.343805421853684,2.995732273553991,1.3862943611198906,2.995732273553991,1.6094379124341003,1.791759469228055,3.295836866004329
3665,1977,2n Cycle,In a relationship,25315.0,1,0,2013-11-07,46,1,9,8,11,3,22,3,3,0,3,8,0,0,0,0,0,0,3,11,0,2013,11,7,1,1,54,48,3.8918202981106265,3.8501476017100584,10.139191885895196,4.007333185232471,0.6931471805599453,2.302585092994046,2.1972245773362196,2.4849066497880004,1.3862943611198906,3.1354942159291497
10591,1969,Graduation,Single,43638.0,0,1,2012-08-06,37,63,10,83,7,19,19,2,4,1,4,7,0,0,0,0,0,0,3,11,0,2012,8,6,1,1,201,56,4.04305126783455,3.6375861597263857,10.683706524927356,5.308267697401205,4.1588830833596715,2.3978952727983707,4.430816798843313,2.0794415416798357,2.995732273553991,2.995732273553991
5036,1984,PhD,Single,42710.0,1,0,2012-11-28,38,252,3,42,4,3,102,2,4,5,3,6,0,0,0,0,0,0,3,11,0,2012,11,28,1,1,406,41,3.7376696182833684,3.6635616461296463,10.662211777281856,6.008813185442595,5.53338948872752,1.3862943611198906,3.7612001156935624,1.6094379124341003,1.3862943611198906,4.634728988229636
5547,1982,PhD,In a relationship,84169.0,0,0,2013-08-07,9,1478,19,403,0,19,0,1,7,6,6,3,0,1,1,0,0,0,3,11,1,2013,8,7,0,0,1919,43,3.784189633918261,2.302585092994046,11.340593842205621,7.560080465021827,7.2991214627108,2.995732273553991,6.0014148779611505,0.0,2.995732273553991,0.0
7822,1976,Graduation,In a relationship,54058.0,0,1,2013-06-04,56,198,18,252,32,108,54,2,4,6,8,3,0,0,0,0,0,0,3,11,0,2013,6,4,1,1,662,49,3.912023005428146,4.04305126783455,10.897831321694126,6.4967749901858625,5.293304824724492,2.9444389791664403,5.53338948872752,3.4965075614664802,4.6913478822291435,4.007333185232471
8541,1990,2n Cycle,In a relationship,24683.0,1,0,2014-03-08,98,8,4,10,6,7,6,2,2,0,4,5,0,0,0,0,0,0,3,11,0,2014,3,8,1,1,41,35,3.58351893845611,4.59511985013459,10.113910539440958,3.7376696182833684,2.1972245773362196,1.6094379124341003,2.3978952727983707,1.9459101490553132,2.0794415416798357,1.9459101490553132
10955,1964,Graduation,Single,85620.0,0,0,2014-01-07,68,416,46,925,60,107,46,1,3,6,4,1,0,0,0,0,0,0,3,11,1,2014,1,7,0,0,1600,61,4.127134385045092,4.23410650459726,11.357685859144864,7.3783837129967145,6.0330862217988015,3.8501476017100584,6.8308742346461795,4.110873864173311,4.68213122712422,3.8501476017100584
4368,1980,Graduation,In a relationship,47850.0,1,0,2013-12-03,72,42,7,43,20,12,10,1,3,0,4,6,0,0,0,0,0,0,3,11,0,2013,12,3,1,1,134,45,3.828641396489095,4.290459441148391,10.775847295304315,4.90527477843843,3.7612001156935624,2.0794415416798357,3.784189633918261,3.044522437723423,2.5649493574615367,2.3978952727983707
9671,1968,Graduation,In a relationship,19514.0,1,1,2014-01-26,47,14,3,21,2,1,28,4,3,1,2,8,1,0,0,0,0,0,3,11,1,2014,1,26,2,1,69,57,4.060443010546419,3.8712010109078907,9.878938679614715,4.248495242049359,2.70805020110221,1.3862943611198906,3.091042453358316,1.0986122886681096,0.6931471805599453,3.367295829986474
2256,1973,Master,In a relationship,27159.0,1,1,2014-03-29,33,17,0,3,0,0,1,2,1,0,3,6,0,0,0,0,0,0,3,11,0,2014,3,29,2,1,21,52,3.970291913552122,3.5263605246161616,10.209500581672632,3.091042453358316,2.8903717578961645,0.0,1.3862943611198906,0.0,0.0,0.6931471805599453
4279,1963,2n Cycle,Single,39548.0,1,1,2014-03-31,87,15,4,10,3,4,18,2,1,1,3,3,0,0,0,0,0,0,3,11,0,2014,3,31,2,1,54,62,4.143134726391533,4.477336814478207,10.58529568842608,4.007333185232471,2.772588722239781,1.6094379124341003,2.3978952727983707,1.3862943611198906,1.6094379124341003,2.9444389791664403
5371,1989,Graduation,Single,21474.0,1,0,2014-04-08,0,6,16,24,11,0,34,2,3,1,2,7,1,0,0,0,0,0,3,11,1,2014,4,8,1,1,91,36,3.6109179126442243,0.0,9.974644746852457,4.5217885770490405,1.9459101490553132,2.833213344056216,3.2188758248682006,2.4849066497880004,0.0,3.5553480614894135
9240,1971,PhD,Single,60504.0,0,1,2014-02-07,73,458,0,24,6,4,34,2,6,2,8,6,0,0,0,0,0,0,3,11,0,2014,2,7,1,1,526,54,4.007333185232471,4.304065093204169,11.010481285232153,6.267200548541362,6.129050210060545,0.0,3.2188758248682006,1.9459101490553132,1.6094379124341003,3.5553480614894135
9460,1963,Graduation,In a relationship,22419.0,0,0,2013-04-18,74,30,3,47,19,21,42,1,3,2,2,8,0,0,0,0,0,0,3,11,0,2013,4,18,0,0,162,62,4.143134726391533,4.31748811353631,10.017708696626151,5.093750200806762,3.4339872044851463,1.3862943611198906,3.8712010109078907,2.995732273553991,3.091042453358316,3.7612001156935624
9504,1949,Master,In a relationship,81698.0,0,0,2013-11-06,4,179,28,520,111,123,47,1,3,8,13,1,0,0,0,0,0,0,3,11,1,2013,11,6,0,0,1008,76,4.343805421853684,1.6094379124341003,11.310797040871105,6.9167150203536085,5.19295685089021,3.367295829986474,6.255750041753367,4.718498871295094,4.820281565605037,3.8712010109078907
8692,1952,Graduation,In a relationship,43462.0,1,1,2012-09-12,50,90,17,97,15,6,15,6,4,1,5,8,0,0,0,0,0,0,3,11,0,2012,9,12,2,1,240,73,4.304065093204169,3.9318256327243257,10.679665280420206,5.484796933490655,4.51085950651685,2.8903717578961645,4.584967478670572,2.772588722239781,1.9459101490553132,2.772588722239781
448,1978,PhD,Single,54880.0,1,0,2013-03-01,57,308,85,137,102,45,118,2,6,2,11,5,0,0,0,0,0,0,3,11,0,2013,3,1,1,1,795,47,3.8712010109078907,4.060443010546419,10.9129224838081,6.679599185844383,5.733341276897746,4.454347296253507,4.927253685157205,4.634728988229636,3.828641396489095,4.77912349311153
8314,1982,Graduation,In a relationship,79908.0,0,0,2013-04-05,30,557,129,761,29,185,111,1,5,6,7,2,0,0,1,0,0,0,3,11,0,2013,4,5,0,0,1772,43,3.784189633918261,3.4339872044851463,11.28864376621187,7.480428306074208,6.324358962381311,4.867534450455582,6.635946555686647,3.4011973816621555,5.225746673713202,4.718498871295094
8420,1970,2n Cycle,In a relationship,15315.0,0,0,2013-08-03,27,7,4,13,15,8,17,2,2,0,4,5,0,0,0,0,0,0,3,11,0,2013,8,3,0,0,64,55,4.02535169073515,3.332204510175204,9.636653312597184,4.174387269895637,2.0794415416798357,1.6094379124341003,2.639057329615259,2.772588722239781,2.1972245773362196,2.8903717578961645
3174,1959,Graduation,In a relationship,87771.0,0,1,2013-05-22,61,1492,38,287,50,57,33,1,5,10,4,6,0,1,1,1,1,0,3,11,1,2013,5,22,1,1,1957,66,4.204692619390966,4.127134385045092,11.38249782215576,7.579678823090456,7.30854279753919,3.6635616461296463,5.662960480135946,3.9318256327243257,4.060443010546419,3.5263605246161616
7685,1978,Graduation,In a relationship,33039.0,1,0,2013-09-09,4,30,8,12,8,8,12,1,2,0,4,5,0,0,0,0,0,0,3,11,0,2013,9,9,1,1,78,47,3.8712010109078907,1.6094379124341003,10.405474227634915,4.3694478524670215,3.4339872044851463,2.1972245773362196,2.5649493574615367,2.1972245773362196,2.1972245773362196,2.5649493574615367
3179,1980,Graduation,Single,81741.0,0,0,2013-06-16,75,249,153,940,58,134,38,0,6,6,7,2,0,0,0,0,0,0,3,11,0,2013,6,16,0,0,1572,45,3.828641396489095,4.330733340286331,11.311323224643747,7.360739903058278,5.521460917862246,5.0369526024136295,6.846943139585379,4.07753744390572,4.90527477843843,3.6635616461296463
9780,1971,Master,In a relationship,71499.0,0,1,2013-06-25,12,465,25,132,136,0,37,2,8,3,13,4,0,0,0,0,0,0,3,11,0,2013,6,25,1,1,795,54,4.007333185232471,2.5649493574615367,11.177452728682098,6.679599185844383,6.144185634125646,3.258096538021482,4.890349128221754,4.919980925828125,0.0,3.6375861597263857
10681,1970,2n Cycle,In a relationship,62466.0,0,1,2014-01-15,13,129,129,259,168,121,83,5,6,3,12,4,0,0,0,0,0,0,3,11,0,2014,1,15,1,1,889,55,4.02535169073515,2.639057329615259,11.042393696283407,6.7912214627261855,4.867534450455582,4.867534450455582,5.560681631015528,5.1298987149230735,4.804021044733257,4.430816798843313
10232,1963,PhD,Single,48799.0,0,1,2013-11-05,9,174,18,81,28,6,24,3,3,2,7,3,0,0,0,0,0,0,3,11,0,2013,11,5,1,1,331,62,4.143134726391533,2.302585092994046,10.795485591841238,5.805134968916488,5.1647859739235145,2.9444389791664403,4.406719247264253,3.367295829986474,1.9459101490553132,3.2188758248682006
4184,1950,PhD,In a relationship,52157.0,0,1,2014-06-07,48,189,2,29,3,2,40,2,3,2,5,4,0,0,0,0,0,0,3,11,0,2014,6,7,1,1,265,75,4.330733340286331,3.8918202981106265,10.86203285230712,5.583496308781699,5.247024072160486,1.0986122886681096,3.4011973816621555,1.3862943611198906,1.0986122886681096,3.713572066704308
9120,1962,Graduation,Single,66565.0,0,1,2012-12-05,80,747,10,161,65,40,42,4,4,2,9,8,0,0,0,0,0,0,3,11,0,2012,12,5,1,1,1065,63,4.1588830833596715,4.394449154672439,11.105949215663113,6.97166860472579,6.617402977974478,2.3978952727983707,5.087596335232384,4.189654742026425,3.713572066704308,3.7612001156935624
891,1951,Master,In a relationship,29298.0,1,1,2013-09-07,60,6,0,2,2,0,1,1,1,0,2,5,0,0,0,0,0,0,3,11,0,2013,9,7,2,1,11,74,4.31748811353631,4.110873864173311,10.285308664729895,2.4849066497880004,1.9459101490553132,0.0,1.0986122886681096,1.0986122886681096,0.0,0.6931471805599453
10381,1979,Graduation,Single,47691.0,0,1,2013-07-05,43,14,0,3,0,0,4,1,1,0,2,6,0,0,0,0,0,0,3,11,0,2013,7,5,1,1,21,46,3.8501476017100584,3.784189633918261,10.772518947926022,3.091042453358316,2.70805020110221,0.0,1.3862943611198906,0.0,0.0,1.6094379124341003
3525,1970,Graduation,In a relationship,38200.0,1,1,2012-12-07,19,12,0,4,0,0,1,1,1,0,2,7,0,0,0,0,0,0,3,11,0,2012,12,7,2,1,17,55,4.02535169073515,2.995732273553991,10.5506169722625,2.8903717578961645,2.5649493574615367,0.0,1.6094379124341003,0.0,0.0,0.6931471805599453
6818,1974,Graduation,In a relationship,44989.0,0,1,2012-09-12,26,98,0,106,49,10,106,5,5,1,5,6,0,0,0,0,0,0,3,11,0,2012,9,12,1,1,369,51,3.9512437185814275,3.295836866004329,10.714195521835219,5.91350300563827,4.59511985013459,0.0,4.672828834461906,3.912023005428146,2.3978952727983707,4.672828834461906
3526,1968,PhD,In a relationship,38443.0,1,1,2014-01-27,58,32,0,5,0,0,1,2,1,0,3,7,0,0,0,0,0,0,3,11,0,2014,1,27,2,1,38,57,4.060443010546419,4.07753744390572,10.556957915943174,3.6635616461296463,3.4965075614664802,0.0,1.791759469228055,0.0,0.0,0.6931471805599453
8181,1978,2n Cycle,Single,38593.0,1,0,2013-09-13,42,51,12,49,17,24,24,3,4,1,3,8,0,0,0,0,0,0,3,11,0,2013,9,13,1,1,177,47,3.8712010109078907,3.7612001156935624,10.560852102956302,5.181783550292085,3.9512437185814275,2.5649493574615367,3.912023005428146,2.8903717578961645,3.2188758248682006,3.2188758248682006
1029,1970,PhD,In a relationship,64413.0,0,1,2013-08-01,27,200,5,44,0,10,20,1,5,1,5,5,0,0,0,0,0,0,3,11,0,2013,8,1,1,1,279,55,4.02535169073515,3.332204510175204,11.073086279770727,5.634789603169249,5.303304908059076,1.791759469228055,3.8066624897703196,0.0,2.3978952727983707,3.044522437723423
7369,1981,Master,In a relationship,36959.0,1,0,2013-10-02,56,25,6,25,6,0,0,2,2,0,3,8,0,0,0,0,0,0,3,11,0,2013,10,2,1,1,62,44,3.8066624897703196,4.04305126783455,10.51759152575562,4.143134726391533,3.258096538021482,1.9459101490553132,3.258096538021482,1.9459101490553132,0.0,0.0
2574,1977,PhD,In a relationship,61996.0,0,1,2013-01-31,27,1050,12,144,0,0,24,3,6,4,8,5,0,1,0,1,1,0,3,11,1,2013,1,31,1,1,1230,48,3.8918202981106265,3.332204510175204,11.034841275759762,7.115582126184454,6.957497370876951,2.5649493574615367,4.976733742420574,0.0,0.0,3.2188758248682006
8159,1968,Graduation,In a relationship,51287.0,1,1,2014-04-01,10,117,0,22,13,0,30,3,4,1,3,7,0,0,0,0,0,0,3,11,0,2014,4,1,2,1,182,57,4.060443010546419,2.3978952727983707,10.845212085667093,5.209486152841421,4.770684624465665,0.0,3.1354942159291497,2.639057329615259,0.0,3.4339872044851463
1160,1970,Graduation,In a relationship,13260.0,1,1,2013-08-23,48,9,4,17,10,2,7,4,3,0,3,8,0,0,0,0,0,0,3,11,0,2013,8,23,2,1,49,55,4.02535169073515,3.8918202981106265,9.4925826756776,3.912023005428146,2.302585092994046,1.6094379124341003,2.8903717578961645,2.3978952727983707,1.0986122886681096,2.0794415416798357
10242,1966,PhD,In a relationship,47472.0,1,1,2013-09-16,39,56,0,11,0,0,8,2,2,0,4,5,0,0,0,0,0,0,3,11,0,2013,9,16,2,1,75,59,4.0943445622221,3.6888794541139363,10.767916407357609,4.330733340286331,4.04305126783455,0.0,2.4849066497880004,0.0,0.0,2.1972245773362196
5253,1956,Master,In a relationship,54603.0,1,1,2013-07-09,85,145,13,46,17,2,4,6,4,2,4,7,0,0,0,0,0,0,3,11,0,2013,7,9,2,1,227,69,4.248495242049359,4.454347296253507,10.907862419122868,5.429345628954441,4.983606621708336,2.639057329615259,3.8501476017100584,2.8903717578961645,1.0986122886681096,1.6094379124341003
5966,1974,PhD,In a relationship,45207.0,1,1,2012-11-10,64,203,0,10,0,0,2,5,3,1,6,6,0,1,0,0,0,0,3,11,0,2012,11,10,2,1,215,51,3.9512437185814275,4.174387269895637,10.71902934130968,5.375278407684165,5.318119993844216,0.0,2.3978952727983707,0.0,0.0,1.0986122886681096
5314,1951,Graduation,In a relationship,40689.0,0,1,2013-03-18,69,270,3,27,39,6,99,7,7,1,5,8,0,0,0,0,0,0,3,11,0,2013,3,18,1,1,444,74,4.31748811353631,4.248495242049359,10.613737640995735,6.09807428216624,5.602118820879701,1.3862943611198906,3.332204510175204,3.6888794541139363,1.9459101490553132,4.605170185988092
5081,1967,2n Cycle,In a relationship,47821.0,1,1,2013-10-20,54,9,0,16,6,6,10,1,1,0,3,8,0,0,0,0,0,0,3,11,0,2013,10,20,2,1,47,58,4.07753744390572,4.007333185232471,10.775241063642547,3.8712010109078907,2.302585092994046,0.0,2.833213344056216,1.9459101490553132,1.9459101490553132,2.3978952727983707
5123,1951,Master,In a relationship,27450.0,0,0,2013-04-15,57,37,12,23,8,11,52,1,2,1,3,7,0,0,0,0,0,0,3,11,0,2013,4,15,0,0,143,74,4.31748811353631,4.060443010546419,10.22015787614662,4.969813299576001,3.6375861597263857,2.5649493574615367,3.1780538303479458,2.1972245773362196,2.4849066497880004,3.970291913552122
5756,1983,Graduation,In a relationship,39453.0,1,0,2014-04-03,64,46,0,7,0,0,2,2,2,0,3,6,0,0,0,0,0,0,3,11,0,2014,4,3,1,1,55,42,3.7612001156935624,4.174387269895637,10.582890715303813,4.02535169073515,3.8501476017100584,0.0,2.0794415416798357,0.0,0.0,1.0986122886681096
8036,1971,2n Cycle,In a relationship,26850.0,1,1,2014-04-18,10,31,1,13,7,2,9,4,2,1,4,4,0,0,0,0,0,0,3,11,0,2014,4,18,2,1,63,54,4.007333185232471,2.3978952727983707,10.198058343191331,4.1588830833596715,3.4657359027997265,0.6931471805599453,2.639057329615259,2.0794415416798357,1.0986122886681096,2.302585092994046
9058,1955,Graduation,Single,79800.0,0,0,2012-09-23,65,1060,21,530,32,0,224,1,5,11,5,3,1,0,1,1,0,0,3,11,1,2012,9,23,0,0,1867,70,4.2626798770413155,4.189654742026425,11.287291314687705,7.532623618788788,6.966967138613983,3.091042453358316,6.274762021241939,3.4965075614664802,0.0,5.41610040220442
5057,1961,Master,In a relationship,61794.0,0,1,2013-09-14,74,264,47,188,54,47,11,2,4,4,10,2,0,0,0,0,0,0,3,11,0,2013,9,14,1,1,611,64,4.174387269895637,4.31748811353631,11.031577734023836,6.416732282512326,5.579729825986222,3.8712010109078907,5.241747015059643,4.007333185232471,3.8712010109078907,2.4849066497880004
254,1955,Graduation,In a relationship,53863.0,0,1,2014-05-17,4,399,4,30,6,4,30,3,7,1,7,7,0,1,0,0,0,0,3,11,0,2014,5,17,1,1,473,70,4.2626798770413155,1.6094379124341003,10.894217630225118,6.161207321695077,5.991464547107982,1.6094379124341003,3.4339872044851463,1.9459101490553132,1.6094379124341003,3.4339872044851463
4179,1959,Graduation,In a relationship,24221.0,0,0,2013-08-20,94,8,9,9,2,5,22,1,1,1,3,4,0,0,0,0,0,0,3,11,0,2013,8,20,0,0,55,66,4.204692619390966,4.553876891600541,10.095016590080995,4.02535169073515,2.1972245773362196,2.302585092994046,2.302585092994046,1.0986122886681096,1.791759469228055,3.1354942159291497
3710,1984,PhD,Single,39684.0,1,0,2012-10-12,41,19,0,35,6,4,17,2,2,1,2,7,0,0,0,0,0,1,3,11,1,2012,10,12,1,1,81,41,3.7376696182833684,3.7376696182833684,10.588728561524976,4.406719247264253,2.995732273553991,0.0,3.58351893845611,1.9459101490553132,1.6094379124341003,2.8903717578961645
7627,1975,Master,In a relationship,92163.0,0,0,2012-12-12,25,817,183,797,106,163,20,0,5,11,5,2,0,0,1,1,0,0,3,11,1,2012,12,12,0,0,2086,50,3.9318256327243257,3.258096538021482,11.431324877765622,7.643482907077201,6.706862336602747,5.214935757608986,6.682108597449809,4.672828834461906,5.099866427824199,3.044522437723423
4501,1965,Master,Single,69882.0,0,0,2013-11-10,94,292,127,635,132,127,165,1,3,7,9,1,0,0,0,0,0,0,3,11,0,2013,11,10,0,0,1478,60,4.110873864173311,4.553876891600541,11.154577694064903,7.2991214627108,5.680172609017068,4.852030263919617,6.455198563340122,4.890349128221754,4.852030263919617,5.111987788356544
6424,1977,Graduation,In a relationship,33178.0,1,0,2014-01-30,9,12,6,2,11,2,16,1,1,0,3,4,0,0,0,0,0,0,3,11,0,2014,1,30,1,1,49,48,3.8918202981106265,2.302585092994046,10.409672424652523,3.912023005428146,2.5649493574615367,1.9459101490553132,1.0986122886681096,2.4849066497880004,1.0986122886681096,2.833213344056216
3075,1972,PhD,In a relationship,59973.0,0,0,2013-09-11,47,130,30,168,20,34,0,1,3,4,7,1,0,0,0,0,0,0,3,11,0,2013,9,11,0,0,382,53,3.9889840465642745,3.8712010109078907,11.001666413954883,5.948034989180646,4.875197323201151,3.4339872044851463,5.1298987149230735,3.044522437723423,3.5553480614894135,0.0
4992,1975,Master,In a relationship,17459.0,1,0,2013-09-19,12,6,4,16,3,10,30,3,3,1,2,7,0,0,0,0,0,0,3,11,1,2013,9,19,1,1,69,50,3.9318256327243257,2.5649493574615367,9.767667829393593,4.248495242049359,1.9459101490553132,1.6094379124341003,2.833213344056216,1.3862943611198906,2.3978952727983707,3.4339872044851463
5252,1969,Graduation,Single,23910.0,1,0,2012-10-26,80,16,12,18,7,1,13,1,2,0,3,7,0,0,0,0,0,0,3,11,0,2012,10,26,1,1,67,56,4.04305126783455,4.394449154672439,10.082093883082601,4.219507705176107,2.833213344056216,2.5649493574615367,2.9444389791664403,2.0794415416798357,0.6931471805599453,2.639057329615259
7444,1969,Master,In a relationship,42169.0,1,1,2013-10-19,20,19,0,9,0,0,2,2,1,0,3,8,0,0,0,0,0,0,3,11,0,2013,10,19,2,1,30,56,4.04305126783455,3.044522437723423,10.649464346740606,3.4339872044851463,2.995732273553991,0.0,2.302585092994046,0.0,0.0,1.0986122886681096
6919,1978,2n Cycle,In a relationship,26224.0,1,0,2013-06-04,39,4,7,15,13,9,15,3,2,1,3,6,0,0,0,0,0,0,3,11,0,2013,6,4,1,1,63,47,3.8712010109078907,3.6888794541139363,10.174468433264497,4.1588830833596715,1.6094379124341003,2.0794415416798357,2.772588722239781,2.639057329615259,2.302585092994046,2.772588722239781
3537,1981,Graduation,In a relationship,31089.0,1,0,2012-08-17,57,31,3,31,2,8,4,3,3,0,4,8,0,0,0,0,0,0,3,11,0,2012,8,17,1,1,79,44,3.8066624897703196,4.060443010546419,10.344641503052799,4.382026634673881,3.4657359027997265,1.3862943611198906,3.4657359027997265,1.0986122886681096,2.1972245773362196,1.6094379124341003
10277,1961,Graduation,Single,30081.0,0,1,2013-02-21,27,36,0,2,0,0,4,1,1,0,3,7,0,0,0,0,0,0,3,11,0,2013,2,21,1,1,42,64,4.174387269895637,3.332204510175204,10.31168226521516,3.7612001156935624,3.6109179126442243,0.0,1.0986122886681096,0.0,0.0,1.6094379124341003
2453,1960,Graduation,In a relationship,62807.0,0,1,2012-08-31,83,526,28,135,10,21,99,3,5,3,12,5,0,0,0,0,0,0,3,11,0,2012,8,31,1,1,819,65,4.189654742026425,4.430816798843313,11.047837732878092,6.709304340258299,6.267200548541362,3.367295829986474,4.912654885736052,2.3978952727983707,3.091042453358316,4.605170185988092
7972,1955,Graduation,Single,72906.0,0,0,2013-09-17,79,400,32,519,71,75,54,1,3,4,9,1,0,0,0,0,0,0,3,11,0,2013,9,17,0,0,1151,70,4.2626798770413155,4.382026634673881,11.196939935334811,7.049254841255837,5.993961427306569,3.4965075614664802,6.253828811575473,4.276666119016055,4.330733340286331,4.007333185232471
895,1948,PhD,In a relationship,61467.0,0,2,2012-12-09,69,410,16,114,0,5,49,3,5,2,10,5,0,0,0,0,0,0,3,11,0,2012,12,9,2,1,594,77,4.356708826689592,4.248495242049359,11.026271993175223,6.38856140554563,6.018593214496234,2.833213344056216,4.74493212836325,0.0,1.791759469228055,3.912023005428146
1177,1966,Master,In a relationship,49618.0,1,1,2013-01-26,77,80,3,26,4,2,14,4,3,1,3,7,0,0,0,0,0,0,3,11,0,2013,1,26,2,1,129,59,4.0943445622221,4.356708826689592,10.812129103878668,4.867534450455582,4.394449154672439,1.3862943611198906,3.295836866004329,1.6094379124341003,1.0986122886681096,2.70805020110221
7141,1986,Master,Single,21888.0,1,0,2012-12-29,15,88,10,46,2,3,64,4,5,1,2,10,0,0,0,0,0,0,3,11,1,2012,12,29,1,1,213,39,3.6888794541139363,2.772588722239781,9.993739506513155,5.365976015021851,4.48863636973214,2.3978952727983707,3.8501476017100584,1.0986122886681096,1.3862943611198906,4.174387269895637
7232,1973,Graduation,Single,42429.0,0,1,2014-02-11,99,55,0,6,2,0,4,2,1,1,3,5,0,0,0,0,0,0,3,11,0,2014,2,11,1,1,67,52,3.970291913552122,4.605170185988092,10.65561093819637,4.219507705176107,4.02535169073515,0.0,1.9459101490553132,1.0986122886681096,0.0,1.6094379124341003
8477,1956,Graduation,Single,26150.0,2,1,2013-03-11,61,5,1,13,3,5,1,1,1,0,3,7,0,0,0,0,0,0,3,11,0,2013,3,11,3,1,28,69,4.248495242049359,4.127134385045092,10.171642709679686,3.367295829986474,1.791759469228055,0.6931471805599453,2.639057329615259,1.3862943611198906,1.791759469228055,0.6931471805599453
2457,1975,Basic,In a relationship,30801.0,0,1,2012-10-26,23,8,4,5,15,2,11,2,1,0,3,7,0,0,0,0,0,0,3,11,0,2012,10,26,1,1,45,50,3.9318256327243257,3.1780538303479458,10.335334901918412,3.828641396489095,2.1972245773362196,1.6094379124341003,1.791759469228055,2.772588722239781,1.0986122886681096,2.4849066497880004
988,1965,Graduation,In a relationship,81168.0,0,0,2014-05-07,84,410,0,592,147,22,22,1,6,4,7,3,0,0,0,1,0,0,3,11,0,2014,5,7,0,0,1193,60,4.110873864173311,4.442651256490317,11.304288679856738,7.085064293952548,6.018593214496234,0.0,6.385194398997726,4.997212273764115,3.1354942159291497,3.1354942159291497
7930,1969,Master,Single,26877.0,0,0,2013-08-19,74,101,13,76,20,18,40,2,3,1,6,6,0,0,0,0,0,0,3,11,0,2013,8,19,0,0,268,56,4.04305126783455,4.31748811353631,10.19906338710701,5.594711379601839,4.624972813284271,2.639057329615259,4.343805421853684,3.044522437723423,2.9444389791664403,3.713572066704308
4587,1944,Master,Single,45006.0,0,0,2013-07-18,90,162,25,53,16,0,10,1,3,1,7,3,0,0,0,0,0,0,3,11,0,2013,7,18,0,0,266,81,4.406719247264253,4.51085950651685,10.7145733122105,5.58724865840025,5.093750200806762,3.258096538021482,3.9889840465642745,2.833213344056216,0.0,2.3978952727983707
6682,1973,Basic,In a relationship,18978.0,1,0,2012-12-11,41,2,8,1,4,7,15,1,1,0,3,8,0,0,0,0,0,0,3,11,0,2012,12,11,1,1,37,52,3.970291913552122,3.7376696182833684,9.85108838373692,3.6375861597263857,1.0986122886681096,2.1972245773362196,0.6931471805599453,1.6094379124341003,2.0794415416798357,2.772588722239781
6222,1967,Graduation,In a relationship,22574.0,2,1,2013-10-28,28,25,0,8,2,0,2,2,2,0,3,7,0,0,0,0,0,0,3,11,0,2013,10,28,3,1,37,58,4.07753744390572,3.367295829986474,10.024598378285186,3.6375861597263857,3.258096538021482,0.0,2.1972245773362196,1.0986122886681096,0.0,1.0986122886681096
10299,1969,PhD,Single,48240.0,0,0,2012-11-09,73,389,91,248,64,49,41,3,6,3,13,5,0,0,0,0,0,0,3,11,1,2012,11,9,0,0,882,56,4.04305126783455,4.304065093204169,10.78396456087112,6.78332520060396,5.966146739123692,4.5217885770490405,5.517452896464707,4.174387269895637,3.912023005428146,3.7376696182833684
3083,1974,Graduation,In a relationship,45837.0,1,1,2013-07-26,88,215,13,87,17,17,24,5,6,2,5,7,0,0,0,0,0,0,3,11,0,2013,7,26,2,1,373,51,3.9512437185814275,4.48863636973214,10.732868720419352,5.924255797414532,5.375278407684165,2.639057329615259,4.477336814478207,2.8903717578961645,2.8903717578961645,3.2188758248682006
8953,1965,Master,Single,35791.0,2,1,2013-05-06,94,27,0,5,0,0,3,2,1,0,3,8,0,0,0,0,0,0,3,11,0,2013,5,6,3,1,35,60,4.110873864173311,4.553876891600541,10.485479683729912,3.58351893845611,3.332204510175204,0.0,1.791759469228055,0.0,0.0,1.3862943611198906
1503,1976,PhD,In a relationship,162397.0,1,1,2013-06-03,31,85,1,16,2,1,2,0,0,0,1,1,0,0,0,0,0,0,3,11,0,2013,6,3,2,1,107,49,3.912023005428146,3.4657359027997265,11.997805391362945,4.68213122712422,4.454347296253507,0.6931471805599453,2.833213344056216,1.0986122886681096,0.6931471805599453,1.0986122886681096
8650,1978,Graduation,Single,54162.0,1,1,2013-03-18,31,5,6,10,6,5,10,1,1,0,3,4,0,0,0,0,0,0,3,11,0,2013,3,18,2,1,42,47,3.8712010109078907,3.4657359027997265,10.8997532974849,3.7612001156935624,1.791759469228055,1.9459101490553132,2.3978952727983707,1.9459101490553132,1.791759469228055,2.3978952727983707
10862,1960,Master,In a relationship,30522.0,0,1,2012-08-17,6,179,8,83,19,11,26,5,1,2,9,2,0,0,0,0,0,0,3,11,0,2012,8,17,1,1,326,65,4.189654742026425,1.9459101490553132,10.326235776766852,5.7899601708972535,5.19295685089021,2.1972245773362196,4.430816798843313,2.995732273553991,2.4849066497880004,3.295836866004329
2782,1961,PhD,In a relationship,54456.0,0,1,2013-07-11,23,352,0,27,10,0,15,3,6,1,7,6,0,0,0,0,0,0,3,11,0,2013,7,11,1,1,404,64,4.174387269895637,3.1780538303479458,10.905166678408571,6.003887067106539,5.8664680569332965,0.0,3.332204510175204,2.3978952727983707,0.0,2.772588722239781
6941,1971,Graduation,Single,31632.0,0,0,2013-07-14,92,17,8,12,11,15,32,1,2,1,2,7,0,0,0,0,0,0,3,11,0,2013,7,14,0,0,95,54,4.007333185232471,4.532599493153256,10.361956158466594,4.564348191467836,2.8903717578961645,2.1972245773362196,2.5649493574615367,2.4849066497880004,2.772588722239781,3.4965075614664802
10972,1949,Graduation,Single,72298.0,0,0,2014-03-10,52,625,35,169,58,17,35,1,4,3,6,1,0,1,1,0,0,0,3,11,0,2014,3,10,0,0,939,76,4.343805421853684,3.970291913552122,11.18856557679256,6.84587987526405,6.439350371100098,3.58351893845611,5.135798437050262,4.07753744390572,2.8903717578961645,3.58351893845611
10708,1978,2n Cycle,Single,36975.0,1,0,2013-12-28,50,10,6,11,0,4,2,1,1,0,3,7,0,0,0,0,0,0,3,11,0,2013,12,28,1,1,33,47,3.8712010109078907,3.9318256327243257,10.518024332514162,3.5263605246161616,2.3978952727983707,1.9459101490553132,2.4849066497880004,0.0,1.6094379124341003,1.0986122886681096
6583,1955,2n Cycle,In a relationship,72635.0,0,0,2013-06-03,54,390,22,323,104,35,107,1,6,8,6,3,0,0,0,1,0,0,3,11,0,2013,6,3,0,0,981,70,4.2626798770413155,4.007333185232471,11.193215945679688,6.889591308354466,5.968707559985366,3.1354942159291497,5.780743515792329,4.653960350157523,3.58351893845611,4.68213122712422
3641,1976,Graduation,In a relationship,13624.0,1,0,2013-01-20,93,10,2,15,2,1,6,2,2,0,3,6,0,0,0,0,0,0,3,11,0,2013,1,20,1,1,36,49,3.912023005428146,4.543294782270004,9.519661619531444,3.6109179126442243,2.3978952727983707,1.0986122886681096,2.772588722239781,1.0986122886681096,0.6931471805599453,1.9459101490553132
10156,1975,Graduation,Single,84196.0,0,1,2013-06-03,56,215,63,507,231,31,190,1,8,4,7,3,0,0,0,0,0,0,3,11,0,2013,6,3,1,1,1237,50,3.9318256327243257,4.04305126783455,11.340914570141992,7.121252453244542,5.375278407684165,4.1588830833596715,6.230481447578482,5.44673737166631,3.4657359027997265,5.25227342804663
4299,1960,Graduation,In a relationship,70971.0,0,1,2012-09-21,28,1001,17,572,93,125,17,7,11,11,5,7,0,0,0,0,0,0,3,11,1,2012,9,21,1,1,1825,65,4.189654742026425,3.367295829986474,11.17004071204347,7.509883061154913,6.90975328164481,2.8903717578961645,6.35088571671474,4.543294782270004,4.836281906951478,2.8903717578961645
3469,1977,PhD,Single,34487.0,1,1,2012-09-06,94,19,18,33,24,1,8,3,3,0,3,9,0,0,0,0,0,0,3,11,0,2012,9,6,2,1,103,48,3.8918202981106265,4.553876891600541,10.448366716426971,4.6443908991413725,2.995732273553991,2.9444389791664403,3.5263605246161616,3.2188758248682006,0.6931471805599453,2.1972245773362196
5063,1977,Graduation,Single,28769.0,1,0,2012-12-18,76,41,5,129,10,3,3,3,4,1,4,9,0,0,0,0,0,0,3,11,0,2012,12,18,1,1,191,48,3.8918202981106265,4.343805421853684,10.267088456545594,5.2574953720277815,3.7376696182833684,1.791759469228055,4.867534450455582,2.3978952727983707,1.3862943611198906,1.3862943611198906
10727,1970,PhD,In a relationship,69084.0,1,0,2013-11-19,43,1181,107,199,39,30,30,2,7,3,13,8,0,0,0,0,0,0,3,11,0,2013,11,19,1,1,1586,55,4.02535169073515,3.784189633918261,11.14309290949077,7.369600720526409,7.074963197966044,4.68213122712422,5.298317366548036,3.6888794541139363,3.4339872044851463,3.4339872044851463
9624,1958,PhD,In a relationship,65488.0,0,0,2014-06-13,46,603,45,207,36,18,54,1,3,4,6,1,0,0,0,0,0,0,3,11,0,2014,6,13,0,0,963,67,4.219507705176107,3.8501476017100584,11.089637468588725,6.871091294610546,6.403574197934815,3.828641396489095,5.337538079701318,3.6109179126442243,2.9444389791664403,4.007333185232471
5156,1970,2n Cycle,In a relationship,62466.0,0,1,2014-01-15,13,129,129,259,168,121,83,5,6,3,12,4,0,0,0,0,0,0,3,11,0,2014,1,15,1,1,889,55,4.02535169073515,2.639057329615259,11.042393696283407,6.7912214627261855,4.867534450455582,4.867534450455582,5.560681631015528,5.1298987149230735,4.804021044733257,4.430816798843313
4376,1960,2n Cycle,Single,32218.0,0,0,2014-02-15,27,10,24,15,13,1,30,1,2,1,3,7,1,0,0,0,0,0,3,11,1,2014,2,15,0,0,93,65,4.189654742026425,3.332204510175204,10.380311619626104,4.543294782270004,2.3978952727983707,3.2188758248682006,2.772588722239781,2.639057329615259,0.6931471805599453,3.4339872044851463
8923,1973,Graduation,Single,83917.0,0,0,2013-04-18,12,514,22,732,42,198,79,1,6,7,7,3,0,0,0,0,0,0,3,11,1,2013,4,18,0,0,1587,52,3.970291913552122,2.5649493574615367,11.337595410565024,7.370230641807081,6.244166900663736,3.1354942159291497,6.597145701886651,3.7612001156935624,5.293304824724492,4.382026634673881
8461,1962,Graduation,Single,46102.0,2,1,2014-03-10,3,14,0,1,0,0,1,1,1,0,2,7,0,0,0,0,0,0,3,11,0,2014,3,10,3,1,16,63,4.1588830833596715,1.3862943611198906,10.738633302789303,2.833213344056216,2.70805020110221,0.0,0.6931471805599453,0.0,0.0,0.6931471805599453
6945,1952,Graduation,Single,84574.0,0,0,2013-06-04,72,387,20,713,38,54,163,1,9,11,11,5,0,0,0,0,0,0,3,11,0,2013,6,4,0,0,1375,73,4.304065093204169,4.290459441148391,11.345393993648909,7.226936018493289,5.961005339623274,3.044522437723423,6.570882962339584,3.6635616461296463,4.007333185232471,5.099866427824199
944,1962,Graduation,In a relationship,56181.0,0,1,2013-01-08,6,121,103,69,8,44,48,1,4,2,7,4,0,0,0,0,0,0,3,11,0,2013,1,8,1,1,393,63,4.1588830833596715,1.9459101490553132,10.936351699882175,5.976350909297934,4.804021044733257,4.6443908991413725,4.248495242049359,2.1972245773362196,3.8066624897703196,3.8918202981106265
1907,1950,Master,Single,63120.0,0,1,2012-09-28,53,965,69,279,54,41,69,5,8,4,9,7,0,0,0,0,0,0,3,11,1,2012,9,28,1,1,1477,75,4.330733340286331,3.9889840465642745,11.052808798233297,7.298445101508147,6.873163834212518,4.248495242049359,5.634789603169249,4.007333185232471,3.7376696182833684,4.248495242049359
701,1971,Graduation,In a relationship,73691.0,0,1,2013-11-06,58,707,21,250,85,43,73,2,6,2,8,2,1,0,0,0,0,0,3,11,0,2013,11,6,1,1,1179,54,4.007333185232471,4.07753744390572,11.2076495241174,7.07326971745971,6.56244409369372,3.091042453358316,5.5254529391317835,4.454347296253507,3.784189633918261,4.304065093204169
3856,1960,Graduation,In a relationship,63381.0,0,1,2012-10-05,78,571,50,142,33,50,159,4,4,5,13,2,0,0,0,0,0,0,3,11,0,2012,10,5,1,1,1005,65,4.189654742026425,4.3694478524670215,11.056935188442845,6.913737350659685,6.349138991379798,3.9318256327243257,4.962844630259907,3.5263605246161616,3.9318256327243257,5.075173815233827
4149,1948,PhD,In a relationship,76140.0,0,0,2014-05-13,57,586,66,653,17,0,26,1,5,9,6,2,0,0,0,0,0,0,3,11,0,2014,5,13,0,0,1348,77,4.356708826689592,4.060443010546419,11.240342163551318,7.207118856207756,6.375024819828097,4.204692619390966,6.483107351457199,2.8903717578961645,0.0,3.295836866004329
2131,1959,PhD,Single,62859.0,0,1,2012-12-30,37,1063,89,102,16,12,25,4,9,4,6,6,0,0,0,0,0,0,3,11,0,2012,12,30,1,1,1307,66,4.204692619390966,3.6375861597263857,11.04866531035156,7.176254532017144,6.96979066990159,4.499809670330265,4.634728988229636,2.833213344056216,2.5649493574615367,3.258096538021482
2942,1964,Graduation,Single,45906.0,0,1,2013-05-07,20,305,3,27,4,3,144,2,5,4,4,5,1,0,0,0,0,0,3,11,0,2013,5,7,1,1,486,61,4.127134385045092,3.044522437723423,10.734372889867487,6.18826412308259,5.723585101952381,1.3862943611198906,3.332204510175204,1.6094379124341003,1.3862943611198906,4.976733742420574
1173,1947,Master,In a relationship,77632.0,0,0,2013-03-10,73,1200,105,758,0,42,147,1,4,2,6,2,0,1,1,0,0,0,3,11,1,2013,3,10,0,0,2252,78,4.3694478524670215,4.304065093204169,11.259747873506827,7.720017940432244,7.0909098220799835,4.663439094112067,6.6320017773956295,0.0,3.7612001156935624,4.997212273764115
4381,1971,PhD,In a relationship,46463.0,1,1,2013-08-18,56,163,2,40,8,11,11,7,3,1,6,6,0,0,0,0,0,0,3,11,0,2013,8,18,2,1,235,54,4.007333185232471,4.04305126783455,10.746433098184468,5.4638318050256105,5.099866427824199,1.0986122886681096,3.713572066704308,2.1972245773362196,2.4849066497880004,2.4849066497880004
4611,1970,Graduation,In a relationship,105471.0,0,0,2013-01-21,36,1009,181,104,202,21,207,0,9,8,13,3,0,0,1,1,0,0,3,11,1,2013,1,21,0,0,1724,55,4.02535169073515,3.6109179126442243,11.566200793829088,7.45298232946546,6.917705609835305,5.204006687076795,4.653960350157523,5.313205979041787,3.091042453358316,5.337538079701318
3376,1970,Master,Single,55282.0,1,0,2013-12-13,9,125,6,73,8,4,19,1,3,1,6,4,0,0,0,0,0,0,3,11,0,2013,12,13,1,1,235,55,4.02535169073515,2.302585092994046,10.92022072614414,5.4638318050256105,4.836281906951478,1.9459101490553132,4.304065093204169,2.1972245773362196,1.6094379124341003,2.995732273553991
4679,1977,Master,In a relationship,78710.0,0,1,2014-05-23,42,721,0,152,119,50,50,3,7,6,12,4,0,0,0,0,0,0,3,11,0,2014,5,23,1,1,1092,48,3.8918202981106265,3.7612001156935624,11.273538195921754,6.996681488176539,6.582025138892826,0.0,5.030437921392435,4.787491742782046,3.9318256327243257,3.9318256327243257
10928,1958,Graduation,In a relationship,66886.0,0,1,2013-09-16,28,315,4,62,41,31,146,2,7,1,7,5,0,0,0,0,0,0,3,11,0,2013,9,16,1,1,599,67,4.219507705176107,3.367295829986474,11.110759907353348,6.396929655216146,5.755742213586912,1.6094379124341003,4.143134726391533,3.7376696182833684,3.4657359027997265,4.990432586778736
4248,1960,Master,Single,98777.0,0,0,2014-02-17,23,1000,19,711,125,115,38,0,4,6,9,1,0,1,0,0,0,0,3,11,0,2014,2,17,0,0,2008,65,4.189654742026425,3.1780538303479458,11.500630186876077,7.605392364814934,6.90875477931522,2.995732273553991,6.568077911411976,4.836281906951478,4.7535901911063645,3.6635616461296463
6728,1985,Graduation,In a relationship,29103.0,1,0,2012-08-27,38,16,0,17,6,3,6,2,1,0,3,9,0,0,0,0,0,0,3,11,0,2012,8,27,1,1,48,40,3.713572066704308,3.6635616461296463,10.278630900757904,3.8918202981106265,2.833213344056216,0.0,2.8903717578961645,1.9459101490553132,1.3862943611198906,1.9459101490553132
6661,1974,Graduation,In a relationship,67445.0,0,1,2012-08-12,63,757,80,217,29,80,11,5,9,6,12,6,0,0,0,0,0,0,3,11,0,2012,8,12,1,1,1174,51,3.9512437185814275,4.1588830833596715,11.119082556689852,7.069023426578259,6.630683385642372,4.394449154672439,5.384495062789089,3.4011973816621555,4.394449154672439,2.4849066497880004
4725,1950,PhD,In a relationship,50616.0,0,1,2014-04-13,71,30,2,25,0,1,9,1,1,1,4,2,0,0,0,0,0,0,3,11,0,2014,4,13,1,1,67,75,4.330733340286331,4.276666119016055,10.832042767230265,4.219507705176107,3.4339872044851463,1.0986122886681096,3.258096538021482,0.0,0.6931471805599453,2.302585092994046
3277,1955,Graduation,Single,49431.0,0,1,2012-08-03,9,219,3,100,26,0,17,2,7,1,5,8,0,0,0,0,0,0,3,11,0,2012,8,3,1,1,365,70,4.2626798770413155,2.302585092994046,10.808353266740815,5.902633333401366,5.393627546352361,1.3862943611198906,4.61512051684126,3.295836866004329,0.0,2.8903717578961645
5555,1975,Graduation,Single,153924.0,0,0,2014-02-07,81,1,1,1,1,1,1,0,0,0,0,0,0,0,0,0,0,0,3,11,0,2014,2,7,0,0,6,50,3.9318256327243257,4.406719247264253,11.944220749779412,1.9459101490553132,0.6931471805599453,0.6931471805599453,0.6931471805599453,0.6931471805599453,0.6931471805599453,0.6931471805599453
2564,1953,Graduation,In a relationship,61278.0,0,1,2014-01-04,87,111,3,28,2,6,15,2,3,1,4,6,0,0,0,0,0,0,3,11,0,2014,1,4,1,1,165,72,4.290459441148391,4.477336814478207,11.023192485743465,5.111987788356544,4.718498871295094,1.3862943611198906,3.367295829986474,1.0986122886681096,1.9459101490553132,2.772588722239781
946,1958,2n Cycle,In a relationship,26490.0,0,0,2012-09-22,92,45,47,52,21,20,25,2,3,1,5,6,0,0,0,0,0,0,3,11,0,2012,9,22,0,0,210,67,4.219507705176107,4.532599493153256,10.184560331647974,5.351858133476067,3.828641396489095,3.8712010109078907,3.970291913552122,3.091042453358316,3.044522437723423,3.258096538021482
3867,1947,PhD,In a relationship,73059.0,0,1,2013-08-31,36,410,112,420,0,82,71,1,9,3,13,4,0,0,0,0,0,0,3,11,0,2013,8,31,1,1,1095,78,4.3694478524670215,3.6109179126442243,11.199036300349274,6.999422467507961,6.018593214496234,4.727387818712341,6.042632833682381,0.0,4.418840607796598,4.276666119016055
6940,1966,PhD,Single,46734.0,1,2,2013-10-21,86,100,1,39,6,1,76,4,3,2,3,6,1,0,0,0,0,0,3,11,0,2013,10,21,3,1,223,59,4.0943445622221,4.465908118654584,10.752248627616684,5.4116460518550396,4.61512051684126,0.6931471805599453,3.6888794541139363,1.9459101490553132,0.6931471805599453,4.343805421853684
55,1963,Graduation,In a relationship,56253.0,0,1,2012-12-07,83,509,0,65,7,11,5,4,7,2,9,6,0,0,0,0,0,0,3,11,0,2012,12,7,1,1,597,62,4.143134726391533,4.430816798843313,10.937632428649502,6.393590753950631,6.234410725718371,0.0,4.189654742026425,2.0794415416798357,2.4849066497880004,1.791759469228055
7093,1985,Graduation,In a relationship,19986.0,1,0,2013-11-14,74,3,6,5,0,2,6,1,0,0,3,7,0,0,0,0,0,0,3,11,0,2013,11,14,1,1,22,40,3.713572066704308,4.31748811353631,9.902837341194541,3.1354942159291497,1.3862943611198906,1.9459101490553132,1.791759469228055,0.0,1.0986122886681096,1.9459101490553132
5084,1975,Graduation,Single,58330.0,0,1,2013-12-25,87,445,53,213,104,98,151,1,6,4,13,4,0,0,0,0,0,0,3,11,0,2013,12,25,1,1,1064,50,3.9318256327243257,4.477336814478207,10.97388896343752,6.970730078143525,6.100318952020064,3.9889840465642745,5.365976015021851,4.653960350157523,4.59511985013459,5.0238805208462765
1777,1980,Basic,In a relationship,25965.0,0,0,2012-09-07,29,2,2,11,41,7,11,1,2,0,3,8,0,0,0,0,0,0,3,11,0,2012,9,7,0,0,74,45,3.828641396489095,3.4011973816621555,10.164543268920198,4.31748811353631,1.0986122886681096,1.0986122886681096,2.4849066497880004,3.7376696182833684,2.0794415416798357,2.4849066497880004
8162,1956,Master,In a relationship,14661.0,0,0,2013-01-01,88,4,1,11,6,2,2,1,1,0,3,6,0,0,0,0,0,0,3,11,0,2013,1,1,0,0,26,69,4.248495242049359,4.48863636973214,9.593014391783532,3.295836866004329,1.6094379124341003,0.6931471805599453,2.4849066497880004,1.9459101490553132,1.0986122886681096,1.0986122886681096
10826,1959,Graduation,In a relationship,18690.0,0,0,2012-12-28,77,6,1,7,23,4,19,1,1,1,2,8,0,0,0,0,0,0,3,11,0,2012,12,28,0,0,60,66,4.204692619390966,4.356708826689592,9.835797403566177,4.110873864173311,1.9459101490553132,0.6931471805599453,2.0794415416798357,3.1780538303479458,1.6094379124341003,2.995732273553991
8754,1974,PhD,In a relationship,45068.0,0,1,2013-05-16,25,14,0,3,0,0,3,1,1,0,2,7,0,0,0,0,0,0,3,11,0,2013,5,16,1,1,20,51,3.9512437185814275,3.258096538021482,10.715949927730533,3.044522437723423,2.70805020110221,0.0,1.3862943611198906,0.0,0.0,1.3862943611198906
1987,1987,Basic,Single,21063.0,1,0,2013-09-25,34,1,10,11,19,3,15,2,2,0,3,6,0,0,0,0,0,0,3,11,0,2013,9,25,1,1,59,38,3.6635616461296463,3.5553480614894135,9.955320701176145,4.0943445622221,0.6931471805599453,2.3978952727983707,2.4849066497880004,2.995732273553991,1.3862943611198906,2.772588722239781
11007,1968,PhD,In a relationship,29187.0,1,0,2013-05-09,43,26,0,6,0,0,2,1,1,0,3,8,0,0,0,0,0,0,3,11,0,2013,5,9,1,1,34,57,4.060443010546419,3.784189633918261,10.281512944885511,3.5553480614894135,3.295836866004329,0.0,1.9459101490553132,0.0,0.0,1.0986122886681096
7426,1971,2n Cycle,In a relationship,54690.0,1,1,2013-11-07,76,111,16,37,7,9,18,3,3,1,5,3,0,0,0,0,0,0,3,11,0,2013,11,7,2,1,198,54,4.007333185232471,4.343805421853684,10.909454441052057,5.293304824724492,4.718498871295094,2.833213344056216,3.6375861597263857,2.0794415416798357,2.302585092994046,2.9444389791664403
9153,1964,PhD,In a relationship,59304.0,0,1,2013-07-29,81,418,61,428,80,51,10,3,7,8,10,5,0,0,0,0,0,0,3,11,0,2013,7,29,1,1,1048,61,4.127134385045092,4.406719247264253,10.990448898463375,6.955592608396297,6.037870919922137,4.127134385045092,6.061456918928017,4.394449154672439,3.9512437185814275,2.3978952727983707
10379,1962,Master,Single,59247.0,0,2,2013-11-08,87,327,9,122,19,14,83,5,5,2,9,6,0,0,0,0,0,0,3,11,0,2013,11,8,2,1,574,63,4.1588830833596715,4.477336814478207,10.989487303153394,6.354370040797351,5.793013608384144,2.302585092994046,4.812184355372417,2.995732273553991,2.70805020110221,4.430816798843313
9204,1970,Graduation,Single,66731.0,0,1,2012-09-12,33,371,159,194,58,106,141,4,4,3,6,3,0,0,0,0,0,0,3,11,0,2012,9,12,1,1,1029,55,4.02535169073515,3.5263605246161616,11.108439876975565,6.937314081223682,5.918893854273146,5.075173815233827,5.272999558563747,4.07753744390572,4.672828834461906,4.955827057601261
3197,1980,Graduation,In a relationship,77353.0,0,1,2013-12-16,38,275,59,107,69,101,59,2,6,4,8,4,0,0,0,0,0,0,3,11,0,2013,12,16,1,1,670,45,3.828641396489095,3.6635616461296463,11.256147567657031,6.508769136971682,5.62040086571715,4.0943445622221,4.68213122712422,4.248495242049359,4.624972813284271,4.0943445622221
2920,1975,PhD,Single,52614.0,0,1,2012-12-01,63,789,0,142,12,9,38,2,2,4,8,8,0,0,0,0,0,0,3,11,0,2012,12,1,1,1,990,50,3.9318256327243257,4.1588830833596715,10.870756529174912,6.898714534329988,6.672032945461067,0.0,4.962844630259907,2.5649493574615367,2.302585092994046,3.6635616461296463
6961,1974,Graduation,In a relationship,26751.0,2,0,2014-05-22,26,1,1,5,0,3,1,1,1,0,2,8,0,0,0,0,0,0,3,11,0,2014,5,22,2,1,11,51,3.9512437185814275,3.295836866004329,10.194364515884429,2.4849066497880004,0.6931471805599453,0.6931471805599453,1.791759469228055,0.0,1.3862943611198906,0.6931471805599453
4673,1963,PhD,In a relationship,81300.0,0,1,2012-10-30,17,1004,12,145,32,12,36,3,10,3,5,5,0,0,0,1,0,0,3,11,1,2012,10,30,1,1,1241,62,4.143134726391533,2.8903717578961645,11.305913595583258,7.124478262493424,6.912742820493176,2.5649493574615367,4.983606621708336,3.4965075614664802,2.5649493574615367,3.6109179126442243
9937,1979,Graduation,Single,70337.0,0,0,2014-01-02,75,187,81,149,25,43,91,1,2,2,12,1,0,0,0,0,0,0,3,11,0,2014,1,2,0,0,576,46,3.8501476017100584,4.330733340286331,11.161067472299884,6.3578422665081,5.236441962829949,4.406719247264253,5.0106352940962555,3.258096538021482,3.784189633918261,4.5217885770490405
8779,1985,2n Cycle,In a relationship,36145.0,1,0,2013-06-16,13,56,4,76,17,1,18,4,4,1,3,9,1,0,0,0,0,0,3,11,1,2013,6,16,1,1,172,40,3.713572066704308,2.639057329615259,10.495321571395584,5.153291594497779,4.04305126783455,1.6094379124341003,4.343805421853684,2.8903717578961645,0.6931471805599453,2.9444389791664403
9596,1980,PhD,Single,65295.0,0,0,2013-12-23,19,365,32,117,34,110,6,1,3,3,13,2,0,0,0,0,0,0,3,11,0,2013,12,23,0,0,664,45,3.828641396489095,2.995732273553991,11.086686057645586,6.499787040655854,5.902633333401366,3.4965075614664802,4.770684624465665,3.5553480614894135,4.709530201312334,1.9459101490553132
2891,1963,Graduation,Single,68118.0,0,1,2013-10-18,51,595,23,123,10,23,154,2,8,9,4,6,0,0,0,0,0,0,3,11,0,2013,10,18,1,1,928,62,4.143134726391533,3.9512437185814275,11.12901145469236,6.834108738813838,6.39024066706535,3.1780538303479458,4.820281565605037,2.3978952727983707,3.1780538303479458,5.043425116919247
4910,1967,Graduation,Single,68743.0,0,0,2012-08-30,81,1132,134,384,175,134,115,1,11,5,13,7,0,0,0,0,0,0,3,11,0,2012,8,30,0,0,2074,58,4.07753744390572,4.406719247264253,11.13814473899306,7.637716432664798,7.0326242610280065,4.90527477843843,5.953243334287785,5.170483995038151,4.90527477843843,4.7535901911063645
75,1982,2n Cycle,In a relationship,41039.0,0,0,2013-07-25,32,34,11,137,179,61,45,1,8,1,5,8,0,0,0,0,0,0,3,11,0,2013,7,25,0,0,467,43,3.784189633918261,3.4965075614664802,10.62230247984465,6.148468295917647,3.5553480614894135,2.4849066497880004,4.927253685157205,5.19295685089021,4.127134385045092,3.828641396489095
10120,1955,Graduation,In a relationship,38946.0,0,1,2013-10-24,84,116,6,82,6,6,41,2,3,1,6,5,0,0,0,0,0,0,3,11,0,2013,10,24,1,1,257,70,4.2626798770413155,4.442651256490317,10.569957026509712,5.552959584921617,4.762173934797756,1.9459101490553132,4.418840607796598,1.9459101490553132,1.9459101490553132,3.7376696182833684
6327,1967,Graduation,In a relationship,65777.0,0,0,2013-12-19,87,565,32,435,28,32,54,1,2,8,6,1,0,0,0,0,0,0,3,11,0,2013,12,19,0,0,1146,58,4.07753744390572,4.477336814478207,11.094040714902595,7.044905117129371,6.338594078203183,3.4965075614664802,6.077642243349034,3.367295829986474,3.4965075614664802,4.007333185232471
10142,1976,PhD,Single,66476.0,0,1,2013-03-07,99,372,18,126,47,48,78,2,5,2,11,4,0,0,0,0,0,0,3,11,0,2013,3,7,1,1,689,49,3.912023005428146,4.605170185988092,11.104611302157315,6.536691597591305,5.921578419643816,2.9444389791664403,4.844187086458591,3.8712010109078907,3.8918202981106265,4.3694478524670215
9826,1972,PhD,Single,86857.0,0,0,2012-09-12,96,899,102,838,133,102,40,1,5,6,10,2,0,0,0,0,0,0,3,11,1,2012,9,12,0,0,2114,53,3.9889840465642745,4.574710978503383,11.372029880265352,7.656810091480378,6.802394763324311,4.634728988229636,6.732210706467206,4.897839799950911,4.634728988229636,3.713572066704308
10767,1989,PhD,In a relationship,77845.0,0,0,2014-05-16,40,760,40,480,0,40,26,1,3,5,12,1,0,0,1,1,0,0,3,11,0,2014,5,16,0,0,1346,36,3.6109179126442243,3.713572066704308,11.262487795081473,7.205635176410364,6.634633357861686,3.713572066704308,6.175867270105761,0.0,3.713572066704308,3.295836866004329
7279,1969,PhD,In a relationship,69476.0,0,0,2013-09-30,3,260,86,559,63,9,67,1,4,6,4,2,0,0,0,0,0,0,3,11,0,2013,9,30,0,0,1044,56,4.04305126783455,1.3862943611198906,11.14875104152993,6.951772164398911,5.564520407322694,4.465908118654584,6.327936783729195,4.1588830833596715,2.302585092994046,4.219507705176107
7230,1960,PhD,Single,50611.0,0,1,2012-10-04,98,459,0,24,6,0,4,6,4,5,7,6,0,1,0,0,0,0,3,11,1,2012,10,4,1,1,493,65,4.189654742026425,4.59511985013459,10.831943981309154,6.202535517187923,6.131226489483141,0.0,3.2188758248682006,1.9459101490553132,0.0,1.6094379124341003
143,1970,Graduation,Single,61209.0,0,0,2013-08-25,73,466,0,224,119,49,99,1,5,3,4,2,0,0,0,0,0,0,3,11,0,2013,8,25,0,0,957,55,4.02535169073515,4.304065093204169,11.022065853845115,6.86484777797086,6.1463292576688975,0.0,5.41610040220442,4.787491742782046,3.912023005428146,4.605170185988092
450,1958,Master,In a relationship,42315.0,0,1,2013-07-12,90,67,15,80,17,11,80,3,1,4,4,3,0,0,0,0,0,0,3,11,0,2013,7,12,1,1,270,67,4.219507705176107,4.51085950651685,10.652920544106665,5.602118820879701,4.219507705176107,2.772588722239781,4.394449154672439,2.8903717578961645,2.4849066497880004,4.394449154672439
9316,1952,Basic,In a relationship,13084.0,0,0,2013-11-02,29,2,0,7,3,7,10,1,1,0,3,6,0,0,0,0,0,0,3,11,0,2013,11,2,0,0,29,73,4.304065093204169,3.4011973816621555,9.479221814964246,3.4011973816621555,1.0986122886681096,0.0,2.0794415416798357,1.3862943611198906,2.0794415416798357,2.3978952727983707
6379,1949,Master,Single,47570.0,1,1,2013-05-29,3,67,1,20,0,2,31,3,2,2,2,7,0,0,0,0,0,0,3,11,1,2013,5,29,2,1,121,76,4.343805421853684,1.3862943611198906,10.769978610857677,4.804021044733257,4.219507705176107,0.6931471805599453,3.044522437723423,0.0,1.0986122886681096,3.4657359027997265
9239,1961,Master,In a relationship,61923.0,0,2,2013-07-26,94,92,4,18,3,3,6,1,2,1,4,3,0,0,0,0,0,0,3,11,0,2013,7,26,2,1,126,64,4.174387269895637,4.553876891600541,11.033663105660356,4.844187086458591,4.532599493153256,1.6094379124341003,2.9444389791664403,1.3862943611198906,1.3862943611198906,1.9459101490553132
8315,1995,Graduation,Single,34824.0,0,0,2014-03-26,65,4,2,11,2,0,4,1,1,0,2,6,0,0,0,0,0,0,3,11,0,2014,3,26,0,0,23,30,3.4339872044851463,4.189654742026425,10.458090798648007,3.1780538303479458,1.6094379124341003,1.0986122886681096,2.4849066497880004,1.0986122886681096,0.0,1.6094379124341003
2868,1949,PhD,Single,26518.0,1,1,2013-04-08,33,20,1,28,3,3,2,3,2,0,3,8,0,0,0,0,0,0,3,11,1,2013,4,8,2,1,57,76,4.343805421853684,3.5263605246161616,10.18561673619821,4.060443010546419,3.044522437723423,0.6931471805599453,3.367295829986474,1.3862943611198906,1.3862943611198906,1.0986122886681096
10888,1961,Graduation,Single,45938.0,0,0,2013-11-03,46,273,11,178,62,83,29,2,8,4,6,6,0,0,0,0,0,0,3,11,0,2013,11,3,0,0,636,64,4.174387269895637,3.8501476017100584,10.735069708483318,6.456769655572163,5.6131281063880705,2.4849066497880004,5.187385805840755,4.143134726391533,4.430816798843313,3.4011973816621555
1277,1960,Graduation,In a relationship,78468.0,0,0,2014-04-09,29,434,22,388,104,22,34,1,10,7,10,4,0,0,0,1,0,0,3,11,0,2014,4,9,0,0,1004,65,4.189654742026425,3.4011973816621555,11.270458921316601,6.912742820493176,6.075346031088684,3.1354942159291497,5.963579343618446,4.653960350157523,3.1354942159291497,3.5553480614894135
9977,1973,Graduation,Single,78901.0,0,1,2013-09-17,99,321,11,309,33,26,34,3,9,3,5,4,0,0,0,0,0,0,3,11,0,2013,9,17,1,1,734,52,3.970291913552122,4.605170185988092,11.275961855055156,6.5998704992128365,5.7745515455444085,2.4849066497880004,5.736572297479192,3.5263605246161616,3.295836866004329,3.5553480614894135
10196,1978,Graduation,In a relationship,71427.0,2,0,2014-03-12,26,212,123,177,15,64,23,2,8,2,8,4,0,0,0,0,0,0,3,11,0,2014,3,12,2,1,614,47,3.8712010109078907,3.295836866004329,11.176445228317016,6.421622267806518,5.3612921657094255,4.820281565605037,5.181783550292085,2.772588722239781,4.174387269895637,3.1780538303479458
6384,1978,Graduation,Single,71022.0,0,1,2014-02-11,30,909,12,278,0,12,242,3,5,2,11,8,1,0,0,0,0,0,3,11,0,2014,2,11,1,1,1453,47,3.8712010109078907,3.4339872044851463,11.170759047227005,7.282073658093465,6.813444599510896,2.5649493574615367,5.631211781821365,0.0,2.5649493574615367,5.493061443340548
8029,1988,Master,Single,90247.0,0,0,2014-04-29,27,1184,32,352,21,16,16,1,3,4,7,1,0,1,1,1,0,0,3,11,1,2014,4,29,0,0,1621,37,3.6375861597263857,3.332204510175204,11.410316715284756,7.3914152346753585,7.077498053569231,3.4965075614664802,5.8664680569332965,3.091042453358316,2.833213344056216,2.833213344056216
968,1968,Master,Single,41335.0,1,0,2013-12-26,24,112,19,21,16,14,5,3,4,1,4,7,0,0,0,0,0,0,3,11,0,2013,12,26,1,1,187,57,4.060443010546419,3.2188758248682006,10.62948906996702,5.236441962829949,4.727387818712341,2.995732273553991,3.091042453358316,2.833213344056216,2.70805020110221,1.791759469228055
6988,1986,Graduation,In a relationship,71952.0,1,0,2013-01-10,93,656,80,455,52,107,93,2,8,4,8,4,1,0,1,0,0,0,3,11,0,2013,1,10,1,1,1443,39,3.6888794541139363,4.543294782270004,11.183768407068236,7.275172319452771,6.487684018484611,4.394449154672439,6.1224928095143865,3.970291913552122,4.68213122712422,4.543294782270004
4472,1970,PhD,Single,35682.0,1,0,2014-06-27,34,23,0,8,6,2,18,1,1,1,3,2,0,0,0,0,0,0,3,11,0,2014,6,27,1,1,57,55,4.02535169073515,3.5553480614894135,10.482429663876848,4.060443010546419,3.1780538303479458,0.0,2.1972245773362196,1.9459101490553132,1.0986122886681096,2.9444389791664403
6991,1951,Graduation,Single,43185.0,0,1,2013-04-10,88,537,6,42,16,6,30,2,9,3,6,8,0,0,0,0,0,0,3,11,0,2013,4,10,1,1,637,74,4.31748811353631,4.48863636973214,10.673271647634778,6.45833828334479,6.2878585601617845,1.9459101490553132,3.7612001156935624,2.833213344056216,1.9459101490553132,3.4339872044851463
3336,1948,PhD,In a relationship,66375.0,0,1,2013-11-21,96,712,0,45,0,0,191,3,2,4,5,7,1,0,0,0,0,0,3,11,0,2013,11,21,1,1,948,77,4.356708826689592,4.574710978503383,11.103090824344122,6.855408798609928,6.569481420414296,0.0,3.828641396489095,0.0,0.0,5.2574953720277815
4301,1971,Master,In a relationship,35178.0,1,0,2013-01-10,10,23,1,13,2,2,18,1,1,1,2,7,1,0,0,0,0,0,3,11,1,2013,1,10,1,1,59,54,4.007333185232471,2.3978952727983707,10.46820459264593,4.0943445622221,3.1780538303479458,0.6931471805599453,2.639057329615259,1.0986122886681096,1.0986122886681096,2.9444389791664403
1940,1986,Graduation,In a relationship,25252.0,1,0,2013-07-12,26,1,3,4,2,2,6,1,1,0,2,8,0,0,0,0,0,0,3,11,0,2013,7,12,1,1,18,39,3.6888794541139363,3.295836866004329,10.136700239527121,2.9444389791664403,0.6931471805599453,1.3862943611198906,1.6094379124341003,1.0986122886681096,1.0986122886681096,1.9459101490553132
1272,1965,Master,Single,55250.0,0,1,2012-10-21,49,664,58,83,32,0,66,4,7,5,10,5,0,0,0,0,0,0,3,11,0,2012,10,21,1,1,903,60,4.110873864173311,3.912023005428146,10.919641718763716,6.806829360392176,6.499787040655854,4.07753744390572,4.430816798843313,3.4965075614664802,0.0,4.204692619390966
1388,1975,Graduation,Single,33249.0,1,0,2013-02-20,11,6,10,21,19,14,42,2,2,1,3,6,0,0,0,0,0,0,3,11,0,2013,2,20,1,1,112,50,3.9318256327243257,2.4849066497880004,10.411810046084,4.727387818712341,1.9459101490553132,2.3978952727983707,3.091042453358316,2.995732273553991,2.70805020110221,3.7612001156935624
1044,1953,Graduation,In a relationship,58398.0,0,0,2013-05-14,44,299,5,201,21,21,49,3,5,4,8,4,0,0,0,0,0,0,3,11,0,2013,5,14,0,0,596,72,4.290459441148391,3.8066624897703196,10.975054045382041,6.391917113392602,5.703782474656201,1.791759469228055,5.308267697401205,3.091042453358316,3.091042453358316,3.912023005428146
6969,1982,Graduation,In a relationship,50272.0,1,0,2013-08-07,75,99,13,66,43,8,4,3,4,1,5,7,0,0,0,0,0,0,3,11,0,2013,8,7,1,1,233,43,3.784189633918261,4.330733340286331,10.825223432646178,5.455321115357702,4.605170185988092,2.639057329615259,4.204692619390966,3.784189633918261,2.1972245773362196,1.6094379124341003
10479,1975,PhD,In a relationship,76618.0,0,0,2012-12-07,64,749,40,294,121,160,147,1,3,2,5,1,0,0,0,0,0,0,3,11,0,2012,12,7,0,0,1511,50,3.9318256327243257,4.174387269895637,11.246600366746865,7.321188556739479,6.620073206530356,3.713572066704308,5.68697535633982,4.804021044733257,5.081404364984463,4.997212273764115
3619,1960,2n Cycle,Single,87305.0,0,0,2012-09-23,19,345,25,501,63,138,80,1,5,3,8,2,0,0,1,0,0,0,3,11,1,2012,9,23,0,0,1152,65,4.189654742026425,2.995732273553991,11.377174467988334,7.050122520269059,5.846438775057724,3.258096538021482,6.218600119691729,4.1588830833596715,4.9344739331306915,4.394449154672439
1715,1978,Graduation,In a relationship,25851.0,1,0,2013-02-11,45,9,4,18,7,5,5,2,2,0,3,7,0,0,0,0,0,0,3,11,0,2013,2,11,1,1,48,47,3.8712010109078907,3.828641396489095,10.160143246382786,3.8918202981106265,2.302585092994046,1.6094379124341003,2.9444389791664403,2.0794415416798357,1.791759469228055,1.791759469228055
10159,1970,Graduation,Single,58710.0,0,1,2013-03-31,77,440,81,368,0,122,174,6,11,5,9,6,0,0,0,0,0,0,3,11,0,2013,3,31,1,1,1185,55,4.02535169073515,4.356708826689592,10.980382381786619,7.078341579557671,6.089044875446846,4.406719247264253,5.910796644040527,0.0,4.812184355372417,5.1647859739235145
1463,1958,Graduation,Single,45160.0,1,1,2014-03-29,9,8,2,5,3,0,3,1,1,0,2,7,0,0,0,0,0,0,3,11,0,2014,3,29,2,1,21,67,4.219507705176107,2.302585092994046,10.71798916150825,3.091042453358316,2.1972245773362196,1.0986122886681096,1.791759469228055,1.3862943611198906,0.0,1.3862943611198906
5114,1965,Master,In a relationship,74806.0,0,1,2012-12-19,1,670,9,249,0,28,9,2,5,4,5,4,0,0,0,0,0,0,3,11,0,2012,12,19,1,1,965,60,4.110873864173311,0.6931471805599453,11.222666742471663,6.873163834212518,6.508769136971682,2.302585092994046,5.521460917862246,0.0,3.367295829986474,2.302585092994046
4990,1954,Graduation,In a relationship,59111.0,0,0,2013-05-02,90,524,0,134,28,28,155,1,11,1,8,7,0,0,0,0,0,0,3,11,0,2013,5,2,0,0,869,71,4.276666119016055,4.51085950651685,10.987189228468484,6.76849321164863,6.263398262591624,0.0,4.90527477843843,3.367295829986474,3.367295829986474,5.049856007249537
4329,1984,PhD,In a relationship,18988.0,1,0,2014-05-23,43,6,0,6,2,1,1,2,1,0,3,7,0,0,0,0,0,0,3,11,0,2014,5,23,1,1,16,41,3.7376696182833684,3.784189633918261,9.851615143125416,2.833213344056216,1.9459101490553132,0.0,1.9459101490553132,1.0986122886681096,0.6931471805599453,0.6931471805599453
10936,1965,Graduation,In a relationship,72190.0,0,0,2013-02-13,79,597,166,597,172,166,249,1,5,6,4,3,0,0,0,0,0,0,3,11,0,2013,2,13,0,0,1947,60,4.110873864173311,4.382026634673881,11.187070663371383,7.5745584842024805,6.393590753950631,5.117993812416755,6.393590753950631,5.153291594497779,5.117993812416755,5.521460917862246
4692,1976,Graduation,In a relationship,7500.0,1,0,2012-08-01,19,7,0,12,13,7,32,5,4,1,2,9,1,0,0,0,0,0,3,11,1,2012,8,1,1,1,71,49,3.912023005428146,2.995732273553991,8.922791623969637,4.276666119016055,2.0794415416798357,0.0,2.5649493574615367,2.639057329615259,2.0794415416798357,3.4965075614664802
7212,1966,Graduation,In a relationship,44794.0,0,1,2014-06-08,99,54,0,7,0,0,4,1,2,0,3,6,0,0,0,0,0,0,3,11,0,2014,6,8,1,1,65,59,4.0943445622221,4.605170185988092,10.709851805031679,4.189654742026425,4.007333185232471,0.0,2.0794415416798357,0.0,0.0,1.6094379124341003
6086,1955,Graduation,In a relationship,80395.0,0,0,2013-11-23,62,445,25,706,80,76,48,1,6,5,12,2,0,0,0,1,0,0,3,11,0,2013,11,23,0,0,1380,70,4.2626798770413155,4.143134726391533,11.294719702685642,7.2305631534092925,6.100318952020064,3.258096538021482,6.561030665896573,4.394449154672439,4.343805421853684,3.8918202981106265
437,1976,Master,Single,75012.0,0,0,2014-01-25,41,294,142,218,164,58,151,1,3,8,11,1,0,0,0,0,0,0,3,11,0,2014,1,25,0,0,1027,49,3.912023005428146,3.7376696182833684,11.225416710831293,6.93537044601511,5.68697535633982,4.962844630259907,5.389071729816501,5.10594547390058,4.07753744390572,5.0238805208462765
11171,1965,Master,In a relationship,56962.0,2,1,2013-10-11,60,292,3,77,10,3,26,7,6,3,5,7,0,0,0,0,0,0,3,11,0,2013,10,11,3,1,411,60,4.110873864173311,4.110873864173311,10.950157213238244,6.021023349349527,5.680172609017068,1.3862943611198906,4.356708826689592,2.3978952727983707,1.3862943611198906,3.295836866004329
11101,1991,Graduation,In a relationship,89891.0,0,0,2013-04-15,17,412,22,132,59,28,183,1,11,6,8,4,0,0,1,0,0,0,3,11,0,2013,4,15,0,0,836,34,3.5553480614894135,2.8903717578961645,11.406364228735884,6.729824070489475,6.023447592961033,3.1354942159291497,4.890349128221754,4.0943445622221,3.367295829986474,5.214935757608986
5329,1949,PhD,Single,35946.0,1,1,2013-09-27,24,8,0,3,0,0,0,1,0,0,3,5,0,0,0,0,0,0,3,11,0,2013,9,27,2,1,11,76,4.343805421853684,3.2188758248682006,10.489800910432063,2.4849066497880004,2.1972245773362196,0.0,1.3862943611198906,0.0,0.0,0.0
610,1953,PhD,In a relationship,53593.0,1,1,2012-08-07,60,349,4,78,6,0,43,8,7,2,6,8,0,0,0,0,0,0,3,11,0,2012,8,7,2,1,480,72,4.290459441148391,4.110873864173311,10.889192400494602,6.175867270105761,5.857933154483459,1.6094379124341003,4.3694478524670215,1.9459101490553132,0.0,3.784189633918261
9384,1978,Graduation,In a relationship,66373.0,1,1,2013-06-12,57,328,9,124,12,24,109,7,4,2,10,3,0,0,0,0,0,0,3,11,0,2013,6,12,2,1,606,47,3.8712010109078907,4.060443010546419,11.103060692517378,6.408528791059498,5.796057750765372,2.302585092994046,4.8283137373023015,2.5649493574615367,3.2188758248682006,4.700480365792417
5956,1948,PhD,Single,45072.0,1,2,2013-10-16,74,144,2,99,7,2,30,5,6,1,4,8,0,0,0,0,0,0,3,11,0,2013,10,16,3,1,284,77,4.356708826689592,4.31748811353631,10.716038676593497,5.652489180268651,4.976733742420574,1.0986122886681096,4.605170185988092,2.0794415416798357,1.0986122886681096,3.4339872044851463
10430,1973,Graduation,Single,89694.0,1,1,2013-10-09,22,1126,28,211,37,28,42,3,4,3,4,5,0,1,1,1,0,0,3,11,0,2013,10,9,2,1,1472,52,3.970291913552122,3.1354942159291497,11.40417030513319,7.29505641646263,7.027314514039777,3.367295829986474,5.356586274672012,3.6375861597263857,3.367295829986474,3.7612001156935624
7875,1949,Graduation,In a relationship,72025.0,0,0,2014-04-29,46,967,0,617,43,50,0,1,4,8,13,2,0,1,1,1,0,0,3,11,1,2014,4,29,0,0,1677,76,4.343805421853684,3.8501476017100584,11.184782443924378,7.425357887027151,6.875232087276577,0.0,6.42648845745769,3.784189633918261,3.9318256327243257,0.0
7072,1973,Graduation,In a relationship,67432.0,0,1,2013-03-29,69,432,79,341,177,136,170,2,8,5,4,4,0,0,0,0,0,0,3,11,0,2013,3,29,1,1,1335,52,3.970291913552122,4.248495242049359,11.118889791321777,7.197435354096591,6.07073772800249,4.382026634673881,5.834810737062605,5.181783550292085,4.919980925828125,5.14166355650266
6255,1952,Master,In a relationship,70545.0,0,1,2014-06-03,29,138,39,63,55,18,21,1,4,1,7,2,0,0,0,0,0,0,3,11,0,2014,6,3,1,1,334,73,4.304065093204169,3.4011973816621555,11.164020258295857,5.814130531825066,4.9344739331306915,3.6888794541139363,4.1588830833596715,4.02535169073515,2.9444389791664403,3.091042453358316
6516,1989,Basic,In a relationship,17487.0,1,0,2013-03-18,37,0,0,1,7,4,6,1,1,0,2,7,0,0,0,0,0,0,3,11,0,2013,3,18,1,1,18,36,3.6109179126442243,3.6375861597263857,9.76927021041632,2.9444389791664403,0.0,0.0,0.6931471805599453,2.0794415416798357,1.6094379124341003,1.9459101490553132
5564,1969,Graduation,In a relationship,62882.0,0,1,2012-08-09,26,509,133,497,78,24,97,2,7,5,6,4,0,0,0,0,0,0,3,11,0,2012,8,9,1,1,1338,56,4.04305126783455,3.295836866004329,11.04903113588867,7.199678345691172,6.234410725718371,4.897839799950911,6.210600077024653,4.3694478524670215,3.2188758248682006,4.584967478670572
5682,1953,PhD,Single,64108.0,0,1,2013-03-23,8,948,10,86,13,21,21,4,6,9,11,5,0,0,0,0,0,0,3,11,0,2013,3,23,1,1,1099,72,4.290459441148391,2.1972245773362196,11.06834003866904,7.003065458786462,6.855408798609928,2.3978952727983707,4.465908118654584,2.639057329615259,3.091042453358316,3.091042453358316
7458,1956,Master,In a relationship,34941.0,1,1,2013-03-06,26,39,2,25,4,3,24,2,3,0,3,8,0,0,0,0,0,0,3,11,0,2013,3,6,2,1,97,69,4.248495242049359,3.295836866004329,10.46144482303439,4.584967478670572,3.6888794541139363,1.0986122886681096,3.258096538021482,1.6094379124341003,1.3862943611198906,3.2188758248682006
5237,1950,PhD,Single,48767.0,1,2,2014-01-01,79,28,1,21,3,0,10,3,2,1,3,5,0,0,0,0,0,0,3,11,0,2014,1,1,3,1,63,75,4.330733340286331,4.382026634673881,10.794829639046318,4.1588830833596715,3.367295829986474,0.6931471805599453,3.091042453358316,1.3862943611198906,0.0,2.3978952727983707
7761,1978,2n Cycle,In a relationship,38702.0,1,0,2013-08-01,71,13,11,24,13,8,40,2,3,0,4,6,0,0,0,0,0,0,3,11,0,2013,8,1,1,1,109,47,3.8712010109078907,4.276666119016055,10.563672395393246,4.700480365792417,2.639057329615259,2.4849066497880004,3.2188758248682006,2.639057329615259,2.1972245773362196,3.713572066704308
5278,1964,Graduation,In a relationship,82224.0,0,0,2014-01-25,83,307,26,360,138,31,40,1,6,9,5,3,0,0,0,1,0,0,3,11,0,2014,1,25,0,0,902,61,4.127134385045092,4.430816798843313,11.317214671057258,6.805722553416985,5.730099782973575,3.295836866004329,5.8888779583328805,4.9344739331306915,3.4657359027997265,3.713572066704308
3560,1952,Graduation,In a relationship,83844.0,0,0,2013-05-12,57,901,31,345,75,31,191,1,4,4,11,1,0,0,1,0,0,0,3,11,0,2013,5,12,0,0,1574,73,4.304065093204169,4.060443010546419,11.33672513518121,7.362010551259734,6.804614520062624,3.4657359027997265,5.846438775057724,4.330733340286331,3.4657359027997265,5.2574953720277815
7235,1975,2n Cycle,In a relationship,17003.0,1,0,2013-12-09,37,2,5,12,4,8,7,3,2,0,4,5,0,0,0,0,0,0,3,11,0,2013,12,9,1,1,38,50,3.9318256327243257,3.6375861597263857,9.741203889478681,3.6635616461296463,1.0986122886681096,1.791759469228055,2.5649493574615367,1.6094379124341003,2.1972245773362196,2.0794415416798357
10548,1995,Graduation,Single,71163.0,0,0,2014-03-09,30,283,17,372,138,106,44,1,3,8,12,1,0,0,0,0,0,0,3,11,0,2014,3,9,0,0,960,30,3.4339872044851463,3.4339872044851463,11.172742351554666,6.8679744089702925,5.648974238161206,2.8903717578961645,5.921578419643816,4.9344739331306915,4.672828834461906,3.8066624897703196
2281,1970,Graduation,Single,33697.0,1,0,2013-09-15,34,4,3,7,0,3,11,1,1,0,2,7,1,0,0,0,0,0,3,11,0,2013,9,15,1,1,28,55,4.02535169073515,3.5553480614894135,10.42519376739833,3.367295829986474,1.6094379124341003,1.3862943611198906,2.0794415416798357,0.0,1.3862943611198906,2.4849066497880004
4073,1954,2n Cycle,In a relationship,63564.0,0,0,2014-01-29,0,769,80,252,15,34,65,1,10,10,7,6,1,0,0,0,0,0,3,11,1,2014,1,29,0,0,1215,71,4.276666119016055,0.0,11.059818283384223,7.103322062526113,6.646390514847729,4.394449154672439,5.53338948872752,2.772588722239781,3.5553480614894135,4.189654742026425
6974,1972,PhD,In a relationship,83443.0,0,0,2013-12-31,89,518,42,742,55,56,84,1,6,10,5,2,0,0,0,0,0,0,3,11,0,2013,12,31,0,0,1497,53,3.9889840465642745,4.499809670330265,11.331931027164178,7.311886164077165,6.251903883165888,3.7612001156935624,6.610696044717759,4.02535169073515,4.04305126783455,4.442651256490317
7938,1958,PhD,In a relationship,51518.0,0,1,2013-10-03,92,350,8,66,17,4,4,2,3,2,10,3,0,0,0,0,0,0,3,11,0,2013,10,3,1,1,449,67,4.219507705176107,4.532599493153256,10.849705950651972,6.1092475827643655,5.860786223465865,2.1972245773362196,4.204692619390966,2.8903717578961645,1.6094379124341003,1.6094379124341003
7094,1975,Graduation,Single,58330.0,0,1,2013-12-25,87,445,53,213,104,98,151,1,6,4,13,4,0,0,0,0,0,0,3,11,0,2013,12,25,1,1,1064,50,3.9318256327243257,4.477336814478207,10.97388896343752,6.970730078143525,6.100318952020064,3.9889840465642745,5.365976015021851,4.653960350157523,4.59511985013459,5.0238805208462765
3667,1969,Graduation,In a relationship,80952.0,0,0,2013-02-28,20,778,178,689,41,27,44,1,8,5,11,8,0,1,1,1,0,0,3,11,1,2013,2,28,0,0,1757,56,4.04305126783455,3.044522437723423,11.301624018332607,7.471932078245122,6.658011045870748,5.187385805840755,6.536691597591305,3.7376696182833684,3.332204510175204,3.8066624897703196
7723,1979,Graduation,In a relationship,75507.0,0,0,2014-05-02,56,709,93,374,104,80,80,1,8,6,6,3,0,0,0,0,0,0,3,11,0,2014,5,2,0,0,1440,46,3.8501476017100584,4.04305126783455,11.231993889888624,7.273092595999522,6.565264970035361,4.543294782270004,5.926926025970411,4.653960350157523,4.394449154672439,4.394449154672439
3870,1978,2n Cycle,In a relationship,63855.0,0,0,2013-02-09,28,359,35,314,93,116,89,1,7,3,13,4,0,0,0,0,0,0,3,11,0,2013,2,9,0,0,1006,47,3.8712010109078907,3.367295829986474,11.064385827288515,6.914730892718563,5.886104031450156,3.58351893845611,5.752572638825633,4.543294782270004,4.762173934797756,4.499809670330265
4012,1972,PhD,In a relationship,62220.0,0,1,2012-08-11,55,799,12,375,16,12,12,5,7,6,5,6,0,0,0,0,0,0,3,11,1,2012,8,11,1,1,1226,53,3.9889840465642745,4.02535169073515,11.038447842325047,7.112327444710911,6.684611727667927,2.5649493574615367,5.929589143389895,2.833213344056216,2.5649493574615367,2.5649493574615367
5909,1964,Graduation,In a relationship,58512.0,0,1,2013-09-19,25,895,10,101,13,0,152,5,3,4,8,8,0,0,0,0,0,0,3,11,0,2013,9,19,1,1,1171,61,4.127134385045092,3.258096538021482,10.977004230754469,7.066466970136958,6.79794041297493,2.3978952727983707,4.624972813284271,2.639057329615259,0.0,5.030437921392435
10470,1979,Master,In a relationship,40662.0,1,0,2013-03-15,0,40,2,23,0,4,23,2,2,1,3,4,0,0,0,0,0,0,3,11,0,2013,3,15,1,1,92,46,3.8501476017100584,0.0,10.613073867047845,4.532599493153256,3.713572066704308,1.0986122886681096,3.1780538303479458,0.0,1.6094379124341003,3.1780538303479458
6488,1959,PhD,In a relationship,38829.0,0,1,2014-04-06,86,76,0,7,0,0,16,1,3,2,2,5,0,0,0,0,0,0,3,11,0,2014,4,6,1,1,99,66,4.204692619390966,4.465908118654584,10.566948422725712,4.605170185988092,4.343805421853684,0.0,2.0794415416798357,0.0,0.0,2.833213344056216
10270,1981,2n Cycle,In a relationship,35523.0,1,0,2013-10-03,8,11,5,22,12,5,11,2,3,0,3,7,0,0,0,0,0,0,3,11,0,2013,10,3,1,1,66,44,3.8066624897703196,2.1972245773362196,10.477963803378394,4.204692619390966,2.4849066497880004,1.791759469228055,3.1354942159291497,2.5649493574615367,1.791759469228055,2.4849066497880004
6887,1967,Graduation,Single,79146.0,1,1,2014-04-24,33,245,16,223,21,43,16,2,8,1,8,6,0,0,0,0,0,0,3,11,0,2014,4,24,2,1,564,58,4.07753744390572,3.5263605246161616,11.27906216187447,6.336825731146441,5.5053315359323625,2.833213344056216,5.4116460518550396,3.091042453358316,3.784189633918261,2.833213344056216
6406,1988,Master,In a relationship,78285.0,0,0,2013-10-28,13,647,107,391,175,67,40,1,6,4,10,3,0,0,0,0,0,0,3,11,0,2013,10,28,0,0,1427,37,3.6375861597263857,2.639057329615259,11.268124066503216,7.2640301428995295,6.473890696352274,4.68213122712422,5.971261839790462,5.170483995038151,4.219507705176107,3.713572066704308
7573,1978,PhD,Single,31626.0,1,0,2013-05-10,12,39,1,9,2,1,34,1,2,1,2,7,1,0,0,0,0,0,3,11,1,2013,5,10,1,1,86,47,3.8712010109078907,2.5649493574615367,10.361766465136906,4.465908118654584,3.6888794541139363,0.6931471805599453,2.302585092994046,1.0986122886681096,0.6931471805599453,3.5553480614894135
4508,1952,Graduation,Single,75127.0,0,0,2014-05-22,92,203,35,305,46,17,227,1,2,11,5,1,0,0,0,0,0,0,3,11,0,2014,5,22,0,0,833,73,4.304065093204169,4.532599493153256,11.22694860448445,6.726233402358747,5.318119993844216,3.58351893845611,5.723585101952381,3.8501476017100584,2.8903717578961645,5.429345628954441
221,1955,Graduation,In a relationship,48726.0,0,1,2013-04-27,90,138,3,38,4,0,59,3,3,2,4,6,0,0,0,0,0,0,3,11,0,2013,4,27,1,1,242,70,4.2626798770413155,4.51085950651685,10.79398857022398,5.493061443340548,4.9344739331306915,1.3862943611198906,3.6635616461296463,1.6094379124341003,0.0,4.0943445622221
5331,1977,Graduation,In a relationship,74985.0,0,0,2012-09-11,8,587,51,898,247,0,86,1,3,6,7,2,0,0,0,0,0,0,3,11,0,2012,9,11,0,0,1869,48,3.8918202981106265,2.1972245773362196,11.22505670842739,7.533693709848633,6.376726947898627,3.9512437185814275,6.80128303447162,5.5134287461649825,0.0,4.465908118654584
1911,1987,Graduation,In a relationship,67430.0,0,0,2012-09-05,6,595,97,291,127,133,121,1,11,5,12,6,0,0,0,0,0,0,3,11,0,2012,9,5,0,0,1364,38,3.6635616461296463,1.9459101490553132,11.118860131812937,7.21890970761906,6.39024066706535,4.584967478670572,5.676753802268282,4.852030263919617,4.897839799950911,4.804021044733257
20,1965,2n Cycle,In a relationship,46891.0,0,1,2013-09-01,91,43,12,23,29,15,61,1,2,1,4,4,0,0,0,0,0,0,3,11,0,2013,9,1,1,1,183,60,4.110873864173311,4.5217885770490405,10.755602364191718,5.214935757608986,3.784189633918261,2.5649493574615367,3.1780538303479458,3.4011973816621555,2.772588722239781,4.127134385045092
8786,1956,Master,In a relationship,62058.0,0,1,2013-05-26,52,301,7,74,10,0,58,4,6,1,7,6,0,0,0,0,0,0,3,11,0,2013,5,26,1,1,450,69,4.248495242049359,3.970291913552122,11.03584082443394,6.111467339502679,5.71042701737487,2.0794415416798357,4.31748811353631,2.3978952727983707,0.0,4.07753744390572
10582,1979,Graduation,In a relationship,72063.0,0,1,2013-07-03,3,180,32,348,76,32,90,2,5,2,12,2,0,0,0,0,0,0,3,11,0,2013,7,3,1,1,758,46,3.8501476017100584,1.3862943611198906,11.185309892059308,6.6320017773956295,5.198497031265826,3.4965075614664802,5.855071922202427,4.343805421853684,3.4965075614664802,4.51085950651685
1915,1951,PhD,In a relationship,78939.0,0,0,2013-12-12,57,794,115,243,150,0,205,1,8,5,6,3,0,0,0,0,0,0,3,11,0,2013,12,12,0,0,1507,74,4.31748811353631,4.060443010546419,11.276443349216837,7.318539548567902,6.678342114654332,4.7535901911063645,5.497168225293202,5.017279836814924,0.0,5.327876168789581
8897,1965,Graduation,Single,42720.0,1,1,2013-04-24,9,392,5,91,28,26,112,8,7,3,7,8,0,0,0,0,0,0,3,11,1,2013,4,24,2,1,654,60,4.110873864173311,2.302585092994046,10.662445881599808,6.484635235635252,5.973809611869261,1.791759469228055,4.5217885770490405,3.367295829986474,3.295836866004329,4.727387818712341
2371,1972,Graduation,In a relationship,33622.0,1,1,2013-04-13,22,39,1,22,3,4,12,3,2,0,4,7,0,0,0,0,0,0,3,11,0,2013,4,13,2,1,81,53,3.9889840465642745,3.1354942159291497,10.422965635581258,4.406719247264253,3.6888794541139363,0.6931471805599453,3.1354942159291497,1.3862943611198906,1.6094379124341003,2.5649493574615367
4303,1957,PhD,In a relationship,6835.0,0,1,2012-12-08,76,107,2,12,2,2,12,0,0,0,1,20,0,0,0,0,0,0,3,11,0,2012,12,8,1,1,137,68,4.23410650459726,4.343805421853684,8.829958044235482,4.927253685157205,4.68213122712422,1.0986122886681096,2.5649493574615367,1.0986122886681096,1.0986122886681096,2.5649493574615367
6825,1953,Graduation,In a relationship,41452.0,1,1,2013-03-06,86,13,0,3,0,0,0,1,1,0,2,7,0,0,0,0,0,0,3,11,0,2013,3,6,2,1,16,72,4.290459441148391,4.465908118654584,10.632315534301455,2.833213344056216,2.639057329615259,0.0,1.3862943611198906,0.0,0.0,0.0
1072,1965,PhD,Single,40760.0,0,1,2013-08-30,64,70,0,17,0,0,6,2,2,1,3,6,0,0,0,0,0,0,3,11,0,2013,8,30,1,1,93,60,4.110873864173311,4.174387269895637,10.615481020892434,4.543294782270004,4.2626798770413155,0.0,2.8903717578961645,0.0,0.0,1.9459101490553132
4964,1958,PhD,In a relationship,74250.0,0,0,2014-01-26,90,680,11,392,75,0,0,1,2,11,4,1,0,0,0,0,0,0,3,11,0,2014,1,26,0,0,1158,67,4.219507705176107,4.51085950651685,11.215206524587721,7.055312843339752,6.523562306149512,2.4849066497880004,5.973809611869261,4.330733340286331,0.0,0.0
2461,1955,Master,Single,51124.0,1,1,2013-12-18,79,26,1,11,0,1,4,2,1,0,3,3,0,0,0,0,0,0,3,11,0,2013,12,18,2,1,43,70,4.2626798770413155,4.382026634673881,10.842028893345104,3.784189633918261,3.295836866004329,0.6931471805599453,2.4849066497880004,0.0,0.6931471805599453,1.6094379124341003
10736,1971,Graduation,Single,72258.0,0,1,2013-09-12,28,522,0,522,227,120,134,2,6,9,5,2,0,0,0,0,0,0,3,11,0,2013,9,12,1,1,1525,54,4.007333185232471,3.367295829986474,11.188012165690843,7.330405211844402,6.259581464064923,0.0,6.259581464064923,5.429345628954441,4.795790545596741,4.90527477843843
3194,1974,PhD,Single,71466.0,0,0,2014-04-05,86,412,12,546,78,182,0,1,4,4,10,1,0,0,0,0,0,0,3,11,0,2014,4,5,0,0,1230,51,3.9512437185814275,4.465908118654584,11.176991083678901,7.115582126184454,6.023447592961033,2.5649493574615367,6.304448802421981,4.3694478524670215,5.209486152841421,0.0
10839,1976,Graduation,In a relationship,36283.0,1,1,2014-04-14,42,6,5,5,8,0,5,2,1,0,3,4,0,0,0,0,0,0,3,11,0,2014,4,14,2,1,29,49,3.912023005428146,3.7612001156935624,10.499132151734834,3.4011973816621555,1.9459101490553132,1.791759469228055,1.791759469228055,2.1972245773362196,0.0,1.791759469228055
49,1970,Graduation,Single,20587.0,1,0,2014-05-11,39,2,3,6,4,1,9,1,1,1,2,7,0,0,0,0,0,0,3,11,0,2014,5,11,1,1,25,55,4.02535169073515,3.6888794541139363,9.932463660772646,3.258096538021482,1.0986122886681096,1.3862943611198906,1.9459101490553132,1.6094379124341003,0.6931471805599453,2.302585092994046
4290,1972,Graduation,In a relationship,30467.0,1,0,2014-03-19,8,1,3,8,2,5,5,1,1,0,2,7,0,0,0,0,0,0,3,11,0,2014,3,19,1,1,24,53,3.9889840465642745,2.1972245773362196,10.324432231492679,3.2188758248682006,0.6931471805599453,1.3862943611198906,2.1972245773362196,1.0986122886681096,1.791759469228055,1.791759469228055
10219,1972,Graduation,In a relationship,31590.0,1,0,2013-06-18,40,6,2,15,6,6,3,1,1,0,3,8,0,0,0,0,0,0,3,11,0,2013,6,18,1,1,38,53,3.9889840465642745,3.713572066704308,10.360627548882315,3.6635616461296463,1.9459101490553132,1.0986122886681096,2.772588722239781,1.9459101490553132,1.9459101490553132,1.3862943611198906
4211,1986,Basic,In a relationship,20425.0,1,0,2012-10-29,5,4,12,5,3,16,17,2,2,0,3,7,0,0,0,0,0,0,3,11,0,2012,10,29,1,1,57,39,3.6888794541139363,1.791759469228055,9.924563878138045,4.060443010546419,1.6094379124341003,2.5649493574615367,1.791759469228055,1.3862943611198906,2.833213344056216,2.8903717578961645
1135,1960,Master,In a relationship,17144.0,1,1,2014-02-15,96,18,2,19,0,2,6,5,3,0,4,7,0,0,0,0,0,0,3,11,0,2014,2,15,2,1,47,65,4.189654742026425,4.574710978503383,9.74946186489702,3.8712010109078907,2.9444389791664403,1.0986122886681096,2.995732273553991,0.0,1.0986122886681096,1.9459101490553132
6299,1968,PhD,Single,42564.0,0,1,2013-01-02,28,324,48,186,39,18,198,6,6,8,4,7,1,0,0,0,0,0,3,11,1,2013,1,2,1,1,813,57,4.060443010546419,3.367295829986474,10.658787598318158,6.70196036600254,5.783825182329737,3.8918202981106265,5.231108616854587,3.6888794541139363,2.9444389791664403,5.293304824724492
10846,1978,Master,In a relationship,43783.0,1,0,2014-05-29,22,327,9,125,25,4,139,6,7,1,8,7,1,0,0,0,0,0,3,11,0,2014,5,29,1,1,629,47,3.8712010109078907,3.1354942159291497,10.687023732823754,6.4457198193855785,5.793013608384144,2.302585092994046,4.836281906951478,3.258096538021482,1.6094379124341003,4.941642422609304
347,1976,Graduation,Single,40780.0,0,1,2012-09-08,30,229,27,71,13,3,34,4,7,1,5,9,0,0,0,0,0,0,3,11,0,2012,9,8,1,1,377,49,3.912023005428146,3.4339872044851463,10.615971565652215,5.934894195619588,5.438079308923196,3.332204510175204,4.276666119016055,2.639057329615259,1.3862943611198906,3.5553480614894135
6543,1945,Master,In a relationship,62847.0,0,0,2013-01-15,45,521,168,706,80,76,61,1,3,6,4,2,0,0,0,0,0,0,3,11,0,2013,1,15,0,0,1612,80,4.394449154672439,3.828641396489095,11.048474391714137,7.385851078125209,6.257667587882639,5.1298987149230735,6.561030665896573,4.394449154672439,4.343805421853684,4.127134385045092
10446,1957,PhD,In a relationship,82017.0,0,0,2012-11-07,58,184,23,446,30,23,23,1,5,4,7,2,0,1,1,1,0,0,3,11,1,2012,11,7,0,0,729,68,4.23410650459726,4.07753744390572,11.314694014352236,6.593044534142437,5.220355825078325,3.1780538303479458,6.102558594613569,3.4339872044851463,3.1780538303479458,3.1780538303479458
3479,1950,Graduation,Single,16813.0,0,0,2013-07-19,49,4,8,11,12,2,13,1,2,0,3,7,1,0,0,0,0,0,3,11,0,2013,7,19,0,0,50,75,4.330733340286331,3.912023005428146,9.729967151695242,3.9318256327243257,1.6094379124341003,2.1972245773362196,2.4849066497880004,2.5649493574615367,1.0986122886681096,2.639057329615259
11075,1978,Graduation,In a relationship,51267.0,1,1,2013-10-29,37,183,2,64,7,2,12,4,3,3,5,4,0,0,0,0,0,0,3,11,0,2013,10,29,2,1,270,47,3.8712010109078907,3.6375861597263857,10.844822054849715,5.602118820879701,5.214935757608986,1.0986122886681096,4.174387269895637,2.0794415416798357,1.0986122886681096,2.5649493574615367
4442,1961,Graduation,Single,46524.0,0,1,2013-04-05,70,31,19,35,26,14,52,2,1,1,5,3,0,0,0,0,0,0,3,11,0,2013,4,5,1,1,177,64,4.174387269895637,4.2626798770413155,10.747745081510452,5.181783550292085,3.4657359027997265,2.995732273553991,3.58351893845611,3.295836866004329,2.70805020110221,3.970291913552122
199,1962,Master,Single,45183.0,0,0,2013-01-20,33,219,3,60,12,9,12,1,4,1,7,7,0,1,0,0,0,0,3,11,0,2013,1,20,0,0,315,63,4.1588830833596715,3.5263605246161616,10.718498320852914,5.755742213586912,5.393627546352361,1.3862943611198906,4.110873864173311,2.5649493574615367,2.302585092994046,2.5649493574615367
6722,1954,PhD,In a relationship,70421.0,0,1,2014-06-28,98,479,28,136,75,14,35,3,10,3,7,6,0,0,0,0,0,0,3,11,0,2014,6,28,1,1,767,71,4.276666119016055,4.59511985013459,11.162260993328179,6.643789733147672,6.173786103901937,3.367295829986474,4.919980925828125,4.330733340286331,2.70805020110221,3.58351893845611
796,1965,2n Cycle,Single,60161.0,0,1,2012-10-23,17,584,44,212,46,8,177,3,11,4,8,8,0,0,0,0,0,0,3,11,0,2012,10,23,1,1,1071,60,4.110873864173311,2.8903717578961645,11.00479620275198,6.977281341630747,6.371611847231857,3.8066624897703196,5.3612921657094255,3.8501476017100584,2.1972245773362196,5.181783550292085
3749,1973,Graduation,In a relationship,73926.0,0,0,2013-03-02,54,627,91,597,159,91,15,1,6,5,12,3,0,0,0,0,0,0,3,11,0,2013,3,2,0,0,1580,52,3.970291913552122,4.007333185232471,11.210833398801787,7.3658128372094716,6.4425401664681985,4.5217885770490405,6.393590753950631,5.075173815233827,4.5217885770490405,2.772588722239781
8523,1968,Graduation,In a relationship,19329.0,1,0,2013-12-14,39,24,1,16,12,2,5,3,4,0,3,8,0,0,0,0,0,0,3,11,0,2013,12,14,1,1,60,57,4.060443010546419,3.6888794541139363,9.869413572202376,4.110873864173311,3.2188758248682006,0.6931471805599453,2.833213344056216,2.5649493574615367,1.0986122886681096,1.791759469228055
310,1970,Master,In a relationship,61872.0,0,1,2013-12-13,81,330,5,159,36,27,16,4,4,4,9,4,0,0,0,0,0,0,3,11,0,2013,12,13,1,1,573,55,4.02535169073515,4.406719247264253,11.032839176116262,6.352629396319567,5.802118375377063,1.791759469228055,5.075173815233827,3.6109179126442243,3.332204510175204,2.833213344056216
8629,1956,Graduation,Single,46984.0,1,1,2013-03-26,71,19,1,10,2,1,8,1,1,0,3,5,0,0,0,0,0,0,3,11,0,2013,3,26,2,1,41,69,4.248495242049359,4.276666119016055,10.757583680817165,3.7376696182833684,2.995732273553991,0.6931471805599453,2.3978952727983707,1.0986122886681096,0.6931471805599453,2.1972245773362196
236,1951,Graduation,In a relationship,34838.0,1,1,2013-01-19,62,28,23,29,29,14,47,3,2,1,4,6,0,0,0,0,0,0,3,11,0,2013,1,19,2,1,170,74,4.31748811353631,4.143134726391533,10.458492727913868,5.14166355650266,3.367295829986474,3.1780538303479458,3.4011973816621555,3.4011973816621555,2.70805020110221,3.8712010109078907
9930,1944,PhD,Single,82716.0,0,0,2013-11-05,8,606,148,228,15,148,22,1,6,8,13,2,0,0,0,0,0,0,3,11,0,2013,11,5,0,0,1167,81,4.406719247264253,2.1972245773362196,11.32318042216003,7.0630481633881725,6.408528791059498,5.003946305945459,5.43372200355424,2.772588722239781,5.003946305945459,3.1354942159291497
3483,1958,Graduation,In a relationship,48192.0,0,0,2013-04-06,76,1039,43,204,153,58,29,3,2,8,12,8,0,1,0,1,1,0,3,11,1,2013,4,6,0,0,1526,67,4.219507705176107,4.343805421853684,10.782969061276285,7.3310603052186325,6.946975992135418,3.784189633918261,5.3230099791384085,5.0369526024136295,4.07753744390572,3.4011973816621555
4599,1976,Master,In a relationship,49681.0,0,2,2013-11-04,66,411,0,26,0,0,21,6,7,1,7,7,0,0,0,0,0,0,3,11,0,2013,11,4,2,1,458,49,3.912023005428146,4.204692619390966,10.813397973445996,6.129050210060545,6.021023349349527,0.0,3.295836866004329,0.0,0.0,3.091042453358316
7326,1971,Master,In a relationship,56850.0,0,1,2014-03-23,83,34,1,19,2,7,0,1,1,1,3,2,0,0,0,0,0,0,3,11,0,2014,3,23,1,1,63,54,4.007333185232471,4.430816798843313,10.948189089173493,4.1588830833596715,3.5553480614894135,0.6931471805599453,2.995732273553991,1.0986122886681096,2.0794415416798357,0.0
7352,1957,Graduation,In a relationship,55267.0,0,1,2013-10-21,28,161,28,136,32,3,45,4,3,4,6,3,0,0,0,0,0,0,3,11,0,2013,10,21,1,1,405,68,4.23410650459726,3.367295829986474,10.91994935817656,6.0063531596017325,5.087596335232384,3.367295829986474,4.919980925828125,3.4965075614664802,1.3862943611198906,3.828641396489095
2350,1972,Graduation,In a relationship,59666.0,1,1,2013-03-22,87,623,53,178,23,17,133,7,3,2,8,8,0,1,0,0,0,0,3,11,0,2013,3,22,2,1,1027,53,3.9889840465642745,4.477336814478207,10.996534382731356,6.93537044601511,6.436150368369428,3.9889840465642745,5.187385805840755,3.1780538303479458,2.8903717578961645,4.897839799950911
9145,1972,Graduation,Single,72504.0,0,1,2013-04-06,43,604,26,470,123,161,94,2,5,9,6,2,0,0,0,0,0,0,3,11,0,2013,4,6,1,1,1478,53,3.9889840465642745,3.784189633918261,11.191410803981995,7.2991214627108,6.405228458030842,3.295836866004329,6.154858094016418,4.820281565605037,5.087596335232384,4.553876891600541
2964,1981,Graduation,In a relationship,26872.0,0,0,2013-10-16,0,3,10,8,3,16,32,1,1,1,2,6,0,0,0,0,0,0,3,11,0,2013,10,16,0,0,72,44,3.8066624897703196,0.0,10.198877344056111,4.290459441148391,1.3862943611198906,2.3978952727983707,2.1972245773362196,1.3862943611198906,2.833213344056216,3.4965075614664802
5585,1972,Graduation,Single,21359.0,1,0,2013-04-20,1,12,2,17,6,1,10,2,2,0,3,8,0,0,0,0,0,0,3,11,1,2013,4,20,1,1,48,53,3.9889840465642745,0.6931471805599453,9.969275293074132,3.8918202981106265,2.5649493574615367,1.0986122886681096,2.8903717578961645,1.9459101490553132,0.6931471805599453,2.3978952727983707
9687,1975,Graduation,Single,73170.0,0,0,2014-05-31,1,184,174,256,50,30,32,1,5,4,6,2,0,0,0,0,0,0,3,11,0,2014,5,31,0,0,726,50,3.9318256327243257,0.6931471805599453,11.20055444658802,6.588926477533519,5.220355825078325,5.1647859739235145,5.54907608489522,3.9318256327243257,3.4339872044851463,3.4965075614664802
3732,1955,Master,In a relationship,52750.0,0,1,2013-02-04,72,393,0,239,90,69,69,6,5,7,9,4,0,0,0,0,0,0,3,11,0,2013,2,4,1,1,860,70,4.2626798770413155,4.290459441148391,10.873338008504597,6.7580945044277305,5.976350909297934,0.0,5.480638923341991,4.51085950651685,4.248495242049359,4.248495242049359
6303,1986,PhD,In a relationship,91820.0,0,0,2013-11-23,72,410,73,747,76,161,30,0,5,5,12,1,0,0,0,0,0,0,3,11,0,2013,11,23,0,0,1497,39,3.6888794541139363,4.290459441148391,11.427596308617357,7.311886164077165,6.018593214496234,4.304065093204169,6.617402977974478,4.343805421853684,5.087596335232384,3.4339872044851463
11176,1970,PhD,In a relationship,65968.0,0,1,2014-05-12,12,376,9,83,19,4,4,2,5,4,7,3,0,0,0,0,0,0,3,11,0,2014,5,12,1,1,495,55,4.02535169073515,2.5649493574615367,11.09694021369669,6.206575926724928,5.932245187448011,2.302585092994046,4.430816798843313,2.995732273553991,1.6094379124341003,1.6094379124341003
2986,1976,Graduation,In a relationship,30772.0,1,1,2014-03-12,89,7,2,4,2,1,4,1,1,0,2,6,0,0,0,0,0,0,3,11,0,2014,3,12,2,1,20,49,3.912023005428146,4.499809670330265,10.33439296112607,3.044522437723423,2.0794415416798357,1.0986122886681096,1.6094379124341003,1.0986122886681096,0.6931471805599453,1.6094379124341003
7462,1954,Graduation,Single,22507.0,0,0,2012-11-24,67,68,0,226,51,157,68,3,10,2,4,9,0,0,0,0,0,0,3,11,0,2012,11,24,0,0,570,71,4.276666119016055,4.219507705176107,10.021626080553169,6.3473892096560105,4.23410650459726,0.0,5.424950017481403,3.9512437185814275,5.062595033026967,4.23410650459726
3900,1972,Graduation,In a relationship,65685.0,0,1,2014-03-29,54,642,14,49,0,7,57,1,9,2,9,5,0,0,0,0,0,0,3,11,0,2014,3,29,1,1,769,53,3.9889840465642745,4.007333185232471,11.092641091963714,6.646390514847729,6.466144724237619,2.70805020110221,3.912023005428146,0.0,2.0794415416798357,4.060443010546419
7034,1978,2n Cycle,In a relationship,25804.0,1,0,2013-09-01,34,8,7,9,13,6,12,2,2,0,3,8,0,0,0,0,0,0,3,11,0,2013,9,1,1,1,55,47,3.8712010109078907,3.5553480614894135,10.158323550582827,4.02535169073515,2.1972245773362196,2.0794415416798357,2.302585092994046,2.639057329615259,1.9459101490553132,2.5649493574615367
9493,1980,PhD,Single,76412.0,0,0,2013-05-05,15,840,53,804,23,71,17,1,5,4,8,3,0,0,1,1,0,0,3,11,1,2013,5,5,0,0,1808,45,3.828641396489095,2.772588722239781,11.243908117747603,7.500529485395295,6.734591659972948,3.9889840465642745,6.690842277418564,3.1780538303479458,4.276666119016055,2.8903717578961645
1143,1972,Graduation,In a relationship,22063.0,1,0,2013-08-08,43,7,10,13,3,11,11,2,2,0,3,7,0,0,0,0,0,0,3,11,0,2013,8,8,1,1,55,53,3.9889840465642745,3.784189633918261,10.001702600033083,4.02535169073515,2.0794415416798357,2.3978952727983707,2.639057329615259,1.3862943611198906,2.4849066497880004,2.4849066497880004
1,1961,Graduation,Single,57091.0,0,0,2014-06-15,0,464,5,64,7,0,37,1,7,3,7,5,0,0,0,0,1,0,3,11,1,2014,6,15,0,0,577,64,4.174387269895637,0.0,10.952419280749659,6.359573868672378,6.142037405587356,1.791759469228055,4.174387269895637,2.0794415416798357,0.0,3.6375861597263857
3855,1963,Graduation,In a relationship,22419.0,0,0,2013-04-18,74,30,3,47,19,21,42,1,3,2,2,8,0,0,0,0,0,0,3,11,0,2013,4,18,0,0,162,62,4.143134726391533,4.31748811353631,10.017708696626151,5.093750200806762,3.4339872044851463,1.3862943611198906,3.8712010109078907,2.995732273553991,3.091042453358316,3.7612001156935624
5536,1959,Graduation,In a relationship,87771.0,0,1,2013-05-22,61,1492,38,287,50,57,33,1,5,10,4,6,0,1,1,1,1,0,3,11,1,2013,5,22,1,1,1957,66,4.204692619390966,4.127134385045092,11.38249782215576,7.579678823090456,7.30854279753919,3.6635616461296463,5.662960480135946,3.9318256327243257,4.060443010546419,3.5263605246161616
5989,1959,2n Cycle,Single,78353.0,0,1,2013-04-16,51,752,122,476,39,153,34,1,10,2,11,8,0,0,0,0,0,0,3,11,0,2013,4,16,1,1,1576,66,4.204692619390966,3.9512437185814275,11.268992299448461,7.3632795869630385,6.6240652277998935,4.812184355372417,6.1675164908883415,3.6888794541139363,5.0369526024136295,3.5553480614894135
9499,1954,Graduation,In a relationship,93404.0,1,2,2013-05-07,97,1279,15,287,20,0,15,3,3,4,7,5,0,1,1,0,0,0,3,11,0,2013,5,7,3,1,1616,71,4.276666119016055,4.584967478670572,11.444700155974662,7.388327859577107,7.154615356913663,2.772588722239781,5.662960480135946,3.044522437723423,0.0,2.772588722239781
6768,1962,Graduation,Single,37859.0,1,2,2013-01-12,75,22,1,8,2,1,2,2,1,0,3,8,0,0,0,0,0,0,3,11,0,2013,1,12,3,1,36,63,4.1588830833596715,4.330733340286331,10.541650424763313,3.6109179126442243,3.1354942159291497,0.6931471805599453,2.1972245773362196,1.0986122886681096,0.6931471805599453,1.0986122886681096
2150,1958,PhD,Single,80995.0,0,1,2013-05-11,83,860,28,409,73,56,56,1,8,9,4,4,0,0,0,0,0,0,3,11,0,2013,5,11,1,1,1482,67,4.219507705176107,4.430816798843313,11.30215504971916,7.301822342137932,6.7580945044277305,3.367295829986474,6.016157159698354,4.304065093204169,4.04305126783455,4.04305126783455
6646,1984,Graduation,In a relationship,16529.0,1,0,2014-03-01,23,3,0,5,13,0,1,1,1,0,3,6,0,0,0,0,0,0,3,11,0,2014,3,1,1,1,22,41,3.7376696182833684,3.1780538303479458,9.712932190815069,3.1354942159291497,1.3862943611198906,0.0,1.791759469228055,2.639057329615259,0.0,0.6931471805599453
4887,1976,PhD,Single,55412.0,1,1,2013-11-22,65,10,5,28,11,1,8,1,2,0,3,5,0,0,0,0,0,0,3,11,0,2013,11,22,2,1,63,49,3.912023005428146,4.189654742026425,10.922569502247429,4.1588830833596715,2.3978952727983707,1.791759469228055,3.367295829986474,2.4849066497880004,0.6931471805599453,2.1972245773362196
8560,1992,Graduation,Single,48789.0,0,0,2012-09-10,94,351,16,156,7,5,145,1,6,4,7,6,0,0,0,0,0,0,3,11,0,2012,9,10,0,0,680,33,3.5263605246161616,4.553876891600541,10.795280652809883,6.523562306149512,5.863631175598097,2.833213344056216,5.056245805348308,2.0794415416798357,1.791759469228055,4.983606621708336
3321,1967,PhD,In a relationship,56575.0,0,2,2013-05-05,42,421,5,90,0,16,10,3,7,3,7,5,0,0,0,0,0,0,3,11,0,2013,5,5,2,1,542,58,4.07753744390572,3.7612001156935624,10.943340145997315,6.297109319933935,6.045005314036012,1.791759469228055,4.51085950651685,0.0,2.833213344056216,2.3978952727983707
11003,1980,2n Cycle,In a relationship,25130.0,1,0,2013-10-02,10,2,5,7,0,18,18,2,2,0,3,7,0,0,0,0,0,0,3,11,0,2013,10,2,1,1,50,45,3.828641396489095,2.3978952727983707,10.13185742282192,3.9318256327243257,1.0986122886681096,1.791759469228055,2.0794415416798357,0.0,2.9444389791664403,2.9444389791664403
10402,1967,Graduation,In a relationship,35441.0,1,1,2013-02-14,94,25,1,9,2,1,1,2,1,0,3,8,0,0,0,0,0,0,3,11,0,2013,2,14,2,1,39,58,4.07753744390572,4.553876891600541,10.475652836535291,3.6888794541139363,3.258096538021482,0.6931471805599453,2.302585092994046,1.0986122886681096,0.6931471805599453,0.6931471805599453
9904,1956,Graduation,In a relationship,71391.0,0,1,2013-03-29,50,336,123,274,46,123,141,5,6,5,12,3,0,0,0,0,0,0,3,11,0,2013,3,29,1,1,1043,69,4.248495242049359,3.9318256327243257,11.17594109723226,6.950814768442584,5.820082930352362,4.820281565605037,5.616771097666572,3.8501476017100584,4.820281565605037,4.955827057601261
6141,1972,Master,Single,49494.0,1,0,2013-04-25,46,191,9,97,0,6,82,2,6,1,5,7,0,0,0,0,0,0,3,11,0,2013,4,25,1,1,385,53,3.9889840465642745,3.8501476017100584,10.809626933353908,5.955837369464831,5.2574953720277815,2.302585092994046,4.584967478670572,0.0,1.9459101490553132,4.418840607796598
5687,1980,Graduation,Single,81702.0,0,0,2012-09-23,98,563,50,774,28,31,187,1,7,7,12,3,0,0,0,0,0,0,3,11,0,2012,9,23,0,0,1633,45,3.828641396489095,4.59511985013459,11.310845999880184,7.3987862754199485,6.335054251498059,3.9318256327243257,6.652863029353347,3.367295829986474,3.4657359027997265,5.236441962829949
10856,1980,2n Cycle,Single,45889.0,0,1,2013-07-02,42,31,0,6,0,1,8,1,1,0,3,6,0,0,0,0,0,0,3,11,0,2013,7,2,1,1,46,45,3.828641396489095,3.7612001156935624,10.73400250738888,3.8501476017100584,3.4657359027997265,0.0,1.9459101490553132,0.0,0.6931471805599453,2.1972245773362196
5121,1977,Graduation,Single,56628.0,0,1,2014-03-21,30,479,5,82,7,17,171,2,7,6,5,5,1,0,0,0,0,0,3,11,0,2014,3,21,1,1,761,48,3.8918202981106265,3.4339872044851463,10.944276500467035,6.635946555686647,6.173786103901937,1.791759469228055,4.418840607796598,2.0794415416798357,2.8903717578961645,5.147494476813453
4186,1950,Graduation,In a relationship,34026.0,1,1,2013-08-05,11,18,6,15,12,8,17,3,2,1,3,5,0,0,0,0,0,0,3,11,0,2013,8,5,2,1,76,75,4.330733340286331,2.4849066497880004,10.434909606100769,4.343805421853684,2.9444389791664403,1.9459101490553132,2.772588722239781,2.5649493574615367,2.1972245773362196,2.8903717578961645
368,1974,Graduation,In a relationship,40049.0,0,1,2012-11-29,61,91,65,52,10,44,28,3,3,2,6,5,0,0,0,0,0,0,3,11,0,2012,11,29,1,1,290,51,3.9512437185814275,4.127134385045092,10.597883952496506,5.673323267171493,4.5217885770490405,4.189654742026425,3.970291913552122,2.3978952727983707,3.8066624897703196,3.367295829986474
3312,1988,Graduation,Single,34176.0,1,0,2014-05-12,12,5,7,24,19,14,20,4,3,0,4,6,0,0,0,0,0,0,3,11,0,2014,5,12,1,1,89,37,3.6375861597263857,2.5649493574615367,10.439308182191418,4.499809670330265,1.791759469228055,2.0794415416798357,3.2188758248682006,2.995732273553991,2.70805020110221,3.044522437723423
11121,1981,Graduation,In a relationship,19419.0,1,0,2012-11-10,76,2,14,28,16,3,7,4,4,0,3,9,0,0,0,0,0,0,3,11,0,2012,11,10,1,1,70,44,3.8066624897703196,4.343805421853684,9.874058741845316,4.2626798770413155,1.0986122886681096,2.70805020110221,3.367295829986474,2.833213344056216,1.3862943611198906,2.0794415416798357
5332,1960,2n Cycle,In a relationship,82504.0,0,0,2013-07-27,2,362,50,431,134,35,54,1,3,6,7,1,0,0,0,0,0,0,3,11,0,2013,7,27,0,0,1066,65,4.189654742026425,1.0986122886681096,11.320614176546906,6.9726062513017535,5.8944028342648505,3.9318256327243257,6.068425588244111,4.90527477843843,3.58351893845611,4.007333185232471
5848,1970,Graduation,In a relationship,81205.0,0,0,2014-01-13,43,724,74,929,97,55,130,1,5,6,7,2,1,0,1,0,1,0,3,11,1,2014,1,13,0,0,2009,55,4.02535169073515,3.784189633918261,11.304744415045533,7.605890001053122,6.586171654854675,4.31748811353631,6.835184586147301,4.584967478670572,4.02535169073515,4.875197323201151
10343,1991,2n Cycle,Single,61618.0,0,0,2012-09-29,27,605,91,399,0,45,205,2,3,6,8,3,0,0,0,0,0,0,3,11,0,2012,9,29,0,0,1345,34,3.5553480614894135,3.332204510175204,11.028725543521734,7.204892510204673,6.406879986069314,4.5217885770490405,5.991464547107982,0.0,3.828641396489095,5.327876168789581
5935,1956,Master,Single,55284.0,0,1,2012-12-24,60,547,7,140,0,7,63,3,7,5,8,5,0,0,0,0,0,0,3,11,0,2012,12,24,1,1,764,69,4.248495242049359,4.110873864173311,10.920256902976503,6.639875833826536,6.306275286948016,2.0794415416798357,4.948759890378168,0.0,2.0794415416798357,4.1588830833596715
2895,1963,Graduation,Single,49980.0,0,1,2013-10-23,79,104,1,54,13,9,14,2,3,1,5,5,0,0,0,0,0,0,3,11,0,2013,10,23,1,1,195,62,4.143134726391533,4.382026634673881,10.819398212191988,5.278114659230518,4.653960350157523,0.6931471805599453,4.007333185232471,2.639057329615259,2.302585092994046,2.70805020110221
10262,1980,Graduation,In a relationship,15072.0,2,0,2013-05-10,96,8,2,15,0,10,18,4,3,1,3,5,0,0,0,0,0,0,3,11,0,2013,5,10,2,1,53,45,3.828641396489095,4.574710978503383,9.62066034281053,3.9889840465642745,2.1972245773362196,1.0986122886681096,2.772588722239781,0.0,2.3978952727983707,2.9444389791664403
7848,1974,Graduation,Single,49166.0,0,1,2013-06-13,17,224,2,25,7,0,110,2,5,3,3,6,0,0,0,0,0,0,3,11,0,2013,6,13,1,1,368,51,3.9512437185814275,2.8903717578961645,10.802977945731937,5.910796644040527,5.41610040220442,1.0986122886681096,3.258096538021482,2.0794415416798357,0.0,4.709530201312334
9477,1954,PhD,In a relationship,65324.0,0,1,2014-01-11,0,384,0,102,21,32,5,3,6,2,9,4,0,0,0,0,0,0,3,11,0,2014,1,11,1,1,544,71,4.276666119016055,0.0,11.087130090388813,6.300785794663244,5.953243334287785,0.0,4.634728988229636,3.091042453358316,3.4965075614664802,1.791759469228055
4856,1957,2n Cycle,In a relationship,82347.0,0,0,2012-11-06,38,556,54,845,202,133,63,1,7,7,10,3,1,0,0,1,0,0,3,11,0,2012,11,6,0,0,1853,68,4.23410650459726,3.6635616461296463,11.3187094487292,7.5251007461258,6.322565239927284,4.007333185232471,6.740519359606223,5.313205979041787,4.897839799950911,4.1588830833596715
7186,1966,PhD,In a relationship,30843.0,1,1,2014-05-26,43,24,0,2,0,0,9,2,1,1,2,5,1,0,0,0,0,0,3,11,0,2014,5,26,2,1,35,59,4.0943445622221,3.784189633918261,10.336697520952852,3.58351893845611,3.2188758248682006,0.0,1.0986122886681096,0.0,0.0,2.302585092994046
5794,1974,PhD,In a relationship,46374.0,0,1,2014-03-17,1,408,0,21,0,0,17,3,7,1,7,8,0,1,0,1,0,0,3,11,1,2014,3,17,1,1,446,51,3.9512437185814275,0.6931471805599453,10.744515799909736,6.102558594613569,6.013715156042802,0.0,3.091042453358316,0.0,0.0,2.8903717578961645
1456,1979,Graduation,Single,60474.0,0,1,2013-04-01,25,265,199,303,234,9,170,7,10,2,12,7,0,0,0,0,0,0,3,11,0,2013,4,1,1,1,1180,46,3.8501476017100584,3.258096538021482,11.009985335478229,7.074116816197362,5.583496308781699,5.298317366548036,5.717027701406222,5.459585514144159,2.302585092994046,5.14166355650266
4877,1973,Master,In a relationship,38576.0,0,1,2014-03-04,2,34,0,7,0,0,0,1,1,0,3,7,0,0,0,0,0,0,3,11,0,2014,3,4,1,1,41,52,3.970291913552122,1.0986122886681096,10.560411522938548,3.7376696182833684,3.5553480614894135,0.0,2.0794415416798357,0.0,0.0,0.0
425,1985,Graduation,In a relationship,55357.0,2,0,2013-02-19,66,374,64,116,84,25,64,3,6,2,11,5,0,0,0,0,0,0,3,11,0,2013,2,19,2,1,727,40,3.713572066704308,4.204692619390966,10.92157646247132,6.590301048196686,5.926926025970411,4.174387269895637,4.762173934797756,4.442651256490317,3.258096538021482,4.174387269895637
3007,1966,Graduation,In a relationship,37758.0,1,1,2012-10-04,49,27,2,10,0,0,1,2,1,0,3,8,0,0,0,0,0,0,3,11,0,2012,10,4,2,1,40,59,4.0943445622221,3.912023005428146,10.538979136857908,3.713572066704308,3.332204510175204,1.0986122886681096,2.3978952727983707,0.0,0.0,0.6931471805599453
1031,1989,2n Cycle,In a relationship,85710.0,0,0,2013-05-05,5,600,20,350,29,30,33,1,6,9,10,2,0,0,1,0,0,0,3,11,0,2013,5,5,0,0,1062,36,3.6109179126442243,1.791759469228055,11.358736451074895,6.968850378341948,6.398594934535208,3.044522437723423,5.860786223465865,3.4011973816621555,3.4339872044851463,3.5263605246161616
4297,1969,Graduation,In a relationship,23228.0,1,0,2014-01-26,71,13,2,18,6,1,0,2,2,0,3,8,0,0,0,0,0,0,3,11,0,2014,1,26,1,1,40,56,4.04305126783455,4.276666119016055,10.053156777054832,3.713572066704308,2.639057329615259,1.0986122886681096,2.9444389791664403,1.9459101490553132,0.6931471805599453,0.0
807,1969,Master,In a relationship,44602.0,1,1,2014-02-15,35,167,2,89,0,0,34,6,6,1,4,8,0,0,0,0,0,0,3,11,0,2014,2,15,2,1,292,56,4.04305126783455,3.58351893845611,10.705556400319987,5.680172609017068,5.123963979403259,1.0986122886681096,4.499809670330265,0.0,0.0,3.5553480614894135
9553,1987,Graduation,In a relationship,7500.0,0,0,2013-01-09,94,0,2,3,4,1,5,1,0,0,3,6,0,0,0,0,0,0,3,11,0,2013,1,9,0,0,15,38,3.6635616461296463,4.553876891600541,8.922791623969637,2.772588722239781,0.0,1.0986122886681096,1.3862943611198906,1.6094379124341003,0.6931471805599453,1.791759469228055
4271,1989,2n Cycle,In a relationship,38683.0,1,0,2012-10-04,80,46,35,69,84,41,66,6,4,1,6,7,0,0,0,0,0,0,3,11,0,2012,10,4,1,1,341,36,3.6109179126442243,4.394449154672439,10.563181356836854,5.834810737062605,3.8501476017100584,3.58351893845611,4.248495242049359,4.442651256490317,3.7376696182833684,4.204692619390966
4120,1975,2n Cycle,Single,49514.0,1,0,2013-12-17,61,88,39,78,58,13,93,2,6,1,4,7,0,0,0,0,0,0,3,11,0,2013,12,17,1,1,369,50,3.9318256327243257,4.127134385045092,10.810030932955403,5.91350300563827,4.48863636973214,3.6888794541139363,4.3694478524670215,4.07753744390572,2.639057329615259,4.543294782270004
2036,1973,PhD,In a relationship,57906.0,0,1,2013-06-11,29,243,11,119,10,3,15,3,4,2,8,4,0,0,0,0,0,0,3,11,0,2013,6,11,1,1,401,52,3.970291913552122,3.4011973816621555,10.966593554353674,5.996452088619021,5.497168225293202,2.4849066497880004,4.787491742782046,2.3978952727983707,1.3862943611198906,2.772588722239781
115,1966,Master,Single,43456.0,0,1,2013-03-26,0,275,11,68,25,7,7,3,5,1,8,5,0,0,0,0,0,0,3,11,0,2013,3,26,1,1,393,59,4.0943445622221,0.0,10.679527222435633,5.976350909297934,5.62040086571715,2.4849066497880004,4.23410650459726,3.258096538021482,2.0794415416798357,2.0794415416798357
4259,1986,Master,Single,19485.0,2,0,2013-09-24,80,6,0,4,0,0,0,1,1,0,2,7,0,0,0,0,0,0,3,11,0,2013,9,24,2,1,10,39,3.6888794541139363,4.394449154672439,9.877451537985287,2.3978952727983707,1.9459101490553132,0.0,1.6094379124341003,0.0,0.0,0.0
8687,1978,Graduation,In a relationship,53172.0,0,1,2013-05-06,54,121,62,90,68,20,125,3,2,3,8,3,0,0,0,0,0,0,3,11,0,2013,5,6,1,1,486,47,3.8712010109078907,4.007333185232471,10.881306027701488,6.18826412308259,4.804021044733257,4.143134726391533,4.51085950651685,4.23410650459726,3.044522437723423,4.836281906951478
2447,1979,Graduation,In a relationship,30545.0,1,0,2012-10-17,71,4,12,15,19,7,12,2,2,0,3,7,0,0,0,0,0,0,3,11,0,2012,10,17,1,1,69,46,3.8501476017100584,4.276666119016055,10.326989023130391,4.248495242049359,1.6094379124341003,2.5649493574615367,2.772588722239781,2.995732273553991,2.0794415416798357,2.5649493574615367
10140,1983,PhD,In a relationship,70123.0,0,0,2013-09-28,27,1308,0,396,23,0,0,1,5,7,4,3,0,1,0,0,1,0,3,11,0,2013,9,28,0,0,1727,42,3.7612001156935624,3.332204510175204,11.158020382473765,7.454719949364001,7.1770187659099,0.0,5.983936280687191,3.1780538303479458,0.0,0.0
9353,1959,Graduation,Single,62450.0,0,1,2014-01-06,61,515,47,267,62,66,38,2,5,5,4,3,0,1,0,0,0,0,3,11,0,2014,1,6,1,1,995,66,4.204692619390966,4.127134385045092,11.042137528235768,6.903747257584598,6.246106765481563,3.8712010109078907,5.5909869805108565,4.143134726391533,4.204692619390966,3.6635616461296463
3623,1976,Graduation,In a relationship,21675.0,1,0,2014-06-11,55,4,0,16,17,4,4,3,4,0,3,7,0,0,0,0,0,0,3,11,0,2014,6,11,1,1,45,49,3.912023005428146,4.02535169073515,9.983960936686005,3.828641396489095,1.6094379124341003,0.0,2.833213344056216,2.8903717578961645,1.6094379124341003,1.6094379124341003
738,1981,2n Cycle,Single,42395.0,1,1,2014-04-04,35,48,13,57,24,15,25,4,3,1,4,7,0,0,0,0,0,0,3,11,0,2014,4,4,2,1,182,44,3.8066624897703196,3.58351893845611,10.654809297147146,5.209486152841421,3.8918202981106265,2.639057329615259,4.060443010546419,3.2188758248682006,2.772588722239781,3.258096538021482
7631,1978,Master,In a relationship,61346.0,1,0,2013-10-06,34,562,58,168,43,16,142,1,5,7,10,3,0,0,0,0,0,0,3,11,0,2013,10,6,1,1,989,47,3.8712010109078907,3.5553480614894135,11.024301549187925,6.897704943128636,6.333279628139691,4.07753744390572,5.1298987149230735,3.784189633918261,2.833213344056216,4.962844630259907
4789,1953,Graduation,In a relationship,80812.0,0,0,2013-09-17,95,769,22,500,210,143,33,1,4,8,5,2,1,0,1,1,0,0,3,11,0,2013,9,17,0,0,1677,72,4.290459441148391,4.564348191467836,11.299893122656712,7.425357887027151,6.646390514847729,3.1354942159291497,6.2166061010848646,5.351858133476067,4.969813299576001,3.5263605246161616
773,1971,Master,Single,42835.0,1,1,2013-06-30,64,379,4,93,12,9,98,7,6,6,4,6,0,0,0,0,0,0,3,11,0,2013,6,30,2,1,595,54,4.007333185232471,4.174387269895637,10.665134149520766,6.39024066706535,5.940171252720432,1.6094379124341003,4.543294782270004,2.5649493574615367,2.302585092994046,4.59511985013459
10602,1983,Graduation,In a relationship,39922.0,1,0,2013-02-14,30,29,12,59,19,1,36,2,3,0,4,8,0,0,0,0,0,0,3,11,0,2013,2,14,1,1,156,42,3.7612001156935624,3.4339872044851463,10.594707877902358,5.056245805348308,3.4011973816621555,2.5649493574615367,4.0943445622221,2.995732273553991,0.6931471805599453,3.6109179126442243
1446,1956,Master,Single,86424.0,0,0,2014-04-05,12,387,68,569,89,45,68,1,6,9,12,1,0,0,0,0,0,0,3,11,0,2014,4,5,0,0,1226,69,4.248495242049359,2.5649493574615367,11.367032264789826,7.112327444710911,5.961005339623274,4.23410650459726,6.345636360828596,4.499809670330265,3.828641396489095,4.23410650459726
3270,1978,2n Cycle,In a relationship,17117.0,1,0,2013-01-17,96,12,23,38,30,18,7,4,3,1,3,9,0,0,0,0,0,0,3,11,0,2013,1,17,1,1,128,47,3.8712010109078907,4.574710978503383,9.747885820441555,4.859812404361672,2.5649493574615367,3.1780538303479458,3.6635616461296463,3.4339872044851463,2.9444389791664403,2.0794415416798357
8443,1972,Graduation,Single,24762.0,1,0,2014-02-10,16,6,10,12,3,15,40,3,3,1,2,8,1,0,0,0,0,0,3,11,1,2014,2,10,1,1,86,53,3.9889840465642745,2.833213344056216,10.117105882625266,4.465908118654584,1.9459101490553132,2.3978952727983707,2.5649493574615367,1.3862943611198906,2.772588722239781,3.713572066704308
9653,1975,Graduation,In a relationship,35797.0,0,1,2012-10-16,16,27,1,14,4,1,21,2,2,0,3,8,0,0,0,0,0,0,3,11,0,2012,10,16,1,1,68,50,3.9318256327243257,2.833213344056216,10.485647304906445,4.23410650459726,3.332204510175204,0.6931471805599453,2.70805020110221,1.6094379124341003,0.6931471805599453,3.091042453358316
8916,1975,Graduation,Single,36627.0,2,0,2013-07-23,78,9,1,5,0,0,1,1,0,0,3,5,0,0,0,0,0,0,3,11,0,2013,7,23,2,1,16,50,3.9318256327243257,4.3694478524670215,10.508568254227622,2.833213344056216,2.302585092994046,0.6931471805599453,1.791759469228055,0.0,0.0,0.6931471805599453
8017,1981,2n Cycle,In a relationship,51111.0,1,1,2014-06-19,83,22,0,19,6,5,3,2,2,0,3,6,0,0,0,0,0,0,3,11,0,2014,6,19,2,1,55,44,3.8066624897703196,4.430816798843313,10.841774582282179,4.02535169073515,3.1354942159291497,0.0,2.995732273553991,1.9459101490553132,1.791759469228055,1.3862943611198906
5830,1972,PhD,Single,86857.0,0,0,2012-09-12,96,899,102,838,133,102,40,1,5,6,10,2,0,0,0,0,0,0,3,11,1,2012,9,12,0,0,2114,53,3.9889840465642745,4.574710978503383,11.372029880265352,7.656810091480378,6.802394763324311,4.634728988229636,6.732210706467206,4.897839799950911,4.634728988229636,3.713572066704308
4597,1970,PhD,In a relationship,82072.0,0,0,2013-07-02,67,889,55,685,168,92,129,1,3,2,13,1,0,0,0,0,0,0,3,11,0,2013,7,2,0,0,2018,55,4.02535169073515,4.219507705176107,11.315364374116752,7.610357618312838,6.7912214627261855,4.02535169073515,6.530877627725885,5.1298987149230735,4.532599493153256,4.867534450455582
7023,1953,PhD,Single,46231.0,2,1,2012-11-26,87,189,2,55,0,5,12,4,6,1,4,9,0,0,0,0,0,0,3,11,0,2012,11,26,3,1,263,72,4.290459441148391,4.477336814478207,10.741427477997615,5.575949103146316,5.247024072160486,1.0986122886681096,4.02535169073515,0.0,1.791759469228055,2.5649493574615367
8086,1959,Graduation,In a relationship,42243.0,1,1,2013-12-11,34,48,0,2,0,0,5,2,2,0,3,7,0,0,0,0,0,0,3,11,0,2013,12,11,2,1,55,66,4.204692619390966,3.5553480614894135,10.651217610866365,4.02535169073515,3.8918202981106265,0.0,1.0986122886681096,0.0,0.0,1.791759469228055
8825,1962,Graduation,In a relationship,51195.0,1,1,2013-04-01,46,230,14,156,82,24,58,8,9,2,5,8,0,0,0,0,0,0,3,11,0,2013,4,1,2,1,564,63,4.1588830833596715,3.8501476017100584,10.843416682975683,6.336825731146441,5.442417710521793,2.70805020110221,5.056245805348308,4.418840607796598,3.2188758248682006,4.07753744390572
2930,1978,Master,Single,68092.0,0,0,2013-12-16,7,852,60,207,78,36,48,2,2,6,10,5,0,0,0,0,0,0,3,11,0,2013,12,16,0,0,1281,47,3.8712010109078907,2.0794415416798357,11.128629696839663,7.156176637480615,6.748759547491679,4.110873864173311,5.337538079701318,4.3694478524670215,3.6109179126442243,3.8918202981106265
1928,1973,Graduation,In a relationship,31814.0,1,0,2013-02-09,73,35,3,20,4,1,20,2,2,0,3,9,1,0,0,0,0,0,3,11,0,2013,2,9,1,1,83,52,3.970291913552122,4.304065093204169,10.367693155666892,4.430816798843313,3.58351893845611,1.3862943611198906,3.044522437723423,1.6094379124341003,0.6931471805599453,3.044522437723423
7108,1965,Master,Single,51390.0,1,1,2012-09-08,54,205,20,47,23,2,56,6,5,2,5,5,0,0,0,0,0,0,3,11,0,2012,9,8,2,1,353,60,4.110873864173311,4.007333185232471,10.847218338835674,5.869296913133774,5.327876168789581,3.044522437723423,3.8712010109078907,3.1780538303479458,1.0986122886681096,4.04305126783455
10925,1983,Graduation,In a relationship,76630.0,0,0,2014-01-14,93,255,31,446,40,56,175,1,3,10,11,1,0,0,0,0,0,0,3,11,0,2014,1,14,0,0,1003,42,3.7612001156935624,4.543294782270004,11.246756973598734,6.911747300251674,5.545177444479562,3.4657359027997265,6.102558594613569,3.713572066704308,4.04305126783455,5.170483995038151
9960,1991,Basic,Single,26868.0,1,0,2014-04-30,52,0,0,1,8,3,2,1,1,0,2,7,0,0,0,0,0,0,3,11,0,2014,4,30,1,1,14,34,3.5553480614894135,3.970291913552122,10.19872848469072,2.70805020110221,0.0,0.0,0.6931471805599453,2.1972245773362196,1.3862943611198906,1.0986122886681096
8800,1943,PhD,Single,48948.0,0,0,2013-02-01,53,437,8,206,160,49,42,2,7,10,5,6,1,0,0,0,0,0,3,11,1,2013,2,1,0,0,902,82,4.418840607796598,3.9889840465642745,10.79853421874079,6.805722553416985,6.082218910376446,2.1972245773362196,5.332718793265369,5.081404364984463,3.912023005428146,3.7612001156935624
9224,1972,PhD,Single,55260.0,0,1,2012-12-12,81,825,8,53,11,0,242,2,8,10,5,6,0,0,0,0,0,0,3,11,0,2012,12,12,1,1,1139,53,3.9889840465642745,4.406719247264253,10.91982269458584,7.038783541388542,6.716594773520978,2.1972245773362196,3.9889840465642745,2.4849066497880004,0.0,5.493061443340548
5519,1956,Graduation,In a relationship,64090.0,0,1,2013-08-07,8,316,58,161,76,51,135,1,6,9,4,5,0,0,0,0,0,0,3,11,1,2013,8,7,1,1,797,69,4.248495242049359,2.1972245773362196,11.068059227434745,6.682108597449809,5.75890177387728,4.07753744390572,5.087596335232384,4.343805421853684,3.9512437185814275,4.912654885736052
5046,1958,Graduation,Single,78331.0,0,1,2014-01-23,97,756,138,354,160,169,61,2,10,6,7,4,0,0,0,0,0,0,3,11,0,2014,1,23,1,1,1638,67,4.219507705176107,4.584967478670572,11.268711483036727,7.40184157874383,6.6293632534374485,4.9344739331306915,5.872117789475416,5.081404364984463,5.135798437050262,4.127134385045092
7037,1974,PhD,In a relationship,37087.0,1,0,2013-08-11,50,194,55,134,15,0,3,3,4,2,8,6,0,0,0,0,0,0,3,11,0,2013,8,11,1,1,401,51,3.9512437185814275,3.9318256327243257,10.521048746139478,5.996452088619021,5.272999558563747,4.02535169073515,4.90527477843843,2.772588722239781,0.0,1.3862943611198906
905,1986,Graduation,Single,21846.0,1,0,2013-10-22,38,7,17,18,6,10,26,4,4,0,3,8,0,0,0,0,0,0,3,11,0,2013,10,22,1,1,84,39,3.6888794541139363,3.6635616461296463,9.991818891326092,4.442651256490317,2.0794415416798357,2.8903717578961645,2.9444389791664403,1.9459101490553132,2.3978952727983707,3.295836866004329
8624,1958,Graduation,In a relationship,81320.0,0,0,2013-02-06,61,183,33,493,59,103,57,1,4,3,10,2,0,0,0,0,0,0,3,11,0,2013,2,6,0,0,928,67,4.219507705176107,4.127134385045092,11.30615956476456,6.834108738813838,5.214935757608986,3.5263605246161616,6.202535517187923,4.0943445622221,4.6443908991413725,4.060443010546419
8945,1970,Graduation,Single,54137.0,0,1,2013-08-16,46,171,0,11,0,1,20,2,4,1,4,6,0,0,0,0,0,0,3,11,0,2013,8,16,1,1,203,55,4.02535169073515,3.8501476017100584,10.899291621222556,5.318119993844216,5.147494476813453,0.0,2.4849066497880004,0.0,0.6931471805599453,3.044522437723423
6445,1967,Graduation,In a relationship,66825.0,0,0,2013-07-14,73,243,101,405,29,40,40,1,4,5,6,2,0,0,0,0,0,0,3,11,0,2013,7,14,0,0,858,58,4.07753744390572,4.304065093204169,11.109847505354562,6.755768921984256,5.497168225293202,4.624972813284271,6.0063531596017325,3.4011973816621555,3.713572066704308,3.713572066704308
2727,1973,Graduation,In a relationship,57100.0,0,0,2013-12-04,19,181,21,69,39,3,96,1,3,3,6,3,0,0,0,0,0,0,3,11,0,2013,12,4,0,0,409,52,3.970291913552122,2.995732273553991,10.9525769086256,6.016157159698354,5.204006687076795,3.091042453358316,4.248495242049359,3.6888794541139363,1.3862943611198906,4.574710978503383
6404,1969,Graduation,In a relationship,58917.0,1,2,2013-03-24,10,151,7,89,0,7,28,5,4,1,6,5,0,0,0,0,0,0,3,11,0,2013,3,24,3,1,282,56,4.04305126783455,2.3978952727983707,10.983901925669148,5.645446897643238,5.0238805208462765,2.0794415416798357,4.499809670330265,0.0,2.0794415416798357,3.367295829986474
11074,1977,Graduation,Single,85072.0,0,0,2014-04-09,94,494,92,391,194,11,241,1,3,4,10,0,0,0,0,0,0,0,3,11,0,2014,4,9,0,0,1423,48,3.8918202981106265,4.553876891600541,11.351264990423951,7.261225091971921,6.20455776256869,4.532599493153256,5.971261839790462,5.272999558563747,2.4849066497880004,5.488937726156687
10150,1961,Graduation,Single,86429.0,0,0,2013-11-21,10,464,28,873,29,18,37,0,7,4,7,2,0,0,0,1,0,0,3,11,1,2013,11,21,0,0,1449,64,4.174387269895637,2.3978952727983707,11.367090116746684,7.27931883541462,6.142037405587356,3.367295829986474,6.773080375655535,3.4011973816621555,2.9444389791664403,3.6375861597263857
1968,1971,Graduation,Single,45684.0,1,0,2013-12-02,37,5,1,5,10,0,7,1,1,0,2,7,0,0,0,0,0,0,3,11,0,2013,12,2,1,1,28,54,4.007333185232471,3.6375861597263857,10.72952529543272,3.367295829986474,1.791759469228055,0.6931471805599453,1.791759469228055,2.3978952727983707,0.0,2.0794415416798357
6534,1974,Graduation,In a relationship,47889.0,1,0,2014-01-04,94,29,0,29,0,5,4,1,2,0,3,5,0,0,0,0,0,0,3,11,0,2014,1,4,1,1,67,51,3.9512437185814275,4.553876891600541,10.776661993336655,4.219507705176107,3.4011973816621555,0.0,3.4011973816621555,0.0,1.791759469228055,1.6094379124341003
9485,1986,PhD,In a relationship,45921.0,0,0,2014-03-10,23,102,9,49,24,3,12,1,2,1,6,4,0,0,0,0,0,0,3,11,0,2014,3,10,0,0,199,39,3.6888794541139363,3.1780538303479458,10.734699584051969,5.298317366548036,4.634728988229636,2.302585092994046,3.912023005428146,3.2188758248682006,1.3862943611198906,2.5649493574615367
7053,1966,PhD,Single,78420.0,0,0,2013-06-29,75,604,28,674,91,28,28,1,3,10,8,1,0,0,0,0,0,0,3,11,0,2013,6,29,0,0,1453,59,4.0943445622221,4.330733340286331,11.269847027614036,7.282073658093465,6.405228458030842,3.367295829986474,6.51471269087253,4.5217885770490405,3.367295829986474,3.367295829986474
4654,1992,Graduation,In a relationship,75114.0,0,0,2013-11-07,40,571,12,523,63,60,24,1,3,10,5,2,0,0,0,0,0,0,3,11,0,2013,11,7,0,0,1253,33,3.5263605246161616,3.713572066704308,11.226775551496525,7.134093721192866,6.349138991379798,2.5649493574615367,6.261491684321042,4.1588830833596715,4.110873864173311,3.2188758248682006
9760,1963,PhD,Single,52278.0,0,1,2013-01-25,24,953,0,71,0,0,174,6,10,5,10,8,0,0,0,0,0,0,3,11,1,2013,1,25,1,1,1198,62,4.143134726391533,3.2188758248682006,10.864350039781693,7.089243155027514,6.860663671448287,0.0,4.276666119016055,0.0,0.0,5.1647859739235145
1048,1972,Master,In a relationship,35641.0,1,0,2013-07-14,11,63,3,67,8,9,28,2,3,1,4,7,0,0,0,0,0,0,3,11,1,2013,7,14,1,1,178,53,3.9889840465642745,2.4849066497880004,10.481279996733045,5.187385805840755,4.1588830833596715,1.3862943611198906,4.219507705176107,2.1972245773362196,2.302585092994046,3.367295829986474
10619,1994,Graduation,Single,95529.0,0,0,2012-12-03,29,770,29,890,250,27,24,1,7,3,7,3,0,0,1,0,0,0,3,11,1,2012,12,3,0,0,1990,31,3.4657359027997265,3.4011973816621555,11.467195613264055,7.596392304064196,6.647688373563329,3.4011973816621555,6.792344427470809,5.5254529391317835,3.332204510175204,3.2188758248682006
9308,1954,Graduation,In a relationship,62820.0,0,0,2013-05-11,51,398,61,265,138,61,53,1,3,4,6,1,0,0,0,0,0,0,3,11,0,2013,5,11,0,0,976,71,4.276666119016055,3.9512437185814275,11.048044691463234,6.884486652042782,5.988961416889864,4.127134385045092,5.583496308781699,4.9344739331306915,4.127134385045092,3.9889840465642745
10505,1960,Master,In a relationship,73113.0,0,0,2013-12-26,86,741,19,154,50,9,28,1,3,4,7,2,0,0,0,0,0,0,3,11,0,2013,12,26,0,0,1001,65,4.189654742026425,4.465908118654584,11.1997751458684,6.90975328164481,6.60934924316738,2.995732273553991,5.043425116919247,3.9318256327243257,2.302585092994046,3.367295829986474
8362,1982,PhD,In a relationship,84169.0,0,0,2013-08-07,9,1478,19,403,0,19,0,1,7,6,6,3,0,1,1,0,0,0,3,11,1,2013,8,7,0,0,1919,43,3.784189633918261,2.302585092994046,11.340593842205621,7.560080465021827,7.2991214627108,2.995732273553991,6.0014148779611505,0.0,2.995732273553991,0.0
2625,1954,2n Cycle,Single,42607.0,0,1,2013-11-17,30,156,29,56,30,32,47,2,3,2,7,3,0,0,0,0,0,0,3,11,0,2013,11,17,1,1,350,71,4.276666119016055,3.4339872044851463,10.659797308053713,5.860786223465865,5.056245805348308,3.4011973816621555,4.04305126783455,3.4339872044851463,3.4965075614664802,3.8712010109078907
4637,1954,PhD,Single,74637.0,0,0,2013-05-18,73,960,64,464,146,0,16,1,6,9,9,3,0,0,0,1,0,0,3,11,0,2013,5,18,0,0,1650,71,4.276666119016055,4.304065093204169,11.220405039878196,7.409136443920128,6.8679744089702925,4.174387269895637,6.142037405587356,4.990432586778736,0.0,2.833213344056216
9972,1955,PhD,In a relationship,46015.0,1,1,2014-04-13,25,38,0,2,0,0,6,1,1,0,3,7,1,0,0,0,1,0,3,11,0,2014,4,13,2,1,46,70,4.2626798770413155,3.258096538021482,10.736744441080718,3.8501476017100584,3.6635616461296463,0.0,1.0986122886681096,0.0,0.0,1.9459101490553132
4483,1993,Graduation,Single,72354.0,0,0,2013-04-17,67,315,26,473,220,12,182,1,2,10,6,1,0,0,0,0,0,0,3,11,0,2013,4,17,0,0,1228,32,3.4965075614664802,4.219507705176107,11.189339838172094,7.113956109566034,5.755742213586912,3.295836866004329,6.161207321695077,5.3981627015177525,2.5649493574615367,5.209486152841421
4487,1969,Master,Single,39858.0,1,0,2013-01-24,67,15,20,25,2,7,26,1,2,0,4,6,0,0,0,0,0,0,3,11,1,2013,1,24,1,1,95,56,4.04305126783455,4.219507705176107,10.593103505644756,4.564348191467836,2.772588722239781,3.044522437723423,3.258096538021482,1.0986122886681096,2.0794415416798357,3.295836866004329
4988,1948,PhD,In a relationship,34469.0,1,1,2014-05-04,58,19,6,20,0,5,12,3,1,1,4,4,0,0,0,0,0,0,3,11,0,2014,5,4,2,1,62,77,4.356708826689592,4.07753744390572,10.447844659510912,4.143134726391533,2.995732273553991,1.9459101490553132,3.044522437723423,0.0,1.791759469228055,2.5649493574615367
8931,1986,Graduation,In a relationship,83033.0,1,0,2014-05-18,82,812,99,431,237,149,33,1,11,4,10,5,0,0,0,1,0,0,3,11,0,2014,5,18,1,1,1761,39,3.6888794541139363,4.418840607796598,11.327005441453986,7.474204806496124,6.70073110954781,4.605170185988092,6.068425588244111,5.472270673671475,5.0106352940962555,3.5263605246161616
5871,1979,Master,In a relationship,24401.0,0,0,2012-08-31,98,73,28,217,10,24,115,3,6,1,6,8,0,0,0,0,0,0,3,11,0,2012,8,31,0,0,467,46,3.8501476017100584,4.59511985013459,10.10242037513528,6.148468295917647,4.304065093204169,3.367295829986474,5.384495062789089,2.3978952727983707,3.2188758248682006,4.7535901911063645
2008,1978,Graduation,In a relationship,77583.0,0,0,2014-02-10,93,372,23,384,250,12,108,1,4,5,9,2,0,0,0,1,0,0,3,11,0,2014,2,10,0,0,1149,47,3.8712010109078907,4.543294782270004,11.259116499345133,7.047517221357296,5.921578419643816,3.1780538303479458,5.953243334287785,5.5254529391317835,2.5649493574615367,4.6913478822291435
3139,1982,2n Cycle,Single,74116.0,0,0,2013-12-30,53,871,111,704,145,55,166,1,4,4,10,2,0,1,0,0,0,0,3,11,0,2013,12,30,0,0,2052,43,3.784189633918261,3.9889840465642745,11.213400204674606,7.627057417018934,6.77078942390898,4.718498871295094,6.558197802812269,4.983606621708336,4.02535169073515,5.117993812416755
10037,1993,Graduation,Single,74293.0,0,0,2014-05-04,66,375,152,335,93,91,81,1,5,4,6,2,0,0,0,0,0,0,3,11,0,2014,5,4,0,0,1127,32,3.4965075614664802,4.204692619390966,11.215785473743884,7.028201432058005,5.929589143389895,5.030437921392435,5.817111159963204,4.543294782270004,4.5217885770490405,4.406719247264253
10673,1976,PhD,In a relationship,68397.0,0,1,2013-11-17,6,760,80,466,17,13,80,1,6,9,5,3,0,0,0,0,0,0,3,11,0,2013,11,17,1,1,1416,49,3.912023005428146,1.9459101490553132,11.13309886341707,7.256297239690681,6.634633357861686,4.394449154672439,6.1463292576688975,2.8903717578961645,2.639057329615259,4.394449154672439
5303,1974,PhD,In a relationship,79632.0,0,0,2014-04-08,42,471,0,510,99,21,12,1,6,4,9,2,0,0,0,0,0,0,3,11,0,2014,4,8,0,0,1113,51,3.9512437185814275,3.7612001156935624,11.28518385878521,7.01571242048723,6.156978985585555,0.0,6.236369590203704,4.605170185988092,3.091042453358316,2.5649493574615367
538,1989,Graduation,Single,46107.0,1,0,2014-02-10,78,31,9,27,16,9,33,1,1,1,4,3,0,0,0,0,0,0,3,11,0,2014,2,10,1,1,125,36,3.6109179126442243,4.3694478524670215,10.738741749720903,4.836281906951478,3.4657359027997265,2.302585092994046,3.332204510175204,2.833213344056216,2.302585092994046,3.5263605246161616
7922,1951,PhD,Single,64950.0,0,1,2012-08-12,29,819,0,72,12,0,63,2,11,2,10,7,0,1,0,0,0,0,3,11,0,2012,8,12,1,1,966,74,4.31748811353631,3.4011973816621555,11.081388418439035,6.874198495453294,6.709304340258299,0.0,4.290459441148391,2.5649493574615367,0.0,4.1588830833596715
5692,1989,Basic,In a relationship,25443.0,1,0,2012-12-22,82,1,4,3,8,9,7,1,1,0,3,8,0,0,0,0,0,0,3,11,0,2012,12,22,1,1,32,36,3.6109179126442243,4.418840607796598,10.144235237798695,3.4965075614664802,0.6931471805599453,1.6094379124341003,1.3862943611198906,2.1972245773362196,2.302585092994046,2.0794415416798357
4843,1952,Graduation,Single,75127.0,0,0,2014-05-22,92,203,35,305,46,17,227,1,2,11,5,1,0,0,0,0,0,0,3,11,0,2014,5,22,0,0,833,73,4.304065093204169,4.532599493153256,11.22694860448445,6.726233402358747,5.318119993844216,3.58351893845611,5.723585101952381,3.8501476017100584,2.8903717578961645,5.429345628954441
6383,1971,PhD,In a relationship,32892.0,1,0,2014-05-25,78,26,0,15,2,1,2,2,3,0,3,8,0,0,0,0,0,0,3,11,0,2014,5,25,1,1,46,54,4.007333185232471,4.3694478524670215,10.401015148158129,3.8501476017100584,3.295836866004329,0.0,2.772588722239781,1.0986122886681096,0.6931471805599453,1.0986122886681096
1628,1971,Graduation,In a relationship,71796.0,0,0,2013-10-24,54,354,21,311,167,75,32,1,9,3,4,4,0,0,0,0,0,0,3,11,0,2013,10,24,0,0,960,54,4.007333185232471,4.007333185232471,11.181597971433588,6.8679744089702925,5.872117789475416,3.091042453358316,5.7430031878094825,5.123963979403259,4.330733340286331,3.4965075614664802
1204,1970,PhD,In a relationship,67536.0,0,1,2013-05-22,45,1253,0,447,23,71,35,3,11,5,11,8,0,0,0,1,0,0,3,11,0,2013,5,22,1,1,1829,55,4.02535169073515,3.828641396489095,11.12043087483045,7.512071245835466,7.134093721192866,0.0,6.104793232414985,3.1780538303479458,4.276666119016055,3.58351893845611
3673,1971,Graduation,Single,55239.0,0,1,2013-07-14,59,371,17,238,23,24,106,3,7,5,11,5,0,0,0,0,0,0,3,11,0,2013,7,14,1,1,779,54,4.007333185232471,4.0943445622221,10.919442607523228,6.659293919683638,5.918893854273146,2.8903717578961645,5.476463551931511,3.1780538303479458,3.2188758248682006,4.672828834461906
760,1975,PhD,Single,60554.0,1,0,2013-08-09,8,588,7,76,110,15,15,2,8,4,9,6,0,0,0,0,0,0,3,11,0,2013,8,9,1,1,811,50,3.9318256327243257,2.1972245773362196,11.011307321955151,6.699500340161678,6.3784261836515865,2.0794415416798357,4.343805421853684,4.709530201312334,2.772588722239781,2.772588722239781
8957,1952,2n Cycle,Single,64831.0,1,1,2013-06-10,51,480,86,249,75,86,144,8,6,3,5,6,0,0,0,0,0,0,3,11,0,2013,6,10,2,1,1120,73,4.304065093204169,3.9512437185814275,11.079554587608355,7.02197642307216,6.175867270105761,4.465908118654584,5.521460917862246,4.330733340286331,4.465908118654584,4.976733742420574
4128,1962,PhD,In a relationship,56067.0,0,1,2013-07-20,51,517,12,54,16,6,120,2,7,4,7,5,0,0,0,0,0,0,3,11,0,2013,7,20,1,1,725,63,4.1588830833596715,3.9512437185814275,10.934320518782949,6.587550014824796,6.249975242259483,2.5649493574615367,4.007333185232471,2.833213344056216,1.9459101490553132,4.795790545596741
6810,1983,Graduation,Single,82025.0,0,0,2013-05-28,76,267,98,606,48,70,98,1,3,2,6,1,0,0,1,0,0,0,3,11,1,2013,5,28,0,0,1187,42,3.7612001156935624,4.343805421853684,11.314791549160047,7.080026499922591,5.5909869805108565,4.59511985013459,6.408528791059498,3.8918202981106265,4.2626798770413155,4.59511985013459
5386,1953,Graduation,In a relationship,94384.0,0,0,2013-03-04,62,1111,24,790,160,45,172,0,5,8,5,2,0,1,1,1,0,0,3,11,1,2013,3,4,0,0,2302,72,4.290459441148391,4.143134726391533,11.455137441202835,7.741967899820685,7.013915474810528,3.2188758248682006,6.673297967767654,5.081404364984463,3.828641396489095,5.153291594497779
8700,1986,Basic,Single,14906.0,0,0,2012-12-22,86,7,7,14,7,16,15,3,2,1,3,7,0,0,0,0,0,0,3,11,0,2012,12,22,0,0,66,39,3.6888794541139363,4.465908118654584,9.60958618027043,4.204692619390966,2.0794415416798357,2.0794415416798357,2.70805020110221,2.0794415416798357,2.833213344056216,2.772588722239781
3202,1987,PhD,In a relationship,51563.0,0,0,2012-10-01,60,1166,0,48,0,0,36,1,4,4,10,8,0,1,1,0,0,0,3,11,0,2012,10,1,0,0,1250,38,3.6635616461296463,4.110873864173311,10.850579033562996,7.1316985104669115,7.062191632286556,0.0,3.8918202981106265,0.0,0.0,3.6109179126442243
1328,1982,2n Cycle,In a relationship,57937.0,0,1,2014-02-16,56,261,42,144,55,48,133,3,4,4,9,3,0,0,0,0,0,0,3,11,0,2014,2,16,1,1,683,43,3.784189633918261,4.04305126783455,10.967128752260185,6.52795791762255,5.568344503761097,3.7612001156935624,4.976733742420574,4.02535169073515,3.8918202981106265,4.897839799950911
8405,1979,Graduation,Single,68274.0,1,1,2013-09-30,83,135,25,51,23,25,46,2,4,2,5,3,0,0,0,0,0,0,3,11,0,2013,9,30,2,1,305,46,3.8501476017100584,4.430816798843313,11.131298946341905,5.723585101952381,4.912654885736052,3.258096538021482,3.9512437185814275,3.1780538303479458,3.258096538021482,3.8501476017100584
6515,1977,Graduation,In a relationship,39771.0,1,0,2013-12-06,92,6,2,18,2,8,14,1,2,0,3,4,0,0,0,0,0,0,3,11,0,2013,12,6,1,1,50,48,3.8918202981106265,4.532599493153256,10.590918426099964,3.9318256327243257,1.9459101490553132,1.0986122886681096,2.9444389791664403,1.0986122886681096,2.1972245773362196,2.70805020110221
2882,1975,2n Cycle,Single,67893.0,0,1,2012-10-01,31,711,28,142,49,18,47,2,3,2,9,8,0,0,0,0,0,0,3,11,0,2012,10,1,1,1,995,50,3.9318256327243257,3.4657359027997265,11.125702944399345,6.903747257584598,6.568077911411976,3.367295829986474,4.962844630259907,3.912023005428146,2.9444389791664403,3.8712010109078907
7574,1979,PhD,In a relationship,27922.0,1,0,2014-05-10,80,11,0,13,2,4,11,1,2,0,3,4,0,0,0,0,0,0,3,11,0,2014,5,10,1,1,41,46,3.8501476017100584,4.394449154672439,10.23720600096072,3.7376696182833684,2.4849066497880004,0.0,2.639057329615259,1.0986122886681096,1.6094379124341003,2.4849066497880004
6387,1976,PhD,In a relationship,52190.0,1,1,2014-05-08,39,42,0,17,0,0,18,3,2,1,3,5,1,0,0,0,0,0,3,11,0,2014,5,8,2,1,77,49,3.912023005428146,3.6888794541139363,10.86266534521266,4.356708826689592,3.7612001156935624,0.0,2.8903717578961645,0.0,0.0,2.9444389791664403
5320,1973,Master,Single,44051.0,1,1,2013-01-29,20,79,7,58,6,3,18,4,3,1,4,6,0,0,0,0,0,0,3,11,1,2013,1,29,2,1,171,52,3.970291913552122,3.044522437723423,10.693126033284834,5.147494476813453,4.382026634673881,2.0794415416798357,4.07753744390572,1.9459101490553132,1.3862943611198906,2.9444389791664403
5048,1971,PhD,Single,42767.0,2,0,2013-05-11,53,20,6,43,19,5,38,1,3,1,2,8,0,0,0,0,0,0,3,11,0,2013,5,11,2,1,131,54,4.007333185232471,3.9889840465642745,10.6635454383787,4.882801922586371,3.044522437723423,1.9459101490553132,3.784189633918261,2.995732273553991,1.791759469228055,3.6635616461296463
8146,1976,Master,In a relationship,46106.0,1,1,2014-05-11,84,30,0,8,2,0,14,1,1,1,2,6,0,0,0,0,0,0,3,11,0,2014,5,11,2,1,54,49,3.912023005428146,4.442651256490317,10.738720061275421,4.007333185232471,3.4339872044851463,0.0,2.1972245773362196,1.0986122886681096,0.0,2.70805020110221
10031,1976,PhD,In a relationship,16927.0,1,1,2013-02-10,50,20,2,23,3,1,4,5,3,0,4,8,0,0,0,0,0,0,3,11,0,2013,2,10,2,1,53,49,3.912023005428146,3.9318256327243257,9.736724334658026,3.9889840465642745,3.044522437723423,1.0986122886681096,3.1780538303479458,1.3862943611198906,0.6931471805599453,1.6094379124341003
5748,1965,Graduation,In a relationship,59754.0,0,1,2012-12-01,96,115,27,44,4,146,139,3,5,2,6,5,0,0,0,0,0,0,3,11,1,2012,12,1,1,1,475,60,4.110873864173311,4.574710978503383,10.99800814830098,6.16541785423142,4.7535901911063645,3.332204510175204,3.8066624897703196,1.6094379124341003,4.990432586778736,4.941642422609304
2134,1952,Graduation,Single,53700.0,0,1,2012-08-17,94,263,5,233,69,41,83,4,5,5,8,5,0,0,0,0,0,0,3,11,0,2012,8,17,1,1,694,73,4.304065093204169,4.553876891600541,10.891186902297498,6.543911845564792,5.575949103146316,1.791759469228055,5.455321115357702,4.248495242049359,3.7376696182833684,4.430816798843313
1523,1973,Graduation,In a relationship,59041.0,1,1,2014-05-07,25,69,2,15,2,2,6,2,2,0,4,5,0,0,0,0,0,0,3,11,0,2014,5,7,2,1,96,52,3.970291913552122,3.258096538021482,10.98600433403935,4.574710978503383,4.248495242049359,1.0986122886681096,2.772588722239781,1.0986122886681096,1.0986122886681096,1.9459101490553132
9665,1957,PhD,Single,54237.0,0,1,2013-04-27,48,267,3,30,4,0,57,4,5,2,5,6,0,0,0,0,0,0,3,11,0,2013,4,27,1,1,361,68,4.23410650459726,3.8918202981106265,10.901137048778104,5.891644211825771,5.5909869805108565,1.3862943611198906,3.4339872044851463,1.6094379124341003,0.0,4.060443010546419
4640,1967,Graduation,Single,70647.0,0,1,2012-09-21,65,561,85,171,25,123,114,2,4,7,13,2,0,0,0,0,0,0,3,11,0,2012,9,21,1,1,1079,58,4.07753744390572,4.189654742026425,11.165465079148639,6.984716320118265,6.331501849893691,4.454347296253507,5.147494476813453,3.258096538021482,4.820281565605037,4.74493212836325
3635,1962,PhD,Single,52597.0,0,1,2014-05-07,69,492,0,37,7,0,42,3,6,3,8,5,0,0,0,0,0,0,3,11,0,2014,5,7,1,1,578,63,4.1588830833596715,4.248495242049359,10.870433375189227,6.361302477572996,6.20050917404269,0.0,3.6375861597263857,2.0794415416798357,0.0,3.7612001156935624
3547,1969,Master,In a relationship,41021.0,1,0,2012-12-30,12,14,7,9,6,16,12,2,2,0,3,6,0,0,0,0,0,0,3,11,1,2012,12,30,1,1,64,56,4.04305126783455,2.5649493574615367,10.62186378714185,4.174387269895637,2.70805020110221,2.0794415416798357,2.302585092994046,1.9459101490553132,2.833213344056216,2.5649493574615367
2456,1975,PhD,In a relationship,40233.0,0,1,2013-10-14,84,80,4,46,0,17,2,5,2,1,5,6,0,0,0,0,0,0,3,11,0,2013,10,14,1,1,149,50,3.9318256327243257,4.442651256490317,10.602467688288517,5.0106352940962555,4.394449154672439,1.6094379124341003,3.8501476017100584,0.0,2.8903717578961645,1.0986122886681096
5633,1980,Graduation,In a relationship,50183.0,1,1,2014-06-25,47,97,12,84,13,10,15,7,3,1,6,5,0,0,0,0,0,0,3,11,0,2014,6,25,2,1,231,45,3.828641396489095,3.8712010109078907,10.823451529776579,5.44673737166631,4.584967478670572,2.5649493574615367,4.442651256490317,2.639057329615259,2.3978952727983707,2.772588722239781
7801,1959,Graduation,In a relationship,54753.0,0,1,2013-09-12,87,197,107,227,7,59,131,3,5,2,11,4,0,0,0,0,0,0,3,11,0,2013,9,12,1,1,728,66,4.204692619390966,4.477336814478207,10.910605704370774,6.591673732008658,5.288267030694535,4.68213122712422,5.429345628954441,2.0794415416798357,4.0943445622221,4.882801922586371
10489,1973,Graduation,In a relationship,92955.0,0,0,2013-08-19,35,693,21,925,31,24,84,1,6,7,9,2,0,0,1,1,0,0,3,11,1,2013,8,19,0,0,1778,52,3.970291913552122,3.58351893845611,11.439881541900057,7.483806687665835,6.542471960506805,3.091042453358316,6.8308742346461795,3.4657359027997265,3.2188758248682006,4.442651256490317
7011,1973,Graduation,In a relationship,33471.0,1,0,2012-10-12,47,43,2,27,0,9,12,3,3,0,4,7,0,0,0,0,0,0,3,11,0,2012,10,12,1,1,93,52,3.970291913552122,3.8712010109078907,10.418464547424595,4.543294782270004,3.784189633918261,1.0986122886681096,3.332204510175204,0.0,2.302585092994046,2.5649493574615367
2620,1974,PhD,In a relationship,34596.0,1,0,2013-04-13,48,14,0,2,0,0,7,1,1,0,2,8,0,0,0,0,0,0,3,11,1,2013,4,13,1,1,23,51,3.9512437185814275,3.8918202981106265,10.45152225208439,3.1780538303479458,2.70805020110221,0.0,1.0986122886681096,0.0,0.0,2.0794415416798357
3933,1980,Graduation,In a relationship,44010.0,1,0,2012-10-13,46,186,36,234,86,72,48,6,10,2,6,9,0,0,0,0,0,0,3,11,0,2012,10,13,1,1,662,45,3.828641396489095,3.8501476017100584,10.692194881655606,6.4967749901858625,5.231108616854587,3.6109179126442243,5.459585514144159,4.465908118654584,4.290459441148391,3.8918202981106265
10981,1988,Graduation,In a relationship,84219.0,0,0,2014-02-02,27,434,137,400,45,137,45,1,3,4,10,1,0,0,0,0,0,0,3,11,0,2014,2,2,0,0,1198,37,3.6375861597263857,3.332204510175204,11.341187701715919,7.089243155027514,6.075346031088684,4.927253685157205,5.993961427306569,3.828641396489095,4.927253685157205,3.828641396489095
1734,1968,PhD,In a relationship,40706.0,2,1,2013-01-17,37,59,0,11,4,2,5,4,3,0,4,7,0,0,0,0,0,0,3,11,0,2013,1,17,3,1,81,57,4.060443010546419,3.6375861597263857,10.614155346814062,4.406719247264253,4.0943445622221,0.0,2.4849066497880004,1.6094379124341003,1.0986122886681096,1.791759469228055
10995,1988,2n Cycle,In a relationship,15716.0,1,0,2012-11-12,8,16,5,30,8,7,26,3,3,0,4,8,0,0,0,0,0,1,3,11,0,2012,11,12,1,1,92,37,3.6375861597263857,2.1972245773362196,9.662498208076329,4.532599493153256,2.833213344056216,1.791759469228055,3.4339872044851463,2.1972245773362196,2.0794415416798357,3.295836866004329
6357,1959,2n Cycle,Single,59052.0,0,1,2013-11-17,29,230,35,75,63,57,31,3,7,1,7,5,0,0,0,0,0,0,3,11,0,2013,11,17,1,1,491,66,4.204692619390966,3.4011973816621555,10.986190624738057,6.198478716492308,5.442417710521793,3.58351893845611,4.330733340286331,4.1588830833596715,4.060443010546419,3.4657359027997265
9209,1971,Master,In a relationship,80573.0,0,0,2012-10-14,85,829,138,430,60,92,15,1,4,6,13,2,0,0,0,0,0,0,3,11,0,2012,10,14,0,0,1564,54,4.007333185232471,4.454347296253507,11.29693129580923,7.355641102974253,6.721425700790643,4.9344739331306915,6.066108090103747,4.110873864173311,4.532599493153256,2.772588722239781
10286,1962,Graduation,In a relationship,83715.0,0,0,2014-02-03,2,318,8,407,150,35,8,1,2,8,13,0,0,0,0,0,0,0,3,11,0,2014,2,3,0,0,926,63,4.1588830833596715,1.0986122886681096,11.335185397109868,6.831953565565855,5.765191102784844,2.1972245773362196,6.0112671744041615,5.017279836814924,3.58351893845611,2.1972245773362196
2611,1959,Master,In a relationship,82576.0,0,0,2012-08-01,66,1206,55,445,168,18,18,1,2,4,12,1,0,0,1,0,0,0,3,11,0,2012,8,1,0,0,1910,66,4.204692619390966,4.204692619390966,11.321486470371372,7.555381944240273,7.095893221097532,4.02535169073515,6.100318952020064,5.1298987149230735,2.9444389791664403,2.9444389791664403
1600,1965,Master,In a relationship,56962.0,2,1,2013-10-11,60,292,3,77,10,3,26,7,6,3,5,7,0,0,0,0,0,0,3,11,0,2013,10,11,3,1,411,60,4.110873864173311,4.110873864173311,10.950157213238244,6.021023349349527,5.680172609017068,1.3862943611198906,4.356708826689592,2.3978952727983707,1.3862943611198906,3.295836866004329
3308,1952,Graduation,In a relationship,35704.0,1,1,2014-01-03,54,30,9,12,2,11,30,3,2,0,4,4,0,0,0,0,0,0,3,11,0,2014,1,3,2,1,94,73,4.304065093204169,4.007333185232471,10.483046013983211,4.553876891600541,3.4339872044851463,2.302585092994046,2.5649493574615367,1.0986122886681096,2.4849066497880004,3.4339872044851463
5407,1954,Graduation,In a relationship,53103.0,0,1,2013-09-12,70,729,17,133,11,0,195,5,10,6,7,7,1,0,0,0,0,0,3,11,0,2013,9,12,1,1,1085,71,4.276666119016055,4.2626798770413155,10.880007533959756,6.990256500493881,6.593044534142437,2.8903717578961645,4.897839799950911,2.4849066497880004,0.0,5.278114659230518
2166,1960,2n Cycle,Single,46779.0,1,1,2013-07-12,55,12,1,3,0,0,7,1,0,1,2,4,0,0,0,0,0,0,3,11,0,2013,7,12,2,1,23,65,4.189654742026425,4.02535169073515,10.75321104013817,3.1780538303479458,2.5649493574615367,0.6931471805599453,1.3862943611198906,0.0,0.0,2.0794415416798357
3955,1965,Graduation,Single,4861.0,0,0,2014-06-22,20,2,1,1,1,0,1,0,0,0,0,14,0,0,0,0,0,0,3,11,0,2014,6,22,0,0,6,60,4.110873864173311,3.044522437723423,8.48920515487607,1.9459101490553132,1.0986122886681096,0.6931471805599453,0.6931471805599453,0.6931471805599453,0.0,0.6931471805599453
6634,1979,Master,Single,33462.0,1,0,2013-08-07,78,22,3,18,0,0,11,1,2,0,3,7,0,0,0,0,0,0,3,11,0,2013,8,7,1,1,54,46,3.8501476017100584,4.3694478524670215,10.41819562981634,4.007333185232471,3.1354942159291497,1.3862943611198906,2.9444389791664403,0.0,0.0,2.4849066497880004
3056,1978,Graduation,Single,63693.0,0,1,2013-10-14,63,587,43,337,42,87,54,3,11,6,9,6,0,0,0,0,0,0,3,11,0,2013,10,14,1,1,1150,47,3.8712010109078907,4.1588830833596715,11.061845645601192,7.048386408721883,6.376726947898627,3.784189633918261,5.823045895483019,3.7612001156935624,4.477336814478207,4.007333185232471
5718,1950,Graduation,In a relationship,80763.0,0,0,2013-08-15,17,674,168,108,192,42,231,1,5,11,6,3,0,0,1,1,0,0,3,11,1,2013,8,15,0,0,1415,75,4.330733340286331,2.8903717578961645,11.299286600670264,7.255591274253665,6.51471269087253,5.1298987149230735,4.6913478822291435,5.262690188904886,3.7612001156935624,5.44673737166631
6872,1974,PhD,In a relationship,65352.0,0,1,2013-08-21,43,284,3,84,4,7,23,2,4,2,8,4,0,0,0,0,0,0,3,11,0,2013,8,21,1,1,405,51,3.9512437185814275,3.784189633918261,11.087558624655156,6.0063531596017325,5.652489180268651,1.3862943611198906,4.442651256490317,1.6094379124341003,2.0794415416798357,3.1780538303479458
8164,1978,PhD,In a relationship,82170.0,0,0,2013-11-25,13,1023,93,651,49,55,37,1,5,6,7,2,0,0,0,0,0,0,3,11,0,2013,11,25,0,0,1908,47,3.8712010109078907,2.639057329615259,11.31655772074287,7.554334823725748,6.931471805599453,4.543294782270004,6.480044561926653,3.912023005428146,4.02535169073515,3.6375861597263857
4580,1969,Graduation,In a relationship,75759.0,0,0,2013-10-25,46,1394,22,708,89,91,182,1,9,7,9,5,1,0,1,1,0,0,3,11,1,2013,10,25,0,0,2486,56,4.04305126783455,3.8501476017100584,11.23532572785996,7.818832443803404,7.240649694255466,3.1354942159291497,6.5638555265321274,4.499809670330265,4.5217885770490405,5.209486152841421
9305,1976,2n Cycle,Single,79689.0,0,0,2013-05-12,65,311,26,640,180,37,121,1,4,9,13,2,0,0,0,0,0,0,3,11,0,2013,5,12,0,0,1315,49,3.912023005428146,4.189654742026425,11.285899386391794,7.182352111885263,5.7430031878094825,3.295836866004329,6.46302945692067,5.198497031265826,3.6375861597263857,4.804021044733257
453,1956,PhD,Single,35340.0,1,1,2014-06-29,1,27,0,12,0,1,5,2,2,0,3,5,0,0,0,0,0,0,3,11,0,2014,6,29,2,1,45,69,4.248495242049359,0.6931471805599453,10.472799042021169,3.828641396489095,3.332204510175204,0.0,2.5649493574615367,0.0,0.6931471805599453,1.791759469228055
8545,1954,Graduation,Single,85683.0,0,0,2014-03-21,6,1296,17,311,45,69,51,1,2,4,10,1,0,1,1,1,1,0,3,11,1,2014,3,21,0,0,1789,71,4.276666119016055,1.9459101490553132,11.358421389372706,7.489970898834801,7.167809184316444,2.8903717578961645,5.7430031878094825,3.828641396489095,4.248495242049359,3.9512437185814275
9850,1972,2n Cycle,In a relationship,24884.0,1,0,2012-11-29,32,3,6,7,0,0,3,1,0,0,3,7,0,0,0,0,0,0,3,11,0,2012,11,29,1,1,19,53,3.9889840465642745,3.4965075614664802,10.122020491292655,2.995732273553991,1.3862943611198906,1.9459101490553132,2.0794415416798357,0.0,0.0,1.3862943611198906
7378,1981,Master,In a relationship,42021.0,1,0,2012-08-31,34,393,5,136,7,5,27,5,10,1,6,9,1,0,0,0,0,0,3,11,0,2012,8,31,1,1,573,44,3.8066624897703196,3.5553480614894135,10.645948569648995,6.352629396319567,5.976350909297934,1.791759469228055,4.919980925828125,2.0794415416798357,1.791759469228055,3.332204510175204
7646,1989,Graduation,Single,64449.0,1,0,2014-02-18,70,218,63,282,137,35,70,4,5,3,12,4,0,0,0,0,0,0,3,11,0,2014,2,18,1,1,805,36,3.6109179126442243,4.2626798770413155,11.073645008367333,6.692083742506628,5.389071729816501,4.1588830833596715,5.645446897643238,4.927253685157205,3.58351893845611,4.2626798770413155
1640,1954,Graduation,Single,64587.0,1,1,2014-06-22,49,66,0,16,0,6,20,2,1,1,4,3,0,0,0,0,0,0,3,11,0,2014,6,22,2,1,108,71,4.276666119016055,3.912023005428146,11.075783914001512,4.6913478822291435,4.204692619390966,0.0,2.833213344056216,0.0,1.9459101490553132,3.044522437723423
5184,1995,Graduation,Single,34824.0,0,0,2014-03-26,65,4,2,11,2,0,4,1,1,0,2,6,0,0,0,0,0,0,3,11,0,2014,3,26,0,0,23,30,3.4339872044851463,4.189654742026425,10.458090798648007,3.1780538303479458,1.6094379124341003,1.0986122886681096,2.4849066497880004,1.0986122886681096,0.0,1.6094379124341003
8492,1978,Graduation,In a relationship,75437.0,0,0,2013-11-09,25,795,0,545,95,58,0,1,8,4,10,6,0,0,0,1,0,0,3,11,0,2013,11,9,0,0,1493,47,3.8712010109078907,3.258096538021482,11.231066405821236,7.309212365692763,6.679599185844383,0.0,6.302618975744905,4.564348191467836,4.07753744390572,0.0
11188,1957,Graduation,In a relationship,26091.0,1,1,2014-02-25,84,15,10,19,8,17,20,3,2,1,3,5,0,0,0,0,0,0,3,11,0,2014,2,25,2,1,89,68,4.23410650459726,4.442651256490317,10.169384032915987,4.499809670330265,2.772588722239781,2.3978952727983707,2.995732273553991,2.1972245773362196,2.8903717578961645,3.044522437723423
1212,1973,Graduation,In a relationship,52845.0,1,0,2013-08-13,7,384,25,292,130,41,64,3,8,8,6,6,1,0,0,0,0,0,3,11,0,2013,8,13,1,1,936,52,3.970291913552122,2.0794415416798357,10.875137302530561,6.842683282238422,5.953243334287785,3.258096538021482,5.680172609017068,4.875197323201151,3.7376696182833684,4.174387269895637
9097,1956,Graduation,Single,46086.0,0,1,2013-11-03,34,244,8,32,7,2,50,4,3,1,8,4,0,0,0,0,0,0,3,11,0,2013,11,3,1,1,343,69,4.248495242049359,3.5553480614894135,10.738286193554881,5.840641657373398,5.501258210544727,2.1972245773362196,3.4965075614664802,2.0794415416798357,1.0986122886681096,3.9318256327243257
10473,1956,PhD,Single,78028.0,0,1,2012-09-10,38,158,19,288,25,0,38,1,6,4,9,7,0,1,1,0,0,0,3,11,1,2012,9,10,1,1,528,69,4.248495242049359,3.6635616461296463,11.264835831444937,6.270988431858299,5.0689042022202315,2.995732273553991,5.666426688112432,3.258096538021482,0.0,3.6635616461296463
7962,1987,PhD,Single,95169.0,0,0,2013-10-09,1,1285,21,449,106,20,20,1,4,3,4,1,0,0,1,1,0,0,3,11,1,2013,10,9,0,0,1901,38,3.6635616461296463,0.6931471805599453,11.463420045066389,7.550661243105336,7.1592919047975645,3.091042453358316,6.1092475827643655,4.672828834461906,3.044522437723423,3.044522437723423
9984,1981,2n Cycle,In a relationship,56337.0,1,1,2013-03-27,25,349,16,144,28,5,182,5,8,5,4,8,1,0,0,1,0,0,3,11,1,2013,3,27,2,1,724,44,3.8066624897703196,3.258096538021482,10.939124542042725,6.586171654854675,5.857933154483459,2.833213344056216,4.976733742420574,3.367295829986474,1.791759469228055,5.209486152841421
5527,1987,Graduation,In a relationship,22434.0,1,0,2013-02-13,25,4,12,11,3,13,15,2,2,0,3,8,0,0,0,0,0,0,3,11,0,2013,2,13,1,1,58,38,3.6635616461296463,3.258096538021482,10.018377518410084,4.07753744390572,1.6094379124341003,2.5649493574615367,2.4849066497880004,1.3862943611198906,2.639057329615259,2.772588722239781
6374,1954,PhD,In a relationship,36930.0,0,1,2013-05-17,50,223,2,31,0,2,39,5,5,2,4,8,0,0,0,0,0,0,3,11,0,2013,5,17,1,1,297,71,4.276666119016055,3.9318256327243257,10.516806585736159,5.697093486505405,5.4116460518550396,1.0986122886681096,3.4657359027997265,0.0,1.0986122886681096,3.6888794541139363
7453,1954,Graduation,Single,36130.0,0,1,2013-02-02,46,157,43,127,68,56,37,6,3,8,4,4,1,0,0,0,0,0,3,11,1,2013,2,2,1,1,488,71,4.276666119016055,3.8501476017100584,10.49490650158872,6.192362489474872,5.062595033026967,3.784189633918261,4.852030263919617,4.23410650459726,4.04305126783455,3.6375861597263857
8952,1953,Master,In a relationship,65569.0,0,1,2012-11-05,96,397,46,288,20,38,70,2,6,5,10,3,0,0,0,0,0,0,3,11,0,2012,11,5,1,1,859,72,4.290459441148391,4.574710978503383,11.090873553257666,6.756932389247553,5.986452005284438,3.8501476017100584,5.666426688112432,3.044522437723423,3.6635616461296463,4.2626798770413155
241,1952,Graduation,In a relationship,83844.0,0,0,2013-05-12,57,901,31,345,75,31,191,1,4,4,11,1,0,0,1,0,0,0,3,11,0,2013,5,12,0,0,1574,73,4.304065093204169,4.060443010546419,11.33672513518121,7.362010551259734,6.804614520062624,3.4657359027997265,5.846438775057724,4.330733340286331,3.4657359027997265,5.2574953720277815
8975,1968,Graduation,In a relationship,19514.0,1,1,2014-01-26,47,14,3,21,2,1,28,4,3,1,2,8,1,0,0,0,0,0,3,11,0,2014,1,26,2,1,69,57,4.060443010546419,3.8712010109078907,9.878938679614715,4.248495242049359,2.70805020110221,1.3862943611198906,3.091042453358316,1.0986122886681096,0.6931471805599453,3.367295829986474
6119,1963,PhD,Single,36736.0,1,1,2013-05-10,52,10,0,3,0,0,4,1,1,0,2,6,0,0,0,0,0,0,3,11,0,2013,5,10,2,1,17,62,4.143134726391533,3.970291913552122,10.511539700563102,2.8903717578961645,2.3978952727983707,0.0,1.3862943611198906,0.0,0.0,1.6094379124341003
5236,1979,Graduation,In a relationship,77568.0,0,1,2012-08-25,30,1230,0,396,232,178,158,1,10,2,8,5,0,1,1,1,0,0,3,11,0,2012,8,25,1,1,2194,46,3.8501476017100584,3.4339872044851463,11.258923141820024,7.693937325509272,7.115582126184454,0.0,5.983936280687191,5.4510384535657,5.187385805840755,5.0689042022202315
5723,1976,PhD,In a relationship,49187.0,0,1,2014-01-11,63,81,1,31,2,1,0,1,1,1,5,2,0,0,0,0,0,0,3,11,0,2014,1,11,1,1,116,49,3.912023005428146,4.1588830833596715,10.803404970292338,4.762173934797756,4.406719247264253,0.6931471805599453,3.4657359027997265,1.0986122886681096,0.6931471805599453,0.0
1710,1978,Graduation,Single,30168.0,1,0,2013-03-07,51,154,20,66,0,12,27,7,6,1,4,9,0,0,0,0,0,0,3,11,0,2013,3,7,1,1,279,47,3.8712010109078907,3.9512437185814275,10.314570186094999,5.634789603169249,5.043425116919247,3.044522437723423,4.204692619390966,0.0,2.5649493574615367,3.332204510175204
1970,1968,Master,In a relationship,34053.0,0,1,2012-09-10,14,63,0,21,7,0,12,1,3,0,3,8,0,0,0,0,0,0,3,11,0,2012,9,10,1,1,103,57,4.060443010546419,2.70805020110221,10.43570277898059,4.6443908991413725,4.1588830833596715,0.0,3.091042453358316,2.0794415416798357,0.0,2.5649493574615367
5313,1971,Master,In a relationship,38196.0,1,1,2014-04-18,20,30,0,11,0,0,3,3,2,0,4,5,0,0,0,0,0,0,3,11,0,2014,4,18,2,1,44,54,4.007333185232471,3.044522437723423,10.550512257479294,3.8066624897703196,3.4339872044851463,0.0,2.4849066497880004,0.0,0.0,1.3862943611198906
10634,1951,Master,In a relationship,59412.0,0,0,2014-04-19,56,90,67,165,30,43,11,1,4,2,8,3,0,0,0,0,0,0,3,11,0,2014,4,19,0,0,406,74,4.31748811353631,4.04305126783455,10.992268336624281,6.008813185442595,4.51085950651685,4.219507705176107,5.111987788356544,3.4339872044851463,3.784189633918261,2.4849066497880004
7010,1965,2n Cycle,In a relationship,70924.0,0,0,2014-04-07,41,635,114,254,132,152,76,1,6,6,7,3,0,0,1,0,0,0,3,11,0,2014,4,7,0,0,1363,60,4.110873864173311,3.7376696182833684,11.169378259677051,7.218176838403408,6.455198563340122,4.74493212836325,5.541263545158426,4.890349128221754,5.030437921392435,4.343805421853684
8562,1969,Graduation,In a relationship,54165.0,0,0,2013-05-28,72,127,4,73,15,6,11,1,2,1,7,2,0,0,0,0,0,0,3,11,0,2013,5,28,0,0,236,56,4.04305126783455,4.290459441148391,10.899808684315772,5.4680601411351315,4.852030263919617,1.6094379124341003,4.304065093204169,2.772588722239781,1.9459101490553132,2.4849066497880004
3158,1973,Graduation,In a relationship,32300.0,1,0,2013-01-03,1,13,3,6,6,5,6,1,1,0,3,8,0,0,0,0,0,0,3,11,0,2013,1,3,1,1,39,52,3.970291913552122,0.6931471805599453,10.382853468483827,3.6888794541139363,2.639057329615259,1.3862943611198906,1.9459101490553132,1.9459101490553132,1.791759469228055,1.9459101490553132
4436,1976,Graduation,Single,20180.0,0,0,2013-02-20,27,18,42,24,15,20,18,1,2,1,4,7,0,0,0,0,0,0,3,11,0,2013,2,20,0,0,137,49,3.912023005428146,3.332204510175204,9.912496846693715,4.927253685157205,2.9444389791664403,3.7612001156935624,3.2188758248682006,2.772588722239781,3.044522437723423,2.9444389791664403
5287,1973,Graduation,In a relationship,34961.0,1,0,2014-06-19,77,45,2,26,4,1,1,3,3,1,3,7,0,0,0,0,0,0,3,11,0,2014,6,19,1,1,79,52,3.970291913552122,4.356708826689592,10.46201703637113,4.382026634673881,3.828641396489095,1.0986122886681096,3.295836866004329,1.6094379124341003,0.6931471805599453,0.6931471805599453
2445,1974,PhD,In a relationship,28440.0,1,0,2013-07-07,87,38,1,24,0,0,0,1,2,0,3,8,0,0,0,0,0,0,3,11,0,2013,7,7,1,1,63,51,3.9512437185814275,4.477336814478207,10.25558704504304,4.1588830833596715,3.6635616461296463,0.6931471805599453,3.2188758248682006,0.0,0.0,0.0
6059,1953,PhD,In a relationship,64504.0,1,2,2013-03-04,81,986,36,168,16,0,108,7,11,3,4,7,0,0,0,0,0,0,3,11,1,2013,3,4,3,1,1314,72,4.290459441148391,4.406719247264253,11.074498019159236,7.181591944611865,6.894670039433482,3.6109179126442243,5.1298987149230735,2.833213344056216,0.0,4.6913478822291435
4550,1966,Master,In a relationship,33564.0,0,1,2014-06-24,51,61,0,3,0,0,7,1,1,1,3,5,0,0,0,0,0,0,3,11,0,2014,6,24,1,1,71,59,4.0943445622221,3.9512437185814275,10.421239136372852,4.276666119016055,4.127134385045092,0.0,1.3862943611198906,0.0,0.0,2.0794415416798357
4240,1978,Graduation,In a relationship,17345.0,1,0,2012-11-03,79,4,9,16,17,0,12,2,2,1,2,8,0,0,0,0,0,0,3,11,0,2012,11,3,1,1,58,47,3.8712010109078907,4.382026634673881,9.7611172112444,4.07753744390572,1.6094379124341003,2.302585092994046,2.833213344056216,2.8903717578961645,0.0,2.5649493574615367
8911,1967,PhD,In a relationship,56320.0,0,1,2013-04-08,11,201,53,172,116,77,83,3,5,4,9,4,0,0,0,0,0,0,3,11,0,2013,4,8,1,1,702,58,4.07753744390572,2.4849066497880004,10.938822746356111,6.555356891810665,5.308267697401205,3.9889840465642745,5.153291594497779,4.762173934797756,4.356708826689592,4.430816798843313
3706,1978,Graduation,Single,28647.0,1,0,2013-08-21,54,19,8,29,0,12,26,1,2,2,2,7,1,0,0,0,0,0,3,11,1,2013,8,21,1,1,94,47,3.8712010109078907,4.007333185232471,10.26283891167827,4.553876891600541,2.995732273553991,2.1972245773362196,3.4011973816621555,0.0,2.5649493574615367,3.295836866004329
3628,1987,Basic,Single,15038.0,1,0,2013-01-29,93,4,8,11,19,12,26,2,2,1,2,9,0,0,0,0,0,0,3,11,0,2013,1,29,1,1,80,38,3.6635616461296463,4.543294782270004,9.618402105931613,4.394449154672439,1.6094379124341003,2.1972245773362196,2.4849066497880004,2.995732273553991,2.5649493574615367,3.295836866004329
10175,1958,PhD,Single,32173.0,0,1,2013-08-01,0,18,0,2,0,0,2,1,1,0,3,4,0,0,0,0,0,0,3,11,0,2013,8,1,1,1,22,67,4.219507705176107,0.0,10.378913951950253,3.1354942159291497,2.9444389791664403,0.0,1.0986122886681096,0.0,0.0,1.0986122886681096
8985,1964,2n Cycle,In a relationship,68316.0,0,1,2012-11-04,54,806,80,161,120,11,33,5,10,7,10,6,0,0,0,0,0,0,3,11,0,2012,11,4,1,1,1211,61,4.127134385045092,4.007333185232471,11.131913916491309,7.10002716662926,6.693323668269949,4.394449154672439,5.087596335232384,4.795790545596741,2.4849066497880004,3.5263605246161616
5204,1971,Graduation,In a relationship,74538.0,0,0,2013-06-29,21,380,98,733,110,112,28,1,8,8,5,3,0,0,1,0,0,0,3,11,1,2013,6,29,0,0,1461,54,4.007333185232471,3.091042453358316,11.219077757327483,7.2875606403097235,5.942799375126701,4.59511985013459,6.598509028614515,4.709530201312334,4.727387818712341,3.367295829986474
9220,1971,Graduation,Single,91700.0,0,0,2013-01-17,58,576,172,961,125,115,19,1,8,6,5,3,0,0,0,0,0,0,3,11,1,2013,1,17,0,0,1968,54,4.007333185232471,4.07753744390572,11.426288563310505,7.585281078639126,6.3578422665081,5.153291594497779,6.8690144506657065,4.836281906951478,4.7535901911063645,2.995732273553991
9888,1969,Graduation,In a relationship,68695.0,0,0,2014-06-25,3,458,81,356,106,50,40,1,4,4,7,2,0,0,0,0,0,0,3,11,0,2014,6,25,0,0,1091,56,4.04305126783455,1.3862943611198906,11.137446252352321,6.9957661563048505,6.129050210060545,4.406719247264253,5.877735781779639,4.672828834461906,3.9318256327243257,3.713572066704308
5263,1977,2n Cycle,In a relationship,31056.0,1,0,2013-01-22,99,5,10,13,3,8,16,1,1,0,3,8,0,0,0,0,0,0,3,11,0,2013,1,22,1,1,55,48,3.8918202981106265,4.605170185988092,10.343579504787346,4.02535169073515,1.791759469228055,2.3978952727983707,2.639057329615259,1.3862943611198906,2.1972245773362196,2.833213344056216
1020,1973,Graduation,In a relationship,79593.0,0,0,2014-05-12,70,350,60,568,110,133,145,1,5,6,7,2,0,0,1,0,0,0,3,11,0,2014,5,12,0,0,1366,52,3.970291913552122,4.2626798770413155,11.284693992107073,7.220373836723949,5.860786223465865,4.110873864173311,6.343880434126331,4.709530201312334,4.897839799950911,4.983606621708336
9503,1980,Graduation,Single,28071.0,0,0,2012-08-29,65,39,33,130,41,26,44,2,5,1,5,8,0,0,0,0,0,0,3,11,0,2012,8,29,0,0,313,45,3.828641396489095,4.189654742026425,10.24252791726305,5.749392985908253,3.6888794541139363,3.5263605246161616,4.875197323201151,3.7376696182833684,3.295836866004329,3.8066624897703196
10613,1958,PhD,In a relationship,37334.0,1,1,2014-02-26,44,26,1,16,2,2,15,4,3,0,4,4,0,0,0,0,0,0,3,11,0,2014,2,26,2,1,62,67,4.219507705176107,3.8066624897703196,10.527686503469802,4.143134726391533,3.295836866004329,0.6931471805599453,2.833213344056216,1.0986122886681096,1.0986122886681096,2.772588722239781
67,1972,Master,Single,46423.0,1,1,2013-09-18,6,68,0,16,0,0,8,3,2,0,4,7,0,0,0,0,0,0,3,11,0,2013,9,18,2,1,92,53,3.9889840465642745,1.9459101490553132,10.745571845870444,4.532599493153256,4.23410650459726,0.0,2.833213344056216,0.0,0.0,2.1972245773362196
6019,1971,PhD,In a relationship,37126.0,1,0,2014-03-30,9,45,3,9,4,4,7,1,1,2,2,6,1,0,0,0,0,0,3,11,1,2014,3,30,1,1,72,54,4.007333185232471,2.302585092994046,10.522099746707825,4.290459441148391,3.828641396489095,1.3862943611198906,2.302585092994046,1.6094379124341003,1.6094379124341003,2.0794415416798357
5863,1953,Graduation,In a relationship,47703.0,0,1,2013-05-29,95,359,0,134,13,26,123,4,6,3,8,5,0,0,0,0,0,0,3,11,0,2013,5,29,1,1,655,72,4.290459441148391,4.564348191467836,10.772770530802942,6.486160788944089,5.886104031450156,0.0,4.90527477843843,2.639057329615259,3.295836866004329,4.820281565605037
3717,1959,Graduation,In a relationship,61180.0,0,1,2014-04-23,70,403,24,29,6,24,218,2,5,5,6,3,1,0,0,0,0,0,3,11,0,2014,4,23,1,1,704,66,4.204692619390966,4.2626798770413155,11.021591962782166,6.558197802812269,6.0014148779611505,3.2188758248682006,3.4011973816621555,1.9459101490553132,3.2188758248682006,5.389071729816501
6730,1954,Graduation,In a relationship,38998.0,1,1,2012-11-03,92,34,1,14,0,0,5,3,2,0,3,8,0,0,0,0,0,1,3,11,0,2012,11,3,2,1,54,71,4.276666119016055,4.532599493153256,10.571291283757406,4.007333185232471,3.5553480614894135,0.6931471805599453,2.70805020110221,0.0,0.0,1.791759469228055
10749,1991,Graduation,Single,8028.0,0,0,2012-09-18,62,73,18,66,7,12,2,15,0,1,0,19,0,0,0,0,0,0,3,11,0,2012,9,18,0,0,178,34,3.5553480614894135,4.143134726391533,8.990815266184685,5.187385805840755,4.304065093204169,2.9444389791664403,4.204692619390966,2.0794415416798357,2.5649493574615367,1.0986122886681096
4998,1962,Graduation,In a relationship,76081.0,0,0,2014-05-23,85,292,30,415,63,33,200,1,4,5,4,2,0,0,0,1,0,0,3,11,0,2014,5,23,0,0,1033,63,4.1588830833596715,4.454347296253507,11.239566984991516,6.9411900550683745,5.680172609017068,3.4339872044851463,6.030685260261263,4.1588830833596715,3.5263605246161616,5.303304908059076
6287,1986,Graduation,In a relationship,34728.0,1,0,2013-07-30,2,14,0,16,0,0,6,1,1,1,2,6,0,0,0,0,0,0,3,11,1,2013,7,30,1,1,36,39,3.6888794541139363,1.0986122886681096,10.455330351773332,3.6109179126442243,2.70805020110221,0.0,2.833213344056216,0.0,0.0,1.9459101490553132
5985,1965,Master,Single,33168.0,0,1,2012-10-13,0,80,1,37,0,1,3,3,2,1,4,7,0,0,0,0,0,0,3,11,0,2012,10,13,1,1,122,60,4.110873864173311,0.0,10.4093709837628,4.812184355372417,4.394449154672439,0.6931471805599453,3.6375861597263857,0.0,0.6931471805599453,1.3862943611198906
4754,1966,Master,In a relationship,33585.0,0,1,2013-09-25,91,30,11,33,13,6,29,1,2,0,4,4,0,0,0,0,0,0,3,11,0,2013,9,25,1,1,122,59,4.0943445622221,4.5217885770490405,10.421864592454954,4.812184355372417,3.4339872044851463,2.4849066497880004,3.5263605246161616,2.639057329615259,1.9459101490553132,3.4011973816621555
4002,1960,PhD,In a relationship,77037.0,0,1,2013-10-13,3,463,96,333,168,53,10,1,7,7,12,3,0,0,0,0,0,0,3,11,0,2013,10,13,1,1,1123,65,4.189654742026425,1.3862943611198906,11.252054085595047,7.024649030453636,6.139884552226255,4.574710978503383,5.8111409929767,5.1298987149230735,3.9889840465642745,2.3978952727983707
8870,1984,Graduation,In a relationship,35196.0,1,0,2012-11-13,68,75,12,141,43,39,187,6,6,1,5,8,0,0,0,0,0,0,3,11,1,2012,11,13,1,1,497,41,3.7376696182833684,4.23410650459726,10.468716130681411,6.210600077024653,4.330733340286331,2.5649493574615367,4.955827057601261,3.784189633918261,3.6888794541139363,5.236441962829949
966,1966,Graduation,In a relationship,44529.0,0,1,2013-07-05,98,538,13,91,17,6,26,6,6,2,11,5,0,1,0,0,0,0,3,11,0,2013,7,5,1,1,691,59,4.0943445622221,4.59511985013459,10.703918398315748,6.539585955617669,6.289715570908998,2.639057329615259,4.5217885770490405,2.8903717578961645,1.9459101490553132,3.295836866004329
4767,1965,2n Cycle,In a relationship,70924.0,0,0,2014-04-07,41,635,114,254,132,152,76,1,6,6,7,3,0,0,1,0,0,0,3,11,0,2014,4,7,0,0,1363,60,4.110873864173311,3.7376696182833684,11.169378259677051,7.218176838403408,6.455198563340122,4.74493212836325,5.541263545158426,4.890349128221754,5.030437921392435,4.343805421853684
9725,1966,PhD,In a relationship,28764.0,1,1,2014-06-05,16,8,0,3,0,0,1,1,1,0,2,8,1,0,0,0,0,0,3,11,0,2014,6,5,2,1,12,59,4.0943445622221,2.833213344056216,10.266914649297394,2.5649493574615367,2.1972245773362196,0.0,1.3862943611198906,0.0,0.0,0.6931471805599453
4475,1949,PhD,In a relationship,69098.0,0,0,2013-02-16,82,1315,22,780,145,0,178,1,7,8,9,5,0,0,0,0,0,0,3,11,0,2013,2,16,0,0,2440,76,4.343805421853684,4.418840607796598,11.143295537871015,7.80016307039296,7.182352111885263,3.1354942159291497,6.660575149839686,4.983606621708336,0.0,5.187385805840755
5740,1970,2n Cycle,Single,25959.0,1,1,2013-02-14,1,4,2,12,7,5,26,2,1,2,2,6,0,0,0,0,0,0,3,11,1,2013,2,14,2,1,56,55,4.02535169073515,0.6931471805599453,10.164312170818027,4.04305126783455,1.6094379124341003,1.0986122886681096,2.5649493574615367,2.0794415416798357,1.791759469228055,3.295836866004329
5731,1983,Master,In a relationship,27100.0,1,0,2013-04-05,64,12,0,13,2,0,10,1,1,0,3,7,0,0,0,0,0,0,3,11,0,2013,4,5,1,1,37,42,3.7612001156935624,4.174387269895637,10.207325906555994,3.6375861597263857,2.5649493574615367,0.0,2.639057329615259,1.0986122886681096,0.0,2.3978952727983707
7290,1985,Graduation,Single,70596.0,0,0,2012-10-05,68,347,44,534,17,0,26,1,3,5,12,2,0,0,0,0,0,0,3,11,0,2012,10,5,0,0,968,40,3.713572066704308,4.23410650459726,11.164742929660637,6.876264611890766,5.8522024797744745,3.8066624897703196,6.282266746896006,2.8903717578961645,0.0,3.295836866004329
3846,1974,Graduation,In a relationship,42557.0,0,1,2012-08-29,98,192,5,53,0,5,15,4,6,1,4,8,0,0,0,0,0,0,3,11,0,2012,8,29,1,1,270,51,3.9512437185814275,4.59511985013459,10.658623130430142,5.602118820879701,5.262690188904886,1.791759469228055,3.9889840465642745,0.0,1.791759469228055,2.772588722239781
8104,1951,PhD,In a relationship,53312.0,0,0,2013-08-09,32,241,0,12,0,0,25,1,5,1,5,7,0,0,0,0,0,0,3,11,0,2013,8,9,0,0,278,74,4.31748811353631,3.4965075614664802,10.883935482853596,5.631211781821365,5.488937726156687,0.0,2.5649493574615367,0.0,0.0,3.258096538021482
4507,1952,Graduation,Single,72228.0,0,0,2012-11-27,87,631,28,491,30,14,56,1,6,7,8,3,0,0,0,0,0,0,3,11,0,2012,11,27,0,0,1250,73,4.304065093204169,4.477336814478207,11.187596906286172,7.1316985104669115,6.448889394146858,3.367295829986474,6.198478716492308,3.4339872044851463,2.70805020110221,4.04305126783455
11013,1987,Graduation,In a relationship,67605.0,0,0,2013-03-31,84,336,28,282,184,54,54,1,2,8,6,1,0,0,0,0,0,0,3,11,0,2013,3,31,0,0,938,38,3.6635616461296463,4.442651256490317,11.121452015488801,6.844815479208263,5.820082930352362,3.367295829986474,5.645446897643238,5.220355825078325,4.007333185232471,4.007333185232471
4491,1949,Master,In a relationship,62845.0,1,1,2012-10-01,3,1099,0,45,0,0,34,11,3,4,10,8,0,1,0,0,0,0,3,11,0,2012,10,1,2,1,1178,76,4.343805421853684,1.3862943611198906,11.04844256839719,7.072421900537371,7.003065458786462,0.0,3.828641396489095,0.0,0.0,3.5553480614894135
3759,1958,Graduation,In a relationship,65196.0,0,2,2013-07-25,34,743,19,181,12,0,200,2,7,6,11,5,1,0,0,0,0,0,3,11,0,2013,7,25,2,1,1155,67,4.219507705176107,3.5553480614894135,11.085168734586208,7.052721049232323,6.612041034833092,2.995732273553991,5.204006687076795,2.5649493574615367,0.0,5.303304908059076
1162,1987,PhD,Single,42000.0,0,0,2013-01-10,23,124,83,267,85,59,35,2,5,2,11,5,0,0,0,0,0,0,3,11,1,2013,1,10,0,0,653,38,3.6635616461296463,3.1780538303479458,10.645448706505872,6.483107351457199,4.8283137373023015,4.430816798843313,5.5909869805108565,4.454347296253507,4.0943445622221,3.58351893845611
2055,1973,PhD,Single,35860.0,1,1,2014-05-19,37,15,0,8,4,2,20,2,1,1,2,5,1,0,0,0,0,0,3,11,0,2014,5,19,2,1,49,52,3.970291913552122,3.6375861597263857,10.487405632994516,3.912023005428146,2.772588722239781,0.0,2.1972245773362196,1.6094379124341003,1.0986122886681096,3.044522437723423
10766,1964,PhD,In a relationship,65526.0,0,1,2014-04-11,22,397,19,69,12,0,9,1,4,4,8,2,0,0,0,0,0,0,3,11,0,2014,4,11,1,1,506,61,4.127134385045092,3.1354942159291497,11.090217550427058,6.2285110035911835,5.986452005284438,2.995732273553991,4.248495242049359,2.5649493574615367,0.0,2.302585092994046
4415,1961,Graduation,In a relationship,16860.0,1,1,2012-09-12,19,10,4,4,3,3,14,3,1,1,3,7,0,0,0,0,0,0,3,11,0,2012,9,12,2,1,38,64,4.174387269895637,2.995732273553991,9.732758541777981,3.6635616461296463,2.3978952727983707,1.6094379124341003,1.6094379124341003,1.3862943611198906,1.3862943611198906,2.70805020110221
3005,1992,Graduation,Single,83528.0,0,0,2014-05-01,7,530,117,678,134,44,147,1,4,10,8,1,1,0,0,1,0,0,3,11,1,2014,5,1,0,0,1650,33,3.5263605246161616,2.0794415416798357,11.332949155931612,7.409136443920128,6.274762021241939,4.770684624465665,6.520621127558696,4.90527477843843,3.8066624897703196,4.997212273764115
2223,1965,2n Cycle,Single,64176.0,0,1,2012-08-03,52,1215,33,249,64,116,149,8,8,9,8,6,0,0,0,0,0,0,3,11,0,2012,8,3,1,1,1826,60,4.110873864173311,3.970291913552122,11.069400170037524,7.510430556378006,7.103322062526113,3.5263605246161616,5.521460917862246,4.174387269895637,4.762173934797756,5.0106352940962555
4817,1956,Graduation,Single,22304.0,0,0,2012-08-04,91,3,2,7,0,4,2,1,1,0,2,8,0,0,0,0,0,0,3,11,0,2012,8,4,0,0,18,69,4.248495242049359,4.5217885770490405,10.012566147562366,2.9444389791664403,1.3862943611198906,1.0986122886681096,2.0794415416798357,0.0,1.6094379124341003,1.0986122886681096
2875,1978,Graduation,In a relationship,67023.0,0,0,2014-03-04,93,444,44,382,11,8,17,1,3,7,13,2,0,0,0,0,0,1,3,11,0,2014,3,4,0,0,906,47,3.8712010109078907,4.543294782270004,11.112806043186817,6.810142450115136,6.09807428216624,3.8066624897703196,5.948034989180646,2.4849066497880004,2.1972245773362196,2.8903717578961645
10536,1971,PhD,In a relationship,32892.0,1,0,2014-05-25,78,26,0,15,2,1,2,2,3,0,3,8,0,0,0,0,0,0,3,11,0,2014,5,25,1,1,46,54,4.007333185232471,4.3694478524670215,10.401015148158129,3.8501476017100584,3.295836866004329,0.0,2.772588722239781,1.0986122886681096,0.6931471805599453,1.0986122886681096
11112,1966,Graduation,In a relationship,70713.0,0,1,2012-12-03,23,736,114,279,82,76,190,6,5,6,8,3,0,0,0,0,0,0,3,11,0,2012,12,3,1,1,1477,59,4.0943445622221,3.1780538303479458,11.166398852083312,7.298445101508147,6.602587892189336,4.74493212836325,5.634789603169249,4.418840607796598,4.343805421853684,5.25227342804663
3807,1955,Graduation,In a relationship,59925.0,0,1,2012-11-30,83,473,21,176,19,21,56,3,9,2,9,6,0,0,0,0,0,0,3,11,0,2012,11,30,1,1,766,70,4.2626798770413155,4.430816798843313,11.000865746689424,6.642486801367256,6.161207321695077,3.091042453358316,5.176149732573829,2.995732273553991,3.091042453358316,4.04305126783455
9197,1953,Graduation,In a relationship,39722.0,0,1,2014-02-24,92,32,0,5,2,0,8,2,2,0,3,5,0,0,0,0,0,0,3,11,0,2014,2,24,1,1,47,72,4.290459441148391,4.532599493153256,10.589685644007867,3.8712010109078907,3.4965075614664802,0.0,1.791759469228055,1.0986122886681096,0.0,2.1972245773362196
10832,1958,Graduation,In a relationship,46610.0,0,0,2013-07-18,4,288,10,30,4,10,125,1,6,1,6,6,0,0,0,0,0,0,3,11,0,2013,7,18,0,0,467,67,4.219507705176107,1.6094379124341003,10.749591843760111,6.148468295917647,5.666426688112432,2.3978952727983707,3.4339872044851463,1.6094379124341003,2.3978952727983707,4.836281906951478
6421,1961,Graduation,In a relationship,88347.0,0,0,2013-07-03,32,1050,178,555,77,138,118,1,4,7,9,1,0,0,0,1,0,0,3,11,0,2013,7,3,0,0,2116,64,4.174387269895637,3.4965075614664802,11.38903884025336,7.6577552711348655,6.957497370876951,5.187385805840755,6.320768294250582,4.356708826689592,4.9344739331306915,4.77912349311153
4207,1981,PhD,In a relationship,87171.0,0,0,2013-05-01,27,1001,44,107,58,44,44,1,6,7,11,2,1,0,1,0,0,0,3,11,0,2013,5,1,0,0,1298,44,3.8066624897703196,3.332204510175204,11.375638457415702,7.1693500166706,6.90975328164481,3.8066624897703196,4.68213122712422,4.07753744390572,3.8066624897703196,3.8066624897703196
577,1976,2n Cycle,In a relationship,26907.0,1,1,2013-08-20,10,9,1,7,0,3,2,2,1,0,3,7,0,0,0,0,0,0,3,11,0,2013,8,20,2,1,22,49,3.912023005428146,2.3978952727983707,10.200178919145497,3.1354942159291497,2.302585092994046,0.6931471805599453,2.0794415416798357,0.0,1.3862943611198906,1.0986122886681096
10855,1968,Master,Single,50014.0,1,0,2014-01-22,9,234,14,77,19,10,42,2,4,1,8,5,0,0,0,0,0,0,3,11,0,2014,1,22,1,1,396,57,4.060443010546419,2.302585092994046,10.820078239419281,5.983936280687191,5.459585514144159,2.70805020110221,4.356708826689592,2.995732273553991,2.3978952727983707,3.7612001156935624
3081,1978,PhD,In a relationship,41014.0,1,0,2013-04-22,65,7,2,6,2,0,3,1,1,0,2,7,0,0,0,0,0,0,3,11,0,2013,4,22,1,1,20,47,3.8712010109078907,4.189654742026425,10.62169313243685,3.044522437723423,2.0794415416798357,1.0986122886681096,1.9459101490553132,1.0986122886681096,0.0,1.3862943611198906
3535,1965,Graduation,Single,66294.0,0,0,2014-03-17,68,251,108,334,65,92,117,1,4,3,5,2,0,0,0,0,0,0,3,11,0,2014,3,17,0,0,967,60,4.110873864173311,4.23410650459726,11.101869758548819,6.875232087276577,5.529429087511423,4.6913478822291435,5.814130531825066,4.189654742026425,4.532599493153256,4.770684624465665
247,1971,Graduation,In a relationship,36715.0,1,0,2012-11-17,16,172,10,125,21,13,16,6,7,2,4,9,0,0,0,0,0,0,3,11,1,2012,11,17,1,1,357,54,4.007333185232471,2.833213344056216,10.510967906338982,5.8805329864007,5.153291594497779,2.3978952727983707,4.836281906951478,3.091042453358316,2.639057329615259,2.833213344056216
8707,1956,Graduation,In a relationship,79456.0,0,0,2012-08-22,12,565,42,548,64,83,99,1,5,6,4,3,0,0,0,0,0,0,3,11,1,2012,8,22,0,0,1401,69,4.248495242049359,2.5649493574615367,11.282971273810652,7.2456550675945355,6.338594078203183,3.7612001156935624,6.3080984415095305,4.174387269895637,4.430816798843313,4.605170185988092
9523,1982,Graduation,In a relationship,40479.0,1,0,2013-08-17,95,5,0,8,2,0,0,1,0,0,3,4,0,0,0,0,0,0,3,11,0,2013,8,17,1,1,15,43,3.784189633918261,4.564348191467836,10.608563303961347,2.772588722239781,1.791759469228055,0.0,2.1972245773362196,1.0986122886681096,0.0,0.0
6072,1970,Master,Single,75345.0,0,0,2013-02-02,16,918,57,842,99,38,133,1,5,8,6,3,0,0,0,1,0,0,3,11,1,2013,2,2,0,0,2087,55,4.02535169073515,2.833213344056216,11.229846117045021,7.643961949002529,6.823286122355687,4.060443010546419,6.736966958001855,4.605170185988092,3.6635616461296463,4.897839799950911
6295,1977,Graduation,In a relationship,54233.0,0,1,2013-02-04,46,652,8,158,21,0,142,4,11,6,5,8,0,0,0,0,0,0,3,11,0,2013,2,4,1,1,981,48,3.8918202981106265,3.8501476017100584,10.901063297026466,6.889591308354466,6.481577129276431,2.1972245773362196,5.0689042022202315,3.091042453358316,0.0,4.962844630259907
10914,1970,Graduation,Single,24163.0,1,1,2013-10-12,3,4,1,7,2,1,2,2,1,0,3,4,0,0,0,0,0,0,3,11,0,2013,10,12,2,1,17,55,4.02535169073515,1.3862943611198906,10.092619201258632,2.8903717578961645,1.6094379124341003,0.6931471805599453,2.0794415416798357,1.0986122886681096,0.6931471805599453,1.0986122886681096
1509,1958,PhD,In a relationship,84460.0,0,0,2013-01-04,80,152,27,103,106,54,81,0,9,9,4,5,0,1,1,1,1,0,3,11,1,2013,1,4,0,0,523,67,4.219507705176107,4.394449154672439,11.344045168342067,6.261491684321042,5.030437921392435,3.332204510175204,4.6443908991413725,4.672828834461906,4.007333185232471,4.406719247264253
5577,1983,Graduation,In a relationship,43776.0,1,0,2014-05-03,77,8,0,9,2,1,3,1,1,0,2,6,0,0,0,0,0,0,3,11,0,2014,5,3,1,1,23,42,3.7612001156935624,4.356708826689592,10.686863844288563,3.1780538303479458,2.1972245773362196,0.0,2.302585092994046,1.0986122886681096,0.6931471805599453,1.3862943611198906
7348,1958,PhD,Single,71691.0,0,0,2014-03-17,0,336,130,411,240,32,43,1,4,7,5,2,0,0,0,0,0,0,3,11,1,2014,3,17,0,0,1192,67,4.219507705176107,0.0,11.180134444351488,7.084226422097916,5.820082930352362,4.875197323201151,6.021023349349527,5.484796933490655,3.4965075614664802,3.784189633918261
1127,1973,PhD,In a relationship,85844.0,0,0,2014-05-29,62,938,19,843,25,95,38,1,6,6,7,2,0,0,1,0,0,0,3,11,0,2014,5,29,0,0,1958,52,3.970291913552122,4.143134726391533,11.360298623511312,7.580189417944541,6.844815479208263,2.995732273553991,6.738152494595957,3.258096538021482,4.564348191467836,3.6635616461296463
1833,1974,PhD,Single,39190.0,1,0,2014-04-26,91,68,8,18,19,8,12,2,2,1,4,5,0,0,0,0,0,0,3,11,0,2014,4,26,1,1,133,51,3.9512437185814275,4.5217885770490405,10.57620240758158,4.897839799950911,4.23410650459726,2.1972245773362196,2.9444389791664403,2.995732273553991,2.1972245773362196,2.5649493574615367
4944,1959,Graduation,In a relationship,71367.0,0,0,2013-08-23,24,227,23,389,42,21,75,1,4,5,7,2,0,0,0,0,0,0,3,11,0,2013,8,23,0,0,777,66,4.204692619390966,3.2188758248682006,11.17560486859362,6.656726524178391,5.429345628954441,3.1780538303479458,5.966146739123692,3.7612001156935624,3.091042453358316,4.330733340286331
9080,1972,PhD,Single,38578.0,1,1,2013-06-22,2,38,4,22,3,3,3,3,3,0,3,8,0,0,0,0,0,0,3,11,0,2013,6,22,2,1,73,53,3.9889840465642745,1.0986122886681096,10.560463365957897,4.304065093204169,3.6635616461296463,1.6094379124341003,3.1354942159291497,1.3862943611198906,1.3862943611198906,1.3862943611198906
6466,1965,PhD,In a relationship,57236.0,1,1,2014-03-12,22,105,0,9,2,1,4,3,2,1,4,3,0,0,0,0,0,0,3,11,0,2014,3,12,2,1,121,60,4.110873864173311,3.1354942159291497,10.954955821395421,4.804021044733257,4.663439094112067,0.0,2.302585092994046,1.0986122886681096,0.6931471805599453,1.6094379124341003
9964,1979,Graduation,Single,61825.0,0,1,2013-08-07,56,162,50,100,55,30,27,1,4,2,8,4,0,0,0,0,0,0,3,11,0,2013,8,7,1,1,424,46,3.8501476017100584,4.04305126783455,11.032079266945424,6.052089168924417,5.093750200806762,3.9318256327243257,4.61512051684126,4.02535169073515,3.4339872044851463,3.332204510175204
4790,1958,Graduation,Single,79803.0,0,1,2014-06-02,54,574,8,216,21,16,33,1,4,3,5,1,0,0,0,0,0,0,3,11,0,2014,6,2,1,1,868,67,4.219507705176107,4.007333185232471,11.287328907494953,6.767343125265392,6.354370040797351,2.1972245773362196,5.37989735354046,3.091042453358316,2.833213344056216,3.5263605246161616
10245,1986,2n Cycle,Single,80910.0,0,0,2012-10-31,71,160,80,369,67,39,41,1,3,3,8,1,0,0,0,0,0,0,3,11,0,2012,10,31,0,0,756,39,3.6888794541139363,4.276666119016055,11.3011050641372,6.6293632534374485,5.081404364984463,4.394449154672439,5.91350300563827,4.219507705176107,3.6888794541139363,3.7376696182833684
1109,1982,Master,In a relationship,27590.0,1,0,2013-04-23,38,6,0,5,0,0,1,1,1,0,2,7,0,0,0,0,0,0,3,11,0,2013,4,23,1,1,12,43,3.784189633918261,3.6635616461296463,10.225244911570808,2.5649493574615367,1.9459101490553132,0.0,1.791759469228055,0.0,0.0,0.6931471805599453
6001,1979,Graduation,In a relationship,56775.0,0,1,2013-01-02,62,614,35,160,58,35,35,2,5,8,10,5,0,0,0,0,0,0,3,11,0,2013,1,2,1,1,937,46,3.8501476017100584,4.143134726391533,10.946868980204819,6.843749949006225,6.421622267806518,3.58351893845611,5.081404364984463,4.07753744390572,3.58351893845611,3.58351893845611
5538,1975,Graduation,Single,83829.0,0,0,2013-10-08,78,897,161,430,186,161,27,0,4,7,6,1,1,0,1,1,0,0,3,11,1,2013,10,8,0,0,1862,50,3.9318256327243257,4.3694478524670215,11.336546217631904,7.529943370601589,6.8001700683022,5.087596335232384,6.066108090103747,5.231108616854587,5.087596335232384,3.332204510175204
10552,1979,2n Cycle,In a relationship,54210.0,0,1,2013-05-20,18,70,54,109,80,9,45,2,4,1,7,5,0,0,0,0,0,0,3,11,0,2013,5,20,1,1,367,46,3.8501476017100584,2.9444389791664403,10.90063911886528,5.908082938168931,4.2626798770413155,4.007333185232471,4.700480365792417,4.394449154672439,2.302585092994046,3.828641396489095
1545,1986,Graduation,In a relationship,38508.0,1,0,2013-08-02,95,120,19,206,25,19,54,6,7,2,5,8,0,0,0,0,0,0,3,11,0,2013,8,2,1,1,443,39,3.6888794541139363,4.564348191467836,10.558647259190574,6.095824562432225,4.795790545596741,2.995732273553991,5.332718793265369,3.258096538021482,2.995732273553991,4.007333185232471
7409,1970,Graduation,In a relationship,53187.0,1,0,2013-10-26,66,211,2,30,7,7,10,2,4,1,6,5,0,0,0,0,0,0,3,11,0,2013,10,26,1,1,267,55,4.02535169073515,4.204692619390966,10.881588085976597,5.5909869805108565,5.356586274672012,1.0986122886681096,3.4339872044851463,2.0794415416798357,2.0794415416798357,2.3978952727983707
4444,1972,Graduation,In a relationship,30023.0,1,0,2014-03-24,28,11,0,16,7,6,21,1,2,0,3,8,0,0,0,0,0,0,3,11,0,2014,3,24,1,1,61,53,3.9889840465642745,3.367295829986474,10.309752340814857,4.127134385045092,2.4849066497880004,0.0,2.833213344056216,2.0794415416798357,1.9459101490553132,3.091042453358316
146,1960,PhD,Single,76045.0,0,0,2013-11-15,78,760,53,400,17,93,0,1,4,5,11,2,0,0,0,1,0,0,3,11,0,2013,11,15,0,0,1323,65,4.189654742026425,4.3694478524670215,11.239093699328496,7.188412736496954,6.634633357861686,3.9889840465642745,5.993961427306569,2.8903717578961645,4.543294782270004,0.0
6271,1952,PhD,In a relationship,50870.0,0,1,2014-06-19,13,53,0,8,0,0,2,1,2,0,3,5,0,0,0,0,0,0,3,11,0,2014,6,19,1,1,63,73,4.304065093204169,2.639057329615259,10.837048295575237,4.1588830833596715,3.9889840465642745,0.0,2.1972245773362196,0.0,0.0,1.0986122886681096
10065,1970,2n Cycle,In a relationship,15315.0,0,0,2013-08-03,27,7,4,13,15,8,17,2,2,0,4,5,0,0,0,0,0,0,3,11,0,2013,8,3,0,0,64,55,4.02535169073515,3.332204510175204,9.636653312597184,4.174387269895637,2.0794415416798357,1.6094379124341003,2.639057329615259,2.772588722239781,2.1972245773362196,2.8903717578961645
4741,1974,2n Cycle,In a relationship,65463.0,1,0,2014-01-30,17,391,32,70,21,32,16,2,6,2,9,5,0,1,0,0,0,0,3,11,0,2014,1,30,1,1,562,51,3.9512437185814275,2.8903717578961645,11.089255652207218,6.333279628139691,5.971261839790462,3.4965075614664802,4.2626798770413155,3.091042453358316,3.4965075614664802,2.833213344056216
246,1965,Graduation,In a relationship,66480.0,1,1,2014-05-31,71,199,9,57,20,21,6,7,4,1,7,4,0,0,0,0,0,0,3,11,0,2014,5,31,2,1,312,60,4.110873864173311,4.276666119016055,11.104671471534129,5.746203190540153,5.298317366548036,2.302585092994046,4.060443010546419,3.044522437723423,3.091042453358316,1.9459101490553132
375,1954,Graduation,Single,76773.0,0,0,2013-02-25,79,516,56,449,86,33,16,1,2,2,11,1,0,0,0,0,0,0,3,11,0,2013,2,25,0,0,1156,71,4.276666119016055,4.382026634673881,11.24862132015093,7.053585727193677,6.248042874508429,4.04305126783455,6.1092475827643655,4.465908118654584,3.5263605246161616,2.833213344056216
1524,1983,2n Cycle,Single,81698.0,0,0,2013-03-01,1,709,45,115,30,160,45,1,8,2,5,5,0,0,0,1,0,0,3,11,1,2013,3,1,0,0,1104,42,3.7612001156935624,0.6931471805599453,11.310797040871105,7.007600613951853,6.565264970035361,3.828641396489095,4.7535901911063645,3.4339872044851463,5.081404364984463,3.828641396489095
10022,1973,PhD,Single,54466.0,1,1,2014-02-09,78,12,0,4,0,0,0,1,1,0,2,5,0,0,0,0,0,0,3,11,0,2014,2,9,2,1,16,52,3.970291913552122,4.3694478524670215,10.905350292672244,2.833213344056216,2.5649493574615367,0.0,1.6094379124341003,0.0,0.0,0.0
7451,1960,Master,Single,98777.0,0,0,2014-02-17,23,1000,19,711,125,115,38,0,4,6,9,1,0,1,0,0,0,0,3,11,0,2014,2,17,0,0,2008,65,4.189654742026425,3.1780538303479458,11.500630186876077,7.605392364814934,6.90875477931522,2.995732273553991,6.568077911411976,4.836281906951478,4.7535901911063645,3.6635616461296463
11010,1984,PhD,Single,16269.0,1,0,2013-08-30,75,19,3,18,3,1,0,3,3,0,3,8,0,0,0,0,0,0,3,11,0,2013,8,30,1,1,44,41,3.7376696182833684,4.330733340286331,9.697078200213083,3.8066624897703196,2.995732273553991,1.3862943611198906,2.9444389791664403,1.3862943611198906,0.6931471805599453,0.0
4356,1971,Graduation,In a relationship,71819.0,0,1,2013-08-28,70,1224,28,140,0,14,168,3,3,3,5,6,0,1,1,0,0,0,3,11,0,2013,8,28,1,1,1574,54,4.007333185232471,4.2626798770413155,11.181918267780073,7.362010551259734,7.110696122978827,3.367295829986474,4.948759890378168,0.0,2.70805020110221,5.1298987149230735
3885,1983,PhD,In a relationship,33569.0,1,0,2013-10-16,10,16,2,18,3,0,24,1,1,1,2,8,1,0,0,0,0,0,3,11,1,2013,10,16,1,1,63,42,3.7612001156935624,2.3978952727983707,10.42138808997408,4.1588830833596715,2.833213344056216,1.0986122886681096,2.9444389791664403,1.3862943611198906,0.0,3.2188758248682006
1175,1983,Master,In a relationship,36262.0,0,0,2013-09-20,24,88,39,54,64,28,153,1,3,5,3,6,1,0,0,0,0,0,3,11,1,2013,9,20,0,0,426,42,3.7612001156935624,3.2188758248682006,10.498553216683446,6.056784013228625,4.48863636973214,3.6888794541139363,4.007333185232471,4.174387269895637,3.367295829986474,5.0369526024136295
880,1966,Basic,In a relationship,22634.0,0,0,2013-01-16,47,2,23,11,8,6,46,1,2,1,2,8,0,0,0,0,0,0,3,11,0,2013,1,16,0,0,96,59,4.0943445622221,3.8712010109078907,10.02725265987006,4.574710978503383,1.0986122886681096,3.1780538303479458,2.4849066497880004,2.1972245773362196,1.9459101490553132,3.8501476017100584
2320,1978,2n Cycle,In a relationship,47025.0,0,1,2013-09-12,98,508,11,59,23,5,29,5,11,1,6,9,0,0,0,0,0,0,3,11,0,2013,9,12,1,1,635,47,3.8712010109078907,4.59511985013459,10.75845591922755,6.455198563340122,6.2324480165505225,2.4849066497880004,4.0943445622221,3.1780538303479458,1.791759469228055,3.4011973816621555
850,1968,Graduation,Single,70566.0,0,1,2013-10-06,4,381,28,215,84,28,21,2,6,5,9,3,0,0,0,0,0,0,3,11,0,2013,10,6,1,1,757,57,4.060443010546419,1.6094379124341003,11.164317892109255,6.630683385642372,5.945420608606575,3.367295829986474,5.375278407684165,4.442651256490317,3.367295829986474,3.091042453358316
4713,1979,PhD,In a relationship,31605.0,1,0,2012-11-22,15,74,0,42,2,1,6,2,2,1,4,7,0,0,0,0,0,0,3,11,0,2012,11,22,1,1,125,46,3.8501476017100584,2.772588722239781,10.36110225496905,4.836281906951478,4.31748811353631,0.0,3.7612001156935624,1.0986122886681096,0.6931471805599453,1.9459101490553132
675,1973,Master,Single,52034.0,1,1,2013-05-17,67,146,0,93,7,13,73,5,4,2,5,7,0,0,0,0,0,0,3,11,0,2013,5,17,2,1,332,52,3.970291913552122,4.219507705176107,10.85967184807196,5.808142489980444,4.990432586778736,0.0,4.543294782270004,2.0794415416798357,2.639057329615259,4.304065093204169
5025,1979,Graduation,Single,48526.0,1,0,2013-12-24,32,23,17,23,43,20,9,1,2,1,4,3,0,0,0,0,0,0,3,11,0,2013,12,24,1,1,135,46,3.8501476017100584,3.4965075614664802,10.78987562305597,4.912654885736052,3.1780538303479458,2.8903717578961645,3.1780538303479458,3.784189633918261,3.044522437723423,2.302585092994046
2308,1954,Graduation,In a relationship,46734.0,0,1,2012-11-18,40,110,5,137,26,23,29,2,6,1,5,7,0,0,0,0,0,0,3,11,0,2012,11,18,1,1,330,71,4.276666119016055,3.713572066704308,10.752248627616684,5.802118375377063,4.709530201312334,1.791759469228055,4.927253685157205,3.295836866004329,3.1780538303479458,3.4011973816621555
5995,1962,Graduation,Single,39552.0,1,1,2012-12-18,54,165,3,147,4,24,41,7,6,2,5,8,0,0,0,0,0,0,3,11,1,2012,12,18,2,1,384,63,4.1588830833596715,4.007333185232471,10.585396823669269,5.953243334287785,5.111987788356544,1.3862943611198906,4.997212273764115,1.6094379124341003,3.2188758248682006,3.7376696182833684
6749,1966,Graduation,Single,86358.0,1,1,2012-08-08,78,957,47,494,82,47,95,4,5,3,6,8,0,0,0,0,0,0,3,11,0,2012,8,8,2,1,1722,59,4.0943445622221,4.3694478524670215,11.366268305126777,7.45182223652793,6.86484777797086,3.8712010109078907,6.20455776256869,4.418840607796598,3.8712010109078907,4.564348191467836
1010,1977,Graduation,In a relationship,46931.0,2,1,2014-04-24,94,41,0,17,3,1,16,2,1,1,3,3,0,0,0,0,0,0,3,11,0,2014,4,24,3,1,78,48,3.8918202981106265,4.553876891600541,10.756455024543515,4.3694478524670215,3.7376696182833684,0.0,2.8903717578961645,1.3862943611198906,0.6931471805599453,2.833213344056216
8977,1985,Basic,Single,16581.0,0,0,2013-01-12,51,1,3,4,2,3,11,1,0,0,3,4,0,0,0,0,0,0,3,11,0,2013,1,12,0,0,24,40,3.713572066704308,3.9512437185814275,9.716073048676163,3.2188758248682006,0.6931471805599453,1.3862943611198906,1.6094379124341003,1.0986122886681096,1.3862943611198906,2.4849066497880004
4756,1952,2n Cycle,Single,63998.0,0,0,2013-12-20,42,176,29,818,0,33,112,1,7,6,11,4,0,0,0,0,0,0,3,11,1,2013,12,20,0,0,1168,73,4.304065093204169,3.7612001156935624,11.066622737219737,7.063903961472068,5.176149732573829,3.4011973816621555,6.70808408385307,0.0,3.5263605246161616,4.727387818712341
3412,1951,Master,In a relationship,67381.0,0,1,2013-01-15,67,815,8,53,11,0,70,4,2,2,9,7,0,1,0,0,0,0,3,11,0,2013,1,15,1,1,957,74,4.31748811353631,4.219507705176107,11.118133198918368,6.86484777797086,6.704414354964107,2.1972245773362196,3.9889840465642745,2.4849066497880004,0.0,4.2626798770413155
606,1967,Graduation,Single,25930.0,1,1,2013-10-10,87,6,1,2,2,0,4,1,1,0,2,7,0,0,0,0,0,0,3,11,0,2013,10,10,2,1,15,58,4.07753744390572,4.477336814478207,10.163194443157385,2.772588722239781,1.9459101490553132,0.6931471805599453,1.0986122886681096,1.0986122886681096,0.0,1.6094379124341003
5961,1978,Graduation,In a relationship,42693.0,1,0,2014-06-07,29,8,4,20,6,3,16,1,1,0,3,5,0,0,0,0,0,0,3,11,0,2014,6,7,1,1,57,47,3.8712010109078907,3.4011973816621555,10.661813674121044,4.060443010546419,2.1972245773362196,1.6094379124341003,3.044522437723423,1.9459101490553132,1.3862943611198906,2.833213344056216
2975,1976,Graduation,In a relationship,85606.0,0,1,2012-11-12,89,717,42,864,219,30,84,2,6,7,9,3,0,0,0,1,0,0,3,11,0,2012,11,12,1,1,1956,49,3.912023005428146,4.499809670330265,11.357522334487317,7.579167967396076,6.576469569048224,3.7612001156935624,6.762729506931879,5.393627546352361,3.4339872044851463,4.442651256490317
2894,1985,Graduation,Single,72903.0,0,0,2013-10-29,74,1067,138,750,0,19,39,1,7,5,8,4,0,1,1,1,0,0,3,11,1,2013,10,29,0,0,2013,40,3.713572066704308,4.31748811353631,11.196898786175963,7.607878073278507,6.97354301952014,4.9344739331306915,6.621405651764134,0.0,2.995732273553991,3.6888794541139363
7613,1974,2n Cycle,In a relationship,49669.0,1,0,2014-05-24,97,166,5,107,11,8,29,2,5,1,6,6,0,0,0,0,0,0,3,11,0,2014,5,24,1,1,326,51,3.9512437185814275,4.584967478670572,10.813156408101396,5.7899601708972535,5.117993812416755,1.791759469228055,4.68213122712422,2.4849066497880004,2.1972245773362196,3.4011973816621555
10542,1968,PhD,In a relationship,36778.0,1,1,2012-08-05,63,29,4,34,2,4,4,3,3,0,3,9,0,0,0,0,0,0,3,11,0,2012,8,5,2,1,77,57,4.060443010546419,4.1588830833596715,10.512682309099187,4.356708826689592,3.4011973816621555,1.6094379124341003,3.5553480614894135,1.0986122886681096,1.6094379124341003,1.6094379124341003
8015,1962,PhD,Single,85696.0,0,0,2013-05-03,88,714,76,395,116,0,12,1,4,6,9,1,0,0,0,0,0,0,3,11,1,2013,5,3,0,0,1313,63,4.1588830833596715,4.48863636973214,11.358573098138846,7.1808311990445555,6.5722825426940075,4.343805421853684,5.981414211254481,4.762173934797756,0.0,2.5649493574615367
10617,1989,Master,Single,10979.0,0,0,2014-05-22,34,8,4,10,2,2,4,2,3,0,3,5,0,0,0,0,0,0,3,11,0,2014,5,22,0,0,30,36,3.6109179126442243,3.5553480614894135,9.30383071506352,3.4339872044851463,2.1972245773362196,1.6094379124341003,2.3978952727983707,1.0986122886681096,1.0986122886681096,1.6094379124341003
11166,1961,Graduation,In a relationship,49678.0,0,1,2013-02-02,81,229,5,56,3,2,20,2,6,2,4,7,0,0,0,0,0,0,3,11,0,2013,2,2,1,1,315,64,4.174387269895637,4.406719247264253,10.813337587580296,5.755742213586912,5.438079308923196,1.791759469228055,4.04305126783455,1.3862943611198906,1.0986122886681096,3.044522437723423
849,1953,Master,In a relationship,56129.0,0,1,2013-06-20,65,320,48,133,39,72,48,4,6,2,10,4,0,0,0,0,0,0,3,11,0,2013,6,20,1,1,660,72,4.290459441148391,4.189654742026425,10.935425707936245,6.493753839851687,5.771441123130016,3.8918202981106265,4.897839799950911,3.6888794541139363,4.290459441148391,3.8918202981106265
523,1989,Graduation,In a relationship,37155.0,1,0,2013-01-31,51,23,0,26,7,15,3,1,2,0,4,5,0,0,0,0,0,0,3,11,0,2013,1,31,1,1,74,36,3.6109179126442243,3.9512437185814275,10.522880544507412,4.31748811353631,3.1780538303479458,0.0,3.295836866004329,2.0794415416798357,2.772588722239781,1.3862943611198906
4066,1978,2n Cycle,Single,21282.0,1,0,2014-05-11,76,1,5,8,4,8,20,2,2,1,2,6,0,0,0,0,0,0,3,11,0,2014,5,11,1,1,46,47,3.8712010109078907,4.343805421853684,9.965663910962803,3.8501476017100584,0.6931471805599453,1.791759469228055,2.1972245773362196,1.6094379124341003,2.1972245773362196,3.044522437723423
8414,1962,PhD,Single,33419.0,0,1,2013-08-17,76,56,0,12,0,0,18,2,2,0,4,7,0,0,0,0,0,0,3,11,0,2013,8,17,1,1,86,63,4.1588830833596715,4.343805421853684,10.416909802149386,4.465908118654584,4.04305126783455,0.0,2.5649493574615367,0.0,0.0,2.9444389791664403
819,1945,Graduation,Single,63285.0,0,0,2013-11-05,84,508,124,249,50,38,134,1,6,5,13,3,0,0,0,0,0,0,3,11,0,2013,11,5,0,0,1103,80,4.394449154672439,4.442651256490317,11.055419414634455,7.00669522683704,6.2324480165505225,4.8283137373023015,5.521460917862246,3.9318256327243257,3.6635616461296463,4.90527477843843
4961,1974,Master,In a relationship,21255.0,1,0,2014-01-21,56,29,0,25,2,2,3,4,2,1,4,4,0,0,0,0,0,0,3,11,0,2014,1,21,1,1,61,51,3.9512437185814275,4.04305126783455,9.96439448743965,4.127134385045092,3.4011973816621555,0.0,3.258096538021482,1.0986122886681096,1.0986122886681096,1.3862943611198906
749,1981,Graduation,In a relationship,42162.0,1,0,2013-11-19,31,46,7,59,2,4,27,2,3,1,3,6,1,0,0,0,0,0,3,11,1,2013,11,19,1,1,145,44,3.8066624897703196,3.4657359027997265,10.649298338178925,4.983606621708336,3.8501476017100584,2.0794415416798357,4.0943445622221,1.0986122886681096,1.6094379124341003,3.332204510175204
5430,1956,Graduation,In a relationship,54450.0,1,1,2012-09-14,0,454,0,171,8,19,32,12,9,2,8,8,0,0,0,0,0,0,3,11,0,2012,9,14,2,1,684,69,4.248495242049359,0.0,10.905056493665374,6.529418838262226,6.12029741895095,0.0,5.147494476813453,2.1972245773362196,2.995732273553991,3.4965075614664802
7755,1954,PhD,In a relationship,57744.0,0,1,2013-11-12,91,350,3,39,0,0,19,2,9,1,4,8,0,0,0,0,0,0,3,11,0,2013,11,12,1,1,411,71,4.276666119016055,4.5217885770490405,10.963792044549187,6.021023349349527,5.860786223465865,1.3862943611198906,3.6888794541139363,0.0,0.0,2.995732273553991
10525,1986,Graduation,Single,26576.0,1,0,2012-10-13,40,10,0,8,0,0,9,1,1,0,2,9,1,0,0,0,0,0,3,11,1,2012,10,13,1,1,27,39,3.6888794541139363,3.713572066704308,10.187801459080141,3.332204510175204,2.3978952727983707,0.0,2.1972245773362196,0.0,0.0,2.302585092994046
1453,1943,PhD,Single,57513.0,0,0,2013-07-06,59,735,40,183,52,20,30,2,9,3,13,6,0,0,0,0,0,0,3,11,0,2013,7,6,0,0,1060,82,4.418840607796598,4.0943445622221,10.95978367541029,6.966967138613983,6.601230118728877,3.713572066704308,5.214935757608986,3.970291913552122,3.044522437723423,3.4339872044851463
8310,1964,Graduation,In a relationship,68142.0,0,1,2012-08-29,96,897,126,196,91,112,37,3,10,4,7,6,0,0,0,0,0,0,3,11,0,2012,8,29,1,1,1459,61,4.127134385045092,4.574710978503383,11.129363717249026,7.286191714702382,6.8001700683022,4.844187086458591,5.2832037287379885,4.5217885770490405,4.727387818712341,3.6375861597263857
10710,1979,Graduation,In a relationship,7500.0,0,1,2012-08-29,61,5,2,3,3,0,5,1,1,0,2,8,0,0,0,0,0,0,3,11,0,2012,8,29,1,1,18,46,3.8501476017100584,4.127134385045092,8.922791623969637,2.9444389791664403,1.791759469228055,1.0986122886681096,1.3862943611198906,1.3862943611198906,0.0,1.791759469228055
5031,1974,Graduation,In a relationship,83145.0,0,0,2012-09-22,14,777,35,731,39,137,114,1,5,9,11,2,0,0,1,0,0,0,3,11,1,2012,9,22,0,0,1833,51,3.9512437185814275,2.70805020110221,11.32835337763112,7.51425465281641,6.656726524178391,3.58351893845611,6.595780513961311,3.6888794541139363,4.927253685157205,4.74493212836325
2613,1960,Master,In a relationship,54197.0,0,1,2014-04-03,16,162,6,37,6,13,13,2,1,3,6,1,0,0,0,0,0,0,3,11,0,2014,4,3,1,1,237,65,4.189654742026425,2.833213344056216,10.9003992863779,5.472270673671475,5.093750200806762,1.9459101490553132,3.6375861597263857,1.9459101490553132,2.639057329615259,2.639057329615259
213,1963,PhD,Single,23091.0,1,1,2014-05-28,98,35,0,11,0,0,2,4,2,1,3,7,0,0,0,0,0,0,3,11,0,2014,5,28,2,1,48,62,4.143134726391533,4.59511985013459,10.047241516180824,3.8918202981106265,3.58351893845611,0.0,2.4849066497880004,0.0,0.0,1.0986122886681096
967,1976,Graduation,In a relationship,46049.0,1,1,2013-07-21,11,342,9,112,19,14,19,10,5,2,9,7,0,0,0,0,0,0,3,11,1,2013,7,21,2,1,515,49,3.912023005428146,2.4849066497880004,10.737483041683452,6.246106765481563,5.83773044716594,2.302585092994046,4.727387818712341,2.995732273553991,2.70805020110221,2.995732273553991
1077,1974,Graduation,In a relationship,56715.0,0,0,2012-12-05,52,258,105,239,237,172,9,1,7,3,4,4,0,0,0,0,0,0,3,11,0,2012,12,5,0,0,1020,51,3.9512437185814275,3.970291913552122,10.94581163685745,6.928537818164665,5.556828061699537,4.663439094112067,5.480638923341991,5.472270673671475,5.153291594497779,2.302585092994046
7959,1961,Graduation,In a relationship,79410.0,0,0,2014-05-29,19,658,80,483,123,13,13,1,3,2,5,1,0,0,0,0,0,0,3,11,0,2014,5,29,0,0,1370,64,4.174387269895637,2.995732273553991,11.282392176682402,7.223295679562314,6.490723534502507,4.394449154672439,6.182084906716632,4.820281565605037,2.639057329615259,2.639057329615259
640,1951,Graduation,In a relationship,57304.0,0,1,2013-03-11,61,356,80,329,138,17,106,2,7,6,10,5,0,0,0,0,0,0,3,11,0,2013,3,11,1,1,1026,74,4.31748811353631,4.127134385045092,10.9561431589308,6.934397209928558,5.877735781779639,4.394449154672439,5.799092654460526,4.9344739331306915,2.8903717578961645,4.672828834461906
4252,1965,Graduation,In a relationship,44375.0,0,1,2014-03-23,73,213,5,28,7,7,41,1,4,1,6,5,0,0,0,0,0,0,3,11,0,2014,3,23,1,1,301,60,4.110873864173311,4.304065093204169,10.700454061735071,5.71042701737487,5.365976015021851,1.791759469228055,3.367295829986474,2.0794415416798357,2.0794415416798357,3.7376696182833684
8432,1956,Graduation,In a relationship,54450.0,1,1,2012-09-14,0,454,0,171,8,19,32,12,9,2,8,8,0,0,0,0,0,0,3,11,0,2012,9,14,2,1,684,69,4.248495242049359,0.0,10.905056493665374,6.529418838262226,6.12029741895095,0.0,5.147494476813453,2.1972245773362196,2.995732273553991,3.4965075614664802
6218,1965,Graduation,In a relationship,59594.0,0,1,2012-10-20,74,457,4,29,0,0,9,1,8,1,7,7,0,1,0,0,0,0,3,11,0,2012,10,20,1,1,499,60,4.110873864173311,4.31748811353631,10.99532695691681,6.214608098422191,6.126869184114185,1.6094379124341003,3.4011973816621555,0.0,0.0,2.302585092994046
6905,1994,Graduation,In a relationship,80685.0,0,0,2012-08-22,55,241,45,604,34,26,54,1,6,4,10,2,0,0,0,0,0,0,3,11,0,2012,8,22,0,0,1004,31,3.4657359027997265,4.02535169073515,11.298320357176074,6.912742820493176,5.488937726156687,3.828641396489095,6.405228458030842,3.5553480614894135,3.295836866004329,4.007333185232471
5922,1974,PhD,In a relationship,40344.0,0,1,2013-10-13,48,210,0,6,0,0,2,2,4,1,5,7,0,0,0,0,0,0,3,11,0,2013,10,13,1,1,218,51,3.9512437185814275,3.8918202981106265,10.605222750282607,5.389071729816501,5.351858133476067,0.0,1.9459101490553132,0.0,0.0,1.0986122886681096
3598,1972,Graduation,In a relationship,62710.0,0,1,2013-05-23,53,441,35,83,7,29,11,4,4,2,12,4,0,0,0,0,0,0,3,11,0,2013,5,23,1,1,606,53,3.9889840465642745,3.9889840465642745,11.046292149829952,6.408528791059498,6.091309882077698,3.58351893845611,4.430816798843313,2.0794415416798357,3.4011973816621555,2.4849066497880004
6116,1968,2n Cycle,In a relationship,48985.0,0,1,2013-07-05,13,19,13,18,10,7,8,1,1,1,3,3,0,0,0,0,0,0,3,11,0,2013,7,5,1,1,75,57,4.060443010546419,2.639057329615259,10.799289821982947,4.330733340286331,2.995732273553991,2.639057329615259,2.9444389791664403,2.3978952727983707,2.0794415416798357,2.1972245773362196
6263,1968,Graduation,In a relationship,35322.0,1,2,2012-08-22,34,28,9,37,12,7,13,3,2,0,4,8,0,0,0,0,0,0,3,11,0,2012,8,22,3,1,106,57,4.060443010546419,3.5553480614894135,10.472289588823237,4.672828834461906,3.367295829986474,2.302585092994046,3.6375861597263857,2.5649493574615367,2.0794415416798357,2.639057329615259
10486,1948,Graduation,In a relationship,77142.0,0,0,2013-05-29,54,476,75,162,29,151,97,1,4,4,8,2,0,0,0,0,0,0,3,11,0,2013,5,29,0,0,990,77,4.356708826689592,4.007333185232471,11.253416121335281,6.898714534329988,6.1675164908883415,4.330733340286331,5.093750200806762,3.4011973816621555,5.0238805208462765,4.584967478670572
2410,1969,Graduation,Single,81657.0,0,0,2014-01-22,69,364,40,425,158,60,50,1,3,4,8,1,0,0,0,0,0,0,3,11,0,2014,1,22,0,0,1097,56,4.04305126783455,4.248495242049359,11.31029507277839,7.001245622069476,5.8998973535824915,3.713572066704308,6.054439346269371,5.0689042022202315,4.110873864173311,3.9318256327243257
193,1996,Basic,In a relationship,14421.0,0,0,2014-02-17,81,0,0,2,3,3,8,1,1,0,2,5,1,0,0,0,0,0,3,11,0,2014,2,17,0,0,16,29,3.4011973816621555,4.406719247264253,9.576510097476705,2.833213344056216,0.0,0.0,1.0986122886681096,1.3862943611198906,1.3862943611198906,2.1972245773362196
3363,1974,2n Cycle,In a relationship,20130.0,0,0,2014-03-17,99,0,6,3,7,6,12,1,1,0,3,8,0,0,0,0,0,0,3,11,0,2014,3,17,0,0,34,51,3.9512437185814275,4.605170185988092,9.910016194498828,3.5553480614894135,0.0,1.9459101490553132,1.3862943611198906,2.0794415416798357,1.9459101490553132,2.5649493574615367
8278,1990,PhD,In a relationship,74214.0,0,0,2012-08-26,3,863,83,547,86,99,33,1,8,2,5,5,0,0,0,0,0,0,3,11,0,2012,8,26,0,0,1711,35,3.58351893845611,1.3862943611198906,11.214721565058865,7.445417556701687,6.761572768804055,4.430816798843313,6.306275286948016,4.465908118654584,4.605170185988092,3.5263605246161616
10660,1957,Master,In a relationship,66726.0,1,1,2014-01-12,61,349,7,35,0,0,47,3,8,2,4,7,0,1,0,0,0,0,3,11,0,2014,1,12,2,1,438,68,4.23410650459726,4.127134385045092,11.108364947596469,6.0844994130751715,5.857933154483459,2.0794415416798357,3.58351893845611,0.0,0.0,3.8712010109078907
8686,1979,Basic,In a relationship,23724.0,1,0,2013-01-08,65,5,23,15,0,18,14,2,2,0,3,8,0,0,0,0,0,0,3,11,0,2013,1,8,1,1,75,46,3.8501476017100584,4.189654742026425,10.074284623478128,4.330733340286331,1.791759469228055,3.1780538303479458,2.772588722239781,0.0,2.9444389791664403,2.70805020110221
1604,1960,Master,In a relationship,47353.0,0,1,2013-11-13,93,184,2,19,8,8,4,3,2,2,6,5,0,0,0,0,0,0,3,11,0,2013,11,13,1,1,225,65,4.189654742026425,4.543294782270004,10.765406572342945,5.420534999272286,5.220355825078325,1.0986122886681096,2.995732273553991,2.1972245773362196,2.1972245773362196,1.6094379124341003
5907,1952,Master,In a relationship,33444.0,1,1,2012-11-03,24,8,0,8,0,0,2,1,1,0,2,8,0,0,0,0,0,0,3,11,0,2012,11,3,2,1,18,73,4.304065093204169,3.2188758248682006,10.417657577552509,2.9444389791664403,2.1972245773362196,0.0,2.1972245773362196,0.0,0.0,1.0986122886681096
10669,1981,Graduation,In a relationship,54386.0,0,1,2013-05-17,8,277,21,64,62,21,25,2,3,2,10,3,0,0,0,0,0,0,3,11,0,2013,5,17,1,1,470,44,3.8066624897703196,2.1972245773362196,10.903880433697777,6.154858094016418,5.627621113690637,3.091042453358316,4.174387269895637,4.143134726391533,3.091042453358316,3.258096538021482
2918,1981,Graduation,Single,28510.0,1,1,2013-04-13,72,44,5,19,0,4,19,3,2,0,4,5,0,0,0,0,0,0,3,11,0,2013,4,13,2,1,91,44,3.8066624897703196,4.290459441148391,10.258045256703726,4.5217885770490405,3.8066624897703196,1.791759469228055,2.995732273553991,0.0,1.6094379124341003,2.995732273553991
5735,1991,Master,Single,90638.0,0,0,2014-02-13,29,1156,120,915,94,144,96,1,3,4,10,1,0,0,1,0,0,0,3,11,0,2014,2,13,0,0,2525,34,3.5553480614894135,3.4011973816621555,11.414639862984364,7.8343923029104365,7.053585727193677,4.795790545596741,6.82001636467413,4.553876891600541,4.976733742420574,4.574710978503383
359,1950,Graduation,In a relationship,48070.0,0,1,2013-01-13,33,373,14,83,6,9,19,3,8,2,6,7,0,0,0,0,0,1,3,11,0,2013,1,13,1,1,504,75,4.330733340286331,3.5263605246161616,10.780434363667258,6.22455842927536,5.924255797414532,2.70805020110221,4.430816798843313,1.9459101490553132,2.302585092994046,2.995732273553991
8387,1957,Graduation,In a relationship,43140.0,0,1,2013-01-05,68,134,8,76,6,0,11,1,4,1,5,6,0,0,0,0,0,0,3,11,0,2013,1,5,1,1,235,68,4.23410650459726,4.23410650459726,10.672229100017557,5.4638318050256105,4.90527477843843,2.1972245773362196,4.343805421853684,1.9459101490553132,0.0,2.4849066497880004
1829,1961,PhD,Single,54959.0,0,1,2013-01-19,55,1148,0,60,0,0,24,3,9,5,4,7,0,1,0,0,0,0,3,11,1,2013,1,19,1,1,1232,64,4.174387269895637,4.02535169073515,10.914360926896231,7.117205503164344,7.046647277848756,0.0,4.110873864173311,0.0,0.0,3.2188758248682006
3839,1958,Basic,Single,15056.0,1,1,2013-05-03,76,6,12,3,21,6,40,5,2,2,3,5,0,0,0,0,0,0,3,11,0,2013,5,3,2,1,88,67,4.219507705176107,4.343805421853684,9.619598278323043,4.48863636973214,1.9459101490553132,2.5649493574615367,1.3862943611198906,3.091042453358316,1.9459101490553132,3.713572066704308
9392,1971,Graduation,Single,26954.0,1,0,2014-05-08,17,4,1,11,0,0,1,1,1,0,2,7,0,0,0,0,0,0,3,11,0,2014,5,8,1,1,17,54,4.007333185232471,2.8903717578961645,10.20192408788577,2.8903717578961645,1.6094379124341003,0.6931471805599453,2.4849066497880004,0.0,0.0,0.6931471805599453
2292,1985,Graduation,Single,22327.0,1,0,2013-08-02,94,5,4,8,2,0,5,1,1,0,3,5,0,0,0,0,0,0,3,11,0,2013,8,2,1,1,24,40,3.713572066704308,4.553876891600541,10.013596775216158,3.2188758248682006,1.791759469228055,1.6094379124341003,2.1972245773362196,1.0986122886681096,0.0,1.791759469228055
10466,1965,Graduation,In a relationship,44393.0,1,1,2013-08-22,86,24,2,20,2,2,10,2,1,0,4,4,0,0,0,0,0,0,3,11,0,2013,8,22,2,1,60,60,4.110873864173311,4.465908118654584,10.700859604153607,4.110873864173311,3.2188758248682006,1.0986122886681096,3.044522437723423,1.0986122886681096,1.0986122886681096,2.3978952727983707
9855,1952,PhD,Single,62000.0,0,1,2013-08-25,25,899,0,101,0,0,20,1,6,6,13,4,0,0,0,1,0,0,3,11,0,2013,8,25,1,1,1020,73,4.304065093204169,3.258096538021482,11.034905792929415,6.928537818164665,6.802394763324311,0.0,4.624972813284271,0.0,0.0,3.044522437723423
4088,1962,PhD,In a relationship,31497.0,0,1,2012-12-06,22,108,1,28,13,1,4,2,3,1,4,8,0,0,0,0,0,0,3,11,0,2012,12,6,1,1,155,63,4.1588830833596715,3.1354942159291497,10.357679330734525,5.049856007249537,4.6913478822291435,0.6931471805599453,3.367295829986474,2.639057329615259,0.6931471805599453,1.6094379124341003
5231,1974,2n Cycle,In a relationship,45894.0,0,2,2014-02-27,15,27,2,7,0,2,13,1,1,0,3,5,0,0,0,0,0,0,3,11,0,2014,2,27,2,1,51,51,3.9512437185814275,2.772588722239781,10.734111457653192,3.9512437185814275,3.332204510175204,1.0986122886681096,2.0794415416798357,0.0,1.0986122886681096,2.639057329615259
590,1970,Master,Single,78579.0,0,0,2012-12-22,35,816,66,549,216,66,99,1,5,6,4,3,0,0,0,0,0,0,3,11,1,2012,12,22,0,0,1812,55,4.02535169073515,3.58351893845611,11.27187249311245,7.502738210754851,6.705639094860003,4.204692619390966,6.309918278226516,5.37989735354046,4.204692619390966,4.605170185988092
8732,1969,Master,Single,67369.0,0,1,2012-11-17,81,1298,0,70,37,14,42,4,7,4,10,4,0,1,1,0,0,0,3,11,1,2012,11,17,1,1,1461,56,4.04305126783455,4.406719247264253,11.117955093954706,7.2875606403097235,7.1693500166706,0.0,4.2626798770413155,3.6375861597263857,2.70805020110221,3.7612001156935624
2315,1960,Graduation,Single,58401.0,0,1,2014-04-20,55,10,0,11,17,29,29,1,1,2,2,4,0,0,0,0,0,0,3,11,0,2014,4,20,1,1,96,65,4.189654742026425,4.02535169073515,10.97510541480526,4.574710978503383,2.3978952727983707,0.0,2.4849066497880004,2.8903717578961645,3.4011973816621555,3.4011973816621555
3515,1952,Graduation,Single,62307.0,0,1,2014-02-17,94,87,13,34,10,6,10,1,4,0,4,5,0,0,0,0,0,0,3,11,0,2014,2,17,1,1,160,73,4.304065093204169,4.553876891600541,11.039845107446496,5.081404364984463,4.477336814478207,2.639057329615259,3.5553480614894135,2.3978952727983707,1.9459101490553132,2.3978952727983707
2245,1969,Master,In a relationship,43641.0,1,1,2013-04-22,50,57,2,51,4,2,23,3,2,1,4,6,0,0,0,0,0,0,3,11,0,2013,4,22,2,1,139,56,4.04305126783455,3.9318256327243257,10.683775268411074,4.941642422609304,4.060443010546419,1.0986122886681096,3.9512437185814275,1.6094379124341003,1.0986122886681096,3.1780538303479458
6283,1968,Master,Single,63841.0,0,1,2013-04-21,64,635,15,100,20,7,131,1,9,3,9,6,0,0,0,0,0,0,3,11,0,2013,4,21,1,1,908,57,4.060443010546419,4.174387269895637,11.06416655995377,6.812345094177479,6.455198563340122,2.772588722239781,4.61512051684126,3.044522437723423,2.0794415416798357,4.882801922586371
2246,1965,2n Cycle,In a relationship,46891.0,0,1,2013-09-01,91,43,12,23,29,15,61,1,2,1,4,4,0,0,0,0,0,0,3,11,0,2013,9,1,1,1,183,60,4.110873864173311,4.5217885770490405,10.755602364191718,5.214935757608986,3.784189633918261,2.5649493574615367,3.1780538303479458,3.4011973816621555,2.772588722239781,4.127134385045092
6606,1969,Master,In a relationship,70091.0,1,0,2013-03-31,11,964,34,137,15,0,11,2,5,2,10,8,0,1,0,0,0,0,3,11,0,2013,3,31,1,1,1161,56,4.04305126783455,2.4849066497880004,11.15756394382831,7.057897937411856,6.872128101338986,3.5553480614894135,4.927253685157205,2.772588722239781,0.0,2.4849066497880004
5545,1972,PhD,In a relationship,78075.0,0,0,2014-04-05,72,572,8,259,34,35,80,1,3,5,5,1,0,0,0,0,0,0,3,11,0,2014,4,5,0,0,988,53,3.9889840465642745,4.290459441148391,11.265437990266502,6.8966943316227125,6.35088571671474,2.1972245773362196,5.560681631015528,3.5553480614894135,3.58351893845611,4.394449154672439
7342,1961,2n Cycle,Single,59184.0,0,1,2012-09-09,6,341,142,113,259,151,66,3,6,6,12,5,0,0,0,0,0,0,3,11,0,2012,9,9,1,1,1072,64,4.174387269895637,1.9459101490553132,10.988423410387995,6.9782137426306985,5.834810737062605,4.962844630259907,4.736198448394496,5.560681631015528,5.0238805208462765,4.204692619390966
837,1977,Graduation,In a relationship,54809.0,1,1,2013-09-11,0,63,6,57,13,13,22,4,2,1,5,4,0,0,0,0,0,0,3,11,0,2013,9,11,2,1,174,48,3.8918202981106265,0.0,10.911627938040162,5.1647859739235145,4.1588830833596715,1.9459101490553132,4.060443010546419,2.639057329615259,2.639057329615259,3.1354942159291497
9500,1959,Graduation,In a relationship,58113.0,0,1,2013-01-25,66,221,104,169,102,78,84,3,9,2,8,7,0,0,0,0,0,1,3,11,0,2013,1,25,1,1,758,66,4.204692619390966,4.204692619390966,10.970161877668298,6.6320017773956295,5.402677381872279,4.653960350157523,5.135798437050262,4.634728988229636,4.3694478524670215,4.442651256490317
3602,1958,Master,In a relationship,51412.0,0,1,2013-12-31,42,140,3,29,4,5,14,2,3,2,4,4,0,0,0,0,0,0,3,11,0,2013,12,31,1,1,195,67,4.219507705176107,3.7612001156935624,10.847646337752757,5.278114659230518,4.948759890378168,1.3862943611198906,3.4011973816621555,1.6094379124341003,1.791759469228055,2.70805020110221
234,1979,Graduation,Single,15287.0,1,0,2012-10-10,60,1,2,8,4,3,13,2,1,1,2,7,1,0,0,0,0,0,3,11,1,2012,10,10,1,1,31,46,3.8501476017100584,4.110873864173311,9.634823485920109,3.4657359027997265,0.6931471805599453,1.0986122886681096,2.1972245773362196,1.6094379124341003,1.3862943611198906,2.639057329615259
2995,1957,Master,In a relationship,66636.0,0,0,2013-08-17,64,291,10,689,84,10,0,1,3,4,9,1,0,0,0,0,0,0,3,11,0,2013,8,17,0,0,1084,68,4.23410650459726,4.174387269895637,11.10701525782018,6.98933526597456,5.676753802268282,2.3978952727983707,6.536691597591305,4.442651256490317,2.3978952727983707,0.0
1118,1956,Master,In a relationship,50965.0,0,1,2013-02-20,87,544,13,85,8,6,29,3,10,4,5,8,1,0,0,0,0,0,3,11,0,2013,2,20,1,1,685,69,4.248495242049359,4.477336814478207,10.83891402271876,6.530877627725885,6.300785794663244,2.639057329615259,4.454347296253507,2.1972245773362196,1.9459101490553132,3.4011973816621555
7789,1965,PhD,In a relationship,84618.0,0,0,2013-11-22,96,684,100,801,21,66,0,1,6,9,10,2,0,0,1,0,0,0,3,11,0,2013,11,22,0,0,1672,60,4.110873864173311,4.574710978503383,11.345914106667006,7.422373700986824,6.529418838262226,4.61512051684126,6.687108607866515,3.091042453358316,4.204692619390966,0.0
3068,1990,Graduation,In a relationship,18351.0,0,0,2013-10-29,1,1,12,9,0,14,7,1,2,0,3,7,0,0,0,0,0,0,3,11,0,2013,10,29,0,0,43,35,3.58351893845611,0.6931471805599453,9.817493839369153,3.784189633918261,0.6931471805599453,2.5649493574615367,2.302585092994046,0.0,2.70805020110221,2.0794415416798357
8955,1957,PhD,In a relationship,40451.0,0,2,2014-02-16,54,35,0,4,0,0,10,1,1,1,2,5,1,0,0,0,0,0,3,11,0,2014,2,16,2,1,49,68,4.23410650459726,4.007333185232471,10.607871365022062,3.912023005428146,3.58351893845611,0.0,1.6094379124341003,0.0,0.0,2.3978952727983707
945,1965,Graduation,In a relationship,36317.0,0,1,2013-05-22,53,87,3,25,3,2,13,2,3,0,4,7,0,0,0,0,0,0,3,11,0,2013,5,22,1,1,133,60,4.110873864173311,3.9889840465642745,10.500068765119742,4.897839799950911,4.477336814478207,1.3862943611198906,3.258096538021482,1.3862943611198906,1.0986122886681096,2.639057329615259
5644,1957,Graduation,In a relationship,42213.0,0,1,2013-10-12,96,309,3,24,4,3,20,2,5,1,7,7,0,1,0,0,0,0,3,11,0,2013,10,12,1,1,363,68,4.23410650459726,4.574710978503383,10.650507198560563,5.8971538676367405,5.736572297479192,1.3862943611198906,3.2188758248682006,1.6094379124341003,1.3862943611198906,3.044522437723423
7192,1955,Graduation,In a relationship,65748.0,0,1,2013-04-15,58,172,73,93,95,78,34,2,2,4,10,1,0,0,0,0,0,1,3,11,0,2013,4,15,1,1,545,70,4.2626798770413155,4.07753744390572,11.093599740798876,6.302618975744905,5.153291594497779,4.304065093204169,4.543294782270004,4.564348191467836,4.3694478524670215,3.5553480614894135
2324,1972,Graduation,In a relationship,77044.0,0,1,2013-10-27,12,625,38,242,50,34,76,2,7,11,11,4,1,0,0,0,0,0,3,11,0,2013,10,27,1,1,1065,53,3.9889840465642745,2.5649493574615367,11.252144945715953,6.97166860472579,6.439350371100098,3.6635616461296463,5.493061443340548,3.9318256327243257,3.5553480614894135,4.343805421853684
697,1969,Graduation,In a relationship,74918.0,0,0,2013-03-12,78,972,59,913,25,19,59,1,5,9,6,3,0,0,1,0,0,0,3,11,0,2013,3,12,0,0,2047,56,4.04305126783455,4.3694478524670215,11.224162808898203,7.6246189861593985,6.880384082186005,4.0943445622221,6.81783057145415,3.258096538021482,2.995732273553991,4.0943445622221
3439,1972,Graduation,In a relationship,56721.0,1,1,2012-10-31,64,157,6,39,6,13,75,5,4,1,5,6,0,0,0,0,0,0,3,11,0,2012,10,31,2,1,296,53,3.9889840465642745,4.174387269895637,10.945917421515245,5.6937321388027,5.062595033026967,1.9459101490553132,3.6888794541139363,1.9459101490553132,2.639057329615259,4.330733340286331
1506,1975,Graduation,Single,42160.0,1,1,2013-06-28,26,48,9,45,3,15,20,4,2,1,4,6,0,0,0,0,0,0,3,11,1,2013,6,28,2,1,140,50,3.9318256327243257,3.295836866004329,10.649250902099034,4.948759890378168,3.8918202981106265,2.302585092994046,3.828641396489095,1.3862943611198906,2.772588722239781,3.044522437723423
232,1965,Graduation,Single,61559.0,0,1,2013-07-17,8,279,83,88,32,14,34,1,4,2,10,3,0,0,0,0,0,0,3,11,0,2013,7,17,1,1,530,60,4.110873864173311,2.1972245773362196,11.027767587952816,6.274762021241939,5.634789603169249,4.430816798843313,4.48863636973214,3.4965075614664802,2.70805020110221,3.5553480614894135
8876,1963,PhD,In a relationship,33629.0,1,1,2012-08-08,49,132,0,16,0,0,4,5,3,1,4,9,0,0,0,0,0,0,3,11,0,2012,8,8,2,1,152,62,4.143134726391533,3.912023005428146,10.423173804734315,5.030437921392435,4.890349128221754,0.0,2.833213344056216,0.0,0.0,1.6094379124341003
4500,1991,PhD,In a relationship,68682.0,0,0,2013-10-06,56,919,0,505,99,30,45,1,4,9,10,2,0,0,0,0,0,0,3,11,0,2013,10,6,0,0,1598,34,3.5553480614894135,4.04305126783455,11.137256994896104,7.377133712833954,6.824373670043086,0.0,6.226536669287466,4.605170185988092,3.4339872044851463,3.828641396489095
9739,1963,Graduation,Single,34377.0,0,1,2013-01-19,55,62,0,22,3,1,26,2,2,2,2,7,0,0,0,0,0,0,3,11,0,2013,1,19,1,1,114,62,4.143134726391533,4.02535169073515,10.445172103888103,4.74493212836325,4.143134726391533,0.0,3.1354942159291497,1.3862943611198906,0.6931471805599453,3.295836866004329
10395,1986,Basic,Single,8940.0,1,0,2012-08-22,25,1,45,3,4,6,42,3,3,1,3,8,0,0,0,0,0,0,3,11,0,2012,8,22,1,1,101,39,3.6888794541139363,3.258096538021482,9.098402718735318,4.624972813284271,0.6931471805599453,3.828641396489095,1.3862943611198906,1.6094379124341003,1.9459101490553132,3.7612001156935624
1176,1973,Graduation,In a relationship,26228.0,1,0,2013-09-22,50,2,6,4,3,1,9,1,1,0,2,8,0,0,0,0,0,0,3,11,0,2013,9,22,1,1,25,52,3.970291913552122,3.9318256327243257,10.174620947849,3.258096538021482,1.0986122886681096,1.9459101490553132,1.6094379124341003,1.3862943611198906,0.6931471805599453,2.302585092994046
1627,1957,2n Cycle,Single,77297.0,0,0,2013-01-26,84,408,61,109,48,122,41,1,5,7,9,4,0,0,0,1,0,0,3,11,0,2013,1,26,0,0,789,68,4.23410650459726,4.442651256490317,11.255423361019579,6.672032945461067,6.013715156042802,4.127134385045092,4.700480365792417,3.8918202981106265,4.812184355372417,3.7376696182833684
938,1981,Graduation,In a relationship,40211.0,1,1,2013-07-30,30,51,1,7,2,1,25,2,2,1,2,8,1,0,0,0,0,0,3,11,0,2013,7,30,2,1,87,44,3.8066624897703196,3.4339872044851463,10.60192073752531,4.477336814478207,3.9512437185814275,0.6931471805599453,2.0794415416798357,1.0986122886681096,0.6931471805599453,3.258096538021482
2740,1958,PhD,Single,33438.0,1,1,2013-09-22,81,62,1,16,3,2,6,4,2,1,4,5,0,0,0,0,0,0,3,11,0,2013,9,22,2,1,90,67,4.219507705176107,4.406719247264253,10.417478162445276,4.51085950651685,4.143134726391533,0.6931471805599453,2.833213344056216,1.3862943611198906,1.0986122886681096,1.9459101490553132
257,1959,PhD,In a relationship,75032.0,0,1,2013-04-28,74,952,12,180,47,12,12,2,5,4,9,3,0,0,0,0,0,0,3,11,0,2013,4,28,1,1,1215,66,4.204692619390966,4.31748811353631,11.225683295746833,7.103322062526113,6.859614903654202,2.5649493574615367,5.198497031265826,3.8712010109078907,2.5649493574615367,2.5649493574615367
4058,1955,PhD,Single,61284.0,0,0,2013-10-12,76,618,15,106,20,7,45,1,11,2,8,6,0,1,0,0,0,0,3,11,0,2013,10,12,0,0,811,70,4.2626798770413155,4.343805421853684,11.023290393775266,6.699500340161678,6.428105272684596,2.772588722239781,4.672828834461906,3.044522437723423,2.0794415416798357,3.828641396489095
7736,1986,Graduation,In a relationship,22518.0,1,0,2012-10-22,36,11,7,12,2,2,27,2,2,1,2,5,1,0,0,0,0,0,3,11,1,2012,10,22,1,1,61,39,3.6888794541139363,3.6109179126442243,10.02211467629434,4.127134385045092,2.4849066497880004,2.0794415416798357,2.5649493574615367,1.0986122886681096,1.0986122886681096,3.332204510175204
8210,1975,Master,In a relationship,54730.0,0,1,2013-08-15,64,318,3,17,4,7,56,5,4,1,8,4,0,0,0,0,0,0,3,11,0,2013,8,15,1,1,405,50,3.9318256327243257,4.174387269895637,10.91018555548575,6.0063531596017325,5.765191102784844,1.3862943611198906,2.8903717578961645,1.6094379124341003,2.0794415416798357,4.04305126783455
833,1955,Master,In a relationship,38452.0,1,1,2014-03-30,62,56,0,14,0,0,2,3,3,0,3,7,0,0,0,0,0,0,3,11,0,2014,3,30,2,1,72,70,4.2626798770413155,4.143134726391533,10.557191995297144,4.290459441148391,4.04305126783455,0.0,2.70805020110221,0.0,0.0,1.0986122886681096
6230,1971,Graduation,Single,44421.0,1,1,2013-02-15,53,110,5,59,7,1,7,5,5,0,4,8,0,0,0,0,0,0,3,11,0,2013,2,15,2,1,189,54,4.007333185232471,3.9889840465642745,10.701490121198454,5.247024072160486,4.709530201312334,1.791759469228055,4.0943445622221,2.0794415416798357,0.6931471805599453,2.0794415416798357
7325,1986,PhD,In a relationship,38197.0,1,0,2013-06-29,86,23,0,11,2,1,3,1,1,0,3,5,0,0,0,0,0,0,3,11,0,2013,6,29,1,1,40,39,3.6888794541139363,4.465908118654584,10.5505384372031,3.713572066704308,3.1780538303479458,0.0,2.4849066497880004,1.0986122886681096,0.6931471805599453,1.3862943611198906
1307,1978,Graduation,Single,41986.0,0,1,2014-02-09,15,27,5,8,8,3,12,3,3,0,4,4,0,0,0,0,0,0,3,11,0,2014,2,9,1,1,63,47,3.8712010109078907,2.772588722239781,10.6451153255436,4.1588830833596715,3.332204510175204,1.791759469228055,2.1972245773362196,2.1972245773362196,1.3862943611198906,2.5649493574615367
1502,1983,Graduation,In a relationship,28427.0,1,0,2013-03-21,67,18,3,19,3,3,6,2,2,0,3,8,0,0,0,0,0,0,3,11,0,2013,3,21,1,1,52,42,3.7612001156935624,4.219507705176107,10.255129853946785,3.970291913552122,2.9444389791664403,1.3862943611198906,2.995732273553991,1.3862943611198906,1.3862943611198906,1.9459101490553132
6211,1976,PhD,In a relationship,37395.0,1,0,2014-05-02,47,18,0,9,0,1,11,1,1,0,3,6,0,0,0,0,0,0,3,11,0,2014,5,2,1,1,39,49,3.912023005428146,3.8712010109078907,10.529319025811207,3.6888794541139363,2.9444389791664403,0.0,2.302585092994046,0.0,0.6931471805599453,2.4849066497880004
843,1971,Graduation,In a relationship,64722.0,1,0,2014-05-26,47,303,0,280,60,147,15,4,8,2,11,6,0,0,0,0,0,0,3,11,0,2014,5,26,1,1,805,54,4.007333185232471,3.8712010109078907,11.07787190418095,6.692083742506628,5.717027701406222,0.0,5.638354669333745,4.110873864173311,4.997212273764115,2.772588722239781
4174,1956,Master,In a relationship,55249.0,0,1,2014-04-17,81,97,1,19,2,0,11,1,2,1,4,3,0,0,0,0,0,0,3,11,0,2014,4,17,1,1,130,69,4.248495242049359,4.406719247264253,10.91962361938,4.875197323201151,4.584967478670572,0.6931471805599453,2.995732273553991,1.0986122886681096,0.0,2.4849066497880004
9757,1972,Graduation,In a relationship,84906.0,0,0,2013-10-04,98,997,15,414,99,30,76,1,5,6,12,2,0,1,1,0,1,0,3,11,0,2013,10,4,0,0,1631,53,3.9889840465642745,4.59511985013459,11.349311818841736,7.397561535524052,6.905753276311464,2.772588722239781,6.028278520230698,4.605170185988092,3.4339872044851463,4.343805421853684
6918,1989,Graduation,In a relationship,28691.0,1,0,2013-07-04,56,5,4,13,8,0,4,1,1,0,3,8,0,0,0,0,0,0,3,11,0,2013,7,4,1,1,34,36,3.6109179126442243,4.04305126783455,10.264373617246324,3.5553480614894135,1.791759469228055,1.6094379124341003,2.639057329615259,2.1972245773362196,0.0,1.6094379124341003
286,1952,Graduation,Single,44213.0,1,1,2013-11-29,48,95,11,35,0,4,7,4,2,1,5,6,0,0,0,0,0,0,3,11,0,2013,11,29,2,1,152,73,4.304065093204169,3.8918202981106265,10.696796759995054,5.030437921392435,4.564348191467836,2.4849066497880004,3.58351893845611,0.0,1.6094379124341003,2.0794415416798357
11086,1984,Basic,Single,25707.0,1,0,2014-01-18,18,1,6,2,3,6,3,1,1,0,3,7,0,0,0,0,0,0,3,11,0,2014,1,18,1,1,21,41,3.7376696182833684,2.9444389791664403,10.154557506491177,3.091042453358316,0.6931471805599453,1.9459101490553132,1.0986122886681096,1.3862943611198906,1.9459101490553132,1.3862943611198906
1921,1967,PhD,In a relationship,59062.0,2,1,2013-10-03,74,46,1,12,3,0,9,2,2,0,3,4,0,0,0,0,0,0,3,11,0,2013,10,3,3,1,71,58,4.07753744390572,4.31748811353631,10.986359949808731,4.276666119016055,3.8501476017100584,0.6931471805599453,2.5649493574615367,1.3862943611198906,0.0,2.302585092994046
4138,1962,Graduation,Single,76624.0,0,1,2014-05-24,68,411,106,147,54,115,66,1,5,10,7,1,1,0,0,0,0,0,3,11,0,2014,5,24,1,1,899,63,4.1588830833596715,4.23410650459726,11.246678673238513,6.802394763324311,6.021023349349527,4.672828834461906,4.997212273764115,4.007333185232471,4.7535901911063645,4.204692619390966
7718,1947,Master,In a relationship,66000.0,0,0,2014-04-20,36,244,51,270,101,0,45,1,1,3,5,1,0,0,0,0,0,0,3,11,0,2014,4,20,0,0,711,78,4.3694478524670215,3.6109179126442243,11.097425172408931,6.568077911411976,5.501258210544727,3.9512437185814275,5.602118820879701,4.624972813284271,0.0,3.828641396489095
1291,1978,PhD,In a relationship,27683.0,1,0,2012-08-04,90,152,9,121,12,12,45,4,6,2,4,8,0,0,0,0,0,0,3,11,0,2012,8,4,1,1,351,47,3.8712010109078907,4.51085950651685,10.228609907961754,5.863631175598097,5.030437921392435,2.302585092994046,4.804021044733257,2.5649493574615367,2.5649493574615367,3.828641396489095
6862,1971,Graduation,Single,1730.0,0,0,2014-05-18,65,1,1,3,1,1,1,15,0,0,0,20,0,0,0,0,0,0,3,11,0,2014,5,18,0,0,8,54,4.007333185232471,4.189654742026425,7.456454555176209,2.1972245773362196,0.6931471805599453,0.6931471805599453,1.3862943611198906,0.6931471805599453,0.6931471805599453,0.6931471805599453
4136,1992,Basic,Single,7500.0,1,0,2012-12-03,63,10,17,18,8,26,40,4,3,2,2,9,0,0,0,0,0,0,3,11,0,2012,12,3,1,1,119,33,3.5263605246161616,4.1588830833596715,8.922791623969637,4.787491742782046,2.3978952727983707,2.8903717578961645,2.9444389791664403,2.1972245773362196,3.295836866004329,3.713572066704308
803,1968,Graduation,In a relationship,40521.0,1,1,2013-04-05,82,12,0,5,0,0,4,1,0,1,2,5,0,0,0,0,0,0,3,11,0,2013,4,5,2,1,21,57,4.060443010546419,4.418840607796598,10.609600315486096,3.091042453358316,2.5649493574615367,0.0,1.791759469228055,0.0,0.0,1.6094379124341003
4298,1973,PhD,In a relationship,20427.0,1,0,2014-03-24,63,5,0,4,0,0,1,1,1,0,2,8,0,0,0,0,0,0,3,11,0,2014,3,24,1,1,10,52,3.970291913552122,4.1588830833596715,9.924661787767535,2.3978952727983707,1.791759469228055,0.0,1.6094379124341003,0.0,0.0,0.6931471805599453
10833,1975,Graduation,In a relationship,65106.0,0,1,2014-05-24,55,790,19,133,12,0,19,3,8,3,13,6,0,1,0,0,0,0,3,11,0,2014,5,24,1,1,973,50,3.9318256327243257,4.02535169073515,11.083787349297781,6.881411303642535,6.673297967767654,2.995732273553991,4.897839799950911,2.5649493574615367,0.0,2.995732273553991
9606,1965,PhD,In a relationship,69969.0,0,0,2013-08-27,64,882,29,514,38,29,44,1,4,2,6,3,0,0,1,1,0,0,3,11,1,2013,8,27,0,0,1536,60,4.110873864173311,4.174387269895637,11.155821857739943,7.337587743538596,6.78332520060396,3.4011973816621555,6.244166900663736,3.6635616461296463,3.4011973816621555,3.8066624897703196
8534,1952,Graduation,In a relationship,67433.0,0,2,2013-07-16,51,615,28,259,12,48,30,4,6,5,13,4,0,1,0,0,0,0,3,11,0,2013,7,16,2,1,992,73,4.304065093204169,3.9512437185814275,11.118904620746322,6.900730664045173,6.423246963533519,3.367295829986474,5.560681631015528,2.5649493574615367,3.8918202981106265,3.4339872044851463
5153,1967,PhD,In a relationship,77766.0,0,1,2013-02-22,97,1004,59,265,115,59,27,2,11,10,11,6,1,0,0,0,0,0,3,11,1,2013,2,22,1,1,1529,58,4.07753744390572,4.584967478670572,11.261472455658843,7.333023014386481,6.912742820493176,4.0943445622221,5.583496308781699,4.7535901911063645,4.0943445622221,3.332204510175204
961,1972,Graduation,In a relationship,74716.0,0,1,2013-09-12,92,133,27,421,13,195,71,2,7,3,5,4,0,0,0,0,0,0,3,11,0,2013,9,12,1,1,860,53,3.9889840465642745,4.532599493153256,11.221462922203763,6.7580945044277305,4.897839799950911,3.332204510175204,6.045005314036012,2.639057329615259,5.278114659230518,4.276666119016055
5011,1963,Graduation,Single,68118.0,0,1,2013-10-18,51,595,23,123,10,23,154,2,8,9,4,6,0,0,0,0,0,0,3,11,0,2013,10,18,1,1,928,62,4.143134726391533,3.9512437185814275,11.12901145469236,6.834108738813838,6.39024066706535,3.1780538303479458,4.820281565605037,2.3978952727983707,3.1780538303479458,5.043425116919247
6653,1970,PhD,In a relationship,55158.0,1,1,2012-07-30,72,293,0,87,4,11,23,4,7,2,5,7,0,0,0,0,0,0,3,11,1,2012,7,30,2,1,418,55,4.02535169073515,4.290459441148391,10.917975202663861,6.037870919922137,5.683579767338681,0.0,4.477336814478207,1.6094379124341003,2.4849066497880004,3.1780538303479458
9094,1955,2n Cycle,In a relationship,62972.0,0,1,2012-08-03,39,313,15,47,20,0,192,2,7,4,3,6,0,0,0,0,0,0,3,11,1,2012,8,3,1,1,587,70,4.2626798770413155,3.6888794541139363,11.050461342082116,6.376726947898627,5.749392985908253,2.772588722239781,3.8712010109078907,3.044522437723423,0.0,5.262690188904886
810,1975,Graduation,In a relationship,74190.0,0,1,2014-05-12,49,151,81,86,168,91,64,2,4,2,11,2,0,0,0,0,0,0,3,11,0,2014,5,12,1,1,641,50,3.9318256327243257,3.912023005428146,11.214398127998244,6.464588303689961,5.0238805208462765,4.406719247264253,4.465908118654584,5.1298987149230735,4.5217885770490405,4.174387269895637
5493,1976,Graduation,In a relationship,39356.0,1,1,2014-03-19,21,15,0,2,0,0,6,1,1,0,2,6,1,0,0,0,0,0,3,11,0,2014,3,19,2,1,23,49,3.912023005428146,3.091042453358316,10.58042912874914,3.1780538303479458,2.772588722239781,0.0,1.0986122886681096,0.0,0.0,1.9459101490553132
2147,1969,Graduation,In a relationship,76653.0,0,0,2013-08-16,91,736,63,946,219,189,126,1,4,7,11,2,0,0,1,1,0,0,3,11,0,2013,8,16,0,0,2279,56,4.04305126783455,4.5217885770490405,11.247057068196021,7.731930721948486,6.602587892189336,4.1588830833596715,6.853299093186078,5.393627546352361,5.247024072160486,4.844187086458591
5107,1973,PhD,Single,35860.0,1,1,2014-05-19,37,15,0,8,4,2,20,2,1,1,2,5,1,0,0,0,0,0,3,11,0,2014,5,19,2,1,49,52,3.970291913552122,3.6375861597263857,10.487405632994516,3.912023005428146,2.772588722239781,0.0,2.1972245773362196,1.6094379124341003,1.0986122886681096,3.044522437723423
3979,1983,PhD,Single,90687.0,0,0,2013-05-22,98,982,17,672,23,34,51,1,6,2,8,2,0,0,1,0,0,0,3,11,1,2013,5,22,0,0,1779,42,3.7612001156935624,4.59511985013459,11.415180323050352,7.484368643286131,6.890609120147166,2.8903717578961645,6.511745329644728,3.1780538303479458,3.5553480614894135,3.9512437185814275
6049,1982,Master,In a relationship,73450.0,0,0,2013-12-05,85,1142,51,415,90,69,37,1,7,8,11,3,1,0,0,1,0,0,3,11,0,2013,12,5,0,0,1804,43,3.784189633918261,4.454347296253507,11.204373796213224,7.498315870766981,7.04141166379481,3.9512437185814275,6.030685260261263,4.51085950651685,4.248495242049359,3.6375861597263857
8147,1960,Graduation,In a relationship,31454.0,1,1,2013-07-06,40,28,0,11,0,0,9,3,2,0,3,8,0,0,0,0,0,0,3,11,0,2013,7,6,2,1,48,65,4.189654742026425,3.713572066704308,10.35631323200413,3.8918202981106265,3.367295829986474,0.0,2.4849066497880004,0.0,0.0,2.302585092994046
1857,1952,Graduation,Single,47139.0,1,1,2014-03-06,2,46,0,12,0,2,23,2,2,1,2,7,0,0,0,0,0,0,3,11,1,2014,3,6,2,1,83,73,4.304065093204169,1.0986122886681096,10.760877176490123,4.430816798843313,3.8501476017100584,0.0,2.5649493574615367,0.0,1.0986122886681096,3.1780538303479458
3910,1975,Graduation,Single,83829.0,0,0,2013-10-08,78,897,161,430,186,161,27,0,4,7,6,1,1,0,1,1,0,0,3,11,1,2013,10,8,0,0,1862,50,3.9318256327243257,4.3694478524670215,11.336546217631904,7.529943370601589,6.8001700683022,5.087596335232384,6.066108090103747,5.231108616854587,5.087596335232384,3.332204510175204
5207,1963,PhD,In a relationship,53378.0,1,1,2012-09-24,41,489,6,152,8,6,132,10,9,4,6,8,0,0,0,0,0,0,3,11,1,2012,9,24,2,1,793,62,4.143134726391533,3.7376696182833684,10.885172689174945,6.677083461247136,6.194405391104672,1.9459101490553132,5.030437921392435,2.1972245773362196,1.9459101490553132,4.890349128221754
11114,1970,Graduation,In a relationship,19656.0,1,0,2013-02-08,94,25,4,9,6,8,32,3,2,1,3,7,0,0,0,0,0,0,3,11,0,2013,2,8,1,1,84,55,4.02535169073515,4.553876891600541,9.8861887879578,4.442651256490317,3.258096538021482,1.6094379124341003,2.302585092994046,1.9459101490553132,2.1972245773362196,3.4965075614664802
5429,1948,PhD,In a relationship,45579.0,0,1,2013-08-20,10,145,1,33,2,1,1,1,4,1,4,6,0,0,0,0,0,0,3,11,0,2013,8,20,1,1,183,77,4.356708826689592,2.3978952727983707,10.727224302799675,5.214935757608986,4.983606621708336,0.6931471805599453,3.5263605246161616,1.0986122886681096,0.6931471805599453,0.6931471805599453
9400,1958,2n Cycle,Single,85485.0,0,0,2014-06-21,73,630,26,611,44,18,54,1,6,6,6,2,0,0,0,0,0,0,3,11,0,2014,6,21,0,0,1383,67,4.219507705176107,4.304065093204169,11.356107898827496,7.232733136177615,6.447305862541213,3.295836866004329,6.416732282512326,3.8066624897703196,2.9444389791664403,4.007333185232471
1740,1944,Graduation,In a relationship,55956.0,0,0,2014-04-07,22,760,38,104,50,9,38,2,7,3,4,4,0,1,0,0,0,0,3,11,0,2014,4,7,0,0,999,81,4.406719247264253,3.1354942159291497,10.932338817621135,6.907755278982137,6.634633357861686,3.6635616461296463,4.653960350157523,3.9318256327243257,2.302585092994046,3.6635616461296463
7488,1963,Master,Single,64191.0,0,1,2013-01-22,30,420,15,186,151,38,15,3,5,3,13,3,0,0,0,0,0,0,3,11,0,2013,1,22,1,1,825,62,4.143134726391533,3.4339872044851463,11.069633871321608,6.716594773520978,6.042632833682381,2.772588722239781,5.231108616854587,5.0238805208462765,3.6635616461296463,2.772588722239781
195,1972,Graduation,Single,38808.0,1,0,2012-08-26,21,125,17,52,3,19,30,4,5,1,4,8,1,0,0,0,0,0,3,11,1,2012,8,26,1,1,246,53,3.9889840465642745,3.091042453358316,10.566407457475977,5.5093883366279774,4.836281906951478,2.8903717578961645,3.970291913552122,1.3862943611198906,2.995732273553991,3.4339872044851463
635,1966,Master,In a relationship,57183.0,1,1,2013-03-19,51,464,5,64,7,0,70,8,9,1,7,8,0,0,0,0,0,0,3,11,0,2013,3,19,2,1,610,59,4.0943445622221,3.9512437185814275,10.954029417959154,6.415096959171596,6.142037405587356,1.791759469228055,4.174387269895637,2.0794415416798357,0.0,4.2626798770413155
7527,1968,Master,Single,23748.0,1,0,2012-11-21,97,6,6,29,12,15,8,3,2,1,3,8,0,0,0,0,0,0,3,11,0,2012,11,21,1,1,76,57,4.060443010546419,4.584967478670572,10.075295703313177,4.343805421853684,1.9459101490553132,1.9459101490553132,3.4011973816621555,2.5649493574615367,2.772588722239781,2.1972245773362196
10319,1971,Graduation,In a relationship,66303.0,0,1,2013-02-26,56,1090,12,96,16,12,60,4,3,4,11,8,0,1,0,0,0,0,3,11,0,2013,2,26,1,1,1286,54,4.007333185232471,4.04305126783455,11.1020055061791,7.160069207596127,6.994849985833071,2.5649493574615367,4.574710978503383,2.833213344056216,2.5649493574615367,4.110873864173311
2296,1975,Master,In a relationship,37368.0,1,0,2013-12-16,4,3,2,11,2,2,10,1,1,0,2,6,1,0,0,0,0,0,3,11,0,2013,12,16,1,1,30,50,3.9318256327243257,1.6094379124341003,10.528596762688789,3.4339872044851463,1.3862943611198906,1.0986122886681096,2.4849066497880004,1.0986122886681096,1.0986122886681096,2.3978952727983707
10637,1964,Graduation,In a relationship,40800.0,1,2,2013-01-01,77,24,0,27,8,30,10,2,3,0,3,7,0,0,0,0,0,1,3,11,0,2013,1,1,3,1,99,61,4.127134385045092,4.356708826689592,10.616461869895815,4.605170185988092,3.2188758248682006,0.0,3.332204510175204,2.1972245773362196,3.4339872044851463,2.3978952727983707
2931,1978,Graduation,Single,71847.0,0,0,2012-09-21,95,737,21,106,55,63,210,0,6,7,9,3,0,0,0,1,0,0,3,11,0,2012,9,21,0,0,1192,47,3.8712010109078907,4.564348191467836,11.182308055350786,7.084226422097916,6.6039438246004725,3.091042453358316,4.672828834461906,4.02535169073515,4.1588830833596715,5.351858133476067
907,1975,Graduation,In a relationship,46149.0,0,1,2013-11-29,36,254,6,71,4,0,27,5,5,1,7,5,0,0,0,0,0,0,3,11,0,2013,11,29,1,1,362,50,3.9318256327243257,3.6109179126442243,10.739652239930999,5.8944028342648505,5.541263545158426,1.9459101490553132,4.276666119016055,1.6094379124341003,0.0,3.332204510175204
3698,1983,Graduation,In a relationship,78687.0,0,0,2012-08-09,13,817,185,687,145,55,241,1,4,6,8,2,0,0,1,0,0,0,3,11,1,2012,8,9,0,0,2130,42,3.7612001156935624,2.639057329615259,11.273245945015919,7.664346632098617,6.706862336602747,5.225746673713202,6.5337888379333435,4.983606621708336,4.02535169073515,5.488937726156687
9516,1971,2n Cycle,Single,49118.0,0,0,2012-08-18,90,620,54,239,99,98,119,2,9,7,10,7,0,1,0,0,1,0,3,11,1,2012,8,18,0,0,1229,54,4.007333185232471,4.51085950651685,10.802001204307603,7.114769448366463,6.431331081933479,4.007333185232471,5.480638923341991,4.605170185988092,4.59511985013459,4.787491742782046
679,1957,PhD,In a relationship,37633.0,1,1,2012-09-20,49,13,4,20,0,0,1,2,1,0,3,9,0,0,0,0,0,0,3,11,0,2012,9,20,2,1,38,68,4.23410650459726,3.912023005428146,10.53566317610459,3.6635616461296463,2.639057329615259,1.6094379124341003,3.044522437723423,0.0,0.0,0.6931471805599453
7384,1951,Master,In a relationship,39767.0,0,0,2013-07-21,18,113,61,204,34,26,47,2,7,1,7,8,0,0,0,0,0,0,3,11,0,2013,7,21,0,0,485,74,4.31748811353631,2.9444389791664403,10.590817847774508,6.186208623900494,4.736198448394496,4.127134385045092,5.3230099791384085,3.5553480614894135,3.295836866004329,3.8712010109078907
5043,1951,Basic,In a relationship,26997.0,0,0,2012-11-05,89,7,23,78,133,49,144,2,4,2,5,7,0,0,0,0,0,0,3,11,0,2012,11,5,0,0,434,74,4.31748811353631,4.499809670330265,10.203518068168773,6.075346031088684,2.0794415416798357,3.1780538303479458,4.3694478524670215,4.897839799950911,3.912023005428146,4.976733742420574
5267,1970,Graduation,Single,33986.0,1,0,2013-03-14,43,16,2,18,2,1,5,1,1,0,3,7,0,0,0,0,0,0,3,11,0,2013,3,14,1,1,44,55,4.02535169073515,3.784189633918261,10.433733377541598,3.8066624897703196,2.833213344056216,1.0986122886681096,2.9444389791664403,1.0986122886681096,0.6931471805599453,1.791759469228055
339,1972,PhD,In a relationship,57091.0,0,1,2012-11-23,82,462,0,24,6,0,4,2,9,2,5,7,0,1,0,0,0,0,3,11,1,2012,11,23,1,1,496,53,3.9889840465642745,4.418840607796598,10.952419280749659,6.208590026096629,6.137727054086234,0.0,3.2188758248682006,1.9459101490553132,0.0,1.6094379124341003
2516,1969,2n Cycle,In a relationship,46831.0,1,1,2013-06-08,84,22,2,10,6,4,34,2,1,2,2,4,0,0,0,0,0,0,3,11,0,2013,6,8,2,1,78,56,4.04305126783455,4.442651256490317,10.754322008931666,4.3694478524670215,3.1354942159291497,1.0986122886681096,2.3978952727983707,1.9459101490553132,1.6094379124341003,3.5553480614894135
9010,1972,Master,In a relationship,83151.0,0,0,2013-02-10,80,968,147,842,137,42,210,1,5,7,10,2,1,0,1,1,0,0,3,11,1,2013,2,10,0,0,2346,53,3.9889840465642745,4.394449154672439,11.328425537248224,7.760893195851024,6.876264611890766,4.997212273764115,6.736966958001855,4.927253685157205,3.7612001156935624,5.351858133476067
378,1971,Graduation,In a relationship,52531.0,0,0,2012-12-30,68,283,112,151,51,72,125,2,7,2,10,6,0,0,0,0,0,0,3,11,0,2012,12,30,0,0,794,54,4.007333185232471,4.23410650459726,10.86917778670505,6.678342114654332,5.648974238161206,4.727387818712341,5.0238805208462765,3.9512437185814275,4.290459441148391,4.836281906951478
4808,1956,Graduation,In a relationship,15759.0,0,0,2013-09-05,12,1,2,5,6,0,3,1,1,0,2,7,0,0,0,0,0,0,3,11,0,2013,9,5,0,0,17,69,4.248495242049359,2.5649493574615367,9.66523036341187,2.8903717578961645,0.6931471805599453,1.0986122886681096,1.791759469228055,1.9459101490553132,0.0,1.3862943611198906
5068,1971,Graduation,Single,22804.0,1,0,2013-07-31,75,14,1,7,2,1,1,1,2,0,2,9,0,0,0,0,0,0,3,11,0,2013,7,31,1,1,26,54,4.007333185232471,4.330733340286331,10.034735089145801,3.295836866004329,2.70805020110221,0.6931471805599453,2.0794415416798357,1.0986122886681096,0.6931471805599453,0.6931471805599453
7628,1973,2n Cycle,In a relationship,43050.0,1,0,2014-03-18,10,30,5,24,6,3,8,2,2,0,4,5,0,0,0,0,0,0,3,11,0,2014,3,18,1,1,76,52,3.970291913552122,2.3978952727983707,10.67014073838981,4.343805421853684,3.4339872044851463,1.791759469228055,3.2188758248682006,1.9459101490553132,1.3862943611198906,2.1972245773362196
7128,1977,PhD,Single,42997.0,1,1,2013-12-07,91,4,0,5,0,1,5,1,1,0,2,7,0,0,0,0,0,0,3,11,0,2013,12,7,2,1,15,48,3.8918202981106265,4.5217885770490405,10.668908881966093,2.772588722239781,1.6094379124341003,0.0,1.791759469228055,0.0,0.6931471805599453,1.791759469228055
2811,1963,PhD,Single,48918.0,1,1,2014-04-12,21,52,0,9,0,0,1,2,1,0,4,4,0,0,0,0,0,0,3,11,0,2014,4,12,2,1,62,62,4.143134726391533,3.091042453358316,10.797921148054973,4.143134726391533,3.970291913552122,0.0,2.302585092994046,0.0,0.0,0.6931471805599453
3551,1954,Master,In a relationship,60033.0,0,1,2014-03-29,28,62,1,57,19,11,48,2,2,1,5,2,0,0,0,0,0,0,3,11,0,2014,3,29,1,1,198,71,4.276666119016055,3.367295829986474,11.002666347375978,5.293304824724492,4.143134726391533,0.6931471805599453,4.060443010546419,2.995732273553991,2.4849066497880004,3.8918202981106265
1663,1978,PhD,In a relationship,34043.0,1,0,2013-10-25,97,20,2,14,3,0,10,1,2,0,2,9,0,0,0,0,0,0,3,11,0,2013,10,25,1,1,49,47,3.8712010109078907,4.584967478670572,10.435409084596852,3.912023005428146,3.044522437723423,1.0986122886681096,2.70805020110221,1.3862943611198906,0.0,2.3978952727983707
5543,1966,Graduation,In a relationship,57811.0,0,1,2013-06-24,49,545,7,114,37,21,78,5,7,2,11,5,0,1,0,0,0,0,3,11,0,2013,6,24,1,1,802,59,4.0943445622221,3.912023005428146,10.964951645568732,6.688354713946762,6.302618975744905,2.0794415416798357,4.74493212836325,3.6375861597263857,3.091042453358316,4.3694478524670215
1577,1946,Graduation,In a relationship,78569.0,0,0,2014-02-19,14,558,79,622,207,175,95,1,4,6,4,1,0,0,1,0,0,0,3,11,1,2014,2,19,0,0,1736,79,4.382026634673881,2.70805020110221,11.271745226169868,7.459914766241105,6.326149473155099,4.382026634673881,6.434546518787453,5.337538079701318,5.170483995038151,4.564348191467836
10641,1978,Graduation,Single,7500.0,1,1,2012-12-27,5,6,5,4,13,4,25,4,2,1,3,6,0,0,0,0,0,0,3,11,0,2012,12,27,2,1,57,47,3.8712010109078907,1.791759469228055,8.922791623969637,4.060443010546419,1.9459101490553132,1.791759469228055,1.6094379124341003,2.639057329615259,1.6094379124341003,3.258096538021482
5336,1971,Master,In a relationship,157733.0,1,0,2013-06-04,37,39,1,9,2,0,8,0,1,0,1,1,0,0,0,0,0,0,3,11,0,2013,6,4,1,1,59,54,4.007333185232471,3.6375861597263857,11.968665348952015,4.0943445622221,3.6888794541139363,0.6931471805599453,2.302585092994046,1.0986122886681096,0.0,2.1972245773362196
6024,1953,Graduation,In a relationship,94384.0,0,0,2013-03-04,62,1111,24,790,160,45,172,0,5,8,5,2,0,1,1,1,0,0,3,11,1,2013,3,4,0,0,2302,72,4.290459441148391,4.143134726391533,11.455137441202835,7.741967899820685,7.013915474810528,3.2188758248682006,6.673297967767654,5.081404364984463,3.828641396489095,5.153291594497779
1878,1985,2n Cycle,In a relationship,23148.0,0,0,2014-02-18,83,4,6,8,6,3,10,1,2,0,3,7,0,0,0,0,0,0,3,11,0,2014,2,18,0,0,37,40,3.713572066704308,4.430816798843313,10.049706862037105,3.6375861597263857,1.6094379124341003,1.9459101490553132,2.1972245773362196,1.9459101490553132,1.3862943611198906,2.3978952727983707
3099,1970,Graduation,Single,44267.0,1,1,2013-02-25,48,183,5,65,3,5,49,5,5,2,4,9,0,0,0,0,0,0,3,11,0,2013,2,25,2,1,310,55,4.02535169073515,3.8918202981106265,10.698017347384676,5.739792912179234,5.214935757608986,1.791759469228055,4.189654742026425,1.3862943611198906,1.791759469228055,3.912023005428146
6055,1979,Graduation,In a relationship,71626.0,0,0,2012-11-01,94,546,72,376,94,145,72,1,5,5,8,3,0,1,0,0,0,0,3,11,0,2012,11,1,0,0,1305,46,3.8501476017100584,4.553876891600541,11.179227376838364,7.174724309836376,6.304448802421981,4.290459441148391,5.932245187448011,4.553876891600541,4.983606621708336,4.290459441148391
5841,1966,Graduation,In a relationship,60894.0,0,1,2013-06-28,61,606,7,155,10,0,54,5,10,3,8,7,0,0,0,0,0,0,3,11,0,2013,6,28,1,1,832,59,4.0943445622221,4.127134385045092,11.01690634852121,6.725033642166843,6.408528791059498,2.0794415416798357,5.049856007249537,2.3978952727983707,0.0,4.007333185232471
3972,1976,Graduation,In a relationship,50200.0,1,1,2013-04-03,70,266,6,51,8,6,64,6,7,1,5,8,0,0,0,0,0,0,3,11,0,2013,4,3,2,1,401,49,3.912023005428146,4.2626798770413155,10.823790225800138,5.996452088619021,5.58724865840025,1.9459101490553132,3.9512437185814275,2.1972245773362196,1.9459101490553132,4.174387269895637
4394,1965,PhD,In a relationship,81051.0,0,0,2014-05-23,43,1142,29,249,38,29,14,1,5,5,12,2,0,1,1,0,0,0,3,11,0,2014,5,23,0,0,1501,60,4.110873864173311,3.784189633918261,11.30284620298522,7.31455283232408,7.04141166379481,3.4011973816621555,5.521460917862246,3.6635616461296463,3.4011973816621555,2.70805020110221
5758,1982,Graduation,In a relationship,65169.0,0,0,2014-01-14,23,1074,0,69,0,0,46,1,10,4,13,6,1,0,1,1,1,0,3,11,1,2014,1,14,0,0,1189,43,3.784189633918261,3.1780538303479458,11.084754519326426,7.0817085861055755,6.980075940561763,0.0,4.248495242049359,0.0,0.0,3.8501476017100584
6658,1972,Graduation,In a relationship,59868.0,0,1,2013-07-22,37,771,51,154,54,10,154,7,11,2,12,6,0,0,0,0,0,0,3,11,0,2013,7,22,1,1,1194,53,3.9889840465642745,3.6375861597263857,10.999914120923716,7.085901464365611,6.648984550024776,3.9512437185814275,5.043425116919247,4.007333185232471,2.3978952727983707,5.043425116919247
4603,1960,PhD,In a relationship,65695.0,0,1,2014-01-31,50,371,32,189,0,58,6,2,5,4,10,4,0,0,0,0,0,0,3,11,0,2014,1,31,1,1,656,65,4.189654742026425,3.9318256327243257,11.09279331981866,6.487684018484611,5.918893854273146,3.4965075614664802,5.247024072160486,0.0,4.07753744390572,1.9459101490553132
8427,1956,Master,Single,64857.0,0,0,2012-11-23,78,556,14,717,210,0,43,1,7,5,10,4,0,0,0,0,0,0,3,11,0,2012,11,23,0,0,1540,69,4.248495242049359,4.3694478524670215,11.079955543739874,7.340186835320115,6.322565239927284,2.70805020110221,6.576469569048224,5.351858133476067,0.0,3.784189633918261
10260,1965,Master,In a relationship,45143.0,0,1,2013-08-26,74,202,5,74,11,5,14,3,6,1,5,7,0,0,0,0,0,0,3,11,0,2013,8,26,1,1,311,60,4.110873864173311,4.31748811353631,10.717612659648976,5.7430031878094825,5.313205979041787,1.791759469228055,4.31748811353631,2.4849066497880004,1.791759469228055,2.70805020110221
7143,1955,2n Cycle,In a relationship,74805.0,0,1,2013-11-06,14,209,162,209,41,162,37,5,4,7,10,2,0,0,0,0,0,0,3,11,0,2013,11,6,1,1,820,70,4.2626798770413155,2.70805020110221,11.222653374649349,6.710523109452428,5.3471075307174685,5.093750200806762,5.3471075307174685,3.7376696182833684,5.093750200806762,3.6375861597263857
8789,1989,2n Cycle,In a relationship,59060.0,1,0,2014-01-11,77,35,40,111,36,40,12,3,3,1,7,4,0,0,0,0,0,0,3,11,0,2014,1,11,1,1,274,36,3.6109179126442243,4.356708826689592,10.986326087088196,5.616771097666572,3.58351893845611,3.713572066704308,4.718498871295094,3.6109179126442243,3.713572066704308,2.5649493574615367
6197,1962,PhD,Single,27238.0,1,1,2013-04-20,39,37,0,17,0,0,3,3,3,0,3,9,0,0,0,0,0,0,3,11,0,2013,4,20,2,1,57,63,4.1588830833596715,3.6888794541139363,10.212405048870064,4.060443010546419,3.6375861597263857,0.0,2.8903717578961645,0.0,0.0,1.3862943611198906
4554,1965,Graduation,In a relationship,47009.0,0,1,2013-10-01,89,171,45,73,59,10,90,4,3,2,8,4,0,0,0,0,0,0,3,11,0,2013,10,1,1,1,448,60,4.110873864173311,4.499809670330265,10.758115624018176,6.1070228877422545,5.147494476813453,3.828641396489095,4.304065093204169,4.0943445622221,2.3978952727983707,4.51085950651685
4937,1973,2n Cycle,In a relationship,46094.0,1,1,2014-06-10,62,12,2,20,3,2,5,1,1,0,3,7,0,0,0,0,0,0,3,11,0,2014,6,10,2,1,44,52,3.970291913552122,4.143134726391533,10.738459763232695,3.8066624897703196,2.5649493574615367,1.0986122886681096,3.044522437723423,1.3862943611198906,1.0986122886681096,1.791759469228055
1920,1972,Graduation,In a relationship,40321.0,1,1,2013-07-29,59,44,4,21,6,0,27,2,3,0,3,7,0,0,0,0,0,0,3,11,0,2013,7,29,2,1,102,53,3.9889840465642745,4.0943445622221,10.604652504689657,4.634728988229636,3.8066624897703196,1.6094379124341003,3.091042453358316,1.9459101490553132,0.0,3.332204510175204
8749,1984,Graduation,In a relationship,37235.0,1,0,2014-02-01,68,20,2,9,4,6,20,1,1,1,2,4,0,0,0,0,0,0,3,11,0,2014,2,1,1,1,61,41,3.7376696182833684,4.23410650459726,10.525031314236381,4.127134385045092,3.044522437723423,1.0986122886681096,2.302585092994046,1.6094379124341003,1.9459101490553132,3.044522437723423
1650,1960,Master,In a relationship,81843.0,0,0,2013-04-22,13,779,86,537,34,69,138,1,5,9,12,3,0,0,0,0,0,0,3,11,0,2013,4,22,0,0,1643,65,4.189654742026425,2.639057329615259,11.31257027528645,7.404887575616125,6.659293919683638,4.465908118654584,6.2878585601617845,3.5553480614894135,4.248495242049359,4.9344739331306915
10377,1958,Master,In a relationship,46692.0,0,1,2013-06-06,37,170,6,97,24,12,88,3,6,1,5,6,0,0,0,0,0,0,3,11,0,2013,6,6,1,1,397,67,4.219507705176107,3.6375861597263857,10.7513495394883,5.986452005284438,5.14166355650266,1.9459101490553132,4.584967478670572,3.2188758248682006,2.5649493574615367,4.48863636973214
9206,1968,Graduation,In a relationship,77382.0,0,1,2014-01-07,36,491,48,231,112,105,134,2,5,7,12,1,0,0,1,0,0,0,3,11,0,2014,1,7,1,1,1121,57,4.060443010546419,3.6109179126442243,11.256522397210913,7.022868086082641,6.198478716492308,3.8918202981106265,5.44673737166631,4.727387818712341,4.663439094112067,4.90527477843843
10971,1977,Graduation,Single,37774.0,2,0,2012-09-03,28,173,8,107,7,2,176,4,7,2,3,9,1,0,0,0,0,1,3,11,1,2012,9,3,2,1,473,48,3.8918202981106265,3.367295829986474,10.53940278714094,6.161207321695077,5.159055299214529,2.1972245773362196,4.68213122712422,2.0794415416798357,1.0986122886681096,5.176149732573829
6398,1974,Basic,In a relationship,18393.0,1,0,2014-03-29,2,7,10,13,16,0,4,2,3,0,3,8,0,0,0,0,0,0,3,11,0,2014,3,29,1,1,50,51,3.9512437185814275,1.0986122886681096,9.819779803462643,3.9318256327243257,2.0794415416798357,2.3978952727983707,2.639057329615259,2.833213344056216,0.0,1.6094379124341003
9212,1962,Master,In a relationship,72828.0,0,1,2013-02-14,17,1205,0,235,19,14,205,6,6,3,13,7,0,0,0,0,0,0,3,11,0,2013,2,14,1,1,1678,63,4.1588830833596715,2.8903717578961645,11.195869506512176,7.425953657077541,7.095064377287131,0.0,5.4638318050256105,2.995732273553991,2.70805020110221,5.327876168789581
7937,1982,Graduation,In a relationship,24711.0,0,0,2014-04-18,86,10,7,25,6,3,7,1,3,0,3,7,0,0,0,0,0,0,3,11,0,2014,4,18,0,0,58,43,3.784189633918261,4.465908118654584,10.115044234598418,4.07753744390572,2.3978952727983707,2.0794415416798357,3.258096538021482,1.9459101490553132,1.3862943611198906,2.0794415416798357
839,1975,PhD,In a relationship,45503.0,1,0,2013-09-25,54,97,4,44,6,1,18,1,3,1,4,5,0,0,0,0,0,0,3,11,0,2013,9,25,1,1,170,50,3.9318256327243257,4.007333185232471,10.725555513162913,5.14166355650266,4.584967478670572,1.6094379124341003,3.8066624897703196,1.9459101490553132,0.6931471805599453,2.9444389791664403
158,1945,PhD,In a relationship,71604.0,0,0,2013-11-17,3,345,53,528,98,75,97,1,8,3,5,4,1,0,0,0,0,0,3,11,1,2013,11,17,0,0,1196,80,4.394449154672439,1.3862943611198906,11.178920182912803,7.087573705557973,5.846438775057724,3.9889840465642745,6.270988431858299,4.59511985013459,4.330733340286331,4.584967478670572
4832,1979,Graduation,In a relationship,27244.0,1,0,2014-03-07,84,6,5,17,3,24,46,2,2,2,2,7,0,0,0,0,0,0,3,11,0,2014,3,7,1,1,101,46,3.8501476017100584,4.442651256490317,10.2126252970172,4.624972813284271,1.9459101490553132,1.791759469228055,2.8903717578961645,1.3862943611198906,3.2188758248682006,3.8501476017100584
5621,1969,Graduation,In a relationship,48752.0,1,1,2012-12-12,8,73,57,100,71,15,0,5,6,1,5,9,0,0,0,0,0,0,3,11,1,2012,12,12,2,1,316,56,4.04305126783455,2.1972245773362196,10.794522012994118,5.75890177387728,4.304065093204169,4.060443010546419,4.61512051684126,4.276666119016055,2.772588722239781,0.0
1945,1962,Graduation,In a relationship,71434.0,0,1,2013-09-18,4,711,36,217,172,96,168,3,7,4,7,4,0,1,0,1,0,0,3,11,0,2013,9,18,1,1,1400,63,4.1588830833596715,1.6094379124341003,11.176543224299259,7.244941546337007,6.568077911411976,3.6109179126442243,5.384495062789089,5.153291594497779,4.574710978503383,5.1298987149230735
5147,1948,Graduation,Single,90842.0,0,0,2013-07-29,57,774,70,118,182,187,93,1,4,9,13,1,0,0,0,0,0,0,3,11,0,2013,7,29,0,0,1424,77,4.356708826689592,4.060443010546419,11.416888020773253,7.261927092702751,6.652863029353347,4.2626798770413155,4.77912349311153,5.209486152841421,5.236441962829949,4.543294782270004
2535,1978,Master,In a relationship,88097.0,1,0,2012-08-18,24,163,0,480,0,126,75,1,6,5,8,9,0,1,1,1,0,0,3,11,1,2012,8,18,1,1,844,47,3.8712010109078907,3.2188758248682006,11.386205110190993,6.739336627357174,5.099866427824199,0.0,6.175867270105761,0.0,4.844187086458591,4.330733340286331
11039,1975,Graduation,In a relationship,51948.0,0,1,2013-09-17,51,82,33,54,71,30,41,2,5,2,4,5,0,0,0,0,0,0,3,11,0,2013,9,17,1,1,311,50,3.9318256327243257,3.9512437185814275,10.858017747063952,5.7430031878094825,4.418840607796598,3.5263605246161616,4.007333185232471,4.276666119016055,3.4339872044851463,3.7376696182833684
9495,1982,Graduation,In a relationship,71853.0,0,0,2013-05-08,29,358,108,413,141,97,32,1,2,8,6,1,0,0,0,0,0,0,3,11,0,2013,5,8,0,0,1149,43,3.784189633918261,3.4011973816621555,11.182391561495495,7.047517221357296,5.883322388488279,4.6913478822291435,6.025865973825314,4.955827057601261,4.584967478670572,3.4965075614664802
9635,1983,Master,In a relationship,35876.0,0,0,2014-04-20,13,66,2,40,4,3,14,1,3,1,3,6,0,0,0,0,0,0,3,11,0,2014,4,20,0,0,129,42,3.7612001156935624,2.639057329615259,10.487851700636917,4.867534450455582,4.204692619390966,1.0986122886681096,3.713572066704308,1.6094379124341003,1.3862943611198906,2.70805020110221
2173,1952,Graduation,Single,40049.0,0,1,2013-10-16,23,13,6,7,0,3,3,1,1,0,3,6,0,0,0,0,0,0,3,11,0,2013,10,16,1,1,32,73,4.304065093204169,3.1780538303479458,10.597883952496506,3.4965075614664802,2.639057329615259,1.9459101490553132,2.0794415416798357,0.0,1.3862943611198906,1.3862943611198906
942,1982,Graduation,Single,39660.0,1,0,2012-08-08,36,139,13,78,20,13,36,3,7,1,3,9,0,0,0,0,0,0,3,11,1,2012,8,8,1,1,299,43,3.784189633918261,3.6109179126442243,10.588123616077645,5.703782474656201,4.941642422609304,2.639057329615259,4.3694478524670215,3.044522437723423,2.639057329615259,3.6109179126442243
9386,1962,Graduation,In a relationship,50127.0,0,1,2014-05-29,88,274,0,21,4,6,15,1,5,1,6,6,0,1,0,0,0,0,3,11,0,2014,5,29,1,1,320,63,4.1588830833596715,4.48863636973214,10.822335013191973,5.771441123130016,5.616771097666572,0.0,3.091042453358316,1.6094379124341003,1.9459101490553132,2.772588722239781
5510,1977,Master,In a relationship,43263.0,0,1,2012-11-21,2,262,6,61,0,10,102,3,5,2,6,5,0,0,0,0,0,0,3,11,0,2012,11,21,1,1,441,48,3.8918202981106265,1.0986122886681096,10.675076159402636,6.091309882077698,5.572154032177765,1.9459101490553132,4.127134385045092,0.0,2.3978952727983707,4.634728988229636
873,1949,Master,In a relationship,62845.0,1,1,2012-10-01,3,1099,0,45,0,0,34,11,3,4,10,8,0,1,0,0,0,0,3,11,1,2012,10,1,2,1,1178,76,4.343805421853684,1.3862943611198906,11.04844256839719,7.072421900537371,7.003065458786462,0.0,3.828641396489095,0.0,0.0,3.5553480614894135
2253,1990,Graduation,In a relationship,18929.0,0,0,2013-02-16,15,32,0,8,23,4,18,1,1,0,4,6,0,0,0,0,0,0,3,11,0,2013,2,16,0,0,85,35,3.58351893845611,2.772588722239781,9.848503244203368,4.454347296253507,3.4965075614664802,0.0,2.1972245773362196,3.1780538303479458,1.6094379124341003,2.9444389791664403
5181,1982,Basic,Single,24367.0,1,0,2013-03-20,58,2,4,2,0,11,5,1,1,0,2,9,0,0,0,0,0,0,3,11,0,2013,3,20,1,1,24,43,3.784189633918261,4.07753744390572,10.101026075134943,3.2188758248682006,1.0986122886681096,1.6094379124341003,1.0986122886681096,0.0,2.4849066497880004,1.791759469228055
979,1975,Graduation,Single,33249.0,1,0,2013-02-20,11,6,10,21,19,14,42,2,2,1,3,6,0,0,0,0,0,0,3,11,0,2013,2,20,1,1,112,50,3.9318256327243257,2.4849066497880004,10.411810046084,4.727387818712341,1.9459101490553132,2.3978952727983707,3.091042453358316,2.995732273553991,2.70805020110221,3.7612001156935624
10390,1959,2n Cycle,In a relationship,26887.0,0,1,2013-02-10,27,6,7,4,3,4,6,1,1,0,3,6,0,0,0,0,0,0,3,11,0,2013,2,10,1,1,30,66,4.204692619390966,3.332204510175204,10.199435369404942,3.4339872044851463,1.9459101490553132,2.0794415416798357,1.6094379124341003,1.3862943611198906,1.6094379124341003,1.9459101490553132
4698,1983,PhD,In a relationship,50150.0,0,0,2013-06-20,32,135,46,92,65,61,11,2,5,2,7,5,0,0,0,0,0,0,3,11,0,2013,6,20,0,0,410,42,3.7612001156935624,3.4965075614664802,10.822793733370741,6.018593214496234,4.912654885736052,3.8501476017100584,4.532599493153256,4.189654742026425,4.127134385045092,2.4849066497880004
7793,1976,Graduation,In a relationship,62061.0,0,1,2013-08-31,12,641,7,84,0,30,38,3,10,4,7,6,0,1,0,0,0,0,3,11,0,2013,8,31,1,1,800,49,3.912023005428146,2.5649493574615367,11.035889164360313,6.68586094706836,6.464588303689961,2.0794415416798357,4.442651256490317,0.0,3.4339872044851463,3.6635616461296463
1745,1962,PhD,Single,85696.0,0,0,2013-05-03,88,714,76,395,116,0,12,1,4,6,9,1,0,0,0,0,0,0,3,11,1,2013,5,3,0,0,1313,63,4.1588830833596715,4.48863636973214,11.358573098138846,7.1808311990445555,6.5722825426940075,4.343805421853684,5.981414211254481,4.762173934797756,0.0,2.5649493574615367
10590,1956,PhD,In a relationship,76542.0,0,0,2013-03-30,91,794,73,573,0,29,14,1,4,8,10,2,0,0,0,0,0,0,3,11,0,2013,3,30,0,0,1483,69,4.248495242049359,4.5217885770490405,11.245607953403638,7.302496423727326,6.678342114654332,4.304065093204169,6.352629396319567,0.0,3.4011973816621555,2.70805020110221
5080,1993,Graduation,Single,70515.0,0,0,2013-10-21,12,420,0,452,182,64,140,1,6,6,4,2,0,0,0,0,0,0,3,11,1,2013,10,21,0,0,1258,32,3.4965075614664802,2.5649493574615367,11.163594913405634,7.138073034044347,6.042632833682381,0.0,6.115892125483034,5.209486152841421,4.174387269895637,4.948759890378168
8369,1987,Graduation,In a relationship,18227.0,1,0,2012-11-08,21,1,2,7,4,3,11,1,0,1,2,8,0,0,0,0,0,0,3,11,0,2012,11,8,1,1,28,38,3.6635616461296463,3.091042453358316,9.810714152383774,3.367295829986474,0.6931471805599453,1.0986122886681096,2.0794415416798357,1.6094379124341003,1.3862943611198906,2.4849066497880004
5232,1965,Graduation,In a relationship,69139.0,0,1,2014-01-27,23,86,12,75,33,15,6,1,4,1,5,4,0,0,0,0,0,0,3,11,0,2014,1,27,1,1,227,60,4.110873864173311,3.1780538303479458,11.143888713475615,5.429345628954441,4.465908118654584,2.5649493574615367,4.330733340286331,3.5263605246161616,2.772588722239781,1.9459101490553132
2407,1982,Graduation,In a relationship,69109.0,0,0,2012-11-09,10,823,25,459,124,29,95,1,6,6,7,4,0,0,1,0,0,0,3,11,1,2012,11,9,0,0,1555,43,3.784189633918261,2.3978952727983707,11.14345471708544,7.349873704738337,6.714170529909472,3.258096538021482,6.131226489483141,4.8283137373023015,3.4011973816621555,4.564348191467836
3834,1962,Graduation,Single,69627.0,0,1,2013-03-17,35,231,161,215,171,30,53,2,8,2,11,5,0,0,0,0,0,0,3,11,0,2013,3,17,1,1,861,63,4.1588830833596715,3.58351893845611,11.1509220642726,6.759255270663693,5.44673737166631,5.087596335232384,5.375278407684165,5.147494476813453,3.4339872044851463,3.9889840465642745
7912,1978,Graduation,In a relationship,38136.0,1,0,2013-04-22,69,8,15,27,0,20,33,2,3,1,2,8,1,0,0,0,0,0,3,11,0,2013,4,22,1,1,103,47,3.8712010109078907,4.248495242049359,10.548940218483393,4.6443908991413725,2.1972245773362196,2.772588722239781,3.332204510175204,0.0,3.044522437723423,3.5263605246161616
7712,1946,PhD,Single,62159.0,0,0,2014-04-28,68,182,17,259,77,70,29,1,6,2,10,4,0,0,0,0,0,0,3,11,0,2014,4,28,0,0,634,79,4.382026634673881,4.23410650459726,11.03746698504153,6.453624998892692,5.209486152841421,2.8903717578961645,5.560681631015528,4.356708826689592,4.2626798770413155,3.4011973816621555
1065,1963,Graduation,Single,80695.0,0,0,2013-12-29,85,557,129,984,193,37,18,1,5,8,5,2,0,0,0,0,0,0,3,11,0,2013,12,29,0,0,1918,62,4.143134726391533,4.454347296253507,11.298444286734671,7.5595594960077,6.324358962381311,4.867534450455582,6.892641641172089,5.267858159063328,3.6375861597263857,2.9444389791664403
7275,1971,Master,Single,33316.0,1,1,2013-10-04,34,79,1,31,4,4,12,3,2,1,4,6,0,0,0,0,0,0,3,11,0,2013,10,4,2,1,131,54,4.007333185232471,3.5553480614894135,10.413823056212888,4.882801922586371,4.382026634673881,0.6931471805599453,3.4657359027997265,1.6094379124341003,1.6094379124341003,2.5649493574615367
1343,1968,Graduation,In a relationship,58554.0,1,1,2012-09-26,55,368,24,68,38,0,88,6,8,2,6,7,0,0,0,0,0,0,3,11,0,2012,9,26,2,1,586,57,4.060443010546419,4.02535169073515,10.977721762476238,6.375024819828097,5.910796644040527,3.2188758248682006,4.23410650459726,3.6635616461296463,0.0,4.48863636973214
1384,1992,Basic,In a relationship,17256.0,1,0,2013-11-23,10,6,4,14,8,8,22,2,2,1,2,8,1,0,0,0,0,0,3,11,0,2013,11,23,1,1,62,33,3.5263605246161616,2.3978952727983707,9.75597313724758,4.143134726391533,1.9459101490553132,1.6094379124341003,2.70805020110221,2.1972245773362196,2.1972245773362196,3.1354942159291497
9967,1974,Graduation,Single,53034.0,1,1,2013-05-30,30,160,15,196,15,11,50,8,6,1,7,8,0,0,0,0,0,0,3,11,0,2013,5,30,2,1,447,51,3.9512437185814275,3.4339872044851463,10.878707351939571,6.104793232414985,5.081404364984463,2.772588722239781,5.2832037287379885,2.772588722239781,2.4849066497880004,3.9318256327243257
6181,1950,2n Cycle,In a relationship,52203.0,0,0,2012-07-31,36,488,21,238,56,108,28,1,8,7,11,6,0,0,0,0,0,0,3,11,0,2012,7,31,0,0,939,75,4.330733340286331,3.6109179126442243,10.862914399287419,6.84587987526405,6.192362489474872,3.091042453358316,5.476463551931511,4.04305126783455,4.6913478822291435,3.367295829986474
10507,1977,2n Cycle,Single,59601.0,0,1,2013-07-25,14,691,7,69,0,7,23,4,2,2,7,8,0,1,0,0,0,0,3,11,0,2013,7,25,1,1,797,48,3.8918202981106265,2.70805020110221,10.995444409537395,6.682108597449809,6.539585955617669,2.0794415416798357,4.248495242049359,0.0,2.0794415416798357,3.1780538303479458
2674,1958,Master,Single,75154.0,0,1,2012-09-04,79,543,10,205,160,143,82,1,6,3,6,3,0,0,0,0,0,0,3,11,1,2012,9,4,1,1,1143,67,4.219507705176107,4.382026634673881,11.227307926567326,7.042286171939743,6.298949246855942,2.3978952727983707,5.327876168789581,5.081404364984463,4.969813299576001,4.418840607796598
2698,1976,Graduation,Single,47025.0,0,1,2013-11-07,52,254,7,108,20,0,26,3,6,3,5,6,0,0,0,0,0,0,3,11,0,2013,11,7,1,1,415,49,3.912023005428146,3.970291913552122,10.75845591922755,6.030685260261263,5.541263545158426,2.0794415416798357,4.6913478822291435,3.044522437723423,0.0,3.295836866004329
3231,1973,Graduation,In a relationship,37971.0,1,0,2013-11-25,97,5,4,10,2,2,7,1,1,0,3,8,0,0,0,0,0,0,3,11,0,2013,11,25,1,1,30,52,3.970291913552122,4.584967478670572,10.54460432500169,3.4339872044851463,1.791759469228055,1.6094379124341003,2.3978952727983707,1.0986122886681096,1.0986122886681096,2.0794415416798357
4096,1968,Master,Single,41335.0,1,0,2013-12-26,24,112,19,21,16,14,5,3,4,1,4,7,0,0,0,0,0,0,3,11,0,2013,12,26,1,1,187,57,4.060443010546419,3.2188758248682006,10.62948906996702,5.236441962829949,4.727387818712341,2.995732273553991,3.091042453358316,2.833213344056216,2.70805020110221,1.791759469228055
10476,1958,Graduation,In a relationship,67267.0,0,1,2014-05-13,0,134,11,59,15,2,30,1,3,2,5,2,0,0,0,0,0,0,3,11,0,2014,5,13,1,1,251,67,4.219507705176107,0.0,11.11643991964264,5.529429087511423,4.90527477843843,2.4849066497880004,4.0943445622221,2.772588722239781,1.0986122886681096,3.4339872044851463
5948,1975,Graduation,Single,57338.0,0,1,2014-04-29,96,143,6,52,11,8,17,2,4,1,5,5,0,0,0,0,0,0,3,11,0,2014,4,29,1,1,237,50,3.9318256327243257,4.574710978503383,10.956736299452707,5.472270673671475,4.969813299576001,1.9459101490553132,3.970291913552122,2.4849066497880004,2.1972245773362196,2.8903717578961645
9140,1960,2n Cycle,In a relationship,50523.0,1,1,2013-12-25,89,51,4,24,4,7,1,2,2,0,4,6,0,0,0,0,0,0,3,11,0,2013,12,25,2,1,91,65,4.189654742026425,4.499809670330265,10.830203749893865,4.5217885770490405,3.9512437185814275,1.6094379124341003,3.2188758248682006,1.6094379124341003,2.0794415416798357,0.6931471805599453
10258,1965,Master,Single,35791.0,2,1,2013-05-06,94,27,0,5,0,0,3,2,1,0,3,8,0,0,0,0,0,0,3,11,0,2013,5,6,3,1,35,60,4.110873864173311,4.553876891600541,10.485479683729912,3.58351893845611,3.332204510175204,0.0,1.791759469228055,0.0,0.0,1.3862943611198906
5675,1960,PhD,Single,50611.0,0,1,2012-10-04,98,459,0,24,6,0,4,6,4,5,7,6,0,1,0,0,0,0,3,11,0,2012,10,4,1,1,493,65,4.189654742026425,4.59511985013459,10.831943981309154,6.202535517187923,6.131226489483141,0.0,3.2188758248682006,1.9459101490553132,0.0,1.6094379124341003
4743,1969,PhD,In a relationship,56242.0,0,1,2013-03-03,72,689,8,167,11,8,88,5,8,4,11,6,0,0,0,0,0,0,3,11,0,2013,3,3,1,1,971,56,4.04305126783455,4.290459441148391,10.93743686787837,6.879355804460439,6.536691597591305,2.1972245773362196,5.123963979403259,2.4849066497880004,2.1972245773362196,4.48863636973214
8805,1960,Graduation,Single,48904.0,0,1,2012-12-02,1,283,10,38,0,13,27,4,7,2,4,8,0,0,0,0,0,0,3,11,0,2012,12,2,1,1,371,65,4.189654742026425,0.6931471805599453,10.797634919724594,5.918893854273146,5.648974238161206,2.3978952727983707,3.6635616461296463,0.0,2.639057329615259,3.332204510175204
1542,1975,Graduation,Single,56243.0,1,2,2013-12-30,26,347,0,35,4,3,7,6,4,2,8,5,0,0,0,0,0,0,3,11,0,2013,12,30,3,1,396,50,3.9318256327243257,3.295836866004329,10.937454647710707,5.983936280687191,5.8522024797744745,0.0,3.58351893845611,1.6094379124341003,1.3862943611198906,2.0794415416798357
6770,1985,Graduation,In a relationship,21355.0,1,0,2013-08-20,5,5,13,14,0,5,31,2,2,1,2,6,1,0,0,0,0,0,3,11,1,2013,8,20,1,1,68,40,3.713572066704308,1.791759469228055,9.969088009620076,4.23410650459726,1.791759469228055,2.639057329615259,2.70805020110221,0.0,1.791759469228055,3.4657359027997265
8773,1971,Master,In a relationship,57420.0,0,1,2013-06-25,22,280,0,18,0,0,24,3,5,1,6,7,0,1,0,0,0,0,3,11,0,2013,6,25,1,1,322,54,4.007333185232471,3.1354942159291497,10.958165369058063,5.777652323222656,5.638354669333745,0.0,2.9444389791664403,0.0,0.0,3.2188758248682006
10420,1955,Master,Single,46390.0,0,1,2014-05-05,56,95,14,64,2,9,38,1,4,2,3,7,0,0,0,0,0,0,3,11,0,2014,5,5,1,1,222,70,4.2626798770413155,4.04305126783455,10.744860753883362,5.407171771460119,4.564348191467836,2.70805020110221,4.174387269895637,1.0986122886681096,2.302585092994046,3.6635616461296463
7514,1956,2n Cycle,In a relationship,54342.0,1,1,2013-07-03,74,84,10,34,11,10,28,4,3,1,4,6,0,0,0,0,0,0,3,11,0,2013,7,3,2,1,177,69,4.248495242049359,4.31748811353631,10.903071089406382,5.181783550292085,4.442651256490317,2.3978952727983707,3.5553480614894135,2.4849066497880004,2.3978952727983707,3.367295829986474
793,1973,Graduation,In a relationship,20895.0,1,0,2012-10-06,24,18,3,17,3,0,4,1,2,0,3,9,0,0,0,0,0,0,3,11,0,2012,10,6,1,1,45,52,3.970291913552122,3.2188758248682006,9.947313032076158,3.828641396489095,2.9444389791664403,1.3862943611198906,2.8903717578961645,1.3862943611198906,0.0,1.6094379124341003
10909,1948,Graduation,In a relationship,92344.0,0,0,2014-01-15,9,992,24,694,51,19,119,0,5,10,5,1,1,0,1,0,0,0,3,11,0,2014,1,15,0,0,1899,77,4.356708826689592,2.302585092994046,11.433286842310011,7.549609165154532,6.900730664045173,3.2188758248682006,6.543911845564792,3.9512437185814275,2.995732273553991,4.787491742782046
8702,1976,2n Cycle,In a relationship,26907.0,1,1,2013-08-20,10,9,1,7,0,3,2,2,1,0,3,7,0,0,0,0,0,0,3,11,0,2013,8,20,2,1,22,49,3.912023005428146,2.3978952727983707,10.200178919145497,3.1354942159291497,2.302585092994046,0.6931471805599453,2.0794415416798357,0.0,1.3862943611198906,1.0986122886681096
4791,1980,Graduation,In a relationship,44964.0,1,1,2012-12-16,35,19,1,17,2,0,2,1,1,0,3,8,0,0,0,0,0,0,3,11,0,2012,12,16,2,1,41,45,3.828641396489095,3.58351893845611,10.713639688348616,3.7376696182833684,2.995732273553991,0.6931471805599453,2.8903717578961645,1.0986122886681096,0.0,1.0986122886681096
2963,1979,Graduation,In a relationship,75507.0,0,0,2014-05-02,56,709,93,374,104,80,80,1,8,6,6,3,0,0,0,0,0,0,3,11,0,2014,5,2,0,0,1440,46,3.8501476017100584,4.04305126783455,11.231993889888624,7.273092595999522,6.565264970035361,4.543294782270004,5.926926025970411,4.653960350157523,4.394449154672439,4.394449154672439
8216,1972,Master,In a relationship,53761.0,1,1,2013-10-11,7,158,0,76,13,7,71,6,4,4,3,5,0,0,0,0,0,0,3,11,0,2013,10,11,2,1,325,53,3.9889840465642745,2.0794415416798357,10.892322176885992,5.786897381366708,5.0689042022202315,0.0,4.343805421853684,2.639057329615259,2.0794415416798357,4.276666119016055
8140,1973,Graduation,In a relationship,22682.0,1,0,2013-10-03,51,10,14,29,4,2,36,3,2,1,4,4,0,0,0,0,0,0,3,11,0,2013,10,3,1,1,95,52,3.970291913552122,3.9512437185814275,10.02937102422638,4.564348191467836,2.3978952727983707,2.70805020110221,3.4011973816621555,1.6094379124341003,1.0986122886681096,3.6109179126442243
10146,1972,PhD,In a relationship,38887.0,1,0,2014-03-02,17,25,1,13,0,0,3,1,1,0,3,7,0,0,0,0,0,0,3,11,0,2014,3,2,1,1,42,53,3.9889840465642745,2.8903717578961645,10.568440998725292,3.7612001156935624,3.258096538021482,0.6931471805599453,2.639057329615259,0.0,0.0,1.3862943611198906
5289,1975,2n Cycle,Single,41658.0,1,1,2012-11-09,30,8,4,12,15,4,29,2,1,1,2,4,0,0,0,0,0,0,3,11,0,2012,11,9,2,1,72,50,3.9318256327243257,3.4339872044851463,10.637272710686252,4.290459441148391,2.1972245773362196,1.6094379124341003,2.5649493574615367,2.772588722239781,1.6094379124341003,3.4011973816621555
2587,1972,PhD,In a relationship,29791.0,1,0,2014-05-15,21,14,0,6,0,0,0,2,2,0,3,5,0,0,0,0,0,0,3,11,0,2014,5,15,1,1,20,53,3.9889840465642745,3.091042453358316,10.301995180076794,3.044522437723423,2.70805020110221,0.0,1.9459101490553132,0.0,0.0,0.0
4405,1956,Master,In a relationship,63915.0,0,2,2013-07-30,2,622,7,115,30,0,15,2,6,3,12,5,0,0,0,0,0,0,3,11,0,2013,7,30,2,1,789,69,4.248495242049359,1.0986122886681096,11.065325000259278,6.672032945461067,6.434546518787453,2.0794415416798357,4.7535901911063645,3.4339872044851463,0.0,2.772588722239781
8663,1974,Graduation,Single,39996.0,1,1,2014-05-22,85,11,0,3,0,0,1,1,1,0,2,6,0,0,0,0,0,0,3,11,0,2014,5,22,2,1,15,51,3.9512437185814275,4.454347296253507,10.596559730283433,2.772588722239781,2.4849066497880004,0.0,1.3862943611198906,0.0,0.0,0.6931471805599453
2589,1972,Graduation,Single,26759.0,1,0,2014-02-07,65,25,3,16,8,5,2,2,2,1,3,6,0,0,0,0,0,0,3,11,0,2014,2,7,1,1,59,53,3.9889840465642745,4.189654742026425,10.194663514242166,4.0943445622221,3.258096538021482,1.3862943611198906,2.833213344056216,2.1972245773362196,1.791759469228055,1.0986122886681096
3421,1968,Master,Single,63841.0,0,1,2013-04-21,64,635,15,100,20,7,131,1,9,3,9,6,0,0,0,0,0,0,3,11,0,2013,4,21,1,1,908,57,4.060443010546419,4.174387269895637,11.06416655995377,6.812345094177479,6.455198563340122,2.772588722239781,4.61512051684126,3.044522437723423,2.0794415416798357,4.882801922586371
10490,1969,PhD,In a relationship,51039.0,1,1,2012-12-10,11,100,64,79,65,0,109,2,6,2,4,7,0,0,0,0,0,0,3,11,0,2012,12,10,2,1,417,56,4.04305126783455,2.4849066497880004,10.840364918018672,6.035481432524756,4.61512051684126,4.174387269895637,4.382026634673881,4.189654742026425,0.0,4.700480365792417
4094,1961,Graduation,In a relationship,60544.0,1,1,2012-08-25,92,201,2,43,3,5,35,4,5,1,5,6,0,0,0,0,0,0,3,11,0,2012,8,25,2,1,289,64,4.174387269895637,4.532599493153256,11.011142169188467,5.66988092298052,5.308267697401205,1.0986122886681096,3.784189633918261,1.3862943611198906,1.791759469228055,3.58351893845611
9958,1972,Graduation,In a relationship,65685.0,0,1,2014-03-29,54,642,14,49,0,7,57,1,9,2,9,5,0,0,0,0,0,0,3,11,0,2014,3,29,1,1,769,53,3.9889840465642745,4.007333185232471,11.092641091963714,6.646390514847729,6.466144724237619,2.70805020110221,3.912023005428146,0.0,2.0794415416798357,4.060443010546419
2534,1953,Graduation,In a relationship,37716.0,0,1,2014-04-21,4,97,1,41,6,2,41,2,4,1,3,7,0,0,0,0,0,0,3,11,0,2014,4,21,1,1,188,72,4.290459441148391,1.6094379124341003,10.537866200180416,5.241747015059643,4.584967478670572,0.6931471805599453,3.7376696182833684,1.9459101490553132,1.0986122886681096,3.7376696182833684
4188,1957,Graduation,Single,36864.0,0,1,2012-08-13,53,204,5,39,17,0,89,3,5,2,4,8,0,0,0,0,0,0,3,11,1,2012,8,13,1,1,354,68,4.23410650459726,3.9889840465642745,10.515017870423751,5.872117789475416,5.3230099791384085,1.791759469228055,3.6888794541139363,2.8903717578961645,0.0,4.499809670330265
6613,1970,Master,In a relationship,44511.0,1,0,2012-10-12,39,513,7,133,46,14,14,6,8,4,8,8,0,0,0,0,0,0,3,11,0,2012,10,12,1,1,727,55,4.02535169073515,3.6888794541139363,10.70351409472317,6.590301048196686,6.2422232654551655,2.0794415416798357,4.897839799950911,3.8501476017100584,2.70805020110221,2.70805020110221
10827,1967,PhD,In a relationship,36947.0,1,1,2012-08-07,49,88,3,21,4,1,29,4,3,0,4,9,0,0,0,0,0,0,3,11,0,2012,8,7,2,1,146,58,4.07753744390572,3.912023005428146,10.5172667977125,4.990432586778736,4.48863636973214,1.3862943611198906,3.091042453358316,1.6094379124341003,0.6931471805599453,3.4011973816621555
5491,1951,Master,In a relationship,47352.0,0,1,2013-04-11,70,172,12,112,8,0,15,4,6,1,5,7,0,0,0,0,0,0,3,11,0,2013,4,11,1,1,319,74,4.31748811353631,4.2626798770413155,10.765385454579738,5.768320995793772,5.153291594497779,2.5649493574615367,4.727387818712341,2.1972245773362196,0.0,2.772588722239781
8402,1953,Master,In a relationship,67087.0,0,1,2013-12-17,40,329,35,222,130,35,43,2,7,5,8,4,0,0,0,0,0,0,3,11,0,2013,12,17,1,1,794,72,4.290459441148391,3.713572066704308,11.113760469410543,6.678342114654332,5.799092654460526,3.58351893845611,5.407171771460119,4.875197323201151,3.58351893845611,3.784189633918261
8783,1950,Graduation,In a relationship,57045.0,0,1,2012-09-08,40,296,13,104,11,13,17,3,4,2,9,3,0,0,0,0,0,0,3,11,0,2012,9,8,1,1,454,75,4.330733340286331,3.713572066704308,10.95161323889698,6.12029741895095,5.6937321388027,2.639057329615259,4.653960350157523,2.4849066497880004,2.639057329615259,2.8903717578961645
10010,1953,PhD,Single,36957.0,1,1,2012-09-06,43,100,2,16,2,1,31,4,3,2,2,9,0,0,0,0,0,0,3,11,1,2012,9,6,2,1,152,72,4.290459441148391,3.784189633918261,10.51753741173737,5.030437921392435,4.61512051684126,1.0986122886681096,2.833213344056216,1.0986122886681096,0.6931471805599453,3.4657359027997265
618,1977,PhD,In a relationship,69389.0,0,1,2012-09-28,17,422,7,238,69,46,15,1,7,2,12,4,0,0,0,0,0,0,3,11,0,2012,9,28,1,1,797,48,3.8918202981106265,2.8903717578961645,11.147498043893595,6.682108597449809,6.0473721790462776,2.0794415416798357,5.476463551931511,4.248495242049359,3.8501476017100584,2.772588722239781
9121,1972,Graduation,In a relationship,80134.0,1,0,2013-05-20,40,1218,16,272,104,0,80,2,5,3,6,6,0,1,1,1,0,0,3,11,1,2013,5,20,1,1,1690,53,3.9889840465642745,3.713572066704308,11.291467991427675,7.43307534889858,7.105786129481271,2.833213344056216,5.60947179518496,4.653960350157523,0.0,4.394449154672439
361,1969,Master,In a relationship,43142.0,1,1,2014-02-18,84,5,1,7,2,1,4,1,1,0,2,7,0,0,0,0,0,0,3,11,0,2014,2,18,2,1,20,56,4.04305126783455,4.442651256490317,10.67227545855449,3.044522437723423,1.791759469228055,0.6931471805599453,2.0794415416798357,1.0986122886681096,0.6931471805599453,1.6094379124341003
4310,1944,Graduation,In a relationship,80589.0,0,0,2014-01-22,25,507,93,520,242,40,26,1,5,10,5,1,0,0,0,1,0,0,3,11,1,2014,1,22,0,0,1428,81,4.406719247264253,3.258096538021482,11.297129851318557,7.264730177929867,6.230481447578482,4.543294782270004,6.255750041753367,5.493061443340548,3.713572066704308,3.295836866004329
2678,1990,Graduation,Single,34412.0,1,0,2013-02-13,62,52,12,50,4,36,55,3,5,0,3,9,0,0,0,0,0,0,3,11,0,2013,2,13,1,1,209,35,3.58351893845611,4.143134726391533,10.446189678949377,5.3471075307174685,3.970291913552122,2.5649493574615367,3.9318256327243257,1.6094379124341003,3.6109179126442243,4.02535169073515
6376,1979,Graduation,Single,57537.0,1,0,2013-06-10,83,191,56,139,51,8,100,4,4,3,8,4,0,0,0,0,0,0,3,11,0,2013,6,10,1,1,545,46,3.8501476017100584,4.430816798843313,10.960200878072532,6.302618975744905,5.2574953720277815,4.04305126783455,4.941642422609304,3.9512437185814275,2.1972245773362196,4.61512051684126
524,1966,Basic,In a relationship,22634.0,0,0,2013-01-16,47,2,23,11,8,6,46,1,2,1,2,8,0,0,0,0,0,0,3,11,0,2013,1,16,0,0,96,59,4.0943445622221,3.8712010109078907,10.02725265987006,4.574710978503383,1.0986122886681096,3.1780538303479458,2.4849066497880004,2.1972245773362196,1.9459101490553132,3.8501476017100584
10341,1948,Graduation,In a relationship,51315.0,0,0,2014-02-23,45,68,28,39,16,30,41,1,2,2,5,2,0,0,0,0,0,0,3,11,0,2014,2,23,0,0,222,77,4.356708826689592,3.828641396489095,10.84575787336923,5.407171771460119,4.23410650459726,3.367295829986474,3.6888794541139363,2.833213344056216,3.4339872044851463,3.7376696182833684
5654,1972,Graduation,In a relationship,36026.0,2,1,2014-03-16,34,20,4,10,6,4,17,2,2,0,3,6,0,0,0,0,0,0,3,11,0,2014,3,16,3,1,61,53,3.9889840465642745,3.5553480614894135,10.492023936328794,4.127134385045092,3.044522437723423,1.6094379124341003,2.3978952727983707,1.9459101490553132,1.6094379124341003,2.8903717578961645
4098,1973,Graduation,In a relationship,24639.0,1,1,2014-01-28,3,20,3,16,0,4,1,3,2,0,4,6,0,0,0,0,0,0,3,11,0,2014,1,28,2,1,44,52,3.970291913552122,1.3862943611198906,10.112126417647456,3.8066624897703196,3.044522437723423,1.3862943611198906,2.833213344056216,0.0,1.6094379124341003,0.6931471805599453
5824,1972,PhD,In a relationship,34578.0,2,1,2014-04-11,1,7,0,1,0,0,0,1,1,0,2,6,0,0,0,0,0,0,3,11,0,2014,4,11,3,1,8,53,3.9889840465642745,0.6931471805599453,10.451001840369164,2.1972245773362196,2.0794415416798357,0.0,0.6931471805599453,0.0,0.0,0.0
7000,1972,2n Cycle,Single,65704.0,0,0,2013-10-13,18,279,172,74,38,8,246,1,2,10,10,1,0,0,0,0,0,0,3,11,0,2013,10,13,0,0,817,53,3.9889840465642745,2.9444389791664403,11.092930305077738,6.706862336602747,5.634789603169249,5.153291594497779,4.31748811353631,3.6635616461296463,2.1972245773362196,5.5093883366279774
2561,1966,Graduation,Single,63810.0,0,1,2012-11-11,45,977,12,253,16,12,101,4,4,3,12,8,0,1,0,0,0,0,3,11,0,2012,11,11,1,1,1371,59,4.0943445622221,3.828641396489095,11.063680868264434,7.22402480828583,6.885509670034818,2.5649493574615367,5.537334267018537,2.833213344056216,2.5649493574615367,4.624972813284271
5229,1969,PhD,In a relationship,54132.0,0,1,2014-02-16,81,30,1,8,0,0,3,1,1,0,3,7,0,0,0,0,0,0,3,11,0,2014,2,16,1,1,42,56,4.04305126783455,4.406719247264253,10.899199260387178,3.7612001156935624,3.4339872044851463,0.6931471805599453,2.1972245773362196,0.0,0.0,1.3862943611198906
4086,1959,Graduation,In a relationship,18690.0,0,0,2012-12-28,77,6,1,7,23,4,19,1,1,1,2,8,0,0,0,0,0,0,3,11,0,2012,12,28,0,0,60,66,4.204692619390966,4.356708826689592,9.835797403566177,4.110873864173311,1.9459101490553132,0.6931471805599453,2.0794415416798357,3.1780538303479458,1.6094379124341003,2.995732273553991
2428,1970,Graduation,In a relationship,28164.0,1,0,2013-05-04,23,3,18,26,11,8,12,3,2,0,4,7,0,0,0,0,0,0,3,11,0,2013,5,4,1,1,78,55,4.02535169073515,3.1780538303479458,10.245835351328815,4.3694478524670215,1.3862943611198906,2.9444389791664403,3.295836866004329,2.4849066497880004,2.1972245773362196,2.5649493574615367
8254,1974,PhD,In a relationship,34596.0,1,0,2013-04-13,48,14,0,2,0,0,7,1,1,0,2,8,0,0,0,0,0,0,3,11,0,2013,4,13,1,1,23,51,3.9512437185814275,3.8918202981106265,10.45152225208439,3.1780538303479458,2.70805020110221,0.0,1.0986122886681096,0.0,0.0,2.0794415416798357
2836,1972,PhD,In a relationship,43269.0,1,0,2013-09-16,61,10,1,7,0,0,1,1,1,0,2,8,0,0,0,0,0,0,3,11,0,2013,9,16,1,1,19,53,3.9889840465642745,4.127134385045092,10.67521483321893,2.995732273553991,2.3978952727983707,0.6931471805599453,2.0794415416798357,0.0,0.0,0.6931471805599453
8418,1958,2n Cycle,Single,38741.0,1,1,2014-03-30,60,7,10,17,8,6,13,2,2,0,3,7,0,0,0,0,0,0,3,11,0,2014,3,30,2,1,61,67,4.219507705176107,4.110873864173311,10.564679561854522,4.127134385045092,2.0794415416798357,2.3978952727983707,2.8903717578961645,2.1972245773362196,1.9459101490553132,2.639057329615259
1362,1972,Graduation,Single,31907.0,0,0,2013-03-04,75,33,87,64,175,16,74,1,6,1,6,7,0,0,0,0,0,0,3,11,0,2013,3,4,0,0,449,53,3.9889840465642745,4.330733340286331,10.37061204103102,6.1092475827643655,3.5263605246161616,4.477336814478207,4.174387269895637,5.170483995038151,2.833213344056216,4.31748811353631
7152,1983,Master,In a relationship,27100.0,1,0,2013-04-05,64,12,0,13,2,0,10,1,1,0,3,7,0,0,0,0,0,0,3,11,0,2013,4,5,1,1,37,42,3.7612001156935624,4.174387269895637,10.207325906555994,3.6375861597263857,2.5649493574615367,0.0,2.639057329615259,1.0986122886681096,0.0,2.3978952727983707
10033,1973,2n Cycle,Single,31163.0,1,0,2014-02-13,54,2,3,10,11,2,10,1,1,0,3,6,0,0,0,0,0,0,3,11,0,2014,2,13,1,1,38,52,3.970291913552122,4.007333185232471,10.34701886145075,3.6635616461296463,1.0986122886681096,1.3862943611198906,2.3978952727983707,2.4849066497880004,1.0986122886681096,2.3978952727983707
9349,1985,Graduation,In a relationship,92533.0,0,0,2013-12-19,84,693,21,118,110,147,42,1,6,5,11,2,0,0,1,1,0,0,3,11,0,2013,12,19,0,0,1131,40,3.713572066704308,4.442651256490317,11.435331423531675,7.0317412587631285,6.542471960506805,3.091042453358316,4.77912349311153,4.709530201312334,4.997212273764115,3.7612001156935624
274,1973,Graduation,Single,34853.0,1,1,2013-12-23,75,9,3,15,2,3,2,2,2,0,3,6,0,0,0,0,0,0,3,11,0,2013,12,23,2,1,34,52,3.970291913552122,4.330733340286331,10.458923187220588,3.5553480614894135,2.302585092994046,1.3862943611198906,2.772588722239781,1.0986122886681096,1.3862943611198906,1.0986122886681096
3388,1967,Graduation,Single,70844.0,1,1,2013-10-30,16,129,26,67,3,67,2,5,6,1,5,7,0,0,0,0,0,0,3,11,0,2013,10,30,2,1,294,58,4.07753744390572,2.833213344056216,11.168249670998327,5.68697535633982,4.867534450455582,3.295836866004329,4.219507705176107,1.3862943611198906,4.219507705176107,1.0986122886681096
922,1979,2n Cycle,In a relationship,31086.0,1,1,2013-05-04,79,16,2,11,3,0,16,2,1,1,2,8,1,0,0,0,0,0,3,11,0,2013,5,4,2,1,48,46,3.8501476017100584,4.382026634673881,10.344545004347415,3.8918202981106265,2.833213344056216,1.0986122886681096,2.4849066497880004,1.3862943611198906,0.0,2.833213344056216
8588,1961,Graduation,In a relationship,60544.0,1,1,2012-08-25,92,201,2,43,3,5,35,4,5,1,5,6,0,0,0,0,0,0,3,11,0,2012,8,25,2,1,289,64,4.174387269895637,4.532599493153256,11.011142169188467,5.66988092298052,5.308267697401205,1.0986122886681096,3.784189633918261,1.3862943611198906,1.791759469228055,3.58351893845611
2518,1986,2n Cycle,In a relationship,20491.0,0,0,2013-01-25,16,5,4,5,4,2,10,1,0,1,2,7,0,0,0,0,0,0,3,11,0,2013,1,25,0,0,30,39,3.6888794541139363,2.833213344056216,9.927789845059094,3.4339872044851463,1.791759469228055,1.6094379124341003,1.791759469228055,1.6094379124341003,1.0986122886681096,2.3978952727983707
574,1964,Graduation,In a relationship,42523.0,0,0,2014-04-23,96,14,36,11,3,26,35,1,1,1,4,2,0,0,0,0,0,0,3,11,0,2014,4,23,0,0,125,61,4.127134385045092,4.574710978503383,10.657823901408495,4.836281906951478,2.70805020110221,3.6109179126442243,2.4849066497880004,1.3862943611198906,3.295836866004329,3.58351893845611
3220,1983,Graduation,In a relationship,39922.0,1,0,2013-02-14,30,29,12,59,19,1,36,2,3,0,4,8,0,0,0,0,0,0,3,11,0,2013,2,14,1,1,156,42,3.7612001156935624,3.4339872044851463,10.594707877902358,5.056245805348308,3.4011973816621555,2.5649493574615367,4.0943445622221,2.995732273553991,0.6931471805599453,3.6109179126442243
5967,1952,Graduation,In a relationship,33402.0,1,1,2013-07-18,60,26,2,19,10,5,8,3,2,1,3,8,0,0,0,0,0,0,3,11,0,2013,7,18,2,1,70,73,4.304065093204169,4.110873864173311,10.416400995290466,4.2626798770413155,3.295836866004329,1.0986122886681096,2.995732273553991,2.3978952727983707,1.791759469228055,2.1972245773362196
1183,1949,Master,In a relationship,36408.0,1,1,2013-09-21,11,9,1,4,3,2,3,1,1,0,2,6,0,0,0,0,0,0,3,11,0,2013,9,21,2,1,22,76,4.343805421853684,2.4849066497880004,10.502571275810162,3.1354942159291497,2.302585092994046,0.6931471805599453,1.6094379124341003,1.3862943611198906,1.0986122886681096,1.3862943611198906
6856,1979,Graduation,In a relationship,21645.0,1,0,2012-09-03,75,14,0,23,4,5,19,3,3,0,3,9,0,0,0,0,0,0,3,11,1,2012,9,3,1,1,65,46,3.8501476017100584,4.330733340286331,9.982575958855092,4.189654742026425,2.70805020110221,0.0,3.1780538303479458,1.6094379124341003,1.791759469228055,2.995732273553991
4530,1948,Master,Single,78427.0,0,0,2012-10-24,36,972,19,595,180,26,138,3,3,7,10,3,0,0,0,1,0,0,3,11,1,2012,10,24,0,0,1930,77,4.356708826689592,3.6109179126442243,11.269936285435312,7.565793282428515,6.880384082186005,2.995732273553991,6.39024066706535,5.198497031265826,3.295836866004329,4.9344739331306915
1553,1946,Graduation,In a relationship,82657.0,0,0,2013-09-27,71,966,168,672,246,105,126,1,7,5,10,4,0,1,0,1,0,0,3,11,0,2013,9,27,0,0,2283,79,4.382026634673881,4.276666119016055,11.32246689227337,7.7336835707759,6.874198495453294,5.1298987149230735,6.511745329644728,5.5093883366279774,4.663439094112067,4.844187086458591
4682,1958,Graduation,In a relationship,51876.0,0,0,2013-10-15,88,99,27,102,28,48,6,1,2,2,8,1,0,0,0,0,0,0,3,11,0,2013,10,15,0,0,310,67,4.219507705176107,4.48863636973214,10.856630811006672,5.739792912179234,4.605170185988092,3.332204510175204,4.634728988229636,3.367295829986474,3.8918202981106265,1.9459101490553132
8204,1971,2n Cycle,In a relationship,78041.0,0,0,2012-12-16,93,482,35,553,72,160,17,1,4,4,9,2,0,0,0,0,0,0,3,11,0,2012,12,16,0,0,1319,54,4.007333185232471,4.543294782270004,11.265002422291795,7.1853870155804165,6.180016653652572,3.58351893845611,6.317164686747284,4.290459441148391,5.081404364984463,2.8903717578961645
5221,1957,Graduation,In a relationship,52852.0,0,1,2012-12-01,93,714,8,99,11,0,47,4,10,7,5,8,1,0,0,0,0,0,3,11,0,2012,12,1,1,1,879,68,4.23410650459726,4.543294782270004,10.87526975411497,6.779921907472252,6.5722825426940075,2.1972245773362196,4.605170185988092,2.4849066497880004,0.0,3.8712010109078907
1232,1982,PhD,In a relationship,70038.0,0,0,2013-10-25,54,587,54,348,71,54,130,1,4,4,8,2,0,0,0,0,0,0,3,11,0,2013,10,25,0,0,1244,43,3.784189633918261,4.007333185232471,11.15680750874218,7.126890808898808,6.376726947898627,4.007333185232471,5.855071922202427,4.276666119016055,4.007333185232471,4.875197323201151
1927,1973,2n Cycle,In a relationship,69401.0,0,1,2014-03-23,41,399,27,159,58,8,39,4,4,4,5,2,0,0,0,0,0,0,3,11,0,2014,3,23,1,1,690,52,3.970291913552122,3.7376696182833684,11.147670964523456,6.53813982376767,5.991464547107982,3.332204510175204,5.075173815233827,4.07753744390572,2.1972245773362196,3.6888794541139363
5788,1972,Graduation,In a relationship,46053.0,1,0,2013-02-17,46,56,10,92,19,7,25,3,3,2,4,5,0,0,0,0,0,0,3,11,0,2013,2,17,1,1,209,53,3.9889840465642745,3.8501476017100584,10.737569900017565,5.3471075307174685,4.04305126783455,2.3978952727983707,4.532599493153256,2.995732273553991,2.0794415416798357,3.258096538021482
6652,1965,Graduation,In a relationship,77343.0,0,0,2014-06-09,28,227,151,573,98,54,31,1,3,4,9,1,0,0,0,0,0,0,3,11,0,2014,6,9,0,0,1134,60,4.110873864173311,3.367295829986474,11.25601828350321,7.034387929915503,5.429345628954441,5.0238805208462765,6.352629396319567,4.59511985013459,4.007333185232471,3.4657359027997265
6246,1953,Graduation,Single,73892.0,0,0,2013-11-13,40,703,102,601,0,58,43,1,3,11,8,1,0,0,0,0,0,0,3,11,1,2013,11,13,0,0,1507,72,4.290459441148391,3.713572066704308,11.210373379851719,7.318539548567902,6.556778356158042,4.634728988229636,6.400257445308821,0.0,4.07753744390572,3.784189633918261
5975,1967,PhD,Single,40304.0,1,0,2013-09-30,82,37,0,17,0,0,3,1,2,0,3,7,0,0,0,0,0,0,3,11,0,2013,9,30,1,1,57,58,4.07753744390572,4.418840607796598,10.604230809717702,4.060443010546419,3.6375861597263857,0.0,2.8903717578961645,0.0,0.0,1.3862943611198906
6875,1965,PhD,In a relationship,32727.0,0,0,2012-08-28,38,167,13,180,86,13,70,2,7,3,5,8,0,0,0,0,0,0,3,11,0,2012,8,28,0,0,529,60,4.110873864173311,3.6635616461296463,10.395986259609234,6.272877006546167,5.123963979403259,2.639057329615259,5.198497031265826,4.465908118654584,2.639057329615259,4.2626798770413155
4399,1969,Graduation,In a relationship,68695.0,0,0,2014-06-25,3,458,81,356,106,50,40,1,4,4,7,2,0,0,0,0,0,0,3,11,0,2014,6,25,0,0,1091,56,4.04305126783455,1.3862943611198906,11.137446252352321,6.9957661563048505,6.129050210060545,4.406719247264253,5.877735781779639,4.672828834461906,3.9318256327243257,3.713572066704308
4042,1971,Graduation,Single,43300.0,0,1,2012-10-13,87,91,3,52,2,1,31,3,4,0,4,8,0,0,0,0,0,0,3,11,1,2012,10,13,1,1,180,54,4.007333185232471,4.477336814478207,10.675931008412125,5.198497031265826,4.5217885770490405,1.3862943611198906,3.970291913552122,1.0986122886681096,0.6931471805599453,3.4657359027997265
2157,1972,Graduation,In a relationship,26290.0,1,1,2013-01-12,49,15,8,16,11,5,22,4,2,0,4,6,0,0,0,0,0,0,3,11,0,2013,1,12,2,1,77,53,3.9889840465642745,3.912023005428146,10.176981954277059,4.356708826689592,2.772588722239781,2.1972245773362196,2.833213344056216,2.4849066497880004,1.791759469228055,3.1354942159291497
10133,1970,Graduation,Single,93790.0,0,0,2014-02-12,16,1302,68,731,89,114,45,0,6,7,12,2,0,1,1,1,0,0,3,11,1,2014,2,12,0,0,2349,55,4.02535169073515,2.833213344056216,11.44882418156364,7.762170607138205,7.172424577124845,4.23410650459726,6.595780513961311,4.499809670330265,4.74493212836325,3.828641396489095
2525,1974,PhD,In a relationship,38410.0,0,0,2012-09-14,65,153,64,123,116,64,14,2,5,2,9,6,0,0,0,0,0,0,3,11,1,2012,9,14,0,0,534,51,3.9512437185814275,4.189654742026425,10.556099155887797,6.282266746896006,5.0369526024136295,4.174387269895637,4.820281565605037,4.762173934797756,4.174387269895637,2.70805020110221
8233,1950,Master,Single,64866.0,0,1,2014-01-26,9,508,5,21,7,5,10,4,7,3,7,5,0,1,0,0,0,0,3,11,0,2014,1,26,1,1,556,75,4.330733340286331,2.302585092994046,11.080094298798874,6.322565239927284,6.2324480165505225,1.791759469228055,3.091042453358316,2.0794415416798357,1.791759469228055,2.3978952727983707
9483,1959,Graduation,In a relationship,57957.0,0,1,2013-08-19,24,290,59,177,77,5,29,7,4,6,8,3,0,0,0,0,0,1,3,11,0,2013,8,19,1,1,637,66,4.204692619390966,3.2188758248682006,10.967473889283008,6.45833828334479,5.673323267171493,4.0943445622221,5.181783550292085,4.356708826689592,1.791759469228055,3.4011973816621555
2945,1955,PhD,In a relationship,46015.0,1,1,2014-04-13,25,38,0,2,0,0,6,1,1,0,3,7,1,0,0,0,1,0,3,11,0,2014,4,13,2,1,46,70,4.2626798770413155,3.258096538021482,10.736744441080718,3.8501476017100584,3.6635616461296463,0.0,1.0986122886681096,0.0,0.0,1.9459101490553132
10403,1978,Graduation,In a relationship,16531.0,1,0,2014-06-18,43,2,13,6,7,5,11,3,3,0,3,7,0,0,0,0,0,0,3,11,0,2014,6,18,1,1,44,47,3.8712010109078907,3.784189633918261,9.713053175631623,3.8066624897703196,1.0986122886681096,2.639057329615259,1.9459101490553132,2.0794415416798357,1.791759469228055,2.4849066497880004
5074,1986,Master,In a relationship,28072.0,1,0,2013-07-08,10,30,0,10,2,0,5,1,1,0,3,7,0,0,0,0,0,0,3,11,0,2013,7,8,1,1,47,39,3.6888794541139363,2.3978952727983707,10.242563539313103,3.8712010109078907,3.4339872044851463,0.0,2.3978952727983707,1.0986122886681096,0.0,1.791759469228055
10524,1963,Master,Single,49476.0,0,1,2013-06-20,29,386,23,95,54,41,196,4,2,11,5,2,0,0,0,0,0,0,3,11,0,2013,6,20,1,1,795,62,4.143134726391533,3.4011973816621555,10.809263194110516,6.679599185844383,5.958424693029782,3.1780538303479458,4.564348191467836,4.007333185232471,3.7376696182833684,5.2832037287379885
4690,1953,Graduation,In a relationship,50725.0,0,1,2013-02-13,45,443,10,75,0,10,48,4,8,1,8,8,0,0,0,0,0,0,3,11,0,2013,2,13,1,1,586,72,4.290459441148391,3.828641396489095,10.834193878644593,6.375024819828097,6.095824562432225,2.3978952727983707,4.330733340286331,0.0,2.3978952727983707,3.8918202981106265
7521,1952,Graduation,In a relationship,83844.0,0,0,2013-05-12,57,901,31,345,75,31,191,1,4,4,11,1,0,0,1,0,0,0,3,11,0,2013,5,12,0,0,1574,73,4.304065093204169,4.060443010546419,11.33672513518121,7.362010551259734,6.804614520062624,3.4657359027997265,5.846438775057724,4.330733340286331,3.4657359027997265,5.2574953720277815
7196,1950,PhD,In a relationship,41145.0,1,1,2014-02-08,20,9,0,3,0,0,1,1,0,0,3,3,0,0,0,0,0,0,3,11,0,2014,2,8,2,1,13,75,4.330733340286331,3.044522437723423,10.624881996034176,2.639057329615259,2.302585092994046,0.0,1.3862943611198906,0.0,0.0,0.6931471805599453
4406,1970,Graduation,In a relationship,67419.0,0,1,2013-01-16,29,846,84,352,91,56,42,4,9,4,8,5,0,0,0,0,0,0,3,11,0,2013,1,16,1,1,1471,55,4.02535169073515,3.4011973816621555,11.118696988788052,7.294377299288821,6.741700694652055,4.442651256490317,5.8664680569332965,4.5217885770490405,4.04305126783455,3.7612001156935624
9672,1970,2n Cycle,In a relationship,23162.0,1,1,2013-12-21,82,8,3,9,19,4,22,3,1,1,3,6,0,0,0,0,0,0,3,11,0,2013,12,21,2,1,65,55,4.02535169073515,4.418840607796598,10.050311456976926,4.189654742026425,2.1972245773362196,1.3862943611198906,2.302585092994046,2.995732273553991,1.6094379124341003,3.1354942159291497
4864,1977,Graduation,In a relationship,34380.0,1,0,2013-05-02,68,72,7,58,13,1,24,4,4,1,3,8,0,0,0,0,0,0,3,11,0,2013,5,2,1,1,175,48,3.8918202981106265,4.23410650459726,10.445259365192133,5.170483995038151,4.290459441148391,2.0794415416798357,4.07753744390572,2.639057329615259,0.6931471805599453,3.2188758248682006
4706,1966,Graduation,Single,34704.0,0,1,2013-04-27,65,29,0,5,0,1,5,1,1,0,3,5,0,0,0,0,0,0,3,11,0,2013,4,27,1,1,40,59,4.0943445622221,4.189654742026425,10.454639047773684,3.713572066704308,3.4011973816621555,0.0,1.791759469228055,0.0,0.6931471805599453,1.791759469228055
4070,1969,PhD,In a relationship,94871.0,0,2,2012-09-01,99,169,24,553,188,0,144,1,8,5,4,7,0,1,1,0,0,0,3,11,1,2012,9,1,2,1,1078,56,4.04305126783455,4.605170185988092,11.46028389364463,6.983789965258135,5.135798437050262,3.2188758248682006,6.317164686747284,5.241747015059643,0.0,4.976733742420574
25,1958,Graduation,In a relationship,65148.0,0,1,2012-11-16,9,460,35,422,33,12,153,2,6,6,7,4,0,0,0,0,0,0,3,11,0,2012,11,16,1,1,1115,67,4.219507705176107,2.302585092994046,11.084432233241024,7.017506142941256,6.133398042996649,3.58351893845611,6.0473721790462776,3.5263605246161616,2.5649493574615367,5.0369526024136295
3697,1954,Graduation,In a relationship,39898.0,0,1,2013-02-12,20,69,8,26,12,7,12,2,3,0,4,7,0,0,0,0,0,0,3,11,0,2013,2,12,1,1,134,71,4.276666119016055,3.044522437723423,10.594106539907239,4.90527477843843,4.248495242049359,2.1972245773362196,3.295836866004329,2.5649493574615367,2.0794415416798357,2.5649493574615367
217,1956,Master,Single,64857.0,0,0,2012-11-23,78,556,14,717,210,0,43,1,7,5,10,4,0,0,0,0,0,0,3,11,0,2012,11,23,0,0,1540,69,4.248495242049359,4.3694478524670215,11.079955543739874,7.340186835320115,6.322565239927284,2.70805020110221,6.576469569048224,5.351858133476067,0.0,3.784189633918261
4220,1970,PhD,In a relationship,59892.0,0,1,2013-11-02,26,73,0,13,0,1,0,1,2,1,3,3,0,0,0,0,0,0,3,11,0,2013,11,2,1,1,87,55,4.02535169073515,3.295836866004329,11.000314915838985,4.477336814478207,4.304065093204169,0.0,2.639057329615259,0.0,0.6931471805599453,0.0
5286,1987,Master,Single,41020.0,0,0,2013-10-28,68,112,1,54,7,7,36,1,3,2,4,3,0,0,0,0,0,0,3,11,0,2013,10,28,0,0,217,38,3.6635616461296463,4.23410650459726,10.621839409681249,5.384495062789089,4.727387818712341,0.6931471805599453,4.007333185232471,2.0794415416798357,2.0794415416798357,3.6109179126442243
9559,1961,PhD,In a relationship,57072.0,0,1,2014-01-24,79,944,0,60,0,0,30,2,7,5,13,5,1,0,0,0,0,0,3,11,0,2014,1,24,1,1,1034,64,4.174387269895637,4.382026634673881,10.95208642917211,6.942156705699469,6.851184927493743,0.0,4.110873864173311,0.0,0.0,3.4339872044851463
2849,1979,Graduation,Single,60474.0,0,1,2013-04-01,25,265,199,303,234,9,170,7,10,2,12,7,0,0,0,0,0,0,3,11,0,2013,4,1,1,1,1180,46,3.8501476017100584,3.258096538021482,11.009985335478229,7.074116816197362,5.583496308781699,5.298317366548036,5.717027701406222,5.459585514144159,2.302585092994046,5.14166355650266
7787,1960,Graduation,In a relationship,62807.0,0,1,2012-08-31,83,526,28,135,10,21,99,3,5,3,12,5,0,0,0,0,0,0,3,11,0,2012,8,31,1,1,819,65,4.189654742026425,4.430816798843313,11.047837732878092,6.709304340258299,6.267200548541362,3.367295829986474,4.912654885736052,2.3978952727983707,3.091042453358316,4.605170185988092
3102,1981,2n Cycle,In a relationship,19414.0,1,0,2013-10-16,32,2,3,12,3,5,7,1,1,0,3,8,0,0,0,0,0,0,3,11,0,2013,10,16,1,1,32,44,3.8066624897703196,3.4965075614664802,9.873801242165767,3.4965075614664802,1.0986122886681096,1.3862943611198906,2.5649493574615367,1.3862943611198906,1.791759469228055,2.0794415416798357
5868,1980,Graduation,In a relationship,19107.0,1,0,2013-08-22,49,2,4,9,10,5,16,2,1,0,3,7,0,0,0,0,0,0,3,11,0,2013,8,22,1,1,46,45,3.828641396489095,3.912023005428146,9.857862374509853,3.8501476017100584,1.0986122886681096,1.6094379124341003,2.302585092994046,2.3978952727983707,1.791759469228055,2.833213344056216
8370,1976,2n Cycle,In a relationship,75484.0,0,1,2012-08-02,50,378,97,259,197,194,34,2,7,3,6,4,0,0,0,0,0,0,3,11,0,2012,8,2,1,1,1159,49,3.912023005428146,3.9318256327243257,11.231689240001836,7.05617528410041,5.937536205082426,4.584967478670572,5.560681631015528,5.288267030694535,5.272999558563747,3.5553480614894135
9988,1976,Master,Single,70379.0,0,1,2013-03-03,84,553,25,142,65,67,8,3,6,3,13,4,0,0,0,0,0,0,3,11,0,2013,3,3,1,1,860,49,3.912023005428146,4.442651256490317,11.161664410875575,6.7580945044277305,6.317164686747284,3.258096538021482,4.962844630259907,4.189654742026425,4.219507705176107,2.1972245773362196
2939,1970,Master,In a relationship,79419.0,0,0,2014-06-22,96,751,127,687,20,15,31,1,4,6,4,2,0,0,0,0,0,0,3,11,0,2014,6,22,0,0,1631,55,4.02535169073515,4.574710978503383,11.282505504685242,7.397561535524052,6.62273632394984,4.852030263919617,6.5337888379333435,3.044522437723423,2.772588722239781,3.4657359027997265
5529,1946,PhD,In a relationship,64014.0,2,1,2014-06-10,56,406,0,30,0,0,8,7,8,2,5,7,0,0,0,1,0,0,3,11,0,2014,6,10,3,1,444,79,4.382026634673881,4.04305126783455,11.066872709880279,6.09807428216624,6.008813185442595,0.0,3.4339872044851463,0.0,0.0,2.1972245773362196
9743,1955,Graduation,In a relationship,76998.0,0,1,2013-01-11,85,1449,89,161,69,35,107,2,11,8,8,6,0,0,1,0,0,0,3,11,0,2013,1,11,1,1,1910,70,4.2626798770413155,4.454347296253507,11.251547713738502,7.555381944240273,7.27931883541462,4.499809670330265,5.087596335232384,4.248495242049359,3.58351893845611,4.68213122712422
5763,1972,Master,In a relationship,49854.0,1,0,2013-11-10,63,123,17,171,39,0,30,5,6,2,5,6,0,0,0,0,0,0,3,11,0,2013,11,10,1,1,380,53,3.9889840465642745,4.1588830833596715,10.816874071262893,5.942799375126701,4.820281565605037,2.8903717578961645,5.147494476813453,3.6888794541139363,0.0,3.4339872044851463
3478,1971,PhD,In a relationship,60585.0,1,1,2013-06-24,17,267,42,309,55,42,21,10,7,4,9,5,0,0,0,0,0,0,3,11,1,2013,6,24,2,1,736,54,4.007333185232471,2.8903717578961645,11.011819122265148,6.602587892189336,5.5909869805108565,3.7612001156935624,5.736572297479192,4.02535169073515,3.7612001156935624,3.091042453358316
7494,1950,PhD,Single,42873.0,1,1,2013-01-21,11,209,0,40,3,2,15,4,6,1,4,8,0,0,0,0,0,0,3,11,0,2013,1,21,2,1,269,75,4.330733340286331,2.4849066497880004,10.666020860581082,5.598421958998375,5.3471075307174685,0.0,3.713572066704308,1.3862943611198906,1.0986122886681096,2.772588722239781
1763,1988,Graduation,In a relationship,87679.0,0,0,2013-07-27,62,1259,172,815,97,148,33,1,7,11,10,4,1,0,1,1,0,0,3,11,1,2013,7,27,0,0,2524,37,3.6375861597263857,4.143134726391533,11.381449102181843,7.83399634170946,7.138866999945524,5.153291594497779,6.704414354964107,4.584967478670572,5.003946305945459,3.5263605246161616
7250,1978,Graduation,In a relationship,57867.0,1,0,2013-10-01,48,344,35,178,15,23,17,7,7,2,9,6,0,0,0,0,0,0,3,11,0,2013,10,1,1,1,612,47,3.8712010109078907,3.8918202981106265,10.965919833749481,6.418364935936212,5.84354441703136,3.58351893845611,5.187385805840755,2.772588722239781,3.1780538303479458,2.8903717578961645
2005,1990,Graduation,In a relationship,35765.0,1,0,2013-12-11,86,22,3,30,0,5,15,2,2,0,4,6,0,0,0,0,0,0,3,11,0,2013,12,11,1,1,75,35,3.58351893845611,4.465908118654584,10.48475300044798,4.330733340286331,3.1354942159291497,1.3862943611198906,3.4339872044851463,0.0,1.791759469228055,2.772588722239781
10770,1959,Graduation,In a relationship,65492.0,0,0,2014-01-26,73,247,161,295,210,85,47,2,4,7,13,2,0,0,0,0,0,0,3,11,0,2014,1,26,0,0,1045,66,4.204692619390966,4.304065093204169,11.089698545683305,6.952728644624869,5.5134287461649825,5.087596335232384,5.69035945432406,5.351858133476067,4.454347296253507,3.8712010109078907
6885,1977,Graduation,Single,32952.0,1,0,2013-12-01,36,38,0,12,3,1,1,1,2,0,3,7,0,0,0,0,0,0,3,11,0,2013,12,1,1,1,55,48,3.8918202981106265,3.6109179126442243,10.402837582827095,4.02535169073515,3.6635616461296463,0.0,2.5649493574615367,1.3862943611198906,0.6931471805599453,0.6931471805599453
2072,1969,PhD,In a relationship,53374.0,0,1,2012-08-16,34,896,10,101,13,10,34,6,4,2,9,9,1,0,0,0,0,0,3,11,1,2012,8,16,1,1,1064,56,4.04305126783455,3.5553480614894135,10.885097750530926,6.970730078143525,6.799055862058796,2.3978952727983707,4.624972813284271,2.639057329615259,2.3978952727983707,3.5553480614894135
9463,1959,Graduation,In a relationship,71706.0,0,1,2012-11-13,16,931,56,253,91,98,14,4,9,5,7,5,0,0,0,0,0,0,3,11,0,2012,11,13,1,1,1443,66,4.204692619390966,2.833213344056216,11.180343650832073,7.275172319452771,6.837332814685591,4.04305126783455,5.537334267018537,4.5217885770490405,4.59511985013459,2.70805020110221
6318,1988,Graduation,In a relationship,68487.0,0,0,2013-01-13,48,758,12,385,33,89,89,1,9,7,13,4,0,0,0,0,0,0,3,11,0,2013,1,13,0,0,1366,37,3.6375861597263857,3.8918202981106265,11.134413826422321,7.220373836723949,6.6320017773956295,2.5649493574615367,5.955837369464831,3.5263605246161616,4.499809670330265,4.499809670330265
4093,1975,Master,In a relationship,53253.0,1,1,2013-02-11,61,216,9,57,20,9,125,7,4,3,5,5,0,0,0,0,0,0,3,11,0,2013,2,11,2,1,436,50,3.9318256327243257,4.127134385045092,10.882828198121395,6.07993319509559,5.37989735354046,2.302585092994046,4.060443010546419,3.044522437723423,2.302585092994046,4.836281906951478
5751,1973,2n Cycle,Single,31163.0,1,0,2014-02-13,54,2,3,10,11,2,10,1,1,0,3,6,0,0,0,0,0,0,3,11,0,2014,2,13,1,1,38,52,3.970291913552122,4.007333185232471,10.34701886145075,3.6635616461296463,1.0986122886681096,1.3862943611198906,2.3978952727983707,2.4849066497880004,1.0986122886681096,2.3978952727983707
3340,1977,Graduation,In a relationship,42014.0,1,0,2012-08-17,56,244,15,108,4,15,50,6,7,1,6,8,0,0,0,0,0,0,3,11,1,2012,8,17,1,1,436,48,3.8918202981106265,4.04305126783455,10.645781976362318,6.07993319509559,5.501258210544727,2.772588722239781,4.6913478822291435,1.6094379124341003,2.772588722239781,3.9318256327243257
3594,1973,Master,In a relationship,54108.0,1,1,2012-11-05,74,539,6,91,8,6,97,13,8,2,9,8,0,0,0,0,0,0,3,11,0,2012,11,5,2,1,747,52,3.970291913552122,4.31748811353631,10.89875580959371,6.617402977974478,6.29156913955832,1.9459101490553132,4.5217885770490405,2.1972245773362196,1.9459101490553132,4.584967478670572
3584,1955,PhD,Single,49667.0,0,0,2012-08-20,35,1181,26,120,17,13,39,2,5,10,5,8,1,0,0,0,0,0,3,11,1,2012,8,20,0,0,1396,70,4.2626798770413155,3.58351893845611,10.813116141536733,7.242082359256962,7.074963197966044,3.295836866004329,4.795790545596741,2.8903717578961645,2.639057329615259,3.6888794541139363
3643,1974,Master,In a relationship,63206.0,0,0,2014-03-20,65,750,8,125,11,8,26,1,4,3,6,2,0,0,1,0,0,0,3,11,0,2014,3,20,0,0,928,51,3.9512437185814275,4.189654742026425,11.05417033349524,6.834108738813838,6.621405651764134,2.1972245773362196,4.836281906951478,2.4849066497880004,2.1972245773362196,3.295836866004329
851,1972,Master,In a relationship,57136.0,1,1,2013-07-09,48,306,5,109,21,109,92,9,5,2,10,6,0,0,0,0,0,0,3,11,0,2013,7,9,2,1,642,53,3.9889840465642745,3.8918202981106265,10.953207171781322,6.466144724237619,5.726847747587197,1.791759469228055,4.700480365792417,3.091042453358316,4.700480365792417,4.532599493153256
7706,1975,2n Cycle,In a relationship,46772.0,0,1,2012-11-07,88,350,104,189,197,151,57,6,11,8,5,8,1,0,0,0,0,0,3,11,0,2012,11,7,1,1,1048,50,3.9318256327243257,4.48863636973214,10.75306139234466,6.955592608396297,5.860786223465865,4.653960350157523,5.247024072160486,5.288267030694535,5.0238805208462765,4.060443010546419
3967,1971,PhD,In a relationship,78931.0,0,0,2013-10-25,19,331,197,170,58,152,35,1,2,8,13,1,0,0,0,0,0,0,3,11,0,2013,10,25,0,0,943,54,4.007333185232471,2.995732273553991,11.276342001289317,6.8501261661455,5.805134968916488,5.288267030694535,5.14166355650266,4.07753744390572,5.030437921392435,3.58351893845611
10128,1958,Graduation,In a relationship,53977.0,0,1,2013-06-08,21,620,16,165,0,24,82,5,5,5,12,5,0,0,0,0,0,0,3,11,0,2013,6,8,1,1,907,67,4.219507705176107,3.091042453358316,10.896331835126059,6.811244378601294,6.431331081933479,2.833213344056216,5.111987788356544,0.0,3.2188758248682006,4.418840607796598
486,1988,Graduation,In a relationship,84219.0,0,0,2014-02-02,27,434,137,400,45,137,45,1,3,4,10,1,0,0,0,0,0,0,3,11,0,2014,2,2,0,0,1198,37,3.6375861597263857,3.332204510175204,11.341187701715919,7.089243155027514,6.075346031088684,4.927253685157205,5.993961427306569,3.828641396489095,4.927253685157205,3.828641396489095
9,1975,Master,Single,46098.0,1,1,2012-08-18,86,57,0,27,0,0,36,4,3,2,2,8,0,0,0,0,0,0,3,11,0,2012,8,18,2,1,120,50,3.9318256327243257,4.465908118654584,10.738546536775496,4.795790545596741,4.060443010546419,0.0,3.332204510175204,0.0,0.0,3.6109179126442243
9451,1965,Graduation,In a relationship,73538.0,0,1,2012-11-25,92,811,76,428,99,137,107,3,10,4,9,7,0,0,0,0,0,0,3,11,0,2012,11,25,1,1,1658,60,4.110873864173311,4.532599493153256,11.205571156720927,7.413970290190444,6.699500340161678,4.343805421853684,6.061456918928017,4.605170185988092,4.927253685157205,4.68213122712422
9264,1986,Graduation,In a relationship,79529.0,0,0,2014-04-27,1,423,42,706,73,197,197,1,4,8,9,2,0,0,0,0,0,0,3,11,0,2014,4,27,0,0,1638,39,3.6888794541139363,0.6931471805599453,11.283889587951181,7.40184157874383,6.049733455231958,3.7612001156935624,6.561030665896573,4.304065093204169,5.288267030694535,5.288267030694535
3865,1977,2n Cycle,In a relationship,20981.0,0,0,2013-04-30,14,2,12,10,6,13,30,1,3,1,2,8,0,0,0,0,0,0,3,11,1,2013,4,30,0,0,73,48,3.8918202981106265,2.70805020110221,9.95142020629143,4.304065093204169,1.0986122886681096,2.5649493574615367,2.3978952727983707,1.9459101490553132,2.639057329615259,3.4339872044851463
2853,1980,Graduation,Single,51766.0,1,0,2014-03-11,74,60,51,87,6,20,51,2,4,2,4,5,0,0,0,0,0,0,3,11,0,2014,3,11,1,1,275,45,3.828641396489095,4.31748811353631,10.85450815959797,5.62040086571715,4.110873864173311,3.9512437185814275,4.477336814478207,1.9459101490553132,3.044522437723423,3.9512437185814275
1490,1962,Graduation,In a relationship,55759.0,0,1,2012-11-28,84,675,0,85,10,7,77,5,10,3,8,8,0,0,0,0,0,0,3,11,0,2012,11,28,1,1,854,63,4.1588830833596715,4.442651256490317,10.928812045434405,6.75110146893676,6.516193076042964,0.0,4.454347296253507,2.3978952727983707,2.0794415416798357,4.356708826689592
6310,1978,Graduation,In a relationship,33039.0,1,0,2013-09-09,4,30,8,12,8,8,12,1,2,0,4,5,0,0,0,0,0,0,3,11,0,2013,9,9,1,1,78,47,3.8712010109078907,1.6094379124341003,10.405474227634915,4.3694478524670215,3.4339872044851463,2.1972245773362196,2.5649493574615367,2.1972245773362196,2.1972245773362196,2.5649493574615367
10380,1972,Master,In a relationship,37787.0,1,0,2013-09-20,50,40,1,40,4,3,18,1,3,0,3,8,0,0,0,0,0,0,3,11,0,2013,9,20,1,1,106,53,3.9889840465642745,3.9318256327243257,10.539746870889026,4.672828834461906,3.713572066704308,0.6931471805599453,3.713572066704308,1.6094379124341003,1.3862943611198906,2.9444389791664403
3887,1970,Graduation,Single,27242.0,1,0,2012-11-11,2,3,17,26,20,1,39,2,2,0,3,9,0,0,0,0,0,0,3,11,1,2012,11,11,1,1,106,55,4.02535169073515,1.0986122886681096,10.212551886357938,4.672828834461906,1.3862943611198906,2.8903717578961645,3.295836866004329,3.044522437723423,0.6931471805599453,3.6888794541139363
4278,1983,PhD,Single,87188.0,0,0,2013-06-03,73,910,111,724,49,74,55,1,10,2,6,3,0,0,0,0,0,0,3,11,1,2013,6,3,0,0,1923,42,3.7612001156935624,4.304065093204169,11.375833455150905,7.562161631225652,6.814542897259958,4.718498871295094,6.586171654854675,3.912023005428146,4.31748811353631,4.02535169073515
8643,1971,Graduation,In a relationship,69930.0,0,0,2013-05-26,21,252,98,827,219,70,196,1,4,5,12,3,0,0,0,0,0,0,3,11,0,2013,5,26,0,0,1662,54,4.007333185232471,3.091042453358316,11.155264320609968,7.416378479192928,5.53338948872752,4.59511985013459,6.71901315438526,5.393627546352361,4.2626798770413155,5.2832037287379885
1998,1976,Graduation,Single,37697.0,1,0,2014-02-07,82,34,6,21,11,4,8,1,2,1,3,6,0,0,0,0,0,0,3,11,0,2014,2,7,1,1,84,49,3.912023005428146,4.418840607796598,10.537362321631003,4.442651256490317,3.5553480614894135,1.9459101490553132,3.091042453358316,2.4849066497880004,1.6094379124341003,2.1972245773362196
10795,1973,PhD,In a relationship,37401.0,1,0,2014-05-06,14,19,3,19,3,1,3,2,2,0,3,7,0,0,0,0,0,0,3,11,0,2014,5,6,1,1,48,52,3.970291913552122,2.70805020110221,10.529479457908666,3.8918202981106265,2.995732273553991,1.3862943611198906,2.995732273553991,1.3862943611198906,0.6931471805599453,1.3862943611198906
11110,1973,Graduation,Single,3502.0,1,0,2013-04-13,56,2,1,1,0,0,1,0,0,0,0,14,0,0,0,0,0,0,3,11,0,2013,4,13,1,1,5,52,3.970291913552122,4.04305126783455,8.161375023197486,1.791759469228055,1.0986122886681096,0.6931471805599453,0.6931471805599453,0.0,0.0,0.6931471805599453
2408,1976,Graduation,In a relationship,58597.0,1,1,2012-11-20,20,490,0,184,10,28,21,12,7,4,9,7,0,0,0,0,0,0,3,11,0,2012,11,20,2,1,733,49,3.912023005428146,3.044522437723423,10.97845584528984,6.598509028614515,6.19644412779452,0.0,5.220355825078325,2.3978952727983707,3.367295829986474,3.091042453358316
202,1948,PhD,Single,82032.0,0,0,2014-04-05,54,332,194,377,149,125,57,0,4,6,7,1,0,0,0,0,0,0,3,11,0,2014,4,5,0,0,1234,77,4.356708826689592,4.007333185232471,11.314876884313916,7.118826249062078,5.808142489980444,5.272999558563747,5.934894195619588,5.0106352940962555,4.836281906951478,4.060443010546419
7998,1958,Graduation,In a relationship,28087.0,1,1,2012-12-11,77,53,8,17,13,0,21,3,2,2,2,7,0,0,0,0,0,0,3,11,0,2012,12,11,2,1,112,67,4.219507705176107,4.356708826689592,10.243097717848269,4.727387818712341,3.9889840465642745,2.1972245773362196,2.8903717578961645,2.639057329615259,0.0,3.091042453358316
830,1987,PhD,Single,74004.0,0,0,2014-02-24,5,784,48,560,42,176,48,1,4,6,4,3,0,0,1,1,0,0,3,11,1,2014,2,24,0,0,1658,38,3.6635616461296463,1.791759469228055,11.211887937471289,7.413970290190444,6.665683717782408,3.8918202981106265,6.329720905522696,3.7612001156935624,5.176149732573829,3.8918202981106265
3536,1960,Graduation,In a relationship,19740.0,0,1,2013-03-24,65,7,11,3,10,4,20,2,1,1,3,5,0,0,0,0,0,0,3,11,0,2013,3,24,1,1,55,65,4.189654742026425,4.189654742026425,9.890452970265668,4.02535169073515,2.0794415416798357,2.4849066497880004,1.3862943611198906,2.3978952727983707,1.6094379124341003,3.044522437723423
6050,1975,2n Cycle,In a relationship,57036.0,0,1,2012-12-11,33,1171,43,219,19,14,47,4,6,3,13,9,1,0,0,0,0,0,3,11,0,2012,12,11,1,1,1513,50,3.9318256327243257,3.5263605246161616,10.951455459034623,7.322510433997394,7.066466970136958,3.784189633918261,5.393627546352361,2.995732273553991,2.70805020110221,3.8712010109078907
125,1958,2n Cycle,In a relationship,53083.0,1,1,2013-05-15,65,215,7,33,3,0,13,6,5,1,5,7,0,1,0,0,0,0,3,11,0,2013,5,15,2,1,271,67,4.219507705176107,4.189654742026425,10.87963084355714,5.605802066295998,5.375278407684165,2.0794415416798357,3.5263605246161616,1.3862943611198906,0.0,2.639057329615259
3463,1975,PhD,In a relationship,69283.0,0,1,2014-06-14,41,674,62,134,0,26,8,4,7,3,13,5,0,0,0,0,0,0,3,11,0,2014,6,14,1,1,904,50,3.9318256327243257,3.7376696182833684,11.14596927829017,6.807934943699926,6.51471269087253,4.143134726391533,4.90527477843843,0.0,3.295836866004329,2.1972245773362196
2804,1975,Master,Single,46098.0,1,1,2012-08-18,86,57,0,27,0,0,36,4,3,2,2,8,0,0,0,0,0,0,3,11,1,2012,8,18,2,1,120,50,3.9318256327243257,4.465908118654584,10.738546536775496,4.795790545596741,4.060443010546419,0.0,3.332204510175204,0.0,0.0,3.6109179126442243
3745,1988,2n Cycle,In a relationship,23331.0,1,0,2012-09-04,92,5,36,7,0,10,45,2,3,0,3,8,0,0,0,0,0,0,3,11,0,2012,9,4,1,1,103,37,3.6375861597263857,4.532599493153256,10.057581087873528,4.6443908991413725,1.791759469228055,3.6109179126442243,2.0794415416798357,0.0,2.3978952727983707,3.828641396489095
9771,1988,2n Cycle,Single,23331.0,1,0,2012-10-05,97,104,20,101,24,15,5,6,5,1,5,9,0,0,0,0,0,0,3,11,0,2012,10,5,1,1,269,37,3.6375861597263857,4.584967478670572,10.057581087873528,5.598421958998375,4.653960350157523,3.044522437723423,4.624972813284271,3.2188758248682006,2.772588722239781,1.791759469228055
451,1989,Graduation,Single,9255.0,1,0,2013-12-20,91,9,0,7,2,0,4,1,1,1,2,8,0,0,0,0,0,0,3,11,0,2013,12,20,1,1,22,36,3.6109179126442243,4.5217885770490405,9.133027268873512,3.1354942159291497,2.302585092994046,0.0,2.0794415416798357,1.0986122886681096,0.0,1.6094379124341003
10530,1959,PhD,Single,67786.0,0,0,2013-12-07,0,431,82,441,80,20,102,1,3,6,6,1,0,0,0,0,0,0,3,11,1,2013,12,7,0,0,1156,66,4.204692619390966,0.0,11.124125715130965,7.053585727193677,6.068425588244111,4.418840607796598,6.091309882077698,4.394449154672439,3.044522437723423,4.634728988229636
1079,1971,PhD,In a relationship,71969.0,0,1,2012-10-16,59,1000,0,76,0,0,10,3,3,4,9,8,0,1,0,0,0,0,3,11,0,2012,10,16,1,1,1086,54,4.007333185232471,4.0943445622221,11.18400464450185,6.99117688712121,6.90875477931522,0.0,4.343805421853684,0.0,0.0,2.3978952727983707
8920,1967,Master,Single,59235.0,1,0,2013-01-12,4,448,40,469,80,0,91,3,11,2,12,7,0,0,0,0,0,0,3,11,0,2013,1,12,1,1,1128,58,4.07753744390572,1.6094379124341003,10.989284744157393,7.029087564149662,6.1070228877422545,3.713572066704308,6.152732694704104,4.394449154672439,0.0,4.5217885770490405
6678,1989,Graduation,In a relationship,31928.0,1,0,2014-03-28,5,33,4,24,4,2,5,2,3,0,4,7,0,0,0,0,0,0,3,11,0,2014,3,28,1,1,72,36,3.6109179126442243,1.791759469228055,10.371269966709153,4.290459441148391,3.5263605246161616,1.6094379124341003,3.2188758248682006,1.6094379124341003,1.0986122886681096,1.791759469228055
3852,1961,Master,In a relationship,74881.0,1,1,2013-03-08,48,505,72,270,36,27,54,4,9,2,12,5,0,0,0,0,0,0,3,11,0,2013,3,8,2,1,964,64,4.174387269895637,3.8918202981106265,11.223668820196494,6.872128101338986,6.226536669287466,4.290459441148391,5.602118820879701,3.6109179126442243,3.332204510175204,4.007333185232471
528,1978,Graduation,In a relationship,65819.0,0,0,2012-11-29,99,267,38,701,149,165,63,1,5,4,10,3,0,0,0,0,0,0,3,11,0,2012,11,29,0,0,1383,47,3.8712010109078907,4.605170185988092,11.094679022497331,7.232733136177615,5.5909869805108565,3.6635616461296463,6.553933404025811,5.0106352940962555,5.111987788356544,4.1588830833596715
73,1953,PhD,Single,51411.0,1,2,2013-05-26,81,14,0,3,0,0,1,1,0,0,3,5,0,0,0,0,0,0,3,11,0,2013,5,26,3,1,18,72,4.290459441148391,4.406719247264253,10.847626887230023,2.9444389791664403,2.70805020110221,0.0,1.3862943611198906,0.0,0.0,0.6931471805599453
5589,1964,Graduation,Single,51983.0,0,1,2012-08-31,95,631,0,115,10,7,30,3,9,2,10,7,0,0,0,0,0,0,3,11,0,2012,8,31,1,1,793,61,4.127134385045092,4.564348191467836,10.858691257908882,6.677083461247136,6.448889394146858,0.0,4.7535901911063645,2.3978952727983707,2.0794415416798357,3.4339872044851463
10212,1986,Master,In a relationship,42386.0,1,0,2013-01-13,43,65,4,16,0,4,11,1,3,0,3,8,0,0,0,0,0,0,3,11,0,2013,1,13,1,1,100,39,3.6888794541139363,3.784189633918261,10.654596990433918,4.61512051684126,4.189654742026425,1.6094379124341003,2.833213344056216,0.0,1.6094379124341003,2.4849066497880004
6365,1987,2n Cycle,In a relationship,30390.0,0,0,2013-09-02,5,10,12,12,25,1,20,1,2,0,3,6,0,0,0,0,0,0,3,11,0,2013,9,2,0,0,80,38,3.6635616461296463,1.791759469228055,10.321901790930502,4.394449154672439,2.3978952727983707,2.5649493574615367,2.5649493574615367,3.258096538021482,0.6931471805599453,3.044522437723423
5636,1963,Graduation,Single,30983.0,0,0,2012-11-09,50,51,4,50,12,1,49,1,4,0,3,8,0,0,0,0,0,0,3,11,1,2012,11,9,0,0,167,62,4.143134726391533,3.9318256327243257,10.341226221194589,5.123963979403259,3.9512437185814275,1.6094379124341003,3.9318256327243257,2.5649493574615367,0.6931471805599453,3.912023005428146
591,1957,Graduation,Single,66033.0,0,1,2013-01-20,76,293,35,179,46,59,65,2,8,3,7,7,0,0,0,0,0,0,3,11,0,2013,1,20,1,1,677,68,4.23410650459726,4.343805421853684,11.097925039878724,6.519147287940395,5.683579767338681,3.58351893845611,5.19295685089021,3.8501476017100584,4.0943445622221,4.189654742026425
2217,1975,2n Cycle,In a relationship,37284.0,1,1,2013-03-29,46,11,1,2,2,1,6,1,0,0,3,6,0,0,0,0,0,0,3,11,0,2013,3,29,2,1,23,50,3.9318256327243257,3.8501476017100584,10.526346379977895,3.1780538303479458,2.4849066497880004,0.6931471805599453,1.0986122886681096,1.0986122886681096,0.6931471805599453,1.9459101490553132
2544,1951,Master,Single,57530.0,0,1,2013-10-12,68,50,1,27,6,7,1,1,1,1,4,1,0,0,0,0,0,0,3,11,0,2013,10,12,1,1,92,74,4.31748811353631,4.23410650459726,10.960079211941625,4.532599493153256,3.9318256327243257,0.6931471805599453,3.332204510175204,1.9459101490553132,2.0794415416798357,0.6931471805599453
7725,1965,2n Cycle,In a relationship,76800.0,0,0,2014-03-08,33,173,26,255,35,71,81,1,4,4,7,1,0,0,0,0,0,0,3,11,0,2014,3,8,0,0,641,60,4.110873864173311,3.5263605246161616,11.248972939884327,6.464588303689961,5.159055299214529,3.295836866004329,5.545177444479562,3.58351893845611,4.276666119016055,4.406719247264253
8091,1956,Graduation,In a relationship,63943.0,0,1,2012-09-02,50,423,184,368,13,97,21,1,6,4,6,5,0,0,0,0,0,0,3,11,0,2012,9,2,1,1,1106,69,4.248495242049359,3.9318256327243257,11.065762979305855,7.009408932708637,6.049733455231958,5.220355825078325,5.910796644040527,2.639057329615259,4.584967478670572,3.091042453358316
7321,1962,Graduation,In a relationship,76081.0,0,0,2014-05-23,85,292,30,415,63,33,200,1,4,5,4,2,0,0,0,1,0,0,3,11,0,2014,5,23,0,0,1033,63,4.1588830833596715,4.454347296253507,11.239566984991516,6.9411900550683745,5.680172609017068,3.4339872044851463,6.030685260261263,4.1588830833596715,3.5263605246161616,5.303304908059076
5462,1974,Graduation,In a relationship,67445.0,0,1,2012-08-12,63,757,80,217,29,80,11,5,9,6,12,6,0,0,0,0,0,0,3,11,0,2012,8,12,1,1,1174,51,3.9512437185814275,4.1588830833596715,11.119082556689852,7.069023426578259,6.630683385642372,4.394449154672439,5.384495062789089,3.4011973816621555,4.394449154672439,2.4849066497880004
7791,1967,Master,In a relationship,37054.0,1,1,2013-09-15,89,12,1,6,0,1,5,2,1,0,3,7,0,0,0,0,0,0,3,11,0,2013,9,15,2,1,25,58,4.07753744390572,4.499809670330265,10.520158574385459,3.258096538021482,2.5649493574615367,0.6931471805599453,1.9459101490553132,0.0,0.6931471805599453,1.791759469228055
955,1962,Master,In a relationship,47175.0,1,1,2012-10-28,81,167,2,44,6,2,19,7,4,2,4,8,1,0,0,0,0,0,3,11,1,2012,10,28,2,1,240,63,4.1588830833596715,4.406719247264253,10.76164056768034,5.484796933490655,5.123963979403259,1.0986122886681096,3.8066624897703196,1.9459101490553132,1.0986122886681096,2.995732273553991
4037,1976,Graduation,Single,31859.0,1,0,2013-06-14,77,3,1,3,8,0,5,1,1,0,2,7,0,0,0,0,0,0,3,11,0,2013,6,14,1,1,20,49,3.912023005428146,4.356708826689592,10.36910658346404,3.044522437723423,1.3862943611198906,0.6931471805599453,1.3862943611198906,2.1972245773362196,0.0,1.791759469228055
6642,1961,Graduation,Single,27215.0,2,1,2013-01-23,50,30,5,22,8,9,28,4,2,1,4,6,0,0,0,0,0,0,3,11,0,2013,1,23,3,1,102,64,4.174387269895637,3.9318256327243257,10.211560314635642,4.634728988229636,3.4339872044851463,1.791759469228055,3.1354942159291497,2.1972245773362196,2.302585092994046,3.367295829986474
2793,1976,PhD,Single,70179.0,0,1,2013-07-21,10,532,88,168,69,44,133,3,7,3,13,5,0,0,0,0,0,0,3,11,0,2013,7,21,1,1,1034,49,3.912023005428146,2.3978952727983707,11.158818649137206,6.942156705699469,6.278521424165844,4.48863636973214,5.1298987149230735,4.248495242049359,3.8066624897703196,4.897839799950911
5424,1983,Graduation,In a relationship,39922.0,1,0,2013-02-14,30,29,12,59,19,1,36,2,3,0,4,8,0,0,0,0,0,0,3,11,0,2013,2,14,1,1,156,42,3.7612001156935624,3.4339872044851463,10.594707877902358,5.056245805348308,3.4011973816621555,2.5649493574615367,4.0943445622221,2.995732273553991,0.6931471805599453,3.6109179126442243
879,1976,Master,In a relationship,49681.0,0,2,2013-11-04,66,411,0,26,0,0,21,6,7,1,7,7,0,0,0,0,0,0,3,11,0,2013,11,4,2,1,458,49,3.912023005428146,4.204692619390966,10.813397973445996,6.129050210060545,6.021023349349527,0.0,3.295836866004329,0.0,0.0,3.091042453358316
9530,1988,Graduation,In a relationship,24645.0,1,0,2012-11-01,16,5,3,4,4,1,0,1,1,0,2,8,0,0,0,0,0,0,3,11,0,2012,11,1,1,1,17,37,3.6375861597263857,2.833213344056216,10.112369894498068,2.8903717578961645,1.791759469228055,1.3862943611198906,1.6094379124341003,1.6094379124341003,0.6931471805599453,0.0
4828,1954,Graduation,Single,79865.0,0,1,2014-06-18,12,71,99,278,185,121,38,1,5,10,5,1,0,0,0,0,0,0,3,11,0,2014,6,18,1,1,792,71,4.276666119016055,2.5649493574615367,11.288105509275074,6.675823221634848,4.276666119016055,4.605170185988092,5.631211781821365,5.225746673713202,4.804021044733257,3.6635616461296463
10699,1985,Graduation,In a relationship,44322.0,1,0,2014-06-16,30,46,0,40,3,0,3,2,3,0,3,8,0,0,0,0,0,0,3,11,0,2014,6,16,1,1,92,40,3.713572066704308,3.4339872044851463,10.699259008661018,4.532599493153256,3.8501476017100584,0.0,3.713572066704308,1.3862943611198906,0.0,1.3862943611198906
1497,1952,Graduation,Single,47958.0,0,1,2013-01-19,8,268,11,88,15,3,22,2,6,3,5,5,0,0,0,0,0,0,3,11,0,2013,1,19,1,1,407,73,4.304065093204169,2.1972245773362196,10.778101758215147,6.0112671744041615,5.594711379601839,2.4849066497880004,4.48863636973214,2.772588722239781,1.3862943611198906,3.1354942159291497
7476,1964,Master,Single,63972.0,0,1,2012-12-02,93,928,63,254,0,12,12,4,5,4,10,4,0,1,0,0,0,0,3,11,0,2012,12,2,1,1,1269,61,4.127134385045092,4.543294782270004,11.066216398327516,7.146772179452637,6.834108738813838,4.1588830833596715,5.541263545158426,0.0,2.5649493574615367,2.5649493574615367
4390,1954,Graduation,In a relationship,75315.0,0,1,2014-04-15,14,459,15,171,142,23,31,2,5,4,12,2,0,0,0,0,0,0,3,11,0,2014,4,15,1,1,841,71,4.276666119016055,2.70805020110221,11.22944787461632,6.7357800142423265,6.131226489483141,2.772588722239781,5.147494476813453,4.962844630259907,3.1780538303479458,3.4657359027997265
10478,1950,PhD,In a relationship,55517.0,1,1,2012-09-27,53,483,0,108,0,6,36,5,11,1,6,9,0,0,0,0,0,0,3,11,1,2012,9,27,2,1,633,75,4.330733340286331,3.9889840465642745,10.924462571477084,6.452048954437226,6.182084906716632,0.0,4.6913478822291435,0.0,1.9459101490553132,3.6109179126442243
1081,1957,PhD,In a relationship,75283.0,1,2,2013-03-27,26,733,9,180,12,19,66,11,6,3,5,4,0,0,0,0,0,0,3,11,0,2013,3,27,3,1,1019,68,4.23410650459726,3.295836866004329,11.229022907810455,6.927557906278317,6.598509028614515,2.302585092994046,5.198497031265826,2.5649493574615367,2.995732273553991,4.204692619390966
4261,1946,PhD,Single,82800.0,0,0,2012-11-24,23,1006,22,115,59,68,45,1,7,6,12,3,0,0,1,1,0,0,3,11,1,2012,11,24,0,0,1315,79,4.382026634673881,3.1780538303479458,11.324195417595107,7.182352111885263,6.914730892718563,3.1354942159291497,4.7535901911063645,4.0943445622221,4.23410650459726,3.828641396489095
9916,1954,Graduation,In a relationship,38998.0,1,1,2012-11-03,92,34,1,14,0,0,5,3,2,0,3,8,0,0,0,0,0,1,3,11,0,2012,11,3,2,1,54,71,4.276666119016055,4.532599493153256,10.571291283757406,4.007333185232471,3.5553480614894135,0.6931471805599453,2.70805020110221,0.0,0.0,1.791759469228055
5350,1991,Master,Single,90638.0,0,0,2014-02-13,29,1156,120,915,94,144,96,1,3,4,10,1,0,0,1,0,0,0,3,11,1,2014,2,13,0,0,2525,34,3.5553480614894135,3.4011973816621555,11.414639862984364,7.8343923029104365,7.053585727193677,4.795790545596741,6.82001636467413,4.553876891600541,4.976733742420574,4.574710978503383
8135,1986,Master,In a relationship,27161.0,1,0,2013-10-28,41,7,4,23,7,0,11,1,1,0,3,7,0,0,0,0,0,0,3,11,0,2013,10,28,1,1,52,39,3.6888794541139363,3.7376696182833684,10.209574216664013,3.970291913552122,2.0794415416798357,1.6094379124341003,3.1780538303479458,2.0794415416798357,0.0,2.4849066497880004
8685,1977,Graduation,In a relationship,42014.0,1,0,2012-08-17,56,244,15,108,4,15,50,6,7,1,6,8,0,0,0,0,0,0,3,11,1,2012,8,17,1,1,436,48,3.8918202981106265,4.04305126783455,10.645781976362318,6.07993319509559,5.501258210544727,2.772588722239781,4.6913478822291435,1.6094379124341003,2.772588722239781,3.9318256327243257
4967,1960,PhD,In a relationship,38201.0,0,1,2013-03-29,19,233,0,23,0,0,12,4,5,1,5,8,0,0,0,0,0,0,3,11,0,2013,3,29,1,1,268,65,4.189654742026425,2.995732273553991,10.550643149245081,5.594711379601839,5.455321115357702,0.0,3.1780538303479458,0.0,0.0,2.5649493574615367
2130,1982,Graduation,In a relationship,45203.0,2,0,2014-03-23,4,35,3,67,10,8,24,1,3,1,3,6,0,0,0,0,0,0,3,11,1,2014,3,23,2,1,147,43,3.784189633918261,1.6094379124341003,10.71894085748004,4.997212273764115,3.58351893845611,1.3862943611198906,4.219507705176107,2.3978952727983707,2.1972245773362196,3.2188758248682006
9298,1947,PhD,In a relationship,81574.0,0,0,2014-04-28,89,1252,0,465,46,35,0,1,4,5,8,1,0,1,1,0,0,0,3,11,0,2014,4,28,0,0,1798,78,4.3694478524670215,4.499809670330265,11.30927812146152,7.494986233950533,7.133295954896068,0.0,6.144185634125646,3.8501476017100584,3.58351893845611,0.0
8175,1992,Graduation,In a relationship,34935.0,0,0,2013-06-21,71,34,4,66,3,10,20,1,2,1,4,7,0,0,0,0,0,0,3,11,0,2013,6,21,0,0,137,33,3.5263605246161616,4.276666119016055,10.461273095165398,4.927253685157205,3.5553480614894135,1.6094379124341003,4.204692619390966,1.3862943611198906,2.3978952727983707,3.044522437723423
6257,1976,Master,Single,60482.0,0,1,2013-01-23,81,255,43,134,37,14,24,1,7,2,7,7,0,0,0,0,0,0,3,11,0,2013,1,23,1,1,507,49,3.912023005428146,4.406719247264253,11.01011761279782,6.230481447578482,5.545177444479562,3.784189633918261,4.90527477843843,3.6375861597263857,2.70805020110221,3.2188758248682006
3790,1956,Graduation,In a relationship,34633.0,2,1,2014-01-23,31,8,1,5,0,0,1,1,1,0,2,6,0,0,0,0,0,0,3,11,0,2014,1,23,3,1,15,69,4.248495242049359,3.4657359027997265,10.452591137512096,2.772588722239781,2.1972245773362196,0.6931471805599453,1.791759469228055,0.0,0.0,0.6931471805599453
9952,1947,Master,In a relationship,78093.0,0,0,2013-12-11,53,368,32,639,13,43,10,1,4,7,5,1,0,0,0,0,0,0,3,11,0,2013,12,11,0,0,1105,78,4.3694478524670215,3.9889840465642745,11.265668508292752,7.00850518208228,5.910796644040527,3.4965075614664802,6.461468176353717,2.639057329615259,3.784189633918261,2.3978952727983707
3503,1950,Graduation,Single,82460.0,0,0,2013-12-02,78,255,47,573,52,32,15,1,5,3,6,1,0,0,0,0,0,0,3,11,0,2013,12,2,0,0,974,75,4.330733340286331,4.3694478524670215,11.320080733279282,6.882437470997847,5.545177444479562,3.8712010109078907,6.352629396319567,3.970291913552122,3.4965075614664802,2.772588722239781
5223,1966,Master,In a relationship,45903.0,0,1,2014-04-23,80,33,8,10,2,10,3,2,2,1,3,4,0,0,0,0,0,0,3,11,0,2014,4,23,1,1,66,59,4.0943445622221,4.394449154672439,10.734307538221145,4.204692619390966,3.5263605246161616,2.1972245773362196,2.3978952727983707,1.0986122886681096,2.3978952727983707,1.3862943611198906
4608,1987,Graduation,Single,81361.0,0,0,2014-02-25,18,163,23,424,27,65,76,1,3,10,13,1,0,0,0,0,0,0,3,11,1,2014,2,25,0,0,778,38,3.6635616461296463,2.9444389791664403,11.306663612524535,6.658011045870748,5.099866427824199,3.1780538303479458,6.052089168924417,3.332204510175204,4.189654742026425,4.343805421853684
1626,1973,PhD,Single,35860.0,1,1,2014-05-19,37,15,0,8,4,2,20,2,1,1,2,5,1,0,0,0,0,0,3,11,1,2014,5,19,2,1,49,52,3.970291913552122,3.6375861597263857,10.487405632994516,3.912023005428146,2.772588722239781,0.0,2.1972245773362196,1.6094379124341003,1.0986122886681096,3.044522437723423
4764,1952,Master,In a relationship,40442.0,1,1,2012-08-19,52,45,12,52,25,22,13,4,3,1,4,7,0,0,0,0,0,0,3,11,1,2012,8,19,2,1,169,73,4.304065093204169,3.970291913552122,10.607648854359173,5.135798437050262,3.828641396489095,2.5649493574615367,3.970291913552122,3.258096538021482,3.1354942159291497,2.639057329615259
2471,1965,Graduation,In a relationship,61482.0,0,0,2014-06-27,39,48,58,68,16,66,43,1,3,2,6,2,0,0,0,0,0,0,3,11,0,2014,6,27,0,0,299,60,4.110873864173311,3.6888794541139363,11.026515992818567,5.703782474656201,3.8918202981106265,4.07753744390572,4.23410650459726,2.833213344056216,4.204692619390966,3.784189633918261
5892,1980,Graduation,In a relationship,34968.0,1,0,2013-04-10,11,158,6,45,8,2,2,7,3,2,5,7,0,0,0,0,0,0,3,11,0,2013,4,10,1,1,221,45,3.828641396489095,2.4849066497880004,10.462217233709174,5.402677381872279,5.0689042022202315,1.9459101490553132,3.828641396489095,2.1972245773362196,1.0986122886681096,1.0986122886681096
2612,1987,Graduation,In a relationship,75794.0,0,0,2013-12-24,33,754,160,625,63,32,48,1,7,5,12,3,0,0,0,1,0,0,3,11,0,2013,12,24,0,0,1682,38,3.6635616461296463,3.5263605246161616,11.235787606394119,7.428333194190806,6.626717749249025,5.081404364984463,6.439350371100098,4.1588830833596715,3.4965075614664802,3.8918202981106265
4971,1962,PhD,In a relationship,31497.0,0,1,2012-12-06,22,108,1,28,13,1,4,2,3,1,4,8,0,0,0,0,0,0,3,11,0,2012,12,6,1,1,155,63,4.1588830833596715,3.1354942159291497,10.357679330734525,5.049856007249537,4.6913478822291435,0.6931471805599453,3.367295829986474,2.639057329615259,0.6931471805599453,1.6094379124341003
5185,1955,Graduation,In a relationship,74268.0,0,0,2013-02-14,83,199,66,315,97,174,41,1,4,3,5,2,0,0,0,0,0,0,3,11,0,2013,2,14,0,0,892,70,4.2626798770413155,4.430816798843313,11.215448916185998,6.794586580876499,5.298317366548036,4.204692619390966,5.755742213586912,4.584967478670572,5.1647859739235145,3.7376696182833684
10069,1988,Basic,In a relationship,13724.0,1,0,2012-08-31,43,2,7,5,2,15,27,1,2,0,2,9,1,0,0,0,0,0,3,11,0,2012,8,31,1,1,58,37,3.6375861597263857,3.784189633918261,9.526974266377731,4.07753744390572,1.0986122886681096,2.0794415416798357,1.791759469228055,1.0986122886681096,2.772588722239781,3.332204510175204
2262,1965,Master,In a relationship,45143.0,0,1,2013-08-26,74,202,5,74,11,5,14,3,6,1,5,7,0,0,0,0,0,0,3,11,0,2013,8,26,1,1,311,60,4.110873864173311,4.31748811353631,10.717612659648976,5.7430031878094825,5.313205979041787,1.791759469228055,4.31748811353631,2.4849066497880004,1.791759469228055,2.70805020110221
1131,1967,PhD,Single,52569.0,0,1,2014-04-05,54,85,0,3,0,0,7,1,2,0,4,3,0,0,0,0,0,0,3,11,0,2014,4,5,1,1,95,58,4.07753744390572,4.007333185232471,10.869900893813494,4.564348191467836,4.454347296253507,0.0,1.3862943611198906,0.0,0.0,2.0794415416798357
1041,1973,PhD,Single,48432.0,0,1,2012-10-18,3,322,3,50,4,3,42,5,7,1,6,8,0,0,0,0,0,0,3,11,1,2012,10,18,1,1,424,52,3.970291913552122,1.3862943611198906,10.787936678554125,6.052089168924417,5.777652323222656,1.3862943611198906,3.9318256327243257,1.6094379124341003,1.3862943611198906,3.7612001156935624
24,1960,Master,In a relationship,17144.0,1,1,2014-02-15,96,18,2,19,0,2,6,5,3,0,4,7,0,0,0,0,0,0,3,11,0,2014,2,15,2,1,47,65,4.189654742026425,4.574710978503383,9.74946186489702,3.8712010109078907,2.9444389791664403,1.0986122886681096,2.995732273553991,0.0,1.0986122886681096,1.9459101490553132
3409,1984,Graduation,Single,36108.0,1,0,2013-10-15,68,141,8,129,3,11,47,3,7,1,4,9,1,0,0,0,0,0,3,11,0,2013,10,15,1,1,339,41,3.7376696182833684,4.23410650459726,10.494297420728252,5.8289456176102075,4.955827057601261,2.1972245773362196,4.867534450455582,1.3862943611198906,2.4849066497880004,3.8712010109078907
7022,1971,Graduation,In a relationship,76445.0,1,0,2012-09-28,2,739,107,309,140,80,35,1,2,5,13,6,0,0,0,0,0,0,3,11,0,2012,9,28,1,1,1410,54,4.007333185232471,1.0986122886681096,11.244339888209435,7.2520539518528135,6.606650186198215,4.68213122712422,5.736572297479192,4.948759890378168,4.394449154672439,3.58351893845611
7943,1975,PhD,In a relationship,36663.0,1,0,2014-04-25,40,18,0,6,3,3,5,1,1,1,3,2,0,0,0,0,0,0,3,11,0,2014,4,25,1,1,35,50,3.9318256327243257,3.713572066704308,10.50955062618896,3.58351893845611,2.9444389791664403,0.0,1.9459101490553132,1.3862943611198906,1.3862943611198906,1.791759469228055
5272,1965,Master,In a relationship,53843.0,0,1,2013-06-27,64,378,0,88,19,4,73,4,8,5,3,7,0,0,0,0,0,0,3,11,0,2013,6,27,1,1,562,60,4.110873864173311,4.174387269895637,10.893846255763984,6.333279628139691,5.937536205082426,0.0,4.48863636973214,2.995732273553991,1.6094379124341003,4.304065093204169
5453,1956,Master,In a relationship,90226.0,0,0,2012-09-26,26,1083,108,649,253,151,108,1,4,7,12,2,0,0,0,1,0,0,3,11,0,2012,9,26,0,0,2352,69,4.248495242049359,3.295836866004329,11.410083996070519,7.763446388727362,6.988413181999592,4.6913478822291435,6.476972362889683,5.537334267018537,5.0238805208462765,4.6913478822291435
2565,1955,Master,Single,70638.0,0,0,2013-06-01,69,1016,12,215,16,12,63,1,4,5,10,3,0,1,0,0,0,0,3,11,0,2013,6,1,0,0,1334,70,4.2626798770413155,4.248495242049359,11.16533767889225,7.19668657083435,6.92461239604856,2.5649493574615367,5.375278407684165,2.833213344056216,2.5649493574615367,4.1588830833596715
800,1960,Graduation,In a relationship,44512.0,1,1,2013-08-30,57,23,1,6,0,0,2,2,1,0,3,4,0,0,0,0,0,0,3,11,0,2013,8,30,2,1,32,65,4.189654742026425,4.060443010546419,10.703536560322721,3.4965075614664802,3.1780538303479458,0.6931471805599453,1.9459101490553132,0.0,0.0,1.0986122886681096
11092,1961,Graduation,In a relationship,27116.0,1,1,2014-03-02,78,12,1,21,2,2,3,2,2,0,3,7,0,0,0,0,0,0,3,11,0,2014,3,2,2,1,41,64,4.174387269895637,4.3694478524670215,10.20791611646652,3.7376696182833684,2.5649493574615367,0.6931471805599453,3.091042453358316,1.0986122886681096,1.0986122886681096,1.3862943611198906
5062,1963,PhD,In a relationship,54072.0,1,1,2013-07-27,71,35,0,4,0,0,0,1,2,0,2,8,0,0,0,0,0,0,3,11,0,2013,7,27,2,1,39,62,4.143134726391533,4.276666119016055,10.89809026446922,3.6888794541139363,3.58351893845611,0.0,1.6094379124341003,0.0,0.0,0.0
8969,1977,Graduation,In a relationship,71855.0,0,1,2013-01-16,59,548,31,422,0,112,28,4,5,5,11,3,0,0,0,0,0,0,3,11,0,2013,1,16,1,1,1141,48,3.8918202981106265,4.0943445622221,11.18241939532752,7.040536390215956,6.3080984415095305,3.4657359027997265,6.0473721790462776,0.0,4.727387818712341,3.367295829986474
4656,1990,2n Cycle,Single,51250.0,1,0,2013-03-30,28,342,32,230,34,32,40,5,10,5,4,9,1,0,0,0,0,0,3,11,0,2013,3,30,1,1,710,35,3.58351893845611,3.367295829986474,10.844490409005417,6.566672429803241,5.83773044716594,3.4965075614664802,5.442417710521793,3.5553480614894135,3.4965075614664802,3.713572066704308
4480,1973,Master,In a relationship,60432.0,0,1,2014-03-09,61,365,3,15,4,3,11,5,7,2,5,6,0,0,0,0,0,0,3,11,0,2014,3,9,1,1,401,52,3.970291913552122,4.127134385045092,11.00929059233982,5.996452088619021,5.902633333401366,1.3862943611198906,2.772588722239781,1.6094379124341003,1.3862943611198906,2.4849066497880004
9971,1964,PhD,In a relationship,65526.0,0,1,2014-04-11,22,397,19,69,12,0,9,1,4,4,8,2,0,0,0,0,0,0,3,11,0,2014,4,11,1,1,506,61,4.127134385045092,3.1354942159291497,11.090217550427058,6.2285110035911835,5.986452005284438,2.995732273553991,4.248495242049359,2.5649493574615367,0.0,2.302585092994046
6729,1988,Graduation,Single,68655.0,0,0,2012-08-10,95,456,19,832,75,118,38,1,4,5,11,3,0,0,0,0,0,0,3,11,0,2012,8,10,0,0,1538,37,3.6375861597263857,4.564348191467836,11.136863807231306,7.338888133838879,6.124683390894205,2.995732273553991,6.725033642166843,4.330733340286331,4.77912349311153,3.6635616461296463
1773,1978,2n Cycle,In a relationship,12393.0,0,0,2012-12-04,38,5,6,15,11,7,13,1,2,0,3,9,0,0,0,0,0,0,3,11,0,2012,12,4,0,0,57,47,3.8712010109078907,3.6635616461296463,9.424967763522053,4.060443010546419,1.791759469228055,1.9459101490553132,2.772588722239781,2.4849066497880004,2.0794415416798357,2.639057329615259
9242,1990,Graduation,Single,64509.0,0,0,2013-08-17,19,836,185,575,24,25,77,1,6,3,9,4,1,0,0,0,0,0,3,11,1,2013,8,17,0,0,1722,35,3.58351893845611,2.995732273553991,11.074575529526287,7.45182223652793,6.729824070489475,5.225746673713202,6.3561076606958915,3.2188758248682006,3.258096538021482,4.356708826689592
1764,1975,Graduation,Single,33955.0,1,0,2013-08-09,92,100,2,128,23,7,10,4,5,1,5,8,0,0,0,0,0,0,3,11,0,2013,8,9,1,1,270,50,3.9318256327243257,4.532599493153256,10.432820847857858,5.602118820879701,4.61512051684126,1.0986122886681096,4.859812404361672,3.1780538303479458,2.0794415416798357,2.3978952727983707
6215,1977,Graduation,In a relationship,31353.0,1,1,2013-12-29,24,10,0,10,3,1,7,2,1,1,2,8,0,0,0,0,0,0,3,11,1,2013,12,29,2,1,31,48,3.8918202981106265,3.2188758248682006,10.353097129628477,3.4657359027997265,2.3978952727983707,0.0,2.3978952727983707,1.3862943611198906,0.6931471805599453,2.0794415416798357
10099,1984,Graduation,In a relationship,55434.0,1,0,2013-10-05,21,238,115,215,169,69,76,3,5,3,13,4,0,0,0,0,0,0,3,11,0,2013,10,5,1,1,882,41,3.7376696182833684,3.091042453358316,10.922966442206452,6.78332520060396,5.476463551931511,4.7535901911063645,5.375278407684165,5.135798437050262,4.248495242049359,4.343805421853684
5423,1983,Graduation,In a relationship,28359.0,1,0,2013-10-27,35,6,0,5,2,1,2,1,1,0,2,7,0,0,0,0,0,0,3,11,0,2013,10,27,1,1,16,42,3.7612001156935624,3.58351893845611,10.252734980646064,2.833213344056216,1.9459101490553132,0.0,1.791759469228055,1.0986122886681096,0.6931471805599453,1.0986122886681096
940,1987,Graduation,Single,57100.0,1,0,2014-05-18,9,158,11,99,15,11,17,2,3,2,7,3,0,0,0,0,0,0,3,11,0,2014,5,18,1,1,311,38,3.6635616461296463,2.302585092994046,10.9525769086256,5.7430031878094825,5.0689042022202315,2.4849066497880004,4.605170185988092,2.772588722239781,2.4849066497880004,2.8903717578961645
3011,1965,Graduation,In a relationship,69139.0,0,1,2014-01-27,23,86,12,75,33,15,6,1,4,1,5,4,0,0,0,0,0,0,3,11,0,2014,1,27,1,1,227,60,4.110873864173311,3.1780538303479458,11.143888713475615,5.429345628954441,4.465908118654584,2.5649493574615367,4.330733340286331,3.5263605246161616,2.772588722239781,1.9459101490553132
3298,1956,Master,In a relationship,52973.0,0,1,2012-11-08,92,856,0,76,12,9,199,7,9,6,9,8,0,0,0,0,0,0,3,11,0,2012,11,8,1,1,1152,69,4.248495242049359,4.532599493153256,10.877556506129638,7.050122520269059,6.75343791859778,0.0,4.343805421853684,2.5649493574615367,2.302585092994046,5.298317366548036
8286,1965,PhD,In a relationship,51717.0,0,1,2013-08-20,55,98,1,17,0,1,5,1,3,0,4,7,0,1,0,0,0,0,3,11,0,2013,8,20,1,1,122,60,4.110873864173311,4.02535169073515,10.853561162377853,4.812184355372417,4.59511985013459,0.6931471805599453,2.8903717578961645,0.0,0.6931471805599453,1.791759469228055
9668,1971,Graduation,In a relationship,18793.0,1,0,2013-01-12,14,4,16,20,0,17,20,3,2,0,4,8,0,0,0,0,0,0,3,11,0,2013,1,12,1,1,77,54,4.007333185232471,2.70805020110221,9.84129294894301,4.356708826689592,1.6094379124341003,2.833213344056216,3.044522437723423,0.0,2.8903717578961645,3.044522437723423
5120,1982,2n Cycle,In a relationship,66664.0,0,0,2012-09-25,78,398,96,447,220,96,32,1,5,7,6,3,0,0,0,0,0,0,3,11,0,2012,9,25,0,0,1289,43,3.784189633918261,4.3694478524670215,11.107435356549558,7.162397497355718,5.988961416889864,4.574710978503383,6.104793232414985,5.3981627015177525,4.574710978503383,3.4965075614664802
6097,1959,Graduation,Single,50664.0,1,1,2013-01-16,64,313,8,104,6,4,126,9,8,1,6,9,0,0,0,0,0,0,3,11,0,2013,1,16,2,1,561,66,4.204692619390966,4.174387269895637,10.832990615882418,6.331501849893691,5.749392985908253,2.1972245773362196,4.653960350157523,1.9459101490553132,1.6094379124341003,4.844187086458591
7019,1963,Graduation,In a relationship,54414.0,1,1,2013-01-23,49,109,18,16,24,26,18,4,3,1,5,4,0,0,0,0,0,0,3,11,0,2013,1,23,2,1,211,62,4.143134726391533,3.912023005428146,10.904395130130162,5.356586274672012,4.700480365792417,2.9444389791664403,2.833213344056216,3.2188758248682006,3.295836866004329,2.9444389791664403
7408,1952,PhD,In a relationship,54549.0,0,1,2014-03-03,8,216,2,6,0,0,9,2,5,1,4,7,0,0,0,0,0,0,3,11,0,2014,3,3,1,1,233,73,4.304065093204169,2.1972245773362196,10.906872991261217,5.455321115357702,5.37989735354046,1.0986122886681096,1.9459101490553132,0.0,0.0,2.302585092994046
8041,1971,PhD,Single,47111.0,0,1,2012-09-08,35,595,71,153,120,112,41,6,3,2,10,9,0,0,0,0,0,0,3,11,0,2012,9,8,1,1,1092,54,4.007333185232471,3.58351893845611,10.760283024624407,6.996681488176539,6.39024066706535,4.276666119016055,5.0369526024136295,4.795790545596741,4.727387818712341,3.7376696182833684
252,1963,PhD,Single,41003.0,0,0,2013-03-17,11,123,133,142,71,44,88,1,6,2,8,6,0,0,0,0,0,0,3,11,0,2013,3,17,0,0,601,62,4.143134726391533,2.4849066497880004,10.621424901903293,6.400257445308821,4.820281565605037,4.897839799950911,4.962844630259907,4.276666119016055,3.8066624897703196,4.48863636973214
9986,1982,Graduation,In a relationship,19444.0,1,0,2014-02-22,8,16,0,23,3,2,10,3,4,1,2,7,0,0,0,0,0,0,3,11,1,2014,2,22,1,1,54,43,3.784189633918261,2.1972245773362196,9.875345246589848,4.007333185232471,2.833213344056216,0.0,3.1780538303479458,1.3862943611198906,1.0986122886681096,2.3978952727983707
3276,1976,2n Cycle,In a relationship,36301.0,1,0,2013-10-25,53,11,12,35,3,5,12,1,3,0,3,7,0,0,0,0,0,0,3,11,0,2013,10,25,1,1,78,49,3.912023005428146,3.9889840465642745,10.499628115153923,4.3694478524670215,2.4849066497880004,2.5649493574615367,3.58351893845611,1.3862943611198906,1.791759469228055,2.5649493574615367
3859,1947,PhD,In a relationship,73059.0,0,1,2013-08-31,36,410,112,420,0,82,71,1,9,3,13,4,0,0,0,0,0,0,3,11,0,2013,8,31,1,1,1095,78,4.3694478524670215,3.6109179126442243,11.199036300349274,6.999422467507961,6.018593214496234,4.727387818712341,6.042632833682381,0.0,4.418840607796598,4.276666119016055
3570,1969,PhD,In a relationship,42731.0,1,0,2013-10-21,64,159,2,51,6,2,24,3,4,1,5,5,0,0,0,0,0,0,3,11,0,2013,10,21,1,1,244,56,4.04305126783455,4.174387269895637,10.662703333065778,5.501258210544727,5.075173815233827,1.0986122886681096,3.9512437185814275,1.9459101490553132,1.0986122886681096,3.2188758248682006
3783,1959,PhD,In a relationship,52854.0,1,1,2014-03-24,43,105,0,10,0,1,0,2,2,1,4,5,0,0,0,0,0,0,3,11,0,2014,3,24,2,1,116,66,4.204692619390966,3.784189633918261,10.875307594202763,4.762173934797756,4.663439094112067,0.0,2.3978952727983707,0.0,0.6931471805599453,0.0
10207,1978,Graduation,In a relationship,22775.0,1,0,2013-06-19,40,5,1,8,0,0,1,1,1,0,2,8,0,0,0,0,0,0,3,11,0,2013,6,19,1,1,15,47,3.8712010109078907,3.713572066704308,10.033462628957874,2.772588722239781,1.791759469228055,0.6931471805599453,2.1972245773362196,0.0,0.0,0.6931471805599453
10906,1948,PhD,In a relationship,46681.0,0,2,2013-10-08,52,269,15,69,15,19,38,2,4,6,4,5,0,0,0,0,0,0,3,11,0,2013,10,8,2,1,425,77,4.356708826689592,3.970291913552122,10.751113930384133,6.054439346269371,5.598421958998375,2.772588722239781,4.248495242049359,2.772588722239781,2.995732273553991,3.6635616461296463
3427,1955,PhD,In a relationship,59821.0,0,1,2013-04-12,11,629,0,70,0,0,35,6,11,2,7,8,0,0,0,0,0,0,3,11,0,2013,4,12,1,1,734,70,4.2626798770413155,2.4849066497880004,10.999128765259284,6.5998704992128365,6.4457198193855785,0.0,4.2626798770413155,0.0,0.0,3.58351893845611
5209,1954,Graduation,Single,50002.0,0,1,2013-06-17,21,443,5,71,21,16,82,2,8,2,7,7,0,0,0,0,0,0,3,11,0,2013,6,17,1,1,638,71,4.276666119016055,3.091042453358316,10.819838282610355,6.459904454377535,6.095824562432225,1.791759469228055,4.276666119016055,3.091042453358316,2.833213344056216,4.418840607796598
10711,1945,Graduation,In a relationship,69755.0,0,0,2013-10-02,23,217,77,373,111,23,93,1,3,6,12,1,0,0,0,0,0,0,3,11,0,2013,10,2,0,0,894,80,4.394449154672439,3.1780538303479458,11.15275871748935,6.796823718274855,5.384495062789089,4.356708826689592,5.924255797414532,4.718498871295094,3.1780538303479458,4.543294782270004
10785,1969,Graduation,In a relationship,44078.0,1,1,2014-06-19,17,24,1,10,2,0,4,2,2,0,3,5,0,0,0,0,0,0,3,11,0,2014,6,19,2,1,41,56,4.04305126783455,2.8903717578961645,10.693738757544056,3.7376696182833684,3.2188758248682006,0.6931471805599453,2.3978952727983707,1.0986122886681096,0.0,1.6094379124341003
2814,1976,Master,In a relationship,30560.0,1,0,2013-06-27,6,9,1,5,4,5,7,1,1,0,3,7,0,0,0,0,0,0,3,11,0,2013,6,27,1,1,31,49,3.912023005428146,1.9459101490553132,10.327479965258176,3.4657359027997265,2.302585092994046,0.6931471805599453,1.791759469228055,1.6094379124341003,1.791759469228055,2.0794415416798357
6866,1969,Master,In a relationship,35924.0,1,1,2014-03-23,56,8,0,14,2,3,7,1,1,0,3,5,0,0,0,0,0,0,3,11,0,2014,3,23,2,1,34,56,4.04305126783455,4.04305126783455,10.489188710947225,3.5553480614894135,2.1972245773362196,0.0,2.70805020110221,1.0986122886681096,1.3862943611198906,2.0794415416798357
1665,1964,PhD,Single,64140.0,0,2,2013-09-23,71,1459,0,61,0,15,215,5,2,5,6,5,1,0,1,0,1,0,3,11,1,2013,9,23,2,1,1750,61,4.127134385045092,4.276666119016055,11.068839064020526,7.467942332285852,7.286191714702382,0.0,4.127134385045092,0.0,2.772588722239781,5.375278407684165
6575,1981,Graduation,In a relationship,56386.0,1,1,2012-10-27,51,230,48,214,13,32,75,8,9,1,7,9,0,0,0,0,0,0,3,11,0,2012,10,27,2,1,612,44,3.8066624897703196,3.9512437185814275,10.939993914463859,6.418364935936212,5.442417710521793,3.8918202981106265,5.3706380281276624,2.639057329615259,3.4965075614664802,4.330733340286331
3829,1979,Basic,In a relationship,24594.0,1,0,2013-12-10,94,1,3,6,10,0,9,1,1,0,3,5,0,0,0,0,0,0,3,11,0,2013,12,10,1,1,29,46,3.8501476017100584,4.553876891600541,10.11029844922944,3.4011973816621555,0.6931471805599453,1.3862943611198906,1.9459101490553132,2.3978952727983707,0.0,2.302585092994046
3091,1981,2n Cycle,In a relationship,75774.0,1,0,2014-05-02,27,340,21,134,258,14,56,1,7,5,8,4,0,0,0,0,0,0,3,11,0,2014,5,2,1,1,823,44,3.8066624897703196,3.332204510175204,11.235523701926004,6.714170529909472,5.831882477283517,3.091042453358316,4.90527477843843,5.556828061699537,2.70805020110221,4.04305126783455
10141,1960,Master,Single,39228.0,0,0,2013-05-10,1,7,1,6,0,3,3,1,0,0,3,4,0,0,0,0,0,0,3,11,0,2013,5,10,0,0,20,65,4.189654742026425,0.6931471805599453,10.57717154818281,3.044522437723423,2.0794415416798357,0.6931471805599453,1.9459101490553132,0.0,1.3862943611198906,1.3862943611198906
5177,1974,Master,In a relationship,58494.0,0,1,2013-12-12,56,298,7,68,4,0,19,2,6,2,6,6,0,0,0,0,0,0,3,11,0,2013,12,12,1,1,396,51,3.9512437185814275,4.04305126783455,10.976696559481702,5.983936280687191,5.700443573390686,2.0794415416798357,4.23410650459726,1.6094379124341003,0.0,2.995732273553991
7005,1981,Graduation,Single,58684.0,0,0,2014-06-16,71,479,35,179,28,7,85,1,5,3,12,2,0,1,0,0,0,0,3,11,0,2014,6,16,0,0,813,44,3.8066624897703196,4.276666119016055,10.979939436534224,6.70196036600254,6.173786103901937,3.58351893845611,5.19295685089021,3.367295829986474,2.0794415416798357,4.454347296253507
6409,1967,Graduation,Single,57136.0,0,0,2013-05-18,18,267,140,599,34,12,127,1,7,5,7,6,0,0,0,0,0,0,3,11,1,2013,5,18,0,0,1179,58,4.07753744390572,2.9444389791664403,10.953207171781322,7.07326971745971,5.5909869805108565,4.948759890378168,6.396929655216146,3.5553480614894135,2.5649493574615367,4.852030263919617
7485,1950,PhD,Single,56551.0,1,1,2014-05-07,48,67,4,32,17,2,16,3,2,1,4,4,0,0,0,0,0,0,3,11,0,2014,5,7,2,1,138,75,4.330733340286331,3.8918202981106265,10.94291584785079,4.9344739331306915,4.219507705176107,1.6094379124341003,3.4965075614664802,2.8903717578961645,1.0986122886681096,2.833213344056216
8079,1982,Graduation,In a relationship,22448.0,1,0,2014-02-26,86,3,1,8,23,2,18,3,2,1,3,3,0,0,0,0,0,0,3,11,0,2014,2,26,1,1,55,43,3.784189633918261,4.465908118654584,10.019001348748468,4.02535169073515,1.3862943611198906,0.6931471805599453,2.1972245773362196,3.1780538303479458,1.0986122886681096,2.9444389791664403
8395,1961,Graduation,Single,82014.0,0,0,2012-08-20,48,980,37,265,35,163,31,1,3,6,12,6,0,0,0,0,0,0,3,11,1,2012,8,20,0,0,1511,64,4.174387269895637,3.8918202981106265,11.314657436346586,7.321188556739479,6.8885724595653635,3.6375861597263857,5.583496308781699,3.58351893845611,5.099866427824199,3.4657359027997265
10352,1963,Graduation,Single,34213.0,1,1,2012-09-07,2,50,4,28,6,3,26,3,3,1,2,9,0,0,0,0,0,0,3,11,1,2012,9,7,2,1,117,62,4.143134726391533,1.0986122886681096,10.440390196012237,4.770684624465665,3.9318256327243257,1.6094379124341003,3.367295829986474,1.9459101490553132,1.3862943611198906,3.295836866004329
13,1947,PhD,Single,25358.0,0,1,2013-07-22,57,19,0,5,0,0,8,2,1,0,3,6,0,0,0,0,0,0,3,11,0,2013,7,22,1,1,32,78,4.3694478524670215,4.060443010546419,10.140888975597038,3.4965075614664802,2.995732273553991,0.0,1.791759469228055,0.0,0.0,2.1972245773362196
1834,1978,Master,Single,35544.0,1,0,2014-03-08,77,30,5,23,4,1,4,1,2,0,3,7,0,0,0,0,0,0,3,11,0,2014,3,8,1,1,67,47,3.8712010109078907,4.356708826689592,10.478554778363584,4.219507705176107,3.4339872044851463,1.791759469228055,3.1780538303479458,1.6094379124341003,0.6931471805599453,1.6094379124341003
2285,1954,Master,In a relationship,36634.0,0,1,2013-05-28,0,213,9,76,4,3,30,3,5,2,5,7,0,0,0,0,0,0,3,11,0,2013,5,28,1,1,335,71,4.276666119016055,0.0,10.508759346594065,5.817111159963204,5.365976015021851,2.302585092994046,4.343805421853684,1.6094379124341003,1.3862943611198906,3.4339872044851463
2295,1954,PhD,In a relationship,62670.0,0,1,2014-02-02,57,539,30,92,80,46,38,1,5,3,13,3,0,0,0,0,0,0,3,11,0,2014,2,2,1,1,825,71,4.276666119016055,4.060443010546419,11.04565409968947,6.716594773520978,6.29156913955832,3.4339872044851463,4.532599493153256,4.394449154672439,3.8501476017100584,3.6635616461296463
1378,1972,2n Cycle,In a relationship,50334.0,0,1,2013-07-24,24,284,16,160,84,16,134,6,7,4,6,6,0,0,0,0,0,0,3,11,0,2013,7,24,1,1,694,53,3.9889840465642745,3.2188758248682006,10.826455939163523,6.543911845564792,5.652489180268651,2.833213344056216,5.081404364984463,4.442651256490317,2.833213344056216,4.90527477843843
2781,1981,Graduation,Single,72066.0,0,0,2014-06-23,55,1003,34,536,134,51,34,1,4,6,6,2,0,0,1,1,0,0,3,11,1,2014,6,23,0,0,1792,44,3.8066624897703196,4.02535169073515,11.18535152085534,7.491645473605133,6.911747300251674,3.5553480614894135,6.285998094508865,4.90527477843843,3.9512437185814275,3.5553480614894135
1165,1958,PhD,Single,50729.0,1,1,2013-05-02,62,239,13,143,45,4,52,9,6,2,7,6,0,0,0,0,0,0,3,11,0,2013,5,2,2,1,496,67,4.219507705176107,4.143134726391533,10.834272730560736,6.208590026096629,5.480638923341991,2.639057329615259,4.969813299576001,3.828641396489095,1.6094379124341003,3.970291913552122
1404,1968,Graduation,In a relationship,34916.0,2,0,2013-05-15,89,51,23,82,33,0,42,4,5,1,3,9,0,0,0,0,0,0,3,11,0,2013,5,15,2,1,231,57,4.060443010546419,4.499809670330265,10.460729095610086,5.44673737166631,3.9512437185814275,3.1780538303479458,4.418840607796598,3.5263605246161616,0.0,3.7612001156935624
6457,1976,Graduation,Single,64892.0,0,1,2014-05-29,77,527,24,230,32,24,65,2,6,4,12,4,0,0,0,0,0,0,3,11,0,2014,5,29,1,1,902,49,3.912023005428146,4.356708826689592,11.08049503863161,6.805722553416985,6.269096283706261,3.2188758248682006,5.442417710521793,3.4965075614664802,3.2188758248682006,4.189654742026425
2639,1966,Graduation,Single,43602.0,1,1,2014-01-10,45,19,5,12,10,3,19,3,3,1,2,6,0,0,0,0,0,0,3,11,0,2014,1,10,2,1,68,59,4.0943445622221,3.828641396489095,10.682881234309459,4.23410650459726,2.995732273553991,1.791759469228055,2.5649493574615367,2.3978952727983707,1.3862943611198906,2.995732273553991
8299,1989,PhD,Single,33996.0,0,0,2013-09-11,46,40,2,15,8,0,6,1,1,1,3,4,0,0,0,0,0,0,3,11,0,2013,9,11,0,0,71,36,3.6109179126442243,3.8501476017100584,10.434027564411219,4.276666119016055,3.713572066704308,1.0986122886681096,2.772588722239781,2.1972245773362196,0.0,1.9459101490553132
6437,1985,2n Cycle,Single,41473.0,1,0,2013-06-19,80,21,8,20,15,3,9,1,2,0,3,7,0,0,0,0,0,0,3,11,0,2013,6,19,1,1,76,40,3.713572066704308,4.394449154672439,10.632822003857786,4.343805421853684,3.091042453358316,2.1972245773362196,3.044522437723423,2.772588722239781,1.3862943611198906,2.302585092994046
6912,1967,PhD,In a relationship,63246.0,0,2,2013-08-20,60,593,30,91,29,22,7,1,6,3,12,4,0,0,0,0,0,0,3,11,0,2013,8,20,2,1,772,58,4.07753744390572,4.110873864173311,11.05480297463485,6.650279048587422,6.386879319362645,3.4339872044851463,4.5217885770490405,3.4011973816621555,3.1354942159291497,2.0794415416798357
7327,1959,PhD,In a relationship,36732.0,1,1,2013-12-29,71,21,5,3,10,1,7,3,1,1,4,2,0,0,0,0,0,0,3,11,0,2013,12,29,2,1,47,66,4.204692619390966,4.276666119016055,10.511430812581505,3.8712010109078907,3.091042453358316,1.791759469228055,1.3862943611198906,2.3978952727983707,0.6931471805599453,2.0794415416798357
5299,1970,PhD,In a relationship,69084.0,1,0,2013-11-19,43,1181,107,199,39,30,30,2,7,3,13,8,0,0,0,0,0,0,3,11,0,2013,11,19,1,1,1586,55,4.02535169073515,3.784189633918261,11.14309290949077,7.369600720526409,7.074963197966044,4.68213122712422,5.298317366548036,3.6888794541139363,3.4339872044851463,3.4339872044851463
4127,1967,PhD,In a relationship,77766.0,0,1,2013-02-22,97,1004,59,265,115,59,27,2,11,10,11,6,1,0,0,0,0,0,3,11,1,2013,2,22,1,1,1529,58,4.07753744390572,4.584967478670572,11.261472455658843,7.333023014386481,6.912742820493176,4.0943445622221,5.583496308781699,4.7535901911063645,4.0943445622221,3.332204510175204
8143,1985,PhD,Single,37929.0,0,0,2013-07-30,49,202,2,46,3,2,10,2,4,2,5,7,0,1,0,1,0,0,3,11,1,2013,7,30,0,0,265,40,3.713572066704308,3.912023005428146,10.543497634682945,5.583496308781699,5.313205979041787,1.0986122886681096,3.8501476017100584,1.3862943611198906,1.0986122886681096,2.3978952727983707
1964,1951,Graduation,In a relationship,86610.0,0,0,2013-09-05,66,446,107,768,33,196,53,1,5,6,6,2,0,0,0,0,0,0,3,11,0,2013,9,5,0,0,1603,74,4.31748811353631,4.204692619390966,11.369182107269289,7.38025578842646,6.102558594613569,4.68213122712422,6.645090969505644,3.5263605246161616,5.2832037287379885,3.9889840465642745
3690,1986,Master,In a relationship,80141.0,0,0,2013-01-11,20,1184,102,673,52,40,40,1,7,4,10,6,0,0,1,0,0,0,3,11,1,2013,1,11,0,0,2091,39,3.6888794541139363,3.044522437723423,11.29155534020516,7.645875825184813,7.077498053569231,4.634728988229636,6.513230110912307,3.970291913552122,3.713572066704308,3.713572066704308
3433,1955,2n Cycle,In a relationship,72635.0,0,0,2013-06-03,54,390,22,323,104,35,107,1,6,8,6,3,0,0,0,1,0,0,3,11,0,2013,6,3,0,0,981,70,4.2626798770413155,4.007333185232471,11.193215945679688,6.889591308354466,5.968707559985366,3.1354942159291497,5.780743515792329,4.653960350157523,3.58351893845611,4.68213122712422
3389,1970,Graduation,In a relationship,69016.0,0,1,2012-11-22,61,726,53,363,123,107,161,4,8,9,13,5,0,0,0,0,0,0,3,11,0,2012,11,22,1,1,1533,55,4.02535169073515,4.127134385045092,11.142108130045209,7.335633981927201,6.588926477533519,3.9889840465642745,5.8971538676367405,4.820281565605037,4.68213122712422,5.087596335232384
4712,1991,2n Cycle,In a relationship,20193.0,0,0,2012-11-28,18,8,8,22,24,11,9,1,1,1,4,4,0,0,0,0,0,0,3,11,0,2012,11,28,0,0,82,34,3.5553480614894135,2.9444389791664403,9.913140809564267,4.418840607796598,2.1972245773362196,2.1972245773362196,3.1354942159291497,3.2188758248682006,2.4849066497880004,2.302585092994046
1170,1975,Graduation,In a relationship,27573.0,1,0,2013-03-25,45,50,15,110,39,15,15,4,5,1,4,8,0,0,0,0,0,0,3,11,0,2013,3,25,1,1,244,50,3.9318256327243257,3.828641396489095,10.224628578731574,5.501258210544727,3.9318256327243257,2.772588722239781,4.709530201312334,3.6888794541139363,2.772588722239781,2.772588722239781
6347,1979,Basic,Single,15862.0,1,0,2013-06-27,26,1,1,4,11,9,10,1,1,0,3,8,0,0,0,0,0,0,3,11,0,2013,6,27,1,1,36,46,3.8501476017100584,3.295836866004329,9.671744632408455,3.6109179126442243,0.6931471805599453,0.6931471805599453,1.6094379124341003,2.4849066497880004,2.302585092994046,2.3978952727983707
4065,1976,PhD,In a relationship,49544.0,1,0,2013-02-12,0,308,0,73,0,0,23,2,5,1,8,7,0,0,0,0,0,0,3,11,0,2013,2,12,1,1,404,49,3.912023005428146,0.0,10.810636626493,6.003887067106539,5.733341276897746,0.0,4.304065093204169,0.0,0.0,3.1780538303479458
8230,1980,Graduation,In a relationship,33228.0,1,0,2014-01-23,28,22,2,31,7,4,5,1,2,0,3,7,0,0,0,0,0,0,3,11,0,2014,1,23,1,1,71,45,3.828641396489095,3.367295829986474,10.411178267606632,4.276666119016055,3.1354942159291497,1.0986122886681096,3.4657359027997265,2.0794415416798357,1.6094379124341003,1.791759469228055
1215,1978,Graduation,In a relationship,70440.0,0,0,2013-10-08,49,690,117,499,76,102,88,1,5,10,7,3,0,0,0,1,0,0,3,11,0,2013,10,8,0,0,1572,47,3.8712010109078907,3.912023005428146,11.162530758988646,7.360739903058278,6.53813982376767,4.770684624465665,6.214608098422191,4.343805421853684,4.634728988229636,4.48863636973214
5939,1971,Graduation,In a relationship,38232.0,1,1,2014-01-17,84,43,5,28,7,6,33,4,3,1,3,5,0,0,0,0,0,0,3,11,0,2014,1,17,2,1,122,54,4.007333185232471,4.442651256490317,10.551454296015532,4.812184355372417,3.784189633918261,1.791759469228055,3.367295829986474,2.0794415416798357,1.9459101490553132,3.5263605246161616
2156,1955,PhD,In a relationship,22554.0,1,1,2012-11-03,38,27,0,10,0,0,4,4,2,0,4,5,0,0,0,0,0,0,3,11,0,2012,11,3,2,1,41,70,4.2626798770413155,3.6635616461296463,10.023712049842496,3.7376696182833684,3.332204510175204,0.0,2.3978952727983707,0.0,0.0,1.6094379124341003
7788,1983,PhD,In a relationship,23536.0,1,0,2014-06-04,53,6,0,3,0,0,1,1,0,0,3,3,0,0,0,0,0,0,3,11,0,2014,6,4,1,1,10,42,3.7612001156935624,3.9889840465642745,10.066328930041957,2.3978952727983707,1.9459101490553132,0.0,1.3862943611198906,0.0,0.0,0.6931471805599453
10323,1952,Graduation,In a relationship,49413.0,0,1,2013-10-25,88,205,7,41,3,2,46,2,4,2,5,5,0,0,0,0,0,0,3,11,0,2013,10,25,1,1,304,73,4.304065093204169,4.48863636973214,10.807989063835306,5.720311776607412,5.327876168789581,2.0794415416798357,3.7376696182833684,1.3862943611198906,1.0986122886681096,3.8501476017100584
7947,1969,Graduation,In a relationship,42231.0,1,1,2014-03-25,99,24,0,8,0,1,4,1,1,0,3,5,0,0,0,0,0,0,3,11,0,2014,3,25,2,1,37,56,4.04305126783455,4.605170185988092,10.650933506503453,3.6375861597263857,3.2188758248682006,0.0,2.1972245773362196,0.0,0.6931471805599453,1.6094379124341003
1891,1980,Master,Single,78789.0,0,0,2012-08-08,12,667,50,850,21,83,83,1,4,6,5,2,0,0,0,0,0,0,3,11,1,2012,8,8,0,0,1754,45,3.828641396489095,2.5649493574615367,11.274541364239735,7.470224135899966,6.504288173536645,3.9318256327243257,6.7464121285733745,3.091042453358316,4.430816798843313,4.430816798843313
2570,1968,Graduation,In a relationship,56534.0,0,1,2013-07-23,35,691,7,61,10,0,46,4,10,4,7,8,0,1,0,0,1,0,3,11,1,2013,7,23,1,1,815,57,4.060443010546419,3.58351893845611,10.942615194369345,6.704414354964107,6.539585955617669,2.0794415416798357,4.127134385045092,2.3978952727983707,0.0,3.8501476017100584
9256,1971,Graduation,Single,58350.0,0,1,2013-01-04,5,493,26,206,116,80,80,4,8,3,12,6,0,0,0,0,0,0,3,11,0,2013,1,4,1,1,1001,54,4.007333185232471,1.791759469228055,10.974231775528432,6.90975328164481,6.202535517187923,3.295836866004329,5.332718793265369,4.762173934797756,4.394449154672439,4.394449154672439
295,1989,Graduation,Single,81217.0,0,0,2013-07-19,77,493,70,324,146,40,84,1,3,7,11,1,0,0,0,0,0,0,3,11,0,2013,7,19,0,0,1157,36,3.6109179126442243,4.356708826689592,11.304892176460372,7.05444965813294,6.202535517187923,4.2626798770413155,5.783825182329737,4.990432586778736,3.713572066704308,4.442651256490317
7397,1951,Graduation,Single,49090.0,0,1,2013-07-19,45,494,5,82,7,0,100,3,7,2,9,7,0,0,0,0,0,0,3,11,0,2013,7,19,1,1,688,74,4.31748811353631,3.828641396489095,10.801430997592224,6.535241271013659,6.20455776256869,1.791759469228055,4.418840607796598,2.0794415416798357,0.0,4.61512051684126
6349,1987,Master,Single,61787.0,0,0,2013-07-06,71,621,73,414,78,48,85,1,8,4,6,5,0,0,0,0,0,0,3,11,0,2013,7,6,0,0,1319,38,3.6635616461296463,4.276666119016055,11.031464449834141,7.1853870155804165,6.432940092739179,4.304065093204169,6.028278520230698,4.3694478524670215,3.8918202981106265,4.454347296253507
10790,1985,PhD,In a relationship,18169.0,1,0,2013-02-19,40,9,0,5,0,0,7,1,1,0,2,8,0,0,0,0,0,0,3,11,0,2013,2,19,1,1,21,40,3.713572066704308,3.713572066704308,9.807527161390217,3.091042453358316,2.302585092994046,0.0,1.791759469228055,0.0,0.0,2.0794415416798357
10398,1981,2n Cycle,Single,24336.0,1,0,2012-08-27,82,1,6,2,8,2,12,1,1,0,2,7,0,0,0,0,0,0,3,11,0,2012,8,27,1,1,31,44,3.8066624897703196,4.418840607796598,10.099753105042092,3.4657359027997265,0.6931471805599453,1.9459101490553132,1.0986122886681096,2.1972245773362196,1.0986122886681096,2.5649493574615367
2431,1990,Graduation,In a relationship,18222.0,0,0,2012-12-31,70,12,4,19,12,6,14,1,2,0,3,8,0,0,0,0,0,0,3,11,0,2012,12,31,0,0,67,35,3.58351893845611,4.2626798770413155,9.810439811486056,4.219507705176107,2.5649493574615367,1.6094379124341003,2.995732273553991,2.5649493574615367,1.9459101490553132,2.70805020110221
550,1952,Graduation,Single,62335.0,0,1,2013-05-23,87,243,131,217,85,6,26,2,3,3,13,2,0,0,0,0,0,0,3,11,0,2013,5,23,1,1,708,73,4.304065093204169,4.477336814478207,11.040294387002207,6.5638555265321274,5.497168225293202,4.882801922586371,5.384495062789089,4.454347296253507,1.9459101490553132,3.295836866004329
1890,1971,2n Cycle,In a relationship,42033.0,1,1,2012-09-19,95,11,1,4,2,0,7,1,1,0,2,7,0,0,0,0,0,0,3,11,0,2012,9,19,2,1,25,54,4.007333185232471,4.564348191467836,10.646234093587358,3.258096538021482,2.4849066497880004,0.6931471805599453,1.6094379124341003,1.0986122886681096,0.0,2.0794415416798357
10742,1983,PhD,In a relationship,86580.0,0,0,2013-02-27,72,532,21,127,26,20,20,0,4,2,5,1,0,0,1,0,0,0,3,11,0,2013,2,27,0,0,746,42,3.7612001156935624,4.290459441148391,11.36883567094082,6.616065185132817,6.278521424165844,3.091042453358316,4.852030263919617,3.295836866004329,3.044522437723423,3.044522437723423
10356,1957,PhD,Single,41437.0,1,1,2012-09-22,5,29,0,2,0,0,1,1,1,0,3,7,0,0,0,0,0,0,3,11,0,2012,9,22,2,1,32,68,4.23410650459726,1.791759469228055,10.631953613220428,3.4965075614664802,3.4011973816621555,0.0,1.0986122886681096,0.0,0.0,0.6931471805599453
4676,1951,Master,Single,73705.0,0,2,2014-03-05,86,612,91,520,258,107,107,2,9,6,8,5,0,0,0,0,0,0,3,11,0,2014,3,5,2,1,1695,74,4.31748811353631,4.465908118654584,11.20783948598991,7.4360278163518485,6.418364935936212,4.5217885770490405,6.255750041753367,5.556828061699537,4.68213122712422,4.68213122712422
8852,1976,Graduation,In a relationship,61064.0,0,1,2012-08-31,80,387,126,342,0,45,180,5,8,4,11,6,0,0,0,0,0,0,3,11,0,2012,8,31,1,1,1080,49,3.912023005428146,4.394449154672439,11.019694149605188,6.985641817639208,5.961005339623274,4.844187086458591,5.83773044716594,0.0,3.828641396489095,5.198497031265826
3565,1955,Master,In a relationship,38452.0,1,1,2014-03-30,62,56,0,14,0,0,2,3,3,0,3,7,0,0,0,0,0,0,3,11,0,2014,3,30,2,1,72,70,4.2626798770413155,4.143134726391533,10.557191995297144,4.290459441148391,4.04305126783455,0.0,2.70805020110221,0.0,0.0,1.0986122886681096
5294,1989,Graduation,Single,18358.0,1,0,2013-11-20,49,6,8,19,16,4,4,3,3,0,4,7,0,0,0,0,0,0,3,11,0,2013,11,20,1,1,57,36,3.6109179126442243,3.912023005428146,9.817875196460205,4.060443010546419,1.9459101490553132,2.1972245773362196,2.995732273553991,2.833213344056216,1.6094379124341003,1.6094379124341003
1958,1973,PhD,In a relationship,55012.0,0,1,2014-03-21,85,582,0,65,0,0,13,6,8,2,9,5,0,0,0,0,0,0,3,11,0,2014,3,21,1,1,660,52,3.970291913552122,4.454347296253507,10.915324799921489,6.493753839851687,6.368187186350492,0.0,4.189654742026425,0.0,0.0,2.639057329615259
7349,1973,Basic,In a relationship,9722.0,1,0,2012-10-02,7,6,17,16,6,16,42,4,3,1,3,8,0,0,0,0,0,0,3,11,1,2012,10,2,1,1,103,52,3.970291913552122,2.0794415416798357,9.182249491809657,4.6443908991413725,1.9459101490553132,2.8903717578961645,2.833213344056216,1.9459101490553132,2.833213344056216,3.7612001156935624
8799,1984,PhD,In a relationship,38175.0,1,0,2013-09-23,6,70,6,69,2,3,3,3,3,1,4,7,0,0,0,0,0,0,3,11,0,2013,9,23,1,1,153,41,3.7376696182833684,1.9459101490553132,10.549962324897642,5.0369526024136295,4.2626798770413155,1.9459101490553132,4.248495242049359,1.0986122886681096,1.3862943611198906,1.3862943611198906
1351,1956,Master,In a relationship,58656.0,0,1,2012-09-20,25,962,12,194,16,24,12,4,7,8,13,6,0,0,1,0,0,0,3,11,0,2012,9,20,1,1,1220,69,4.248495242049359,3.258096538021482,10.97946219904839,7.107425474110705,6.870053411798126,2.5649493574615367,5.272999558563747,2.833213344056216,3.2188758248682006,2.5649493574615367
1045,1965,Graduation,In a relationship,52117.0,0,1,2012-08-16,55,112,10,107,30,0,20,2,5,2,4,7,0,0,0,0,0,0,3,11,0,2012,8,16,1,1,279,60,4.110873864173311,4.02535169073515,10.861265657517102,5.634789603169249,4.727387818712341,2.3978952727983707,4.68213122712422,3.4339872044851463,0.0,3.044522437723423
7732,1978,Graduation,In a relationship,64813.0,1,0,2014-01-02,81,293,0,124,179,97,52,1,7,2,10,5,0,0,0,0,0,0,3,11,0,2014,1,2,1,1,745,47,3.8712010109078907,4.406719247264253,11.079276908387776,6.61472560020376,5.683579767338681,0.0,4.8283137373023015,5.19295685089021,4.584967478670572,3.970291913552122
8070,1973,PhD,In a relationship,54222.0,0,1,2014-03-01,98,199,12,31,3,12,7,1,3,3,5,3,0,0,0,0,0,0,3,11,0,2014,3,1,1,1,264,52,3.970291913552122,4.59511985013459,10.900860451658483,5.579729825986222,5.298317366548036,2.5649493574615367,3.4657359027997265,1.3862943611198906,2.5649493574615367,2.0794415416798357
477,1986,Graduation,In a relationship,83512.0,0,0,2014-06-17,31,1060,61,835,80,20,101,1,4,7,10,1,1,0,1,1,1,0,3,11,1,2014,6,17,0,0,2157,39,3.6888794541139363,3.4657359027997265,11.332757587343485,7.67693714581808,6.966967138613983,4.127134385045092,6.728628613084702,4.394449154672439,3.044522437723423,4.624972813284271
7832,1959,Master,In a relationship,77520.0,0,1,2013-08-28,30,940,44,396,0,88,58,1,8,7,7,4,1,0,1,1,0,0,3,11,1,2013,8,28,1,1,1526,66,4.204692619390966,3.4339872044851463,11.258304146378245,7.3310603052186325,6.846943139585379,3.8066624897703196,5.983936280687191,0.0,4.48863636973214,4.07753744390572
2202,1978,Graduation,In a relationship,41154.0,0,1,2013-04-09,98,44,2,11,2,3,7,1,1,0,4,5,0,0,0,0,0,0,3,11,0,2013,4,9,1,1,69,47,3.8712010109078907,4.59511985013459,10.625100705406744,4.248495242049359,3.8066624897703196,1.0986122886681096,2.4849066497880004,1.0986122886681096,1.3862943611198906,2.0794415416798357
7396,1966,Graduation,In a relationship,80398.0,0,0,2012-11-10,92,342,51,936,207,35,26,1,5,8,12,3,0,0,1,0,0,0,3,11,0,2012,11,10,0,0,1597,59,4.0943445622221,4.532599493153256,11.294757017278762,7.37650812632622,5.83773044716594,3.9512437185814275,6.842683282238422,5.337538079701318,3.58351893845611,3.295836866004329
4055,1992,Basic,Single,18746.0,1,0,2014-05-29,41,2,10,11,12,9,20,2,3,0,3,6,0,0,0,0,0,0,3,11,0,2014,5,29,1,1,64,33,3.5263605246161616,3.7376696182833684,9.838789018597192,4.174387269895637,1.0986122886681096,2.3978952727983707,2.4849066497880004,2.5649493574615367,2.302585092994046,3.044522437723423
10340,1984,Graduation,In a relationship,35196.0,1,0,2012-11-13,68,75,12,141,43,39,187,6,6,1,5,8,0,0,0,0,0,0,3,11,0,2012,11,13,1,1,497,41,3.7376696182833684,4.23410650459726,10.468716130681411,6.210600077024653,4.330733340286331,2.5649493574615367,4.955827057601261,3.784189633918261,3.6888794541139363,5.236441962829949
10091,1956,Graduation,Single,60230.0,0,1,2013-05-20,78,520,20,367,39,81,40,2,6,3,6,5,0,0,0,0,0,0,3,11,0,2013,5,20,1,1,1067,69,4.248495242049359,4.3694478524670215,11.005942448921688,6.97354301952014,6.255750041753367,3.044522437723423,5.908082938168931,3.6888794541139363,4.406719247264253,3.713572066704308
7629,1977,Graduation,In a relationship,22108.0,1,1,2014-05-08,46,5,3,9,6,2,6,2,2,0,3,7,0,0,0,0,0,0,3,11,0,2014,5,8,2,1,31,48,3.8918202981106265,3.8501476017100584,10.00374004442522,3.4657359027997265,1.791759469228055,1.3862943611198906,2.302585092994046,1.9459101490553132,1.0986122886681096,1.9459101490553132
10640,1974,Graduation,In a relationship,44392.0,1,1,2013-09-05,71,87,5,71,7,12,29,5,4,1,4,7,0,0,0,0,0,0,3,11,0,2013,9,5,2,1,211,51,3.9512437185814275,4.276666119016055,10.700837078333384,5.356586274672012,4.477336814478207,1.791759469228055,4.276666119016055,2.0794415416798357,2.5649493574615367,3.4011973816621555
3498,1976,PhD,In a relationship,55424.0,0,1,2012-11-25,6,462,61,184,10,53,107,4,7,5,9,6,1,0,0,0,0,0,3,11,1,2012,11,25,1,1,877,49,3.912023005428146,1.9459101490553132,10.922786034484512,6.777646593635117,6.137727054086234,4.127134385045092,5.220355825078325,2.3978952727983707,3.9889840465642745,4.68213122712422
6742,1979,Graduation,In a relationship,17688.0,1,0,2013-01-13,82,2,2,1,3,1,2,1,1,0,2,8,0,0,0,0,0,1,3,11,0,2013,1,13,1,1,11,46,3.8501476017100584,4.418840607796598,9.780698256443507,2.4849066497880004,1.0986122886681096,1.0986122886681096,0.6931471805599453,1.3862943611198906,0.6931471805599453,1.0986122886681096
1172,1983,PhD,In a relationship,92491.0,0,0,2013-05-01,71,979,44,935,29,25,22,1,7,5,12,3,0,1,1,1,0,0,3,11,1,2013,5,1,0,0,2034,42,3.7612001156935624,4.276666119016055,11.434877433273858,7.618251097876695,6.887552571664617,3.8066624897703196,6.8416154764775925,3.4011973816621555,3.258096538021482,3.1354942159291497
569,1991,Graduation,Single,90273.0,0,0,2013-12-14,32,704,129,853,120,74,111,1,5,6,7,2,0,1,1,1,0,0,3,11,1,2013,12,14,0,0,1991,34,3.5553480614894135,3.4965075614664802,11.41060476882039,7.596894438144544,6.558197802812269,4.867534450455582,6.74993119378857,4.795790545596741,4.31748811353631,4.718498871295094
4686,1962,PhD,Single,82571.0,0,0,2014-04-02,28,861,31,558,62,95,79,0,6,5,13,2,0,0,1,0,0,0,3,11,0,2014,4,2,0,0,1686,63,4.1588830833596715,3.367295829986474,11.32142591899048,7.430707082545968,6.759255270663693,3.4657359027997265,6.326149473155099,4.143134726391533,4.564348191467836,4.382026634673881
1381,1982,PhD,Single,38513.0,1,0,2014-01-28,20,172,3,115,16,0,18,5,6,1,5,8,0,0,0,0,0,0,3,11,1,2014,1,28,1,1,324,43,3.784189633918261,3.044522437723423,10.558777090539833,5.783825182329737,5.153291594497779,1.3862943611198906,4.7535901911063645,2.833213344056216,0.0,2.9444389791664403
2634,1979,Master,Single,16653.0,1,0,2014-04-18,10,5,7,31,15,4,7,3,2,1,3,6,0,0,0,0,0,0,3,11,1,2014,4,18,1,1,69,46,3.8501476017100584,2.3978952727983707,9.720405706795765,4.248495242049359,1.791759469228055,2.0794415416798357,3.4657359027997265,2.772588722239781,1.6094379124341003,2.0794415416798357
10905,1955,Graduation,In a relationship,42586.0,1,1,2012-10-29,7,194,2,56,0,0,0,5,4,1,6,8,0,0,0,0,0,0,3,11,1,2012,10,29,2,1,252,70,4.2626798770413155,2.0794415416798357,10.659304321366108,5.53338948872752,5.272999558563747,1.0986122886681096,4.04305126783455,0.0,0.0,0.0
1744,1965,Basic,Single,23529.0,0,1,2013-01-07,67,9,7,13,3,2,20,1,1,1,2,6,0,0,0,0,0,0,3,11,0,2013,1,7,1,1,54,60,4.110873864173311,4.219507705176107,10.066031481721408,4.007333185232471,2.302585092994046,2.0794415416798357,2.639057329615259,1.3862943611198906,1.0986122886681096,3.044522437723423
1000,1961,Master,In a relationship,74881.0,1,1,2013-03-08,48,505,72,270,36,27,54,4,9,2,12,5,0,0,0,0,0,0,3,11,0,2013,3,8,2,1,964,64,4.174387269895637,3.8918202981106265,11.223668820196494,6.872128101338986,6.226536669287466,4.290459441148391,5.602118820879701,3.6109179126442243,3.332204510175204,4.007333185232471
3828,1951,Graduation,In a relationship,71107.0,0,1,2013-02-17,61,533,10,217,198,174,195,2,7,6,13,4,0,0,0,0,0,0,3,11,0,2013,2,17,1,1,1327,74,4.31748811353631,4.127134385045092,11.171955127042576,7.191429330036379,6.280395838960195,2.3978952727983707,5.384495062789089,5.293304824724492,5.1647859739235145,5.278114659230518
8605,1964,PhD,In a relationship,46910.0,1,1,2014-03-23,36,48,0,14,0,0,6,2,2,0,3,6,0,0,0,0,0,0,3,11,0,2014,3,23,2,1,68,61,4.127134385045092,3.6109179126442243,10.75600746851162,4.23410650459726,3.8918202981106265,0.0,2.70805020110221,0.0,0.0,1.9459101490553132
10304,1959,Graduation,In a relationship,18690.0,0,0,2012-12-28,77,6,1,7,23,4,19,1,1,1,2,8,0,0,0,0,0,0,3,11,0,2012,12,28,0,0,60,66,4.204692619390966,4.356708826689592,9.835797403566177,4.110873864173311,1.9459101490553132,0.6931471805599453,2.0794415416798357,3.1780538303479458,1.6094379124341003,2.995732273553991
4351,1955,Graduation,Single,37244.0,1,1,2013-04-27,90,18,2,10,0,0,25,1,1,1,2,7,1,0,0,0,0,0,3,11,0,2013,4,27,2,1,55,70,4.2626798770413155,4.51085950651685,10.525272986610377,4.02535169073515,2.9444389791664403,1.0986122886681096,2.3978952727983707,0.0,0.0,3.258096538021482
10129,1966,Graduation,In a relationship,82427.0,0,0,2014-03-12,35,482,147,509,104,107,107,1,3,5,12,1,0,0,1,0,0,0,3,11,0,2014,3,12,0,0,1456,59,4.0943445622221,3.58351893845611,11.319680464001882,7.284134806195205,6.180016653652572,4.997212273764115,6.234410725718371,4.653960350157523,4.68213122712422,4.68213122712422
2499,1958,2n Cycle,Single,75342.0,0,1,2013-05-06,38,204,97,97,21,118,26,1,5,2,10,4,0,0,0,0,0,0,3,11,0,2013,5,6,1,1,563,67,4.219507705176107,3.6635616461296463,11.229806299938259,6.335054251498059,5.3230099791384085,4.584967478670572,4.584967478670572,3.091042453358316,4.77912349311153,3.295836866004329
10092,1954,Graduation,Single,70044.0,0,1,2013-02-18,46,1073,0,250,153,14,14,4,7,10,5,5,0,0,0,0,0,0,3,11,0,2013,2,18,1,1,1504,71,4.276666119016055,3.8501476017100584,11.156893171630214,7.316548177182976,6.97914527506881,0.0,5.5254529391317835,5.0369526024136295,2.70805020110221,2.70805020110221
7500,1967,Graduation,Single,79146.0,1,1,2014-04-24,33,245,16,223,21,43,16,2,8,1,8,6,0,0,0,0,0,0,3,11,0,2014,4,24,2,1,564,58,4.07753744390572,3.5263605246161616,11.27906216187447,6.336825731146441,5.5053315359323625,2.833213344056216,5.4116460518550396,3.091042453358316,3.784189633918261,2.833213344056216
5796,1963,Graduation,In a relationship,77437.0,0,0,2013-11-26,70,560,21,442,29,44,29,1,4,5,13,1,0,0,1,0,0,0,3,11,0,2013,11,26,0,0,1125,62,4.143134726391533,4.2626798770413155,11.257232895170668,7.026426808699636,6.329720905522696,3.091042453358316,6.093569770045136,3.4011973816621555,3.8066624897703196,3.4011973816621555
10556,1959,Graduation,In a relationship,54984.0,0,1,2014-05-24,51,173,13,131,32,3,6,4,6,1,6,7,0,0,0,1,0,0,3,11,0,2014,5,24,1,1,358,66,4.204692619390966,3.9512437185814275,10.914815699745034,5.883322388488279,5.159055299214529,2.639057329615259,4.882801922586371,3.4965075614664802,1.3862943611198906,1.9459101490553132
1064,1971,PhD,In a relationship,42403.0,1,0,2013-12-11,18,22,1,11,0,5,3,1,1,0,3,8,0,0,0,0,0,0,3,11,0,2013,12,11,1,1,42,54,4.007333185232471,2.9444389791664403,10.654997976392988,3.7612001156935624,3.1354942159291497,0.6931471805599453,2.4849066497880004,0.0,1.791759469228055,1.3862943611198906
48,1964,Graduation,In a relationship,55761.0,0,1,2014-04-24,97,136,1,12,0,3,32,2,4,1,3,6,0,1,0,0,0,0,3,11,0,2014,4,24,1,1,184,61,4.127134385045092,4.584967478670572,10.928847912796902,5.220355825078325,4.919980925828125,0.6931471805599453,2.5649493574615367,0.0,1.3862943611198906,3.4965075614664802
7610,1983,Graduation,In a relationship,37292.0,1,0,2013-04-18,32,275,0,86,10,23,66,5,6,3,5,8,0,0,0,0,0,0,3,11,0,2013,4,18,1,1,460,42,3.7612001156935624,3.4965075614664802,10.526560920459826,6.133398042996649,5.62040086571715,0.0,4.465908118654584,2.3978952727983707,3.1780538303479458,4.204692619390966
263,1945,PhD,Single,45576.0,0,0,2014-05-28,9,56,19,29,2,14,25,1,3,1,3,8,0,0,0,0,0,0,3,11,1,2014,5,28,0,0,145,80,4.394449154672439,2.302585092994046,10.727158482292175,4.983606621708336,4.04305126783455,2.995732273553991,3.4011973816621555,1.0986122886681096,2.70805020110221,3.258096538021482
10814,1947,Graduation,In a relationship,70321.0,0,0,2013-01-16,6,303,23,751,82,26,191,1,6,5,13,4,0,0,0,0,0,0,3,11,1,2013,1,16,0,0,1376,78,4.3694478524670215,1.9459101490553132,11.160839973365304,7.227662498728655,5.717027701406222,3.1780538303479458,6.62273632394984,4.418840607796598,3.295836866004329,5.2574953720277815
9710,1969,PhD,Single,58086.0,0,1,2013-01-20,80,708,7,62,0,0,15,2,11,3,7,8,0,0,0,0,0,0,3,11,0,2013,1,20,1,1,792,56,4.04305126783455,4.394449154672439,10.969697165652292,6.675823221634848,6.5638555265321274,2.0794415416798357,4.143134726391533,0.0,0.0,2.772588722239781
9292,1952,Graduation,In a relationship,81795.0,0,0,2012-10-26,74,324,132,693,27,118,88,1,4,11,7,2,0,0,0,0,0,0,3,11,0,2012,10,26,0,0,1382,73,4.304065093204169,4.31748811353631,11.311983621639705,7.232010331664759,5.783825182329737,4.890349128221754,6.542471960506805,3.332204510175204,4.77912349311153,4.48863636973214
10250,1947,Basic,In a relationship,28389.0,0,0,2012-11-20,49,1,5,3,7,4,8,1,1,0,2,7,0,0,0,0,0,0,3,11,0,2012,11,20,0,0,28,78,4.3694478524670215,3.912023005428146,10.253792249467017,3.367295829986474,0.6931471805599453,1.791759469228055,1.3862943611198906,2.0794415416798357,1.6094379124341003,2.1972245773362196
7881,1946,Master,In a relationship,66835.0,0,0,2013-09-28,21,620,26,195,34,17,141,1,6,4,13,2,0,0,0,0,0,0,3,11,0,2013,9,28,0,0,1033,79,4.382026634673881,3.091042453358316,11.109997136514034,6.9411900550683745,6.431331081933479,3.295836866004329,5.278114659230518,3.5553480614894135,2.8903717578961645,4.955827057601261
5847,1969,Graduation,Single,69901.0,0,1,2013-05-29,95,312,21,206,102,92,149,3,7,3,10,5,0,0,0,0,0,0,3,11,0,2013,5,29,1,1,882,56,4.04305126783455,4.564348191467836,11.154849540115867,6.78332520060396,5.746203190540153,3.091042453358316,5.332718793265369,4.634728988229636,4.532599493153256,5.0106352940962555
737,1949,PhD,In a relationship,80360.0,0,0,2013-03-03,56,1493,86,454,112,43,43,2,4,4,5,2,0,1,1,1,0,0,3,11,0,2013,3,3,0,0,2231,76,4.343805421853684,4.04305126783455,11.294284262853436,7.710653323501202,7.309212365692763,4.465908118654584,6.12029741895095,4.727387818712341,3.784189633918261,3.784189633918261
3571,1961,PhD,In a relationship,63342.0,0,1,2012-10-16,48,918,21,118,13,10,21,3,8,3,5,6,0,1,0,0,0,0,3,11,1,2012,10,16,1,1,1101,64,4.174387269895637,3.8918202981106265,11.056319682406446,7.00488198971286,6.823286122355687,3.091042453358316,4.77912349311153,2.639057329615259,2.3978952727983707,3.091042453358316
7807,1974,Graduation,In a relationship,44989.0,0,1,2012-09-12,26,98,0,106,49,10,106,5,5,1,5,6,0,0,0,0,0,0,3,11,0,2012,9,12,1,1,369,51,3.9512437185814275,3.295836866004329,10.714195521835219,5.91350300563827,4.59511985013459,0.0,4.672828834461906,3.912023005428146,2.3978952727983707,4.672828834461906
3878,1980,2n Cycle,Single,31859.0,1,0,2014-02-27,3,3,4,7,15,8,11,1,1,0,3,7,0,0,0,0,0,0,3,11,0,2014,2,27,1,1,48,45,3.828641396489095,1.3862943611198906,10.36910658346404,3.8918202981106265,1.3862943611198906,1.6094379124341003,2.0794415416798357,2.772588722239781,2.1972245773362196,2.4849066497880004
5092,1949,PhD,Single,51569.0,0,1,2013-02-12,39,380,0,47,6,0,34,4,7,1,7,8,0,1,0,0,0,0,3,11,1,2013,2,12,1,1,467,76,4.343805421853684,3.6888794541139363,10.850695387045004,6.148468295917647,5.942799375126701,0.0,3.8712010109078907,1.9459101490553132,0.0,3.5553480614894135
2154,1971,Graduation,Single,30372.0,1,1,2012-12-25,33,15,0,12,7,3,7,3,2,0,3,7,0,0,0,0,0,0,3,11,0,2012,12,25,2,1,44,54,4.007333185232471,3.5263605246161616,10.321309334853664,3.8066624897703196,2.772588722239781,0.0,2.5649493574615367,2.0794415416798357,1.3862943611198906,2.0794415416798357
5394,1979,Basic,Single,16014.0,1,1,2013-03-17,42,3,9,4,7,8,7,4,1,1,4,3,0,0,0,0,0,0,3,11,0,2013,3,17,2,1,38,46,3.8501476017100584,3.7612001156935624,9.681281062043258,3.6635616461296463,1.3862943611198906,2.302585092994046,1.6094379124341003,2.0794415416798357,2.1972245773362196,2.0794415416798357
3798,1968,Graduation,In a relationship,41120.0,1,1,2013-11-06,80,24,2,23,0,8,24,3,2,1,3,6,0,0,0,0,0,0,3,11,0,2013,11,6,2,1,81,57,4.060443010546419,4.394449154672439,10.62427421889949,4.406719247264253,3.2188758248682006,1.0986122886681096,3.1780538303479458,0.0,2.1972245773362196,3.2188758248682006
3524,1971,Master,Single,39763.0,1,0,2013-08-04,9,80,1,60,4,6,16,2,5,1,2,9,0,0,0,0,0,0,3,11,1,2013,8,4,1,1,167,54,4.007333185232471,2.302585092994046,10.590717259332036,5.123963979403259,4.394449154672439,0.6931471805599453,4.110873864173311,1.6094379124341003,1.9459101490553132,2.833213344056216
5247,1955,PhD,In a relationship,38725.0,1,1,2014-05-10,52,31,0,6,2,1,5,2,1,0,4,4,0,0,0,0,0,0,3,11,0,2014,5,10,2,1,45,70,4.2626798770413155,3.970291913552122,10.564266488063344,3.828641396489095,3.4657359027997265,0.0,1.9459101490553132,1.0986122886681096,0.6931471805599453,1.791759469228055
5883,1972,Graduation,In a relationship,77981.0,1,0,2013-05-26,78,138,120,204,16,126,60,3,7,4,7,5,0,0,0,0,0,0,3,11,0,2013,5,26,1,1,664,53,3.9889840465642745,4.3694478524670215,11.264233309809644,6.499787040655854,4.9344739331306915,4.795790545596741,5.3230099791384085,2.833213344056216,4.844187086458591,4.110873864173311
2118,1964,2n Cycle,In a relationship,62905.0,0,1,2013-09-10,68,166,75,96,119,107,59,3,7,2,8,4,0,0,0,0,0,0,3,11,0,2013,9,10,1,1,622,61,4.127134385045092,4.23410650459726,11.049396827646396,6.434546518787453,5.117993812416755,4.330733340286331,4.574710978503383,4.787491742782046,4.68213122712422,4.0943445622221
8812,1979,2n Cycle,Single,13533.0,1,0,2013-03-10,45,12,3,8,8,0,17,2,2,0,3,7,0,0,0,0,0,0,3,11,0,2013,3,10,1,1,48,46,3.8501476017100584,3.828641396489095,9.51296031679217,3.8918202981106265,2.5649493574615367,1.3862943611198906,2.1972245773362196,2.1972245773362196,0.0,2.8903717578961645
6616,1975,Graduation,In a relationship,59481.0,0,1,2013-10-23,47,178,3,85,71,66,58,2,3,3,8,2,0,0,0,0,0,0,3,11,0,2013,10,23,1,1,461,50,3.9318256327243257,3.8712010109078907,10.993429024756606,6.135564891081739,5.187385805840755,1.3862943611198906,4.454347296253507,4.276666119016055,4.204692619390966,4.07753744390572
2797,1977,Graduation,In a relationship,72117.0,0,1,2013-08-20,34,707,20,171,65,60,50,1,9,7,9,5,0,0,0,0,0,0,3,11,0,2013,8,20,1,1,1073,48,3.8918202981106265,3.5553480614894135,11.186058945374214,6.97914527506881,6.56244409369372,3.044522437723423,5.147494476813453,4.189654742026425,4.110873864173311,3.9318256327243257
4328,1986,2n Cycle,In a relationship,21955.0,1,0,2013-09-07,81,5,1,7,17,14,11,2,2,1,3,6,0,0,0,0,0,0,3,11,0,2013,9,7,1,1,55,39,3.6888794541139363,4.406719247264253,9.99679572966978,4.02535169073515,1.791759469228055,0.6931471805599453,2.0794415416798357,2.8903717578961645,2.70805020110221,2.4849066497880004
9167,1956,Graduation,In a relationship,67131.0,0,1,2013-03-26,72,465,71,250,93,35,62,3,9,2,12,6,0,0,0,0,0,0,3,11,0,2013,3,26,1,1,976,69,4.248495242049359,4.290459441148391,11.11441610942807,6.884486652042782,6.144185634125646,4.276666119016055,5.5254529391317835,4.543294782270004,3.58351893845611,4.143134726391533
10560,1980,PhD,Single,36802.0,1,0,2014-06-16,23,16,1,2,0,0,1,1,1,0,3,5,0,0,0,0,0,0,3,11,0,2014,6,16,1,1,20,45,3.828641396489095,3.1780538303479458,10.513334642573437,3.044522437723423,2.833213344056216,0.6931471805599453,1.0986122886681096,0.0,0.0,0.6931471805599453
2631,1982,Graduation,In a relationship,71853.0,0,0,2013-05-08,29,358,108,413,141,97,32,1,2,8,6,1,0,0,0,0,0,0,3,11,0,2013,5,8,0,0,1149,43,3.784189633918261,3.4011973816621555,11.182391561495495,7.047517221357296,5.883322388488279,4.6913478822291435,6.025865973825314,4.955827057601261,4.584967478670572,3.4965075614664802
8312,1961,Basic,In a relationship,28249.0,0,0,2014-06-15,80,1,9,7,2,14,10,1,2,0,3,6,0,0,0,0,0,0,3,11,0,2014,6,15,0,0,43,64,4.174387269895637,4.394449154672439,10.248848736574587,3.784189633918261,0.6931471805599453,2.302585092994046,2.0794415416798357,1.0986122886681096,2.70805020110221,2.3978952727983707
5534,1975,Master,In a relationship,47808.0,0,1,2013-10-20,30,123,1,26,2,0,72,2,3,2,3,7,1,0,0,0,0,0,3,11,0,2013,10,20,1,1,224,50,3.9318256327243257,3.4339872044851463,10.77496918527507,5.41610040220442,4.820281565605037,0.6931471805599453,3.295836866004329,1.0986122886681096,0.0,4.290459441148391
5093,1974,PhD,Single,25509.0,1,0,2012-09-18,15,40,3,30,10,7,11,3,3,0,3,9,0,0,0,0,0,0,3,11,1,2012,9,18,1,1,101,51,3.9512437185814275,2.772588722239781,10.146825811135857,4.624972813284271,3.713572066704308,1.3862943611198906,3.4339872044851463,2.3978952727983707,2.0794415416798357,2.4849066497880004
7592,1946,PhD,In a relationship,51012.0,0,0,2013-04-18,86,102,9,63,2,9,24,1,4,1,4,6,0,0,0,0,0,0,3,11,0,2013,4,18,0,0,209,79,4.382026634673881,4.465908118654584,10.839835781185261,5.3471075307174685,4.634728988229636,2.302585092994046,4.1588830833596715,1.0986122886681096,2.302585092994046,3.2188758248682006
8895,1985,Graduation,Single,70596.0,0,0,2012-10-05,68,347,44,534,17,0,26,1,3,5,12,2,0,0,0,0,0,0,3,11,0,2012,10,5,0,0,968,40,3.713572066704308,4.23410650459726,11.164742929660637,6.876264611890766,5.8522024797744745,3.8066624897703196,6.282266746896006,2.8903717578961645,0.0,3.295836866004329
8584,1952,PhD,In a relationship,85431.0,0,0,2013-06-08,54,376,53,462,168,53,53,1,2,7,7,0,0,0,0,0,0,0,3,11,0,2013,6,8,0,0,1165,73,4.304065093204169,4.007333185232471,11.355476016851382,7.061334366910438,5.932245187448011,3.9889840465642745,6.137727054086234,5.1298987149230735,3.9889840465642745,3.9889840465642745
2694,1967,Graduation,In a relationship,42664.0,0,1,2014-03-18,44,21,0,3,0,0,0,1,1,0,3,6,0,0,0,0,0,0,3,11,0,2014,3,18,1,1,24,58,4.07753744390572,3.8066624897703196,10.661134190970685,3.2188758248682006,3.091042453358316,0.0,1.3862943611198906,0.0,0.0,0.0
8910,1955,Graduation,In a relationship,42586.0,1,1,2012-10-29,7,194,2,56,0,0,0,5,4,1,6,8,0,0,0,0,0,0,3,11,1,2012,10,29,2,1,252,70,4.2626798770413155,2.0794415416798357,10.659304321366108,5.53338948872752,5.272999558563747,1.0986122886681096,4.04305126783455,0.0,0.0,0.0
7433,1985,Graduation,Single,29760.0,1,0,2012-08-29,87,64,4,68,7,5,17,4,3,1,4,8,0,0,0,0,0,0,3,11,0,2012,8,29,1,1,165,40,3.713572066704308,4.477336814478207,10.300954090533025,5.111987788356544,4.174387269895637,1.6094379124341003,4.23410650459726,2.0794415416798357,1.791759469228055,2.8903717578961645
164,1977,PhD,In a relationship,28973.0,0,0,2012-10-13,59,206,0,46,3,2,12,2,5,1,5,8,0,0,0,0,0,0,3,11,0,2012,10,13,0,0,269,48,3.8918202981106265,4.0943445622221,10.274154155101597,5.598421958998375,5.332718793265369,0.0,3.8501476017100584,1.3862943611198906,1.0986122886681096,2.5649493574615367
10477,1973,PhD,In a relationship,39435.0,1,0,2013-08-06,16,71,0,18,0,0,13,1,3,1,2,7,0,0,0,0,0,0,3,11,0,2013,8,6,1,1,102,52,3.970291913552122,2.833213344056216,10.582434383694931,4.634728988229636,4.276666119016055,0.0,2.9444389791664403,0.0,0.0,2.639057329615259
2681,1984,2n Cycle,In a relationship,65370.0,0,0,2013-08-01,1,71,22,112,138,89,29,1,2,3,13,1,0,0,0,0,0,0,3,11,0,2013,8,1,0,0,461,41,3.7376696182833684,0.6931471805599453,11.087834014026866,6.135564891081739,4.276666119016055,3.1354942159291497,4.727387818712341,4.9344739331306915,4.499809670330265,3.4011973816621555
5150,1979,Basic,Single,20194.0,1,0,2012-12-17,64,0,4,7,11,10,15,2,2,0,3,6,0,0,0,0,0,0,3,11,0,2012,12,17,1,1,47,46,3.8501476017100584,4.174387269895637,9.913190327997514,3.8712010109078907,0.0,1.6094379124341003,2.0794415416798357,2.4849066497880004,2.3978952727983707,2.772588722239781
5283,1976,PhD,Single,42473.0,1,1,2014-02-17,72,93,1,21,0,4,25,3,2,1,4,5,0,0,0,0,0,0,3,11,0,2014,2,17,2,1,144,49,3.912023005428146,4.290459441148391,10.656647403002244,4.976733742420574,4.543294782270004,0.6931471805599453,3.091042453358316,0.0,1.6094379124341003,3.258096538021482
9645,1968,Graduation,In a relationship,64590.0,0,0,2012-10-14,98,920,138,168,36,46,30,1,9,4,10,6,0,0,0,0,0,0,3,11,0,2012,10,14,0,0,1338,57,4.060443010546419,4.59511985013459,11.075830361179467,7.199678345691172,6.825460036255307,4.9344739331306915,5.1298987149230735,3.6109179126442243,3.8501476017100584,3.4339872044851463
10678,1959,Graduation,In a relationship,71232.0,0,1,2013-11-28,91,653,17,170,34,26,17,2,11,2,10,7,0,0,0,0,0,0,3,11,0,2013,11,28,1,1,917,66,4.204692619390966,4.5217885770490405,11.173711473170998,6.822197390620491,6.483107351457199,2.8903717578961645,5.14166355650266,3.5553480614894135,3.295836866004329,2.8903717578961645
7261,1971,Graduation,In a relationship,34600.0,1,1,2013-01-01,8,199,33,60,8,3,15,5,5,2,5,8,0,0,0,0,0,0,3,11,1,2013,1,1,2,1,318,54,4.007333185232471,2.1972245773362196,10.451637862362272,5.765191102784844,5.298317366548036,3.5263605246161616,4.110873864173311,2.1972245773362196,1.3862943611198906,2.772588722239781
9648,1967,Graduation,Single,46904.0,1,1,2012-11-03,20,153,4,56,0,9,31,4,5,1,4,8,0,0,0,0,0,0,3,11,0,2012,11,3,2,1,253,58,4.07753744390572,3.044522437723423,10.755879558560052,5.537334267018537,5.0369526024136295,1.6094379124341003,4.04305126783455,0.0,2.302585092994046,3.4657359027997265
2870,1973,Graduation,In a relationship,49094.0,0,1,2012-09-21,6,376,0,38,11,8,69,5,6,3,6,6,0,0,0,0,0,0,3,11,0,2012,9,21,1,1,502,52,3.970291913552122,1.9459101490553132,10.80151247560339,6.220590170099739,5.932245187448011,0.0,3.6635616461296463,2.4849066497880004,2.1972245773362196,4.248495242049359
8008,1983,Graduation,In a relationship,36075.0,1,0,2013-12-09,54,46,0,30,12,1,30,1,2,0,4,6,0,0,0,0,0,0,3,11,0,2013,12,9,1,1,119,42,3.7612001156935624,4.007333185232471,10.493383103285598,4.787491742782046,3.8501476017100584,0.0,3.4339872044851463,2.5649493574615367,0.6931471805599453,3.4339872044851463
1513,1979,2n Cycle,In a relationship,60839.0,1,1,2012-08-28,72,600,21,128,223,150,128,13,2,2,12,8,0,0,0,0,0,0,3,11,0,2012,8,28,2,1,1250,46,3.8501476017100584,4.290459441148391,11.016002746373228,7.1316985104669115,6.398594934535208,3.091042453358316,4.859812404361672,5.4116460518550396,5.017279836814924,4.859812404361672
6173,1979,Graduation,In a relationship,77298.0,0,1,2013-11-02,46,425,115,292,23,35,79,1,6,6,11,3,0,0,0,0,0,0,3,11,0,2013,11,2,1,1,969,46,3.8501476017100584,3.8501476017100584,11.255436297881227,6.877296071497429,6.054439346269371,4.7535901911063645,5.680172609017068,3.1780538303479458,3.58351893845611,4.382026634673881
1419,1950,Graduation,In a relationship,34026.0,1,1,2013-08-05,11,18,6,15,12,8,17,3,2,1,3,5,0,0,0,0,0,0,3,11,0,2013,8,5,2,1,76,75,4.330733340286331,2.4849066497880004,10.434909606100769,4.343805421853684,2.9444389791664403,1.9459101490553132,2.772588722239781,2.5649493574615367,2.1972245773362196,2.8903717578961645
9150,1963,PhD,Single,48918.0,1,1,2014-04-12,21,52,0,9,0,0,1,2,1,0,4,4,0,0,0,0,0,0,3,11,0,2014,4,12,2,1,62,62,4.143134726391533,3.091042453358316,10.797921148054973,4.143134726391533,3.970291913552122,0.0,2.302585092994046,0.0,0.0,0.6931471805599453
7960,1962,2n Cycle,In a relationship,82122.0,0,0,2013-08-15,89,734,22,350,151,25,100,1,3,9,13,1,0,0,1,0,0,0,3,11,0,2013,8,15,0,0,1382,63,4.1588830833596715,4.499809670330265,11.315973402370126,7.232010331664759,6.5998704992128365,3.1354942159291497,5.860786223465865,5.0238805208462765,3.258096538021482,4.61512051684126
1250,1976,Graduation,Single,37697.0,1,0,2014-02-07,82,34,6,21,11,4,8,1,2,1,3,6,0,0,0,0,0,0,3,11,0,2014,2,7,1,1,84,49,3.912023005428146,4.418840607796598,10.537362321631003,4.442651256490317,3.5553480614894135,1.9459101490553132,3.091042453358316,2.4849066497880004,1.6094379124341003,2.1972245773362196
9905,1952,Graduation,In a relationship,34074.0,1,1,2013-07-13,69,135,1,41,10,1,67,5,3,3,3,6,1,0,0,0,0,0,3,11,0,2013,7,13,2,1,255,73,4.304065093204169,4.248495242049359,10.436319256564733,5.545177444479562,4.912654885736052,0.6931471805599453,3.7376696182833684,2.3978952727983707,0.6931471805599453,4.219507705176107
10691,1960,Master,In a relationship,28520.0,1,1,2013-06-14,55,11,0,10,0,2,20,1,1,1,2,6,0,0,0,0,0,0,3,11,0,2013,6,14,2,1,43,65,4.189654742026425,4.02535169073515,10.25839593702714,3.784189633918261,2.4849066497880004,0.0,2.3978952727983707,0.0,1.0986122886681096,3.044522437723423
7002,1955,Graduation,Single,62535.0,0,1,2013-10-03,13,163,48,90,0,45,52,1,3,2,8,3,0,0,0,0,0,0,3,11,0,2013,10,3,1,1,398,70,4.2626798770413155,2.639057329615259,11.043497669900166,5.988961416889864,5.099866427824199,3.8918202981106265,4.51085950651685,0.0,3.828641396489095,3.970291913552122
2952,1977,Master,Single,36273.0,1,0,2014-04-16,80,29,3,30,3,2,9,2,3,0,3,6,0,0,0,0,0,0,3,11,0,2014,4,16,1,1,76,48,3.8918202981106265,4.394449154672439,10.498856510177369,4.343805421853684,3.4011973816621555,1.3862943611198906,3.4339872044851463,1.3862943611198906,1.0986122886681096,2.302585092994046
8439,1964,Graduation,In a relationship,63404.0,0,2,2014-06-06,97,734,26,70,11,44,17,2,6,3,4,4,0,0,0,1,0,0,3,11,0,2014,6,6,2,1,902,61,4.127134385045092,4.584967478670572,11.057298001669,6.805722553416985,6.5998704992128365,3.295836866004329,4.2626798770413155,2.4849066497880004,3.8066624897703196,2.8903717578961645
762,1981,2n Cycle,In a relationship,75774.0,1,0,2014-05-02,27,340,21,134,258,14,56,1,7,5,8,4,0,0,0,0,0,0,3,11,0,2014,5,2,1,1,823,44,3.8066624897703196,3.332204510175204,11.235523701926004,6.714170529909472,5.831882477283517,3.091042453358316,4.90527477843843,5.556828061699537,2.70805020110221,4.04305126783455
2831,1976,Graduation,In a relationship,78416.0,0,1,2014-06-27,99,453,38,279,188,38,183,2,7,7,10,3,0,0,0,0,0,0,3,11,0,2014,6,27,1,1,1179,49,3.912023005428146,4.605170185988092,11.269796019567506,7.07326971745971,6.118097198041348,3.6635616461296463,5.634789603169249,5.241747015059643,3.6635616461296463,5.214935757608986
6977,1974,Graduation,In a relationship,75702.0,0,1,2012-10-14,87,1073,0,629,145,37,37,1,10,5,13,6,0,0,1,0,0,0,3,11,0,2012,10,14,1,1,1921,51,3.9512437185814275,4.477336814478207,11.234573068759179,7.561121589530238,6.97914527506881,0.0,6.4457198193855785,4.983606621708336,3.6375861597263857,3.6375861597263857
6289,1951,Master,In a relationship,59385.0,1,1,2013-04-28,85,135,0,10,0,4,36,2,3,1,4,5,0,0,0,0,0,0,3,11,0,2013,4,28,2,1,185,74,4.31748811353631,4.454347296253507,10.991813787335737,5.225746673713202,4.912654885736052,0.0,2.3978952727983707,0.0,1.6094379124341003,3.6109179126442243
4168,1966,Graduation,Single,37070.0,1,1,2013-03-20,30,231,7,137,4,15,39,9,5,1,8,7,0,0,0,0,0,0,3,11,1,2013,3,20,2,1,433,59,4.0943445622221,3.4339872044851463,10.520590271772301,6.073044534100405,5.44673737166631,2.0794415416798357,4.927253685157205,1.6094379124341003,2.772588722239781,3.6888794541139363
8397,1951,Graduation,In a relationship,44689.0,1,1,2014-01-10,82,18,0,5,0,0,11,2,1,1,2,7,1,0,0,0,0,0,3,11,0,2014,1,10,2,1,34,74,4.31748811353631,4.418840607796598,10.707505041927497,3.5553480614894135,2.9444389791664403,0.0,1.791759469228055,0.0,0.0,2.4849066497880004
9284,1958,Graduation,In a relationship,53977.0,0,1,2013-06-08,21,620,16,165,0,24,82,5,5,5,12,5,0,0,0,0,0,0,3,11,0,2013,6,8,1,1,907,67,4.219507705176107,3.091042453358316,10.896331835126059,6.811244378601294,6.431331081933479,2.833213344056216,5.111987788356544,0.0,3.2188758248682006,4.418840607796598
3130,1964,Graduation,Single,18701.0,1,1,2013-06-04,95,12,4,2,10,6,10,4,2,0,4,5,0,0,0,0,0,0,3,11,0,2013,6,4,2,1,44,61,4.127134385045092,4.564348191467836,9.836385748995392,3.8066624897703196,2.5649493574615367,1.6094379124341003,1.0986122886681096,2.3978952727983707,1.9459101490553132,2.3978952727983707
1619,1956,Graduation,In a relationship,90369.0,0,0,2014-04-28,2,292,51,981,224,23,17,1,4,6,6,1,0,0,0,0,0,0,3,11,1,2014,4,28,0,0,1588,69,4.248495242049359,1.0986122886681096,11.411667632896002,7.370860166536716,5.680172609017068,3.9512437185814275,6.889591308354466,5.41610040220442,3.1780538303479458,2.8903717578961645
1990,1974,PhD,Single,63159.0,0,0,2012-11-05,74,965,34,586,89,86,37,1,3,5,8,3,1,0,0,0,0,0,3,11,0,2012,11,5,0,0,1797,51,3.9512437185814275,4.31748811353631,11.053426468369578,7.494430215031565,6.873163834212518,3.5553480614894135,6.375024819828097,4.499809670330265,4.465908118654584,3.6375861597263857
5513,1966,Graduation,In a relationship,37758.0,1,1,2012-10-04,49,27,2,10,0,0,1,2,1,0,3,8,0,0,0,0,0,0,3,11,0,2012,10,4,2,1,40,59,4.0943445622221,3.912023005428146,10.538979136857908,3.713572066704308,3.332204510175204,1.0986122886681096,2.3978952727983707,0.0,0.0,0.6931471805599453
269,1963,PhD,Single,46757.0,0,1,2012-11-16,71,777,30,163,0,51,122,6,4,4,7,9,0,0,0,0,0,0,3,11,0,2012,11,16,1,1,1143,62,4.143134726391533,4.276666119016055,10.752740643071617,7.042286171939743,6.656726524178391,3.4339872044851463,5.099866427824199,0.0,3.9512437185814275,4.812184355372417
8093,1969,Master,In a relationship,79734.0,0,0,2014-06-28,72,572,8,232,23,62,17,1,4,3,6,1,0,0,0,1,0,0,3,11,0,2014,6,28,0,0,914,56,4.04305126783455,4.290459441148391,11.286463915182072,6.818924065275521,6.35088571671474,2.1972245773362196,5.4510384535657,3.1780538303479458,4.143134726391533,2.8903717578961645
10513,1992,Graduation,In a relationship,63207.0,0,0,2013-01-20,68,438,169,565,91,169,70,1,2,3,6,7,0,0,0,1,0,0,3,11,0,2013,1,20,0,0,1502,33,3.5263605246161616,4.23410650459726,11.054186154402569,7.315218389752975,6.0844994130751715,5.135798437050262,6.338594078203183,4.5217885770490405,5.135798437050262,4.2626798770413155
10177,1954,Graduation,Single,72071.0,0,1,2013-02-14,4,531,69,300,150,138,150,3,5,4,8,2,0,0,0,0,0,0,3,11,0,2013,2,14,1,1,1338,71,4.276666119016055,1.6094379124341003,11.185420898331277,7.199678345691172,6.2766434893416445,4.248495242049359,5.707110264748875,5.017279836814924,4.9344739331306915,5.017279836814924
2549,1983,PhD,In a relationship,21840.0,1,0,2013-07-21,80,17,0,9,0,0,1,1,1,0,3,9,0,0,0,0,0,0,3,11,0,2013,7,21,1,1,27,42,3.7612001156935624,4.394449154672439,9.991544216356411,3.332204510175204,2.8903717578961645,0.0,2.302585092994046,0.0,0.0,0.6931471805599453
5782,1982,2n Cycle,In a relationship,58582.0,0,1,2013-09-28,15,402,35,106,101,77,42,2,9,2,9,5,0,1,0,0,0,0,3,11,0,2013,9,28,1,1,763,43,3.784189633918261,2.772588722239781,10.978199831088187,6.638567789166521,5.998936561946683,3.58351893845611,4.672828834461906,4.624972813284271,4.356708826689592,3.7612001156935624
10057,1951,Graduation,Single,72282.0,0,0,2013-07-19,70,503,27,419,90,139,153,1,5,7,9,7,0,0,0,0,0,0,3,11,1,2013,7,19,0,0,1331,74,4.31748811353631,4.2626798770413155,11.188344249102178,7.194436851100335,6.222576268071369,3.332204510175204,6.040254711277414,4.51085950651685,4.941642422609304,5.0369526024136295
10307,1956,Graduation,In a relationship,50387.0,0,2,2013-08-31,91,369,9,87,12,14,34,3,6,2,8,5,0,0,0,0,0,0,3,11,0,2013,8,31,2,1,525,69,4.248495242049359,4.5217885770490405,10.827508330472194,6.26530121273771,5.91350300563827,2.302585092994046,4.477336814478207,2.5649493574615367,2.70805020110221,3.5553480614894135
8566,1961,PhD,In a relationship,32583.0,1,1,2014-06-15,10,5,0,3,0,0,1,1,1,0,2,7,0,0,0,0,0,0,3,11,0,2014,6,15,2,1,9,64,4.174387269895637,2.3978952727983707,10.391576649328249,2.302585092994046,1.791759469228055,0.0,1.3862943611198906,0.0,0.0,0.6931471805599453
2415,1962,Graduation,In a relationship,62568.0,0,1,2014-04-07,99,362,17,398,80,35,61,3,5,3,5,4,0,0,0,1,0,0,3,11,0,2014,4,7,1,1,953,63,4.1588830833596715,4.605170185988092,11.044025226764646,6.860663671448287,5.8944028342648505,2.8903717578961645,5.988961416889864,4.394449154672439,3.58351893845611,4.127134385045092
5684,1971,Master,Single,44635.0,1,1,2013-10-11,25,56,0,9,0,0,3,2,2,0,3,7,0,0,0,0,0,0,3,11,0,2013,10,11,2,1,68,54,4.007333185232471,3.258096538021482,10.706295987305591,4.23410650459726,4.04305126783455,0.0,2.302585092994046,0.0,0.0,1.3862943611198906
8334,1971,Master,Single,33316.0,1,1,2013-10-04,34,79,1,31,4,4,12,3,2,1,4,6,0,0,0,0,0,0,3,11,0,2013,10,4,2,1,131,54,4.007333185232471,3.5553480614894135,10.413823056212888,4.882801922586371,4.382026634673881,0.6931471805599453,3.4657359027997265,1.6094379124341003,1.6094379124341003,2.5649493574615367
9166,1968,Graduation,In a relationship,63967.0,0,1,2013-08-09,57,387,84,141,73,35,162,3,4,4,12,2,0,0,0,0,0,0,3,11,0,2013,8,9,1,1,882,57,4.060443010546419,4.060443010546419,11.066138237300127,6.78332520060396,5.961005339623274,4.442651256490317,4.955827057601261,4.304065093204169,3.58351893845611,5.093750200806762
1440,1978,2n Cycle,In a relationship,52513.0,0,0,2012-09-04,84,367,17,241,104,188,232,2,9,5,9,7,0,0,0,0,0,0,3,11,0,2012,9,4,0,0,1149,47,3.8712010109078907,4.442651256490317,10.868835079697146,7.047517221357296,5.908082938168931,2.8903717578961645,5.488937726156687,4.653960350157523,5.241747015059643,5.4510384535657
78,1969,Graduation,In a relationship,25293.0,1,0,2013-09-15,51,15,0,11,0,2,9,1,1,1,2,8,0,0,0,0,0,0,3,11,0,2013,9,15,1,1,37,56,4.04305126783455,3.9512437185814275,10.138322492439922,3.6375861597263857,2.772588722239781,0.0,2.4849066497880004,0.0,1.0986122886681096,2.302585092994046
5441,1965,PhD,Single,54111.0,0,1,2013-08-25,97,267,6,54,8,3,50,2,5,2,6,5,0,0,0,0,0,0,3,11,0,2013,8,25,1,1,388,60,4.110873864173311,4.584967478670572,10.898811251698307,5.963579343618446,5.5909869805108565,1.9459101490553132,4.007333185232471,2.1972245773362196,1.3862943611198906,3.9318256327243257
5302,1986,Graduation,In a relationship,78394.0,0,0,2013-02-15,13,298,27,697,216,24,166,1,4,6,5,2,0,0,0,0,0,0,3,11,1,2013,2,15,0,0,1428,39,3.6888794541139363,2.639057329615259,11.26951542879455,7.264730177929867,5.700443573390686,3.332204510175204,6.548219102762372,5.37989735354046,3.2188758248682006,5.117993812416755
4687,1958,Master,In a relationship,80739.0,0,0,2013-05-23,92,674,92,736,39,0,92,1,3,11,9,1,0,0,0,0,0,0,3,11,0,2013,5,23,0,0,1633,67,4.219507705176107,4.532599493153256,11.298989394406933,7.3987862754199485,6.51471269087253,4.532599493153256,6.602587892189336,3.6888794541139363,0.0,4.532599493153256
1087,1975,Master,In a relationship,22669.0,1,0,2013-05-22,30,16,14,36,37,22,48,3,4,1,2,9,0,0,0,0,0,0,3,11,1,2013,5,22,1,1,173,50,3.9318256327243257,3.4339872044851463,10.028797743501574,5.159055299214529,2.833213344056216,2.70805020110221,3.6109179126442243,3.6375861597263857,3.1354942159291497,3.8918202981106265
6859,1987,Graduation,Single,29236.0,1,0,2013-10-08,30,37,4,24,16,9,9,2,4,0,3,9,0,0,0,0,0,0,3,11,0,2013,10,8,1,1,99,38,3.6635616461296463,3.4339872044851463,10.283190309420853,4.605170185988092,3.6375861597263857,1.6094379124341003,3.2188758248682006,2.833213344056216,2.302585092994046,2.302585092994046
9860,1959,Graduation,In a relationship,44911.0,0,1,2013-03-15,11,159,0,22,2,1,31,3,4,1,4,7,0,0,0,0,0,0,3,11,0,2013,3,15,1,1,215,66,4.204692619390966,2.4849066497880004,10.712460298601664,5.375278407684165,5.075173815233827,0.0,3.1354942159291497,1.0986122886681096,0.6931471805599453,3.4657359027997265
7129,1962,PhD,In a relationship,54693.0,0,1,2013-02-17,72,686,17,142,23,26,35,8,6,4,13,6,0,0,0,0,0,0,3,11,0,2013,2,17,1,1,929,63,4.1588830833596715,4.290459441148391,10.909509293179877,6.835184586147301,6.532334292222349,2.8903717578961645,4.962844630259907,3.1780538303479458,3.295836866004329,3.58351893845611
5866,1974,Graduation,In a relationship,48186.0,1,0,2014-03-20,39,97,3,66,12,7,34,3,4,1,4,7,0,0,0,0,0,0,3,11,0,2014,3,20,1,1,219,51,3.9512437185814275,3.6888794541139363,10.782844554116963,5.393627546352361,4.584967478670572,1.3862943611198906,4.204692619390966,2.5649493574615367,2.0794415416798357,3.5553480614894135
10521,1977,Graduation,In a relationship,54809.0,1,1,2013-09-11,0,63,6,57,13,13,22,4,2,1,5,4,0,0,0,0,0,0,3,11,1,2013,9,11,2,1,174,48,3.8918202981106265,0.0,10.911627938040162,5.1647859739235145,4.1588830833596715,1.9459101490553132,4.060443010546419,2.639057329615259,2.639057329615259,3.1354942159291497
7393,1978,Graduation,In a relationship,41580.0,1,1,2012-12-10,15,56,5,24,4,0,3,3,2,1,3,5,0,0,0,0,0,0,3,11,0,2012,12,10,2,1,92,47,3.8712010109078907,2.772588722239781,10.635398611146856,4.532599493153256,4.04305126783455,1.791759469228055,3.2188758248682006,1.6094379124341003,0.0,1.3862943611198906
7849,1970,PhD,In a relationship,80336.0,0,0,2013-09-09,12,209,19,456,160,142,66,1,2,9,13,1,0,0,0,0,0,0,3,11,0,2013,9,9,0,0,1052,55,4.02535169073515,2.5649493574615367,11.293985565916593,6.959398512133975,5.3471075307174685,2.995732273553991,6.124683390894205,5.081404364984463,4.962844630259907,4.204692619390966
332,1957,Graduation,In a relationship,47743.0,0,1,2013-03-22,56,198,2,43,0,12,20,3,4,1,6,6,0,1,0,0,0,0,3,11,0,2013,3,22,1,1,275,68,4.23410650459726,4.04305126783455,10.773608683563433,5.62040086571715,5.293304824724492,1.0986122886681096,3.784189633918261,0.0,2.5649493574615367,3.044522437723423
9847,1955,2n Cycle,In a relationship,62972.0,0,1,2012-08-03,39,313,15,47,20,0,192,2,7,4,3,6,0,0,0,0,0,0,3,11,0,2012,8,3,1,1,587,70,4.2626798770413155,3.6888794541139363,11.050461342082116,6.376726947898627,5.749392985908253,2.772588722239781,3.8712010109078907,3.044522437723423,0.0,5.262690188904886
531,1954,PhD,Single,57333.0,0,1,2012-09-22,55,941,14,397,76,58,176,11,8,5,9,6,0,0,0,0,0,0,3,11,1,2012,9,22,1,1,1662,71,4.276666119016055,4.02535169073515,10.956649094966853,7.416378479192928,6.848005274576363,2.70805020110221,5.986452005284438,4.343805421853684,4.07753744390572,5.176149732573829
9576,1982,PhD,In a relationship,32313.0,1,0,2013-02-11,60,86,4,56,2,4,7,3,4,0,4,9,0,0,0,0,0,0,3,11,0,2013,2,11,1,1,159,43,3.784189633918261,4.110873864173311,10.383255851836775,5.075173815233827,4.465908118654584,1.6094379124341003,4.04305126783455,1.0986122886681096,1.6094379124341003,2.0794415416798357
6906,1953,Master,Single,84953.0,0,0,2013-06-03,73,167,48,602,63,72,72,1,3,10,4,2,0,1,1,1,0,0,3,11,1,2013,6,3,0,0,1024,72,4.290459441148391,4.304065093204169,11.349865212513025,6.932447891572509,5.123963979403259,3.8918202981106265,6.401917196727186,4.1588830833596715,4.290459441148391,4.290459441148391
7419,1968,Master,Single,27071.0,1,0,2014-04-23,90,8,3,19,0,2,3,2,2,0,3,6,0,0,0,0,0,0,3,11,0,2014,4,23,1,1,35,57,4.060443010546419,4.51085950651685,10.20625526240595,3.58351893845611,2.1972245773362196,1.3862943611198906,2.995732273553991,0.0,1.0986122886681096,1.3862943611198906
3170,1957,Master,In a relationship,68148.0,0,0,2013-08-31,86,389,66,408,37,57,85,1,4,4,6,2,0,0,0,0,0,0,3,11,0,2013,8,31,0,0,1042,68,4.23410650459726,4.465908118654584,11.129451763502715,6.949856455000773,5.966146739123692,4.204692619390966,6.013715156042802,3.6375861597263857,4.060443010546419,4.454347296253507
8527,1965,Master,In a relationship,65735.0,1,1,2013-12-07,37,239,7,119,4,15,11,5,6,2,6,7,0,0,0,0,0,0,3,11,0,2013,12,7,2,1,395,60,4.110873864173311,3.6375861597263857,11.093401999611023,5.981414211254481,5.480638923341991,2.0794415416798357,4.787491742782046,1.6094379124341003,2.772588722239781,2.4849066497880004
7872,1975,PhD,In a relationship,86836.0,0,0,2012-09-12,7,179,21,273,0,21,63,1,6,10,6,5,1,0,1,1,0,0,3,11,1,2012,9,12,0,0,557,50,3.9318256327243257,2.0794415416798357,11.37178807710346,6.324358962381311,5.19295685089021,3.091042453358316,5.6131281063880705,0.0,3.091042453358316,4.1588830833596715
9931,1963,PhD,In a relationship,4023.0,1,1,2014-06-23,29,5,0,1,1,1,1,15,0,0,0,19,0,0,0,0,0,0,3,11,0,2014,6,23,2,1,9,62,4.143134726391533,3.4011973816621555,8.300031711779575,2.302585092994046,1.791759469228055,0.0,0.6931471805599453,0.6931471805599453,0.6931471805599453,0.6931471805599453
10595,1990,Graduation,In a relationship,30093.0,0,0,2013-07-08,19,2,6,28,13,4,16,1,2,0,3,7,0,0,0,0,0,0,3,11,0,2013,7,8,0,0,69,35,3.58351893845611,2.995732273553991,10.312081095318824,4.248495242049359,1.0986122886681096,1.9459101490553132,3.367295829986474,2.639057329615259,1.6094379124341003,2.833213344056216
4609,1966,PhD,In a relationship,57705.0,0,1,2014-01-11,14,383,0,53,6,4,40,3,8,1,6,6,0,0,0,0,0,0,3,11,0,2014,1,11,1,1,486,59,4.0943445622221,2.70805020110221,10.96311643322519,6.18826412308259,5.950642552587727,0.0,3.9889840465642745,1.9459101490553132,1.6094379124341003,3.713572066704308
5010,1988,Graduation,Single,25008.0,1,0,2014-02-02,72,2,8,8,6,1,9,2,1,0,3,8,0,0,0,0,0,0,3,11,0,2014,2,2,1,1,34,37,3.6375861597263857,4.290459441148391,10.126991039065885,3.5553480614894135,1.0986122886681096,2.1972245773362196,2.1972245773362196,1.9459101490553132,0.6931471805599453,2.302585092994046
4427,1995,2n Cycle,Single,83257.0,0,0,2012-09-18,56,536,27,590,38,107,67,1,5,10,12,6,1,0,1,0,0,1,3,11,1,2012,9,18,0,0,1365,30,3.4339872044851463,4.04305126783455,11.329699499321853,7.2196420401307355,6.285998094508865,3.332204510175204,6.3818160174060985,3.6635616461296463,4.68213122712422,4.219507705176107
11148,1975,Graduation,In a relationship,22280.0,1,0,2013-05-19,85,2,1,4,3,1,2,1,1,0,2,8,0,0,0,0,0,0,3,11,0,2013,5,19,1,1,13,50,3.9318256327243257,4.454347296253507,10.011489576337405,2.639057329615259,1.0986122886681096,0.6931471805599453,1.6094379124341003,1.3862943611198906,0.6931471805599453,1.0986122886681096
1168,1978,PhD,In a relationship,72159.0,0,0,2012-10-29,62,322,53,899,34,40,53,1,4,6,10,2,0,0,0,0,0,0,3,11,0,2012,10,29,0,0,1401,47,3.8712010109078907,4.143134726391533,11.186641154736506,7.2456550675945355,5.777652323222656,3.9889840465642745,6.802394763324311,3.5553480614894135,3.713572066704308,3.9889840465642745
9595,1961,Graduation,In a relationship,64260.0,0,0,2013-01-11,1,539,169,816,20,0,30,1,4,5,4,3,0,0,0,0,0,0,3,11,1,2013,1,11,0,0,1574,64,4.174387269895637,0.6931471805599453,11.070708194329034,7.362010551259734,6.29156913955832,5.135798437050262,6.705639094860003,3.044522437723423,0.0,3.4339872044851463
10163,1984,PhD,Single,82733.0,0,0,2013-09-10,28,712,50,420,65,38,38,1,8,4,7,4,0,0,0,0,0,0,3,11,1,2013,9,10,0,0,1323,41,3.7376696182833684,3.367295829986474,11.323385921069796,7.188412736496954,6.569481420414296,3.9318256327243257,6.042632833682381,4.189654742026425,3.6635616461296463,3.6635616461296463
2886,1971,Master,Single,74290.0,0,1,2013-08-12,70,1121,0,72,0,12,12,4,10,8,10,6,0,1,0,1,0,0,3,11,0,2013,8,12,1,1,1217,54,4.007333185232471,4.2626798770413155,11.215745092817135,7.1049654482698426,7.022868086082641,0.0,4.290459441148391,0.0,2.5649493574615367,2.5649493574615367
6710,1951,Master,Single,58217.0,2,1,2012-11-17,84,68,1,13,3,5,13,1,2,0,4,6,0,0,0,0,0,0,3,11,0,2012,11,17,3,1,103,74,4.31748811353631,4.442651256490317,10.971949864253354,4.6443908991413725,4.23410650459726,0.6931471805599453,2.639057329615259,1.3862943611198906,1.791759469228055,2.639057329615259
5316,1976,Master,In a relationship,21024.0,0,0,2013-07-04,89,36,4,18,6,2,18,1,2,0,4,7,0,0,0,0,0,0,3,11,0,2013,7,4,0,0,84,49,3.912023005428146,4.499809670330265,9.953467484841148,4.442651256490317,3.6109179126442243,1.6094379124341003,2.9444389791664403,1.9459101490553132,1.0986122886681096,2.9444389791664403
9029,1972,PhD,In a relationship,70116.0,0,0,2013-01-26,73,707,44,603,95,58,29,1,2,8,12,1,0,0,0,0,0,0,3,11,0,2013,1,26,0,0,1536,53,3.9889840465642745,4.304065093204169,11.157920554320716,7.337587743538596,6.56244409369372,3.8066624897703196,6.403574197934815,4.564348191467836,4.07753744390572,3.4011973816621555
521,1985,Graduation,In a relationship,54006.0,1,0,2012-09-18,42,174,77,203,6,24,97,2,8,1,7,7,0,0,0,0,0,0,3,11,0,2012,9,18,1,1,581,40,3.713572066704308,3.7612001156935624,10.896868946774847,6.366470447731438,5.1647859739235145,4.356708826689592,5.318119993844216,1.9459101490553132,3.2188758248682006,4.584967478670572
1459,1966,PhD,In a relationship,69063.0,0,1,2012-11-07,16,666,35,124,69,8,26,1,5,3,5,3,0,0,0,0,0,0,3,11,0,2012,11,7,1,1,928,59,4.0943445622221,2.833213344056216,11.142788889915359,6.834108738813838,6.502790045915623,3.58351893845611,4.8283137373023015,4.248495242049359,2.1972245773362196,3.295836866004329
10241,1975,2n Cycle,Single,11448.0,0,0,2013-12-15,16,0,0,0,6,2,6,1,1,0,2,6,0,0,0,0,0,0,3,11,0,2013,12,15,0,0,14,50,3.9318256327243257,2.833213344056216,9.345657668923812,2.70805020110221,0.0,0.0,0.0,1.9459101490553132,1.0986122886681096,1.9459101490553132
1630,1979,Graduation,Single,61825.0,0,1,2013-08-07,56,162,50,100,55,30,27,1,4,2,8,4,0,0,0,0,0,0,3,11,0,2013,8,7,1,1,424,46,3.8501476017100584,4.04305126783455,11.032079266945424,6.052089168924417,5.093750200806762,3.9318256327243257,4.61512051684126,4.02535169073515,3.4339872044851463,3.332204510175204
3254,1971,Graduation,In a relationship,70886.0,1,0,2013-10-14,65,407,70,239,103,88,53,1,5,4,4,2,0,0,0,0,0,0,3,11,0,2013,10,14,1,1,960,54,4.007333185232471,4.189654742026425,11.168842338867679,6.8679744089702925,6.0112671744041615,4.2626798770413155,5.480638923341991,4.6443908991413725,4.48863636973214,3.9889840465642745
9064,1982,Graduation,In a relationship,69109.0,0,0,2012-11-09,10,823,25,459,124,29,95,1,6,6,7,4,0,0,1,0,0,0,3,11,1,2012,11,9,0,0,1555,43,3.784189633918261,2.3978952727983707,11.14345471708544,7.349873704738337,6.714170529909472,3.258096538021482,6.131226489483141,4.8283137373023015,3.4011973816621555,4.564348191467836
3678,1973,Graduation,Single,60208.0,1,1,2012-10-07,13,488,23,71,15,0,59,11,8,3,7,7,0,1,0,0,0,0,3,11,1,2012,10,7,2,1,656,52,3.970291913552122,2.639057329615259,11.005577121783782,6.487684018484611,6.192362489474872,3.1780538303479458,4.276666119016055,2.772588722239781,0.0,4.0943445622221
4227,1968,Master,In a relationship,32889.0,1,1,2013-09-06,78,28,0,13,4,2,8,3,2,1,3,5,0,0,0,0,0,0,3,11,0,2013,9,6,2,1,55,57,4.060443010546419,4.3694478524670215,10.400923939183103,4.02535169073515,3.367295829986474,0.0,2.639057329615259,1.6094379124341003,1.0986122886681096,2.1972245773362196
9467,1984,Graduation,Single,34738.0,1,0,2014-05-11,51,3,2,10,3,0,2,1,1,0,3,6,0,0,0,0,0,0,3,11,0,2014,5,11,1,1,20,41,3.7376696182833684,3.9512437185814275,10.455618254118846,3.044522437723423,1.3862943611198906,1.0986122886681096,2.3978952727983707,1.3862943611198906,0.0,1.0986122886681096
8486,1971,Master,In a relationship,30538.0,1,0,2012-10-01,27,284,0,52,8,3,20,4,9,0,4,10,0,0,0,0,0,0,3,11,0,2012,10,1,1,1,367,54,4.007333185232471,3.332204510175204,10.326759834294158,5.908082938168931,5.652489180268651,0.0,3.970291913552122,2.1972245773362196,1.3862943611198906,3.044522437723423
2186,1977,2n Cycle,In a relationship,82326.0,0,0,2014-03-10,30,938,142,754,159,81,183,1,5,10,6,2,0,1,1,1,0,0,3,11,1,2014,3,10,0,0,2257,48,3.8918202981106265,3.4339872044851463,11.318454400906349,7.722234744709607,6.844815479208263,4.962844630259907,6.626717749249025,5.075173815233827,4.406719247264253,5.214935757608986
3286,1967,PhD,Single,26642.0,1,0,2014-03-01,71,13,2,15,2,2,8,2,2,0,3,6,0,0,0,0,0,0,3,11,0,2014,3,1,1,1,42,58,4.07753744390572,4.276666119016055,10.190281730926614,3.7612001156935624,2.639057329615259,1.0986122886681096,2.772588722239781,1.0986122886681096,1.0986122886681096,2.1972245773362196
8602,1964,Graduation,Single,69932.0,0,1,2013-06-12,97,412,172,153,150,105,57,2,7,6,11,4,0,0,0,0,0,0,3,11,0,2013,6,12,1,1,1049,61,4.127134385045092,4.584967478670572,11.155292919820631,6.956545443151569,6.023447592961033,5.153291594497779,5.0369526024136295,5.017279836814924,4.663439094112067,4.060443010546419
3722,1972,Graduation,Single,44503.0,1,1,2014-04-16,83,31,1,8,0,0,8,2,2,0,3,6,0,0,0,0,0,0,3,11,0,2014,4,16,2,1,48,53,3.9889840465642745,4.430816798843313,10.70333435175513,3.8918202981106265,3.4657359027997265,0.6931471805599453,2.1972245773362196,0.0,0.0,2.1972245773362196
6715,1948,PhD,Single,60200.0,0,1,2013-01-02,3,502,19,132,0,6,26,6,6,2,11,6,0,0,0,0,0,0,3,11,0,2013,1,2,1,1,685,77,4.356708826689592,1.3862943611198906,11.005444242454628,6.530877627725885,6.220590170099739,2.995732273553991,4.890349128221754,0.0,1.9459101490553132,3.295836866004329
4796,1952,Graduation,Single,49638.0,0,1,2014-04-19,71,18,10,3,3,5,0,1,1,0,3,2,0,0,0,0,0,0,3,11,0,2014,4,19,1,1,39,73,4.304065093204169,4.276666119016055,10.81253209407131,3.6888794541139363,2.9444389791664403,2.3978952727983707,1.3862943611198906,1.3862943611198906,1.791759469228055,0.0
9612,1987,2n Cycle,Single,23830.0,0,0,2014-02-07,3,1,8,6,4,8,16,1,1,0,3,7,0,0,0,0,0,0,3,11,0,2014,2,7,0,0,43,38,3.6635616461296463,1.3862943611198906,10.078742533123364,3.784189633918261,0.6931471805599453,2.1972245773362196,1.9459101490553132,1.6094379124341003,2.1972245773362196,2.833213344056216
3766,1959,Master,Single,33051.0,0,0,2012-08-16,15,100,71,243,108,94,219,3,9,1,8,9,0,0,0,0,0,0,3,11,1,2012,8,16,0,0,835,66,4.204692619390966,2.772588722239781,10.405837357821074,6.728628613084702,4.61512051684126,4.276666119016055,5.497168225293202,4.6913478822291435,4.553876891600541,5.393627546352361
1399,1958,Graduation,In a relationship,72905.0,0,0,2014-01-21,52,407,114,445,181,165,203,1,3,7,9,1,0,0,0,1,0,0,3,11,0,2014,1,21,0,0,1515,67,4.219507705176107,3.970291913552122,11.196926219136667,7.323830566202317,6.0112671744041615,4.74493212836325,6.100318952020064,5.204006687076795,5.111987788356544,5.318119993844216
1570,1951,PhD,In a relationship,69702.0,0,1,2013-02-19,8,664,9,240,50,19,57,2,7,7,10,4,0,0,0,0,0,0,3,11,0,2013,2,19,1,1,1039,74,4.31748811353631,2.1972245773362196,11.151998637429239,6.946975992135418,6.499787040655854,2.302585092994046,5.484796933490655,3.9318256327243257,2.995732273553991,4.060443010546419
3426,1975,Graduation,Single,70300.0,1,0,2013-07-15,89,1045,61,338,60,46,46,3,5,5,13,8,0,0,0,0,0,0,3,11,0,2013,7,15,1,1,1596,50,3.9318256327243257,4.499809670330265,11.160541302448653,7.3758821482150125,6.952728644624869,4.127134385045092,5.82600010738045,4.110873864173311,3.8501476017100584,3.8501476017100584
3074,1984,PhD,In a relationship,70643.0,0,0,2012-10-15,66,1218,107,304,23,143,33,1,5,8,4,6,0,0,0,0,0,0,3,11,1,2012,10,15,0,0,1828,41,3.7376696182833684,4.204692619390966,11.165408458816263,7.511524648390866,7.105786129481271,4.68213122712422,5.720311776607412,3.1780538303479458,4.969813299576001,3.5263605246161616
8341,1969,PhD,In a relationship,30396.0,1,0,2014-04-30,22,15,0,6,0,1,12,2,1,1,2,7,1,0,0,0,0,0,3,11,1,2014,4,30,1,1,34,56,4.04305126783455,3.1354942159291497,10.322099198314179,3.5553480614894135,2.772588722239781,0.0,1.9459101490553132,0.0,0.6931471805599453,2.5649493574615367
5180,1968,PhD,Single,50616.0,0,1,2014-04-18,56,128,0,16,0,1,4,2,4,0,4,7,0,0,0,0,0,0,3,11,0,2014,4,18,1,1,149,57,4.060443010546419,4.04305126783455,10.832042767230265,5.0106352940962555,4.859812404361672,0.0,2.833213344056216,0.0,0.6931471805599453,1.6094379124341003
6461,1969,Master,Single,62772.0,0,1,2013-05-19,74,581,49,157,43,8,108,1,5,6,11,2,0,1,0,0,0,0,3,11,0,2013,5,19,1,1,946,56,4.04305126783455,4.31748811353631,11.047280323701445,6.853299093186078,6.366470447731438,3.912023005428146,5.062595033026967,3.784189633918261,2.1972245773362196,4.6913478822291435
7679,1985,PhD,Single,30298.0,0,0,2014-05-19,48,6,3,12,6,1,0,1,1,1,3,3,0,0,0,0,0,0,3,11,0,2014,5,19,0,0,28,40,3.713572066704308,3.8918202981106265,10.31886998765251,3.367295829986474,1.9459101490553132,1.3862943611198906,2.5649493574615367,1.9459101490553132,0.6931471805599453,0.0
10702,1984,Graduation,Single,52413.0,1,0,2012-11-03,67,185,8,133,56,56,12,2,7,1,7,7,0,0,0,0,0,0,3,11,0,2012,11,3,1,1,450,41,3.7376696182833684,4.219507705176107,10.866929010196616,6.111467339502679,5.225746673713202,2.1972245773362196,4.897839799950911,4.04305126783455,4.04305126783455,2.5649493574615367
7505,1957,PhD,In a relationship,44155.0,1,1,2014-01-19,24,22,1,9,0,0,14,1,1,1,2,4,0,0,0,0,0,0,3,11,0,2014,1,19,2,1,46,68,4.23410650459726,3.2188758248682006,10.695484097138243,3.8501476017100584,3.1354942159291497,0.6931471805599453,2.302585092994046,0.0,0.0,2.70805020110221
5113,1971,PhD,Single,86979.0,0,0,2013-11-07,67,584,100,835,65,83,35,1,5,5,5,2,1,0,0,0,0,0,3,11,1,2013,11,7,0,0,1702,54,4.007333185232471,4.219507705176107,11.37343348615163,7.440146680662688,6.371611847231857,4.61512051684126,6.728628613084702,4.189654742026425,4.430816798843313,3.58351893845611
10858,1975,Graduation,In a relationship,76532.0,1,1,2013-09-09,38,355,30,177,90,138,30,4,9,5,7,5,0,0,0,0,0,0,3,11,0,2013,9,9,2,1,820,50,3.9318256327243257,3.6635616461296463,11.245477299349258,6.710523109452428,5.87493073085203,3.4339872044851463,5.181783550292085,4.51085950651685,4.9344739331306915,3.4339872044851463
2961,1982,Graduation,In a relationship,42081.0,1,0,2013-02-26,86,175,10,110,54,6,27,2,6,3,4,6,1,0,0,0,0,0,3,11,0,2013,2,26,1,1,382,43,3.784189633918261,4.465908118654584,10.647375374799257,5.948034989180646,5.170483995038151,2.3978952727983707,4.709530201312334,4.007333185232471,1.9459101490553132,3.332204510175204
2747,1988,PhD,In a relationship,67546.0,0,0,2012-08-31,90,864,134,768,150,38,172,1,4,10,5,3,0,0,0,0,0,0,3,11,0,2012,8,31,0,0,2126,37,3.6375861597263857,4.51085950651685,11.120578930855121,7.6624678152002375,6.762729506931879,4.90527477843843,6.645090969505644,5.017279836814924,3.6635616461296463,5.153291594497779
3010,1989,Master,In a relationship,88420.0,0,0,2014-05-02,87,957,153,612,99,95,153,1,4,7,8,1,1,0,1,1,0,0,3,11,0,2014,5,2,0,0,2069,36,3.6109179126442243,4.477336814478207,11.38986477697473,7.635303886259415,6.86484777797086,5.0369526024136295,6.418364935936212,4.605170185988092,4.564348191467836,5.0369526024136295
5790,1985,Graduation,In a relationship,31158.0,1,0,2013-01-27,62,25,6,16,20,0,5,2,2,0,3,8,0,0,0,0,0,0,3,11,0,2013,1,27,1,1,72,40,3.713572066704308,4.143134726391533,10.346858407043523,4.290459441148391,3.258096538021482,1.9459101490553132,2.833213344056216,3.044522437723423,0.0,1.791759469228055
6892,1968,Graduation,Single,61671.0,0,1,2014-06-03,23,641,7,56,0,0,28,8,10,4,6,8,0,1,0,1,0,0,3,11,0,2014,6,3,1,1,732,57,4.060443010546419,3.1780538303479458,11.029585298139098,6.597145701886651,6.464588303689961,2.0794415416798357,4.04305126783455,0.0,0.0,3.367295829986474
1743,1974,Graduation,Single,69719.0,0,0,2014-05-26,99,273,86,208,177,14,43,1,2,3,5,1,0,0,0,0,0,0,3,11,0,2014,5,26,0,0,801,51,3.9512437185814275,4.605170185988092,11.152242499633957,6.687108607866515,5.6131281063880705,4.465908118654584,5.342334251964811,5.181783550292085,2.70805020110221,3.784189633918261
3578,1949,Graduation,Single,49160.0,0,1,2013-10-20,29,122,21,43,25,10,15,2,3,1,6,6,0,0,0,0,0,0,3,11,0,2013,10,20,1,1,236,76,4.343805421853684,3.4011973816621555,10.802855905214333,5.4680601411351315,4.812184355372417,3.091042453358316,3.784189633918261,3.258096538021482,2.3978952727983707,2.772588722239781
8462,1978,Basic,In a relationship,24882.0,1,0,2012-09-09,52,1,4,10,29,0,36,1,1,1,2,6,1,0,0,0,0,0,3,11,0,2012,9,9,1,1,80,47,3.8712010109078907,3.970291913552122,10.121940118362215,4.394449154672439,0.6931471805599453,1.6094379124341003,2.3978952727983707,3.4011973816621555,0.0,3.6109179126442243
5558,1954,PhD,Single,90933.0,0,0,2014-03-31,90,1020,31,430,62,63,79,1,4,6,4,1,0,0,1,0,0,0,3,11,0,2014,3,31,0,0,1685,71,4.276666119016055,4.51085950651685,11.41788924763476,7.430114138561801,6.928537818164665,3.4657359027997265,6.066108090103747,4.143134726391533,4.1588830833596715,4.382026634673881
8780,1950,PhD,In a relationship,59292.0,0,1,2013-06-13,71,378,14,68,19,14,14,2,3,5,8,3,0,0,0,0,0,0,3,11,0,2013,6,13,1,1,507,75,4.330733340286331,4.276666119016055,10.990246534173238,6.230481447578482,5.937536205082426,2.70805020110221,4.23410650459726,2.995732273553991,2.70805020110221,2.70805020110221
10789,1964,PhD,In a relationship,45759.0,1,1,2013-02-23,13,42,1,18,3,0,4,2,2,0,3,7,0,0,0,0,0,0,3,11,0,2013,2,23,2,1,68,61,4.127134385045092,2.639057329615259,10.731165626053679,4.23410650459726,3.7612001156935624,0.6931471805599453,2.9444389791664403,1.3862943611198906,0.0,1.6094379124341003
10779,1983,Graduation,Single,22148.0,0,0,2014-04-13,16,15,5,14,0,4,11,1,1,0,3,7,0,0,0,0,0,0,3,11,0,2014,4,13,0,0,49,42,3.7612001156935624,2.833213344056216,10.005547627727275,3.912023005428146,2.772588722239781,1.791759469228055,2.70805020110221,0.0,1.6094379124341003,2.4849066497880004
5896,1987,Master,In a relationship,73395.0,0,0,2014-03-18,94,272,7,80,20,7,11,1,4,4,6,2,0,0,0,0,0,0,3,11,0,2014,3,18,0,0,397,38,3.6635616461296463,4.553876891600541,11.203624717204844,5.986452005284438,5.60947179518496,2.0794415416798357,4.394449154672439,3.044522437723423,2.0794415416798357,2.4849066497880004
2337,1971,Graduation,Single,29819.0,1,0,2013-10-24,77,9,1,24,2,1,2,3,3,0,3,6,0,0,0,0,0,0,3,11,0,2013,10,24,1,1,39,54,4.007333185232471,4.356708826689592,10.30293458831873,3.6888794541139363,2.302585092994046,0.6931471805599453,3.2188758248682006,1.0986122886681096,0.6931471805599453,1.0986122886681096
10951,1968,Graduation,In a relationship,45688.0,0,1,2014-01-25,20,279,0,18,0,0,9,2,3,1,8,4,0,1,0,0,0,0,3,11,0,2014,1,25,1,1,306,57,4.060443010546419,3.044522437723423,10.72961284769053,5.726847747587197,5.634789603169249,0.0,2.9444389791664403,0.0,0.0,2.302585092994046
544,1954,Graduation,In a relationship,62820.0,0,0,2013-05-11,51,398,61,265,138,61,53,1,3,4,6,1,0,0,0,0,0,0,3,11,0,2013,5,11,0,0,976,71,4.276666119016055,3.9512437185814275,11.048044691463234,6.884486652042782,5.988961416889864,4.127134385045092,5.583496308781699,4.9344739331306915,4.127134385045092,3.9889840465642745
17,1971,PhD,In a relationship,60491.0,0,1,2013-09-06,81,637,47,237,12,19,76,4,6,11,7,5,0,0,0,0,0,0,3,11,0,2013,9,6,1,1,1028,54,4.007333185232471,4.406719247264253,11.01026640387063,6.9363427358340495,6.45833828334479,3.8712010109078907,5.472270673671475,2.5649493574615367,2.995732273553991,4.343805421853684
10680,1986,Graduation,In a relationship,33235.0,1,0,2014-02-05,71,45,0,16,2,1,6,1,3,0,3,7,0,0,0,0,0,0,3,11,0,2014,2,5,1,1,70,39,3.6888794541139363,4.276666119016055,10.411388904784872,4.2626798770413155,3.828641396489095,0.0,2.833213344056216,1.0986122886681096,0.6931471805599453,1.9459101490553132
3265,1959,Graduation,In a relationship,35701.0,0,0,2013-03-19,36,21,1,9,7,3,5,1,1,0,3,6,0,0,0,0,0,0,3,11,0,2013,3,19,0,0,46,66,4.204692619390966,3.6109179126442243,10.482961988607498,3.8501476017100584,3.091042453358316,0.6931471805599453,2.302585092994046,2.0794415416798357,1.3862943611198906,1.791759469228055
5623,1980,Master,In a relationship,31535.0,1,0,2013-09-26,95,15,4,13,0,0,19,1,1,1,2,7,1,0,0,0,0,0,3,11,0,2013,9,26,1,1,51,45,3.828641396489095,4.564348191467836,10.358885029392502,3.9512437185814275,2.772588722239781,1.6094379124341003,2.639057329615259,0.0,0.0,2.995732273553991
5832,1960,2n Cycle,In a relationship,92556.0,0,0,2014-04-20,32,493,183,352,184,23,28,0,3,5,13,0,0,0,0,0,0,0,3,11,0,2014,4,20,0,0,1263,65,4.189654742026425,3.4965075614664802,11.435579949933482,7.142036574706803,6.202535517187923,5.214935757608986,5.8664680569332965,5.220355825078325,3.1780538303479458,3.367295829986474
5544,1970,Graduation,Single,67384.0,0,1,2012-11-10,32,957,40,175,158,53,107,2,7,8,5,5,0,1,0,0,0,0,3,11,0,2012,11,10,1,1,1490,55,4.02535169073515,3.4965075614664802,11.11817772020326,7.307202314764738,6.86484777797086,3.713572066704308,5.170483995038151,5.0689042022202315,3.9889840465642745,4.68213122712422
6417,1971,Master,In a relationship,80573.0,0,0,2012-10-14,85,829,138,430,60,92,15,1,4,6,13,2,0,0,0,0,0,0,3,11,0,2012,10,14,0,0,1564,54,4.007333185232471,4.454347296253507,11.29693129580923,7.355641102974253,6.721425700790643,4.9344739331306915,6.066108090103747,4.110873864173311,4.532599493153256,2.772588722239781
5831,1967,Graduation,In a relationship,77870.0,0,1,2012-08-22,93,1017,50,500,65,50,133,3,5,5,5,8,0,1,0,1,0,0,3,11,1,2012,8,22,1,1,1815,58,4.07753744390572,4.543294782270004,11.262808890404589,7.504391559161238,6.925595197110468,3.9318256327243257,6.2166061010848646,4.189654742026425,3.9318256327243257,4.897839799950911
7101,1963,PhD,Single,52278.0,0,1,2013-01-25,24,953,0,71,0,0,174,6,10,5,10,8,0,0,0,0,0,0,3,11,0,2013,1,25,1,1,1198,62,4.143134726391533,3.2188758248682006,10.864350039781693,7.089243155027514,6.860663671448287,0.0,4.276666119016055,0.0,0.0,5.1647859739235145
10176,1968,Graduation,Single,57107.0,0,1,2012-08-24,44,159,0,120,0,0,137,7,4,4,8,8,0,1,0,0,1,0,3,11,1,2012,8,24,1,1,416,57,4.060443010546419,3.8066624897703196,10.952699490909112,6.0330862217988015,5.075173815233827,0.0,4.795790545596741,0.0,0.0,4.927253685157205
2326,1990,Graduation,In a relationship,18929.0,0,0,2013-02-16,15,32,0,8,23,4,18,1,1,0,4,6,0,0,0,0,0,0,3,11,0,2013,2,16,0,0,85,35,3.58351893845611,2.772588722239781,9.848503244203368,4.454347296253507,3.4965075614664802,0.0,2.1972245773362196,3.1780538303479458,1.6094379124341003,2.9444389791664403
4385,1981,PhD,Single,36038.0,1,0,2013-05-31,82,23,0,15,0,2,7,2,3,0,3,6,0,0,0,0,0,0,3,11,0,2013,5,31,1,1,47,44,3.8066624897703196,4.418840607796598,10.492356964389485,3.8712010109078907,3.1780538303479458,0.0,2.772588722239781,0.0,1.0986122886681096,2.0794415416798357
2929,1976,Graduation,Single,20180.0,0,0,2013-02-20,27,18,42,24,15,20,18,1,2,1,4,7,0,0,0,0,0,0,3,11,0,2013,2,20,0,0,137,49,3.912023005428146,3.332204510175204,9.912496846693715,4.927253685157205,2.9444389791664403,3.7612001156935624,3.2188758248682006,2.772588722239781,3.044522437723423,2.9444389791664403
10686,1965,PhD,In a relationship,34230.0,1,1,2012-12-26,72,15,0,4,0,0,2,1,1,0,2,7,0,0,0,0,0,0,3,11,0,2012,12,26,2,1,21,60,4.110873864173311,4.290459441148391,10.44088694523715,3.091042453358316,2.772588722239781,0.0,1.6094379124341003,0.0,0.0,1.0986122886681096
2546,1977,2n Cycle,Single,31878.0,0,1,2014-06-22,7,23,4,5,10,5,23,1,1,0,4,3,0,0,0,0,0,0,3,11,0,2014,6,22,1,1,70,48,3.8918202981106265,2.0794415416798357,10.36970276478357,4.2626798770413155,3.1780538303479458,1.6094379124341003,1.791759469228055,2.3978952727983707,1.791759469228055,3.1780538303479458
3283,1972,2n Cycle,In a relationship,70932.0,0,1,2014-01-19,57,200,193,100,46,185,185,2,6,2,12,3,0,0,0,0,0,0,3,11,0,2014,1,19,1,1,909,53,3.9889840465642745,4.060443010546419,11.169491048522355,6.813444599510896,5.303304908059076,5.267858159063328,4.61512051684126,3.8501476017100584,5.225746673713202,5.225746673713202
3138,1956,Graduation,Single,91249.0,0,0,2012-10-20,84,1324,27,119,71,108,27,0,7,9,6,4,0,1,1,1,1,0,3,11,1,2012,10,20,0,0,1676,69,4.248495242049359,4.442651256490317,11.421358271444738,7.424761761823209,7.1891677384203225,3.332204510175204,4.787491742782046,4.276666119016055,4.6913478822291435,3.332204510175204
4994,1943,Master,Single,77598.0,0,0,2013-10-01,53,1193,33,281,129,66,33,1,7,5,13,3,0,0,1,0,0,0,3,11,0,2013,10,1,0,0,1735,82,4.418840607796598,3.9889840465642745,11.259309819490339,7.459338895220295,7.085064293952548,3.5263605246161616,5.641907070938114,4.867534450455582,4.204692619390966,3.5263605246161616
7966,1959,Graduation,Single,80982.0,1,1,2013-01-08,48,505,137,401,104,22,22,3,11,5,11,5,0,0,0,0,0,1,3,11,0,2013,1,8,2,1,1191,66,4.204692619390966,3.8918202981106265,11.301994535084201,7.083387847625295,6.226536669287466,4.927253685157205,5.996452088619021,4.653960350157523,3.1354942159291497,3.1354942159291497
3112,1977,Master,In a relationship,22701.0,1,0,2013-09-05,2,2,4,9,0,4,5,1,1,0,3,5,0,0,0,0,0,0,3,11,0,2013,9,5,1,1,24,48,3.8918202981106265,1.0986122886681096,10.030208305315284,3.2188758248682006,1.0986122886681096,1.6094379124341003,2.302585092994046,0.0,1.6094379124341003,1.791759469228055
10872,1969,PhD,In a relationship,55212.0,0,1,2012-11-23,65,1103,0,45,0,0,34,3,4,2,11,8,0,1,0,0,1,0,3,11,0,2012,11,23,1,1,1182,56,4.04305126783455,4.189654742026425,10.918953711784086,7.075808863978387,7.00669522683704,0.0,3.828641396489095,0.0,0.0,3.5553480614894135
2181,1970,Graduation,In a relationship,70617.0,0,0,2013-06-23,45,353,61,753,40,46,27,1,3,3,7,2,0,0,0,0,0,0,3,11,0,2013,6,23,0,0,1280,55,4.02535169073515,3.828641396489095,11.165040348492274,7.155396301896734,5.869296913133774,4.127134385045092,6.625392368007956,3.713572066704308,3.8501476017100584,3.332204510175204
1867,1957,Graduation,Single,64849.0,0,0,2012-11-13,42,652,48,350,94,84,108,1,9,3,6,5,0,0,0,0,0,0,3,11,1,2012,11,13,0,0,1336,68,4.23410650459726,3.7612001156935624,11.07983218974459,7.198183577101943,6.481577129276431,3.8918202981106265,5.860786223465865,4.553876891600541,4.442651256490317,4.6913478822291435
1518,1965,Master,In a relationship,62694.0,1,1,2013-06-17,29,379,6,157,25,91,91,5,9,3,7,7,0,0,0,0,0,0,3,11,0,2013,6,17,2,1,749,60,4.110873864173311,3.4011973816621555,11.046036978624638,6.620073206530356,5.940171252720432,1.9459101490553132,5.062595033026967,3.258096538021482,4.5217885770490405,4.5217885770490405
5734,1974,PhD,In a relationship,61917.0,1,1,2013-11-20,83,46,4,36,2,2,1,1,2,0,4,5,0,0,0,0,0,0,3,11,0,2013,11,20,2,1,91,51,3.9512437185814275,4.430816798843313,11.033566208000359,4.5217885770490405,3.8501476017100584,1.6094379124341003,3.6109179126442243,1.0986122886681096,1.0986122886681096,0.6931471805599453
2878,1947,PhD,In a relationship,67472.0,0,1,2013-09-28,93,162,31,127,8,17,69,2,4,2,7,3,0,0,0,0,0,0,3,11,0,2013,9,28,1,1,414,78,4.3694478524670215,4.543294782270004,11.119482796839282,6.028278520230698,5.093750200806762,3.4657359027997265,4.852030263919617,2.1972245773362196,2.8903717578961645,4.248495242049359
1458,1982,Master,In a relationship,21059.0,1,0,2014-01-07,40,8,3,19,3,3,8,3,3,0,3,6,0,0,0,0,0,0,3,11,0,2014,1,7,1,1,44,43,3.784189633918261,3.713572066704308,9.955130785687967,3.8066624897703196,2.1972245773362196,1.3862943611198906,2.995732273553991,1.3862943611198906,1.3862943611198906,2.1972245773362196
7007,1968,Master,In a relationship,29543.0,2,0,2014-04-01,47,17,3,18,3,4,18,2,3,1,2,7,0,0,0,0,0,0,3,11,0,2014,4,1,2,1,63,57,4.060443010546419,3.8712010109078907,10.293635956532398,4.1588830833596715,2.8903717578961645,1.3862943611198906,2.9444389791664403,1.3862943611198906,1.6094379124341003,2.9444389791664403
6200,1951,Graduation,In a relationship,75903.0,0,1,2013-04-08,50,340,108,185,130,38,100,2,6,6,9,3,0,0,0,0,0,0,3,11,0,2013,4,8,1,1,901,74,4.31748811353631,3.9318256327243257,11.237224662917342,6.804614520062624,5.831882477283517,4.6913478822291435,5.225746673713202,4.875197323201151,3.6635616461296463,4.61512051684126
1403,1975,2n Cycle,In a relationship,34984.0,1,1,2012-09-06,40,8,4,15,3,5,3,2,1,0,3,7,0,0,0,0,0,0,3,11,0,2012,9,6,2,1,38,50,3.9318256327243257,3.713572066704308,10.462674677179997,3.6635616461296463,2.1972245773362196,1.6094379124341003,2.772588722239781,1.3862943611198906,1.791759469228055,1.3862943611198906
4827,1956,PhD,Single,54998.0,0,1,2013-03-10,3,154,22,202,39,30,8,5,4,2,9,4,0,0,0,0,0,0,3,11,1,2013,3,10,1,1,455,69,4.248495242049359,1.3862943611198906,10.915070282231135,6.1224928095143865,5.043425116919247,3.1354942159291497,5.313205979041787,3.6888794541139363,3.4339872044851463,2.1972245773362196
6250,1949,PhD,Single,54356.0,0,1,2012-11-19,62,710,15,30,20,0,0,3,11,2,8,8,0,0,0,0,0,0,3,11,1,2012,11,19,1,1,775,76,4.343805421853684,4.143134726391533,10.903328679104217,6.654152520183219,6.566672429803241,2.772588722239781,3.4339872044851463,3.044522437723423,0.0,0.0
9291,1959,Master,In a relationship,34242.0,0,1,2014-03-23,25,8,2,4,0,0,1,1,0,0,3,5,0,0,0,0,0,0,3,11,0,2014,3,23,1,1,15,66,4.204692619390966,3.258096538021482,10.441237443239979,2.772588722239781,2.1972245773362196,1.0986122886681096,1.6094379124341003,0.0,0.0,0.6931471805599453
2478,1973,Graduation,In a relationship,25410.0,1,0,2013-08-31,48,2,2,4,13,13,4,1,1,0,4,4,0,0,0,0,0,0,3,11,0,2013,8,31,1,1,38,52,3.970291913552122,3.8918202981106265,10.142937430124647,3.6635616461296463,1.0986122886681096,1.0986122886681096,1.6094379124341003,2.639057329615259,2.639057329615259,1.6094379124341003
1139,1984,PhD,In a relationship,73356.0,0,0,2014-02-06,56,1050,14,322,0,14,112,1,5,11,5,2,1,0,1,1,0,0,3,11,1,2014,2,6,0,0,1512,41,3.7376696182833684,4.04305126783455,11.203093211873872,7.321849713788356,6.957497370876951,2.70805020110221,5.777652323222656,0.0,2.70805020110221,4.727387818712341
5138,1950,Graduation,In a relationship,28320.0,0,1,2013-01-14,68,19,1,14,3,2,4,1,1,0,3,8,0,0,0,0,0,0,3,11,0,2013,1,14,1,1,43,75,4.330733340286331,4.23410650459726,10.25135885791871,3.784189633918261,2.995732273553991,0.6931471805599453,2.70805020110221,1.3862943611198906,1.0986122886681096,1.6094379124341003
5393,1977,Graduation,Single,23763.0,1,0,2012-08-07,64,22,0,6,6,2,6,1,1,0,3,7,0,0,0,0,0,0,3,11,0,2012,8,7,1,1,42,48,3.8918202981106265,4.174387269895637,10.075927109475632,3.7612001156935624,3.1354942159291497,0.0,1.9459101490553132,1.9459101490553132,1.0986122886681096,1.9459101490553132
10413,1984,Graduation,In a relationship,72570.0,0,0,2014-04-25,67,274,83,216,151,141,224,1,4,6,12,1,0,0,0,0,0,0,3,11,0,2014,4,25,0,0,1089,41,3.7376696182833684,4.219507705176107,11.192320671976058,6.993932975223189,5.616771097666572,4.430816798843313,5.37989735354046,5.0238805208462765,4.955827057601261,5.41610040220442
5015,1976,Master,In a relationship,34529.0,1,0,2012-09-14,94,68,6,38,3,6,41,2,2,2,3,7,0,0,0,0,0,0,3,11,0,2012,9,14,1,1,162,49,3.912023005428146,4.553876891600541,10.449583790384038,5.093750200806762,4.23410650459726,1.9459101490553132,3.6635616461296463,1.3862943611198906,1.9459101490553132,3.7376696182833684
10868,1951,Graduation,Single,70792.0,0,0,2013-02-06,82,344,45,654,104,11,114,2,3,4,10,3,0,0,0,0,0,0,3,11,0,2013,2,6,0,0,1272,74,4.31748811353631,4.418840607796598,11.167515404737347,7.149131598557407,5.84354441703136,3.828641396489095,6.484635235635252,4.653960350157523,2.4849066497880004,4.74493212836325
10676,1982,Graduation,In a relationship,63211.0,0,0,2012-11-02,3,145,193,459,205,26,145,2,3,8,7,2,0,0,0,0,0,0,3,11,1,2012,11,2,0,0,1173,43,3.784189633918261,1.3862943611198906,11.054249435528995,7.068172000388042,4.983606621708336,5.267858159063328,6.131226489483141,5.327876168789581,3.295836866004329,4.983606621708336
2495,1974,Master,In a relationship,83891.0,0,1,2014-06-20,24,217,38,350,111,85,15,1,4,7,10,1,0,0,0,0,0,0,3,11,0,2014,6,20,1,1,816,51,3.9512437185814275,3.2188758248682006,11.337285536299985,6.705639094860003,5.384495062789089,3.6635616461296463,5.860786223465865,4.718498871295094,4.454347296253507,2.772588722239781
7842,1968,Graduation,Single,36065.0,1,1,2013-03-31,54,18,7,34,10,2,3,3,3,0,3,8,0,0,0,0,0,0,3,11,0,2013,3,31,2,1,74,57,4.060443010546419,4.007333185232471,10.493105872267217,4.31748811353631,2.9444389791664403,2.0794415416798357,3.5553480614894135,2.3978952727983707,1.0986122886681096,1.3862943611198906
9955,1954,Graduation,In a relationship,39898.0,0,1,2013-02-12,20,69,8,26,12,7,12,2,3,0,4,7,0,0,0,0,0,0,3,11,0,2013,2,12,1,1,134,71,4.276666119016055,3.044522437723423,10.594106539907239,4.90527477843843,4.248495242049359,2.1972245773362196,3.295836866004329,2.5649493574615367,2.0794415416798357,2.5649493574615367
6663,1940,PhD,Single,51141.0,0,0,2013-07-08,96,144,0,7,0,0,6,1,3,1,4,5,0,0,0,0,0,0,3,11,0,2013,7,8,0,0,157,85,4.454347296253507,4.574710978503383,10.84236135641054,5.062595033026967,4.976733742420574,0.0,2.0794415416798357,0.0,0.0,1.9459101490553132
2162,1976,Graduation,In a relationship,56939.0,0,1,2013-09-18,19,256,34,103,90,29,49,2,3,3,10,3,0,0,0,0,0,0,3,11,0,2013,9,18,1,1,561,49,3.912023005428146,2.995732273553991,10.949753360832029,6.331501849893691,5.54907608489522,3.5553480614894135,4.6443908991413725,4.51085950651685,3.4011973816621555,3.912023005428146
3434,1951,Graduation,Single,80872.0,0,0,2014-05-12,60,483,72,567,94,12,108,1,4,4,10,1,0,0,0,0,0,0,3,11,0,2014,5,12,0,0,1336,74,4.31748811353631,4.110873864173311,11.300635301976557,7.198183577101943,6.182084906716632,4.290459441148391,6.342121418721152,4.553876891600541,2.5649493574615367,4.6913478822291435
7919,1976,PhD,In a relationship,72335.0,0,0,2012-08-13,2,1285,105,653,28,21,0,1,10,4,8,8,0,0,0,0,0,0,3,11,1,2012,8,13,0,0,2092,49,3.912023005428146,1.0986122886681096,11.189077209534386,7.646353722445999,7.1592919047975645,4.663439094112067,6.483107351457199,3.367295829986474,3.091042453358316,0.0
5626,1964,PhD,Single,61798.0,0,0,2013-11-23,13,338,4,89,11,8,13,1,4,2,9,4,0,0,0,0,0,0,3,11,0,2013,11,23,0,0,463,61,4.127134385045092,2.639057329615259,11.031642462085092,6.139884552226255,5.82600010738045,1.6094379124341003,4.499809670330265,2.4849066497880004,2.1972245773362196,2.639057329615259
6428,1950,PhD,Single,76842.0,0,0,2014-05-03,37,605,10,345,84,54,32,1,1,8,7,0,0,0,0,0,0,0,3,11,0,2014,5,3,0,0,1130,75,4.330733340286331,3.6375861597263857,11.249519658285907,7.030857476116121,6.406879986069314,2.3978952727983707,5.846438775057724,4.442651256490317,4.007333185232471,3.4965075614664802
8514,1976,Graduation,In a relationship,29478.0,1,0,2014-01-17,59,8,0,7,3,1,1,1,1,0,3,6,0,0,0,0,0,0,3,11,0,2014,1,17,1,1,20,49,3.912023005428146,4.0943445622221,10.291433424425355,3.044522437723423,2.1972245773362196,0.0,2.0794415416798357,1.3862943611198906,0.6931471805599453,0.6931471805599453
10448,1956,Graduation,Single,46998.0,0,1,2012-10-22,55,172,41,86,45,6,27,5,5,3,5,7,1,0,0,0,0,0,3,11,0,2012,10,22,1,1,377,69,4.248495242049359,4.02535169073515,10.757881603870102,5.934894195619588,5.153291594497779,3.7376696182833684,4.465908118654584,3.828641396489095,1.9459101490553132,3.332204510175204
2109,1990,Graduation,Single,96843.0,0,0,2013-04-23,60,448,71,951,40,17,17,1,6,11,10,2,0,0,1,0,0,0,3,11,1,2013,4,23,0,0,1544,35,3.58351893845611,4.110873864173311,11.480856715444723,7.3427791893318455,6.1070228877422545,4.276666119016055,6.858565034791365,3.713572066704308,2.8903717578961645,2.8903717578961645
7530,1950,PhD,Single,56551.0,1,1,2014-05-07,48,67,4,32,17,2,16,3,2,1,4,4,0,0,0,0,0,0,3,11,0,2014,5,7,2,1,138,75,4.330733340286331,3.8918202981106265,10.94291584785079,4.9344739331306915,4.219507705176107,1.6094379124341003,3.4965075614664802,2.8903717578961645,1.0986122886681096,2.833213344056216
8925,1965,Master,In a relationship,70053.0,0,1,2013-07-03,38,512,53,98,81,179,89,3,8,5,10,5,0,0,0,0,0,0,3,11,0,2013,7,3,1,1,1012,60,4.110873864173311,3.6635616461296463,11.157021652204842,6.920671504248683,6.240275845170769,3.9889840465642745,4.59511985013459,4.406719247264253,5.19295685089021,4.499809670330265
3009,1962,PhD,Single,71670.0,0,0,2013-07-09,8,1462,16,128,0,0,160,1,5,3,6,6,0,1,1,0,1,0,3,11,1,2013,7,9,0,0,1766,63,4.1588830833596715,2.1972245773362196,11.179841481730028,7.4770384723196965,7.288244401020124,2.833213344056216,4.859812404361672,0.0,0.0,5.081404364984463
6355,1978,Graduation,In a relationship,44359.0,1,1,2014-06-17,19,20,0,14,7,3,1,3,2,0,4,3,0,0,0,0,0,0,3,11,0,2014,6,17,2,1,45,47,3.8712010109078907,2.995732273553991,10.700093441464304,3.828641396489095,3.044522437723423,0.0,2.70805020110221,2.0794415416798357,1.3862943611198906,0.6931471805599453
3517,1952,Graduation,Single,40887.0,1,1,2013-05-06,32,50,4,44,10,10,43,3,3,1,3,9,0,0,0,0,0,0,3,11,1,2013,5,6,2,1,161,73,4.304065093204169,3.4965075614664802,10.618591900448115,5.087596335232384,3.9318256327243257,1.6094379124341003,3.8066624897703196,2.3978952727983707,2.3978952727983707,3.784189633918261
1158,1966,Graduation,Single,48877.0,0,1,2014-01-05,27,102,1,15,2,0,24,1,3,0,4,7,0,0,0,0,0,0,3,11,0,2014,1,5,1,1,144,59,4.0943445622221,3.332204510175204,10.797082676478094,4.976733742420574,4.634728988229636,0.6931471805599453,2.772588722239781,1.0986122886681096,0.0,3.2188758248682006
6203,1947,Graduation,In a relationship,74485.0,0,0,2013-08-24,58,499,149,815,173,49,49,1,6,7,12,3,0,0,0,0,0,0,3,11,0,2013,8,24,0,0,1734,78,4.3694478524670215,4.07753744390572,11.218366467245488,7.45876269238096,6.214608098422191,5.0106352940962555,6.704414354964107,5.159055299214529,3.912023005428146,3.912023005428146
7165,1972,Graduation,In a relationship,64474.0,0,1,2013-10-22,59,381,35,172,56,86,93,2,8,2,10,5,0,0,0,0,0,0,3,11,0,2013,10,22,1,1,823,53,3.9889840465642745,4.0943445622221,11.074032830749546,6.714170529909472,5.945420608606575,3.58351893845611,5.153291594497779,4.04305126783455,4.465908118654584,4.543294782270004
3595,1963,Graduation,In a relationship,77226.0,0,1,2014-02-28,29,631,43,239,128,76,21,2,6,8,12,3,0,0,0,0,0,0,3,11,0,2014,2,28,1,1,1138,62,4.143134726391533,3.4011973816621555,11.254504415800406,7.037905963447182,6.448889394146858,3.784189633918261,5.480638923341991,4.859812404361672,4.343805421853684,3.091042453358316
8537,1949,Graduation,Single,72643.0,0,0,2013-02-27,60,526,80,553,123,94,53,1,3,10,7,2,0,0,0,1,0,0,3,11,1,2013,2,27,0,0,1429,76,4.343805421853684,4.110873864173311,11.193326077838389,7.265429723253953,6.267200548541362,4.394449154672439,6.317164686747284,4.820281565605037,4.553876891600541,3.9889840465642745
4331,1978,Master,In a relationship,85738.0,0,0,2014-01-23,41,913,26,376,17,26,13,1,3,6,11,1,0,1,1,0,0,0,3,11,0,2014,1,23,0,0,1371,47,3.8712010109078907,3.7376696182833684,11.359063076916236,7.22402480828583,6.81783057145415,3.295836866004329,5.932245187448011,2.8903717578961645,3.295836866004329,2.639057329615259
6281,1966,Graduation,Single,55686.0,0,1,2013-02-14,27,673,0,199,37,47,26,2,6,3,5,4,1,0,0,0,0,0,3,11,0,2013,2,14,1,1,982,59,4.0943445622221,3.332204510175204,10.927502005497212,6.890609120147166,6.513230110912307,0.0,5.298317366548036,3.6375861597263857,3.8712010109078907,3.295836866004329
4338,1983,Graduation,Single,39062.0,1,0,2014-03-25,28,23,0,9,0,0,12,1,1,0,3,4,1,0,0,0,0,0,3,11,0,2014,3,25,1,1,44,42,3.7612001156935624,3.367295829986474,10.572931006396837,3.8066624897703196,3.1780538303479458,0.0,2.302585092994046,0.0,0.0,2.5649493574615367
2452,1971,Graduation,In a relationship,34600.0,1,1,2013-01-01,8,199,33,60,8,3,15,5,5,2,5,8,0,0,0,0,0,0,3,11,1,2013,1,1,2,1,318,54,4.007333185232471,2.1972245773362196,10.451637862362272,5.765191102784844,5.298317366548036,3.5263605246161616,4.110873864173311,2.1972245773362196,1.3862943611198906,2.772588722239781
9507,1975,Graduation,In a relationship,40794.0,0,1,2013-04-07,18,261,23,73,4,23,50,2,6,3,5,7,0,0,0,0,0,0,3,11,0,2013,4,7,1,1,434,50,3.9318256327243257,2.9444389791664403,10.6163148038629,6.075346031088684,5.568344503761097,3.1780538303479458,4.304065093204169,1.6094379124341003,3.1780538303479458,3.9318256327243257
8360,1971,2n Cycle,In a relationship,54690.0,1,1,2013-11-07,76,111,16,37,7,9,18,3,3,1,5,3,0,0,0,0,0,0,3,11,0,2013,11,7,2,1,198,54,4.007333185232471,4.343805421853684,10.909454441052057,5.293304824724492,4.718498871295094,2.833213344056216,3.6375861597263857,2.0794415416798357,2.302585092994046,2.9444389791664403
5117,1963,2n Cycle,In a relationship,32632.0,0,0,2012-08-02,32,63,151,137,153,19,53,2,4,4,8,5,0,0,0,0,0,0,3,11,0,2012,8,2,0,0,576,62,4.143134726391533,3.4965075614664802,10.393079325293726,6.3578422665081,4.1588830833596715,5.0238805208462765,4.927253685157205,5.0369526024136295,2.995732273553991,3.9889840465642745
4867,1968,PhD,Single,38236.0,1,1,2013-09-20,2,58,0,18,2,0,10,4,3,0,4,7,0,0,0,0,0,0,3,11,0,2013,9,20,2,1,88,57,4.060443010546419,1.0986122886681096,10.551558912204982,4.48863636973214,4.07753744390572,0.0,2.9444389791664403,1.0986122886681096,0.0,2.3978952727983707
9289,1979,Graduation,In a relationship,36781.0,1,0,2014-04-10,16,29,1,17,0,3,13,1,2,1,2,8,0,0,0,0,0,0,3,11,1,2014,4,10,1,1,63,46,3.8501476017100584,2.833213344056216,10.512763874058926,4.1588830833596715,3.4011973816621555,0.6931471805599453,2.8903717578961645,0.0,1.3862943611198906,2.639057329615259
10913,1984,Master,Single,31385.0,1,0,2012-12-05,56,3,2,12,0,1,9,1,1,0,2,8,1,0,0,0,0,0,3,11,1,2012,12,5,1,1,27,41,3.7376696182833684,4.04305126783455,10.354117212598666,3.332204510175204,1.3862943611198906,1.0986122886681096,2.5649493574615367,0.0,0.6931471805599453,2.302585092994046
3032,1984,Graduation,In a relationship,24570.0,1,0,2013-02-27,97,28,34,62,11,14,44,3,4,0,4,9,0,0,0,0,0,0,3,11,0,2013,2,27,1,1,193,41,3.7376696182833684,4.584967478670572,10.1093221647277,5.267858159063328,3.367295829986474,3.5553480614894135,4.143134726391533,2.4849066497880004,2.70805020110221,3.8066624897703196
8524,1974,PhD,Single,25509.0,1,0,2012-09-18,15,40,3,30,10,7,11,3,3,0,3,9,0,0,0,0,0,0,3,11,1,2012,9,18,1,1,101,51,3.9512437185814275,2.772588722239781,10.146825811135857,4.624972813284271,3.713572066704308,1.3862943611198906,3.4339872044851463,2.3978952727983707,2.0794415416798357,2.4849066497880004
3334,1951,Graduation,In a relationship,94642.0,0,0,2014-02-12,35,879,143,797,106,143,143,0,5,7,9,1,0,0,1,1,0,0,3,11,0,2014,2,12,0,0,2211,74,4.31748811353631,3.58351893845611,11.457867197220024,7.701652362642226,6.779921907472252,4.969813299576001,6.682108597449809,4.672828834461906,4.969813299576001,4.969813299576001
4470,1962,Master,In a relationship,58646.0,0,1,2013-06-10,3,62,1,44,6,5,22,1,2,1,4,4,0,0,0,0,0,0,3,11,0,2013,6,10,1,1,140,63,4.1588830833596715,1.3862943611198906,10.979291701878228,4.948759890378168,4.143134726391533,0.6931471805599453,3.8066624897703196,1.9459101490553132,1.791759469228055,3.1354942159291497
1406,1975,Graduation,Single,53201.0,1,1,2013-02-12,49,280,7,81,20,0,27,8,6,3,5,7,0,0,0,0,0,0,3,11,0,2013,2,12,2,1,415,50,3.9318256327243257,3.912023005428146,10.881851268608061,6.030685260261263,5.638354669333745,2.0794415416798357,4.406719247264253,3.044522437723423,0.0,3.332204510175204
8619,1957,Graduation,In a relationship,21994.0,0,1,2012-12-24,4,9,0,6,3,1,3,1,0,0,3,5,0,0,0,0,0,0,3,11,0,2012,12,24,1,1,22,68,4.23410650459726,1.6094379124341003,9.99857043378282,3.1354942159291497,2.302585092994046,0.0,1.9459101490553132,1.3862943611198906,0.6931471805599453,1.3862943611198906
10821,1978,Graduation,In a relationship,57113.0,1,1,2013-02-06,45,182,4,33,0,2,42,6,4,1,5,7,0,0,0,0,0,0,3,11,0,2013,2,6,2,1,263,47,3.8712010109078907,3.828641396489095,10.95280454947936,5.575949103146316,5.209486152841421,1.6094379124341003,3.5263605246161616,0.0,1.0986122886681096,3.7612001156935624
4552,1991,Graduation,In a relationship,51373.0,0,0,2013-06-22,37,83,2,101,64,26,117,1,3,5,3,4,0,0,0,0,0,0,3,11,0,2013,6,22,0,0,393,34,3.5553480614894135,3.6375861597263857,10.846887486888901,5.976350909297934,4.430816798843313,1.0986122886681096,4.624972813284271,4.174387269895637,3.295836866004329,4.770684624465665
898,1986,Graduation,In a relationship,23477.0,1,0,2013-10-21,39,38,15,54,3,8,29,3,3,0,4,8,0,0,0,0,0,0,3,11,0,2013,10,21,1,1,147,39,3.6888794541139363,3.6888794541139363,10.063819091438468,4.997212273764115,3.6635616461296463,2.772588722239781,4.007333185232471,1.3862943611198906,2.1972245773362196,3.4011973816621555
9797,1956,Graduation,In a relationship,58116.0,0,1,2014-04-13,38,228,19,130,4,11,51,2,3,3,8,2,0,0,0,0,0,0,3,11,0,2014,4,13,1,1,443,69,4.248495242049359,3.6635616461296463,10.97021349900857,6.095824562432225,5.43372200355424,2.995732273553991,4.875197323201151,1.6094379124341003,2.4849066497880004,3.9512437185814275
10949,1963,PhD,Single,72968.0,0,0,2013-12-16,8,1092,37,592,145,37,55,1,5,5,8,3,0,0,0,1,0,0,3,11,1,2013,12,16,0,0,1958,62,4.143134726391533,2.1972245773362196,11.197789972403736,7.580189417944541,6.996681488176539,3.6375861597263857,6.385194398997726,4.983606621708336,3.6375861597263857,4.02535169073515
8212,1971,Master,In a relationship,39791.0,0,1,2013-03-28,89,85,15,27,13,13,21,2,3,1,4,7,0,0,0,0,0,0,3,11,0,2013,3,28,1,1,174,54,4.007333185232471,4.499809670330265,10.591421166043187,5.1647859739235145,4.454347296253507,2.772588722239781,3.332204510175204,2.639057329615259,2.639057329615259,3.091042453358316
6248,1947,Master,Single,91712.0,0,0,2013-10-17,47,1276,24,746,94,29,48,0,9,7,11,3,0,0,1,0,0,0,3,11,1,2013,10,17,0,0,2217,78,4.3694478524670215,3.8712010109078907,11.426419414826933,7.704361167910313,7.152268856032539,3.2188758248682006,6.616065185132817,4.553876891600541,3.4011973816621555,3.8918202981106265
10164,1958,Graduation,Single,94472.0,0,1,2014-04-03,75,1017,33,417,108,100,16,1,5,5,5,5,0,1,1,0,0,0,3,11,0,2014,4,3,1,1,1691,67,4.219507705176107,4.330733340286331,11.456069358372018,7.433666540166168,6.925595197110468,3.5263605246161616,6.035481432524756,4.6913478822291435,4.61512051684126,2.833213344056216
4547,1960,Graduation,In a relationship,13672.0,1,1,2013-04-17,86,6,2,9,2,1,5,2,1,0,3,8,0,0,0,0,0,0,3,11,0,2013,4,17,2,1,25,65,4.189654742026425,4.465908118654584,9.523178364309082,3.258096538021482,1.9459101490553132,1.0986122886681096,2.302585092994046,1.0986122886681096,0.6931471805599453,1.791759469228055
6815,1980,2n Cycle,In a relationship,96547.0,0,0,2014-05-23,4,448,21,125,52,101,62,0,7,6,8,2,1,0,1,1,0,0,3,11,1,2014,5,23,0,0,809,45,3.828641396489095,1.6094379124341003,11.47779557298649,6.697034247666484,6.1070228877422545,3.091042453358316,4.836281906951478,3.970291913552122,4.624972813284271,4.143134726391533
4122,1975,Graduation,In a relationship,79205.0,0,0,2012-08-29,73,504,23,117,179,28,44,1,6,5,4,4,0,0,0,1,0,0,3,11,1,2012,8,29,0,0,895,50,3.9318256327243257,4.304065093204169,11.279807332508815,6.79794041297493,6.22455842927536,3.1780538303479458,4.770684624465665,5.19295685089021,3.367295829986474,3.8066624897703196
10841,1975,PhD,In a relationship,56559.0,0,1,2012-12-25,46,226,22,133,41,31,31,3,4,3,8,4,0,0,0,0,0,0,3,11,0,2012,12,25,1,1,484,50,3.9318256327243257,3.8501476017100584,10.943057300570455,6.184148890937483,5.424950017481403,3.1354942159291497,4.897839799950911,3.7376696182833684,3.4657359027997265,3.4657359027997265
5370,1973,PhD,In a relationship,32644.0,1,0,2013-01-16,38,239,3,141,0,7,23,4,7,1,6,8,1,0,0,0,0,0,3,11,0,2013,1,16,1,1,413,52,3.970291913552122,3.6635616461296463,10.393446983620734,6.025865973825314,5.480638923341991,1.3862943611198906,4.955827057601261,0.0,2.0794415416798357,3.1780538303479458
176,1980,2n Cycle,Single,67506.0,0,1,2014-01-02,73,90,38,67,33,36,67,1,4,1,6,3,0,0,0,0,0,0,3,11,0,2014,1,2,1,1,331,45,3.828641396489095,4.304065093204169,11.119986575187468,5.805134968916488,4.51085950651685,3.6635616461296463,4.219507705176107,3.5263605246161616,3.6109179126442243,4.219507705176107
4860,1970,Graduation,Single,24206.0,1,0,2013-03-08,66,7,2,8,3,2,3,1,1,0,3,6,0,0,0,0,0,0,3,11,0,2013,3,8,1,1,25,55,4.02535169073515,4.204692619390966,10.094397126516617,3.258096538021482,2.0794415416798357,1.0986122886681096,2.1972245773362196,1.3862943611198906,1.0986122886681096,1.3862943611198906
10757,1967,PhD,Single,28420.0,1,0,2013-12-24,36,4,2,5,2,0,0,1,1,0,2,6,0,0,0,0,0,0,3,11,0,2013,12,24,1,1,13,58,4.07753744390572,3.6109179126442243,10.25488358752045,2.639057329615259,1.6094379124341003,1.0986122886681096,1.791759469228055,1.0986122886681096,0.0,0.0
4023,1970,Graduation,In a relationship,22979.0,1,0,2012-09-06,29,16,17,19,20,21,22,3,3,2,2,8,0,0,0,0,0,0,3,11,1,2012,9,6,1,1,115,55,4.02535169073515,3.4011973816621555,10.042379551402746,4.7535901911063645,2.833213344056216,2.8903717578961645,2.995732273553991,3.044522437723423,3.091042453358316,3.1354942159291497
6679,1966,Graduation,Single,33279.0,0,0,2014-06-12,29,10,3,3,0,0,0,1,0,0,3,3,0,0,0,0,0,0,3,11,0,2014,6,12,0,0,16,59,4.0943445622221,3.4011973816621555,10.412711894935144,2.833213344056216,2.3978952727983707,1.3862943611198906,1.3862943611198906,0.0,0.0,0.0
9923,1972,Master,Single,46423.0,1,1,2013-09-18,6,68,0,16,0,0,8,3,2,0,4,7,0,0,0,0,0,0,3,11,0,2013,9,18,2,1,92,53,3.9889840465642745,1.9459101490553132,10.745571845870444,4.532599493153256,4.23410650459726,0.0,2.833213344056216,0.0,0.0,2.1972245773362196
7181,1977,Graduation,In a relationship,30368.0,0,1,2013-11-07,97,35,0,13,2,0,2,2,2,0,3,8,0,0,0,0,0,0,3,11,0,2013,11,7,1,1,52,48,3.8918202981106265,4.584967478670572,10.321177630266861,3.970291913552122,3.58351893845611,0.0,2.639057329615259,1.0986122886681096,0.0,1.0986122886681096
3599,1970,Graduation,In a relationship,63684.0,0,1,2012-11-26,61,575,80,428,208,93,80,3,8,4,8,5,0,0,0,0,0,0,3,11,0,2012,11,26,1,1,1464,55,4.02535169073515,4.127134385045092,11.06170433502386,7.289610521451167,6.3561076606958915,4.394449154672439,6.061456918928017,5.342334251964811,4.543294782270004,4.394449154672439
405,1964,Graduation,Single,41638.0,0,1,2013-02-13,68,315,0,31,4,0,91,4,5,5,3,8,1,0,0,0,0,0,3,11,0,2013,2,13,1,1,441,61,4.127134385045092,4.23410650459726,10.636792507070695,6.091309882077698,5.755742213586912,0.0,3.4657359027997265,1.6094379124341003,0.0,4.5217885770490405
6870,1959,PhD,Single,68805.0,0,1,2013-09-17,73,182,2,49,17,13,20,1,3,1,7,2,0,0,0,0,0,0,3,11,0,2013,9,17,1,1,283,66,4.204692619390966,4.304065093204169,11.13904622942125,5.648974238161206,5.209486152841421,1.0986122886681096,3.912023005428146,2.8903717578961645,2.639057329615259,3.044522437723423
832,1966,PhD,In a relationship,65814.0,0,1,2014-03-02,90,561,14,113,10,14,35,3,8,2,10,5,0,0,0,0,0,0,3,11,0,2014,3,2,1,1,747,59,4.0943445622221,4.51085950651685,11.094603054859508,6.617402977974478,6.331501849893691,2.70805020110221,4.736198448394496,2.3978952727983707,2.70805020110221,3.58351893845611
2002,1958,Graduation,Single,71964.0,0,0,2013-05-20,81,587,51,932,180,34,86,1,5,6,5,3,0,0,0,0,0,0,3,11,0,2013,5,20,0,0,1870,67,4.219507705176107,4.406719247264253,11.18393516869677,7.534228326274089,6.376726947898627,3.9512437185814275,6.838405200847344,5.198497031265826,3.5553480614894135,4.465908118654584
3657,1986,Graduation,Single,39146.0,1,0,2013-02-14,1,94,1,33,13,12,12,3,4,0,4,8,0,0,0,0,0,0,3,11,0,2013,2,14,1,1,165,39,3.6888794541139363,0.6931471805599453,10.575079070130357,5.111987788356544,4.553876891600541,0.6931471805599453,3.5263605246161616,2.639057329615259,2.5649493574615367,2.5649493574615367
500,1977,Graduation,In a relationship,96876.0,0,0,2013-08-06,79,908,43,735,40,194,21,1,7,7,9,2,0,1,1,1,0,0,3,11,1,2013,8,6,0,0,1941,48,3.8918202981106265,4.382026634673881,11.48119741160383,7.571473648851271,6.812345094177479,3.784189633918261,6.601230118728877,3.713572066704308,5.272999558563747,3.091042453358316
1951,1981,Basic,In a relationship,34445.0,0,0,2013-01-27,92,228,122,122,208,129,30,6,11,2,8,9,0,0,0,0,0,0,3,11,0,2013,1,27,0,0,839,44,3.8066624897703196,4.532599493153256,10.447148159395692,6.733401891837359,5.43372200355424,4.812184355372417,4.812184355372417,5.342334251964811,4.867534450455582,3.4339872044851463
3262,1958,Graduation,Single,68281.0,0,0,2012-08-07,31,995,112,417,42,48,41,1,2,9,13,5,0,0,0,0,0,0,3,11,1,2012,8,7,0,0,1655,67,4.219507705176107,3.4657359027997265,11.13140146763347,7.412160334945205,6.903747257584598,4.727387818712341,6.035481432524756,3.7612001156935624,3.8918202981106265,3.7376696182833684
4102,1975,2n Cycle,In a relationship,37284.0,1,1,2013-03-29,46,11,1,2,2,1,6,1,0,0,3,6,0,0,0,0,0,0,3,11,0,2013,3,29,2,1,23,50,3.9318256327243257,3.8501476017100584,10.526346379977895,3.1780538303479458,2.4849066497880004,0.6931471805599453,1.0986122886681096,1.0986122886681096,0.6931471805599453,1.9459101490553132
7042,1983,Graduation,In a relationship,36790.0,0,0,2013-03-01,14,3,3,14,15,21,10,1,2,1,2,9,0,0,0,0,0,0,3,11,1,2013,3,1,0,0,66,42,3.7612001156935624,2.70805020110221,10.513008529028681,4.204692619390966,1.3862943611198906,1.3862943611198906,2.70805020110221,2.772588722239781,3.091042453358316,2.3978952727983707
10598,1967,Graduation,In a relationship,27943.0,1,1,2013-04-15,89,12,1,16,4,1,3,3,2,0,3,8,0,0,0,0,0,0,3,11,0,2013,4,15,2,1,37,58,4.07753744390572,4.499809670330265,10.237957786486668,3.6375861597263857,2.5649493574615367,0.6931471805599453,2.833213344056216,1.6094379124341003,0.6931471805599453,1.3862943611198906
255,1951,Graduation,Single,22263.0,1,1,2014-03-30,31,17,0,2,0,0,2,2,1,0,3,6,0,0,0,0,0,1,3,11,0,2014,3,30,2,1,21,74,4.31748811353631,3.4657359027997265,10.010726303205727,3.091042453358316,2.8903717578961645,0.0,1.0986122886681096,0.0,0.0,1.0986122886681096
2375,1972,Graduation,In a relationship,30261.0,1,2,2012-09-25,75,8,0,5,0,3,6,1,0,0,3,8,0,0,0,0,0,0,3,11,0,2012,9,25,3,1,22,53,3.9889840465642745,4.330733340286331,10.317648079011516,3.1354942159291497,2.1972245773362196,0.0,1.791759469228055,0.0,1.3862943611198906,1.9459101490553132
9829,1978,Graduation,In a relationship,28587.0,1,0,2014-02-12,42,22,4,17,12,10,13,3,2,0,4,6,0,0,0,0,0,0,3,11,0,2014,2,12,1,1,78,47,3.8712010109078907,3.7612001156935624,10.26074232833987,4.3694478524670215,3.1354942159291497,1.6094379124341003,2.8903717578961645,2.5649493574615367,2.3978952727983707,2.639057329615259
6214,1982,Master,In a relationship,43815.0,1,0,2013-04-05,53,14,10,29,4,7,15,1,2,0,3,6,0,0,0,0,0,0,3,11,0,2013,4,5,1,1,79,43,3.784189633918261,3.9889840465642745,10.687754326463557,4.382026634673881,2.70805020110221,2.3978952727983707,3.4011973816621555,1.6094379124341003,2.0794415416798357,2.772588722239781
4954,1956,Graduation,In a relationship,48195.0,1,1,2014-01-21,53,106,27,68,52,7,5,6,4,2,5,6,0,0,0,0,0,0,3,11,0,2014,1,21,2,1,265,69,4.248495242049359,3.9889840465642745,10.783031309043167,5.583496308781699,4.672828834461906,3.332204510175204,4.23410650459726,3.970291913552122,2.0794415416798357,1.791759469228055
7861,1952,Master,In a relationship,77027.0,0,1,2014-02-05,23,820,57,242,45,0,11,2,8,3,6,4,0,0,0,0,0,0,3,11,0,2014,2,5,1,1,1175,73,4.304065093204169,3.1780538303479458,11.251924271099778,7.069874128458572,6.710523109452428,4.060443010546419,5.493061443340548,3.828641396489095,0.0,2.4849066497880004
4837,1965,PhD,In a relationship,71322.0,0,1,2013-02-16,57,753,43,226,69,10,204,2,8,5,13,4,0,0,0,0,0,0,3,11,0,2013,2,16,1,1,1305,60,4.110873864173311,4.060443010546419,11.174974135029599,7.174724309836376,6.625392368007956,3.784189633918261,5.424950017481403,4.248495242049359,2.3978952727983707,5.3230099791384085
9423,1979,Master,In a relationship,32765.0,1,0,2014-02-23,49,13,3,17,7,3,3,2,2,0,4,5,0,0,0,0,0,0,3,11,0,2014,2,23,1,1,46,46,3.8501476017100584,3.912023005428146,10.39714667138021,3.8501476017100584,2.639057329615259,1.3862943611198906,2.8903717578961645,2.0794415416798357,1.3862943611198906,1.3862943611198906
4198,1965,Graduation,In a relationship,29672.0,1,1,2013-03-12,6,9,1,3,0,4,8,1,0,0,3,6,0,0,0,0,0,0,3,11,0,2013,3,12,2,1,25,60,4.110873864173311,1.9459101490553132,10.29799282040795,3.258096538021482,2.302585092994046,0.6931471805599453,1.3862943611198906,0.0,1.6094379124341003,2.1972245773362196
153,1953,Graduation,Single,23272.0,0,0,2013-10-17,29,19,3,6,4,2,12,1,1,0,3,4,0,0,0,0,0,0,3,11,0,2013,10,17,0,0,46,72,4.290459441148391,3.4011973816621555,10.055049169344665,3.8501476017100584,2.995732273553991,1.3862943611198906,1.9459101490553132,1.6094379124341003,1.0986122886681096,2.5649493574615367
9323,1949,Master,In a relationship,49912.0,0,1,2012-09-07,5,520,8,223,32,49,42,4,10,5,7,8,1,0,0,0,0,0,3,11,1,2012,9,7,1,1,874,76,4.343805421853684,1.791759469228055,10.81803676885198,6.774223886357614,6.255750041753367,2.1972245773362196,5.4116460518550396,3.4965075614664802,3.912023005428146,3.7612001156935624
10001,1985,2n Cycle,In a relationship,7500.0,1,0,2012-08-01,98,5,17,17,13,14,34,4,2,1,3,9,0,0,0,0,0,0,3,11,0,2012,8,1,1,1,100,40,3.713572066704308,4.59511985013459,8.922791623969637,4.61512051684126,1.791759469228055,2.8903717578961645,2.8903717578961645,2.639057329615259,2.70805020110221,3.5553480614894135
3945,1947,PhD,Single,68117.0,0,1,2013-03-10,80,618,44,215,0,17,36,2,11,8,4,6,1,0,0,0,0,0,3,11,1,2013,3,10,1,1,930,78,4.3694478524670215,4.394449154672439,11.128996774392588,6.836259277277067,6.428105272684596,3.8066624897703196,5.375278407684165,0.0,2.8903717578961645,3.6109179126442243
3799,1955,Graduation,In a relationship,67225.0,0,1,2013-11-26,4,315,35,322,46,7,143,3,7,2,11,5,0,0,0,0,0,0,3,11,0,2013,11,26,1,1,868,70,4.2626798770413155,1.6094379124341003,11.115815356444799,6.767343125265392,5.755742213586912,3.58351893845611,5.777652323222656,3.8501476017100584,2.0794415416798357,4.969813299576001
8625,1976,Graduation,In a relationship,17649.0,1,0,2013-11-12,70,15,1,23,0,5,1,3,3,0,3,8,0,0,0,0,0,0,3,11,0,2013,11,12,1,1,45,49,3.912023005428146,4.2626798770413155,9.778491062361443,3.828641396489095,2.772588722239781,0.6931471805599453,3.1780538303479458,0.0,1.791759469228055,0.6931471805599453
3491,1975,Graduation,In a relationship,55914.0,0,1,2013-04-29,32,384,60,364,119,101,232,4,11,6,8,7,0,0,0,0,0,0,3,11,0,2013,4,29,1,1,1260,50,3.9318256327243257,3.4965075614664802,10.93158795946229,7.139660335964919,5.953243334287785,4.110873864173311,5.8998973535824915,4.787491742782046,4.624972813284271,5.4510384535657
983,1984,Graduation,In a relationship,40059.0,1,0,2013-09-28,82,110,29,92,28,10,145,1,6,2,3,8,1,0,0,0,0,0,3,11,0,2013,9,28,1,1,414,41,3.7376696182833684,4.418840607796598,10.59813360921981,6.028278520230698,4.709530201312334,3.4011973816621555,4.532599493153256,3.367295829986474,2.3978952727983707,4.983606621708336
9119,1950,Graduation,In a relationship,60905.0,0,1,2013-12-05,27,208,17,76,36,17,38,2,3,3,7,2,0,0,0,0,0,0,3,11,0,2013,12,5,1,1,392,75,4.330733340286331,3.332204510175204,11.017086971012485,5.973809611869261,5.342334251964811,2.8903717578961645,4.343805421853684,3.6109179126442243,2.8903717578961645,3.6635616461296463
4786,1977,Graduation,In a relationship,75330.0,1,1,2012-10-04,94,555,82,257,93,61,61,4,10,3,12,6,0,0,0,0,0,0,3,11,0,2012,10,4,2,1,1109,48,3.8918202981106265,4.553876891600541,11.2296470156553,7.01211529430638,6.320768294250582,4.418840607796598,5.552959584921617,4.543294782270004,4.127134385045092,4.127134385045092
5872,1951,Graduation,Single,60689.0,0,1,2013-06-01,23,240,90,216,63,6,24,4,4,4,10,3,0,0,0,0,0,0,3,11,0,2013,6,1,1,1,639,74,4.31748811353631,3.1780538303479458,11.013534218829902,6.461468176353717,5.484796933490655,4.51085950651685,5.37989735354046,4.1588830833596715,1.9459101490553132,3.2188758248682006
6568,1984,Graduation,In a relationship,38680.0,1,0,2013-03-28,97,11,0,36,15,5,12,1,2,0,3,7,0,0,0,0,0,0,3,11,0,2013,3,28,1,1,79,41,3.7376696182833684,4.584967478670572,10.563103802387129,4.382026634673881,2.4849066497880004,0.0,3.6109179126442243,2.772588722239781,1.791759469228055,2.5649493574615367
5628,1982,Graduation,In a relationship,61416.0,0,0,2013-02-08,25,848,154,323,201,61,78,1,10,3,10,6,1,0,0,0,0,0,3,11,0,2013,2,8,0,0,1665,43,3.784189633918261,3.258096538021482,11.025441948777157,7.418180822726788,6.744059186311348,5.043425116919247,5.780743515792329,5.308267697401205,4.127134385045092,4.3694478524670215
5631,1991,Graduation,Single,49767.0,0,0,2013-05-02,92,202,47,197,55,42,149,1,5,4,8,4,0,0,0,0,0,0,3,11,0,2013,5,2,0,0,692,34,3.5553480614894135,4.532599493153256,10.815127486194855,6.541029999189903,5.313205979041787,3.8712010109078907,5.288267030694535,4.02535169073515,3.7612001156935624,5.0106352940962555
4974,1970,Graduation,Single,83273.0,1,2,2012-09-25,98,433,89,650,16,102,102,10,4,6,9,7,0,0,0,0,0,0,3,11,0,2012,9,25,3,1,1392,55,4.02535169073515,4.59511985013459,11.329891654583895,7.239214973779806,6.073044534100405,4.499809670330265,6.478509642208569,2.833213344056216,4.634728988229636,4.634728988229636
8416,1981,Graduation,In a relationship,29009.0,1,0,2013-11-29,19,6,6,15,10,5,2,2,2,0,3,6,0,0,0,0,0,0,3,11,0,2013,11,29,1,1,44,44,3.8066624897703196,2.995732273553991,10.27539587711545,3.8066624897703196,1.9459101490553132,1.9459101490553132,2.772588722239781,2.3978952727983707,1.791759469228055,1.0986122886681096
5454,1979,Master,In a relationship,45057.0,1,0,2013-12-01,80,37,0,7,3,0,3,1,2,0,3,5,0,0,0,0,0,0,3,11,0,2013,12,1,1,1,50,46,3.8501476017100584,4.394449154672439,10.715705827737088,3.9318256327243257,3.6375861597263857,0.0,2.0794415416798357,1.3862943611198906,0.0,1.3862943611198906
4095,1971,Graduation,In a relationship,37150.0,1,0,2012-09-11,80,167,37,64,49,34,116,8,4,3,6,7,0,0,0,0,0,0,3,11,0,2012,9,11,1,1,467,54,4.007333185232471,4.394449154672439,10.52274596768403,6.148468295917647,5.123963979403259,3.6375861597263857,4.174387269895637,3.912023005428146,3.5553480614894135,4.762173934797756
5474,1970,Graduation,Single,43020.0,1,0,2013-11-30,79,45,7,99,4,25,43,3,4,1,4,6,0,0,0,0,0,0,3,11,0,2013,11,30,1,1,223,55,4.02535169073515,4.382026634673881,10.669443647553885,5.4116460518550396,3.828641396489095,2.0794415416798357,4.605170185988092,1.6094379124341003,3.258096538021482,3.784189633918261
4268,1959,Graduation,In a relationship,53154.0,0,1,2014-06-09,50,129,0,21,0,1,7,1,3,1,4,4,0,0,0,0,0,0,3,11,0,2014,6,9,1,1,158,66,4.204692619390966,3.9318256327243257,10.880967452722706,5.0689042022202315,4.867534450455582,0.0,3.091042453358316,0.0,0.6931471805599453,2.0794415416798357
10701,1973,Graduation,In a relationship,65308.0,0,0,2013-09-11,60,713,0,264,120,80,34,1,7,8,12,4,0,0,1,1,0,0,3,11,0,2013,9,11,0,0,1211,52,3.970291913552122,4.110873864173311,11.086885131188605,7.10002716662926,6.570882962339584,0.0,5.579729825986222,4.795790545596741,4.394449154672439,3.5553480614894135
3507,1970,Graduation,Single,76467.0,1,0,2012-08-17,44,676,161,426,210,44,58,2,2,5,5,6,0,0,0,0,0,0,3,11,1,2012,8,17,1,1,1575,55,4.02535169073515,3.8066624897703196,11.244627631648909,7.362645270417825,6.517671272912275,5.087596335232384,6.056784013228625,5.351858133476067,3.8066624897703196,4.07753744390572
2079,1947,2n Cycle,In a relationship,81044.0,0,0,2013-12-27,0,450,26,535,73,98,26,1,5,6,10,1,0,0,0,0,0,0,3,11,0,2013,12,27,0,0,1208,78,4.3694478524670215,0.0,11.302759834946276,7.097548850614793,6.111467339502679,3.295836866004329,6.284134161070802,4.304065093204169,4.59511985013459,3.295836866004329
626,1951,Graduation,In a relationship,32871.0,1,1,2013-03-09,28,22,2,12,0,2,5,1,1,0,3,4,0,0,0,0,0,0,3,11,0,2013,3,9,2,1,43,74,4.31748811353631,3.367295829986474,10.400376510563246,3.784189633918261,3.1354942159291497,1.0986122886681096,2.5649493574615367,0.0,1.0986122886681096,1.791759469228055
4426,1975,Graduation,Single,55801.0,1,1,2013-09-22,35,367,4,51,6,4,95,6,7,2,6,7,0,0,0,1,0,0,3,11,0,2013,9,22,2,1,527,50,3.9318256327243257,3.58351893845611,10.929564990020989,6.269096283706261,5.908082938168931,1.6094379124341003,3.9512437185814275,1.9459101490553132,1.6094379124341003,4.564348191467836
2591,1959,Graduation,Single,76320.0,0,1,2014-06-22,49,526,35,214,69,53,35,2,6,3,4,2,0,0,0,0,0,0,3,11,0,2014,6,22,1,1,932,66,4.204692619390966,3.912023005428146,11.242703408761695,6.838405200847344,6.267200548541362,3.58351893845611,5.3706380281276624,4.248495242049359,3.9889840465642745,3.58351893845611
10509,1955,Master,Single,36927.0,1,1,2014-06-02,46,51,0,16,0,0,4,2,3,0,3,8,0,0,0,0,0,0,3,11,0,2014,6,2,2,1,71,70,4.2626798770413155,3.8501476017100584,10.516725349867771,4.276666119016055,3.9512437185814275,0.0,2.833213344056216,0.0,0.0,1.6094379124341003
6382,1953,Graduation,In a relationship,48794.0,1,1,2014-06-26,97,25,0,11,3,0,15,1,1,0,3,4,0,0,0,0,0,0,3,11,0,2014,6,26,2,1,54,72,4.290459441148391,4.584967478670572,10.795383127575562,4.007333185232471,3.258096538021482,0.0,2.4849066497880004,1.3862943611198906,0.0,2.772588722239781
6673,1965,Graduation,Single,23478.0,0,0,2013-03-19,51,28,6,27,12,17,39,1,3,0,3,8,0,0,0,0,0,0,3,11,0,2013,3,19,0,0,129,60,4.110873864173311,3.9512437185814275,10.063861683597258,4.867534450455582,3.367295829986474,1.9459101490553132,3.332204510175204,2.5649493574615367,2.8903717578961645,3.6888794541139363
7441,1973,Graduation,Single,71128.0,1,0,2012-10-06,80,958,159,447,20,0,31,3,2,10,12,7,0,0,0,0,0,0,3,11,0,2012,10,6,1,1,1615,52,3.970291913552122,4.394449154672439,11.172250408863095,7.38770923908104,6.8658910748834385,5.075173815233827,6.104793232414985,3.044522437723423,0.0,3.4657359027997265
1071,1976,PhD,Single,70179.0,0,1,2013-07-21,10,532,88,168,69,44,133,3,7,3,13,5,0,0,0,0,0,0,3,11,0,2013,7,21,1,1,1034,49,3.912023005428146,2.3978952727983707,11.158818649137206,6.942156705699469,6.278521424165844,4.48863636973214,5.1298987149230735,4.248495242049359,3.8066624897703196,4.897839799950911
10061,1950,Graduation,In a relationship,59462.0,0,1,2013-01-05,29,724,17,143,0,8,196,2,9,2,12,7,0,0,0,0,0,0,3,11,0,2013,1,5,1,1,1088,75,4.330733340286331,3.4011973816621555,10.993109549366105,6.9930151229329605,6.586171654854675,2.8903717578961645,4.969813299576001,0.0,2.1972245773362196,5.2832037287379885
8775,1969,Graduation,In a relationship,38361.0,1,0,2013-12-27,74,39,0,56,20,8,14,3,3,1,3,7,0,0,0,0,0,0,3,11,0,2013,12,27,1,1,137,56,4.04305126783455,4.31748811353631,10.554822665281634,4.927253685157205,3.6888794541139363,0.0,4.04305126783455,3.044522437723423,2.1972245773362196,2.70805020110221
2345,1982,PhD,In a relationship,70038.0,0,0,2013-10-25,54,587,54,348,71,54,130,1,4,4,8,2,0,0,0,0,0,0,3,11,0,2013,10,25,0,0,1244,43,3.784189633918261,4.007333185232471,11.15680750874218,7.126890808898808,6.376726947898627,4.007333185232471,5.855071922202427,4.276666119016055,4.007333185232471,4.875197323201151
322,1978,Graduation,In a relationship,42554.0,1,1,2013-01-12,93,29,1,11,0,0,0,2,2,0,3,4,0,0,0,0,0,0,3,11,0,2013,1,12,2,1,41,47,3.8712010109078907,4.543294782270004,10.658552635911061,3.7376696182833684,3.4011973816621555,0.6931471805599453,2.4849066497880004,0.0,0.0,0.0
10897,1974,Graduation,In a relationship,67445.0,0,1,2012-08-12,63,757,80,217,29,80,11,5,9,6,12,6,0,0,0,0,0,0,3,11,0,2012,8,12,1,1,1174,51,3.9512437185814275,4.1588830833596715,11.119082556689852,7.069023426578259,6.630683385642372,4.394449154672439,5.384495062789089,3.4011973816621555,4.394449154672439,2.4849066497880004
123,1951,Graduation,Single,67046.0,0,1,2013-01-06,92,544,35,133,23,151,107,2,4,5,4,2,0,0,0,0,0,0,3,11,0,2013,1,6,1,1,993,74,4.31748811353631,4.532599493153256,11.113149144979532,6.901737206656574,6.300785794663244,3.58351893845611,4.897839799950911,3.1780538303479458,5.0238805208462765,4.68213122712422
6103,1948,Graduation,In a relationship,42192.0,0,0,2013-09-06,40,40,15,15,17,6,7,1,2,1,3,4,0,0,0,0,0,0,3,11,0,2013,9,6,0,0,100,77,4.356708826689592,3.713572066704308,10.650009609487778,4.61512051684126,3.713572066704308,2.772588722239781,2.772588722239781,2.8903717578961645,1.9459101490553132,2.0794415416798357
7899,1952,PhD,In a relationship,77610.0,0,1,2012-10-29,70,1245,33,332,21,33,16,2,4,7,4,7,0,0,0,0,0,0,3,11,0,2012,10,29,1,1,1680,73,4.304065093204169,4.2626798770413155,11.259464448702682,7.427144133408616,7.1276936993473985,3.5263605246161616,5.808142489980444,3.091042453358316,3.5263605246161616,2.833213344056216
10500,1984,Graduation,In a relationship,31761.0,1,0,2014-04-05,96,19,1,20,16,14,28,2,3,0,4,5,0,0,0,0,0,0,3,11,0,2014,4,5,1,1,98,41,3.7376696182833684,4.574710978503383,10.366025885670592,4.59511985013459,2.995732273553991,0.6931471805599453,3.044522437723423,2.833213344056216,2.70805020110221,3.367295829986474
1655,1979,Graduation,In a relationship,34350.0,1,0,2013-10-19,81,16,3,15,2,1,11,1,1,0,3,7,0,0,0,0,0,0,3,11,0,2013,10,19,1,1,48,46,3.8501476017100584,4.406719247264253,10.444386409308262,3.8918202981106265,2.833213344056216,1.3862943611198906,2.772588722239781,1.0986122886681096,0.6931471805599453,2.4849066497880004
2406,1949,Graduation,In a relationship,54591.0,0,1,2013-08-05,63,376,4,94,12,9,24,3,6,2,8,5,0,0,0,0,0,0,3,11,0,2013,8,5,1,1,519,76,4.343805421853684,4.1588830833596715,10.90764263085135,6.253828811575473,5.932245187448011,1.6094379124341003,4.553876891600541,2.5649493574615367,2.302585092994046,3.2188758248682006
2712,1956,Graduation,In a relationship,71866.0,0,1,2013-12-25,85,184,178,178,103,39,33,1,6,3,10,3,0,0,0,0,0,0,3,11,0,2013,12,25,1,1,715,69,4.248495242049359,4.454347296253507,11.182572467557037,6.573680166960646,5.220355825078325,5.187385805840755,5.187385805840755,4.6443908991413725,3.6888794541139363,3.5263605246161616
5517,1969,Graduation,In a relationship,25293.0,1,0,2013-09-15,51,15,0,11,0,2,9,1,1,1,2,8,0,0,0,0,0,0,3,11,0,2013,9,15,1,1,37,56,4.04305126783455,3.9512437185814275,10.138322492439922,3.6375861597263857,2.772588722239781,0.0,2.4849066497880004,0.0,1.0986122886681096,2.302585092994046
10643,1987,PhD,Single,42000.0,0,0,2013-01-10,23,124,83,267,85,59,35,2,5,2,11,5,0,0,0,0,0,0,3,11,1,2013,1,10,0,0,653,38,3.6635616461296463,3.1780538303479458,10.645448706505872,6.483107351457199,4.8283137373023015,4.430816798843313,5.5909869805108565,4.454347296253507,4.0943445622221,3.58351893845611
2254,1983,Graduation,In a relationship,69520.0,0,0,2013-07-07,95,627,120,414,121,80,93,1,9,6,5,5,0,0,0,0,0,0,3,11,0,2013,7,7,0,0,1455,42,3.7612001156935624,4.564348191467836,11.149384144185648,7.283448228756631,6.4425401664681985,4.795790545596741,6.028278520230698,4.804021044733257,4.394449154672439,4.543294782270004
10281,1970,Graduation,Single,64713.0,1,0,2014-02-07,11,180,60,241,13,54,54,2,5,5,7,4,0,0,0,0,0,0,3,11,1,2014,2,7,1,1,602,55,4.02535169073515,2.4849066497880004,11.077732840389075,6.401917196727186,5.198497031265826,4.110873864173311,5.488937726156687,2.639057329615259,4.007333185232471,4.007333185232471
6958,1977,Master,In a relationship,27889.0,1,0,2013-07-05,42,14,0,4,0,0,8,1,1,1,2,6,0,0,0,0,0,0,3,11,0,2013,7,5,1,1,26,48,3.8918202981106265,3.7612001156935624,10.236023480621535,3.295836866004329,2.70805020110221,0.0,1.6094379124341003,0.0,0.0,2.1972245773362196
954,1960,Basic,Single,22123.0,0,0,2014-03-27,77,3,3,24,34,7,31,1,2,1,3,5,0,0,0,0,0,0,3,11,0,2014,3,27,0,0,102,65,4.189654742026425,4.356708826689592,10.004418271114568,4.634728988229636,1.3862943611198906,1.3862943611198906,3.2188758248682006,3.5553480614894135,2.0794415416798357,3.4657359027997265
4643,1973,Graduation,In a relationship,27803.0,1,0,2012-08-26,40,8,26,46,38,9,49,2,3,0,4,8,0,0,0,0,0,0,3,11,0,2012,8,26,1,1,176,52,3.970291913552122,3.713572066704308,10.232935174220376,5.176149732573829,2.1972245773362196,3.295836866004329,3.8501476017100584,3.6635616461296463,2.302585092994046,3.912023005428146
6497,1960,Graduation,In a relationship,51651.0,0,1,2012-11-07,32,293,6,23,13,6,92,4,6,2,5,8,0,0,0,0,0,0,3,11,0,2012,11,7,1,1,433,65,4.189654742026425,3.4965075614664802,10.852284195966542,6.073044534100405,5.683579767338681,1.9459101490553132,3.1780538303479458,2.639057329615259,1.9459101490553132,4.532599493153256
5396,1988,Graduation,In a relationship,68487.0,0,0,2013-01-13,48,758,12,385,33,89,89,1,9,7,13,4,0,0,0,0,0,0,3,11,0,2013,1,13,0,0,1366,37,3.6375861597263857,3.8918202981106265,11.134413826422321,7.220373836723949,6.6320017773956295,2.5649493574615367,5.955837369464831,3.5263605246161616,4.499809670330265,4.499809670330265
1052,1969,Graduation,In a relationship,56796.0,0,1,2013-02-16,24,656,38,161,62,47,37,3,8,9,7,7,0,0,0,0,0,0,3,11,0,2013,2,16,1,1,1001,56,4.04305126783455,3.2188758248682006,10.947238786412973,6.90975328164481,6.487684018484611,3.6635616461296463,5.087596335232384,4.143134726391533,3.8712010109078907,3.6375861597263857
2802,1992,2n Cycle,In a relationship,87000.0,0,0,2012-12-15,61,196,25,607,67,17,49,1,4,6,7,2,0,0,0,0,0,0,3,11,0,2012,12,15,0,0,961,33,3.5263605246161616,4.127134385045092,11.373674891823535,6.8690144506657065,5.2832037287379885,3.258096538021482,6.410174881966167,4.219507705176107,2.8903717578961645,3.912023005428146
6343,1959,Graduation,In a relationship,79823.0,0,1,2014-03-31,6,835,73,380,114,73,43,1,6,9,7,2,0,1,0,0,0,0,3,11,0,2014,3,31,1,1,1518,66,4.204692619390966,1.9459101490553132,11.287579490100818,7.325807502595773,6.728628613084702,4.304065093204169,5.942799375126701,4.74493212836325,4.304065093204169,3.784189633918261
6507,1980,Graduation,Single,30828.0,1,0,2013-10-04,16,16,11,15,2,0,12,2,1,1,4,3,0,0,0,0,0,0,3,11,0,2013,10,4,1,1,56,45,3.828641396489095,2.833213344056216,10.336211084415119,4.04305126783455,2.833213344056216,2.4849066497880004,2.772588722239781,1.0986122886681096,0.0,2.5649493574615367
7901,1971,Master,In a relationship,34109.0,0,1,2013-11-06,39,9,1,5,2,1,4,1,0,0,3,4,0,0,0,0,0,0,3,11,0,2013,11,6,1,1,22,54,4.007333185232471,3.6888794541139363,10.437345875412692,3.1354942159291497,2.302585092994046,0.6931471805599453,1.791759469228055,1.0986122886681096,0.6931471805599453,1.6094379124341003
4865,1974,Master,Single,53367.0,1,1,2013-08-31,2,229,7,140,10,3,11,7,5,1,8,7,0,0,0,0,0,0,3,11,1,2013,8,31,2,1,400,51,3.9512437185814275,1.0986122886681096,10.88496659438935,5.993961427306569,5.438079308923196,2.0794415416798357,4.948759890378168,2.3978952727983707,1.3862943611198906,2.4849066497880004
2686,1969,Basic,In a relationship,22390.0,0,0,2013-10-21,49,0,1,4,15,1,5,1,1,0,2,7,0,0,0,0,0,0,3,11,0,2013,10,21,0,0,26,56,4.04305126783455,3.912023005428146,10.016414371391338,3.295836866004329,0.0,0.6931471805599453,1.6094379124341003,2.772588722239781,0.6931471805599453,1.791759469228055
3107,1976,Graduation,In a relationship,71322.0,0,1,2014-05-02,31,121,24,124,24,15,42,1,4,1,7,2,0,0,0,0,0,0,3,11,0,2014,5,2,1,1,350,49,3.912023005428146,3.4657359027997265,11.174974135029599,5.860786223465865,4.804021044733257,3.2188758248682006,4.8283137373023015,3.2188758248682006,2.772588722239781,3.7612001156935624
1146,1949,Master,In a relationship,49912.0,0,1,2012-09-07,5,520,8,223,32,49,42,4,10,5,7,8,1,0,0,0,0,0,3,11,1,2012,9,7,1,1,874,76,4.343805421853684,1.791759469228055,10.81803676885198,6.774223886357614,6.255750041753367,2.1972245773362196,5.4116460518550396,3.4965075614664802,3.912023005428146,3.7612001156935624
11031,1950,PhD,In a relationship,48699.0,1,1,2013-05-21,90,26,1,10,2,0,1,1,1,0,3,5,0,0,0,0,0,0,3,11,0,2013,5,21,2,1,40,75,4.330733340286331,4.51085950651685,10.793434309070681,3.713572066704308,3.295836866004329,0.6931471805599453,2.3978952727983707,1.0986122886681096,0.0,0.6931471805599453
7428,1975,Graduation,In a relationship,80144.0,0,0,2013-09-30,47,240,132,445,250,192,108,1,3,7,8,1,0,0,0,0,0,0,3,11,0,2013,9,30,0,0,1367,50,3.9318256327243257,3.8712010109078907,11.291592773059982,7.221105098182496,5.484796933490655,4.890349128221754,6.100318952020064,5.5254529391317835,5.262690188904886,4.6913478822291435
975,1956,Graduation,Single,54252.0,1,1,2013-05-28,25,178,4,26,8,4,44,5,4,1,5,6,0,0,0,0,0,0,3,11,0,2013,5,28,2,1,264,69,4.248495242049359,3.258096538021482,10.901413569412913,5.579729825986222,5.187385805840755,1.6094379124341003,3.295836866004329,2.1972245773362196,1.6094379124341003,3.8066624897703196
1103,1976,Master,In a relationship,81929.0,1,0,2012-09-29,60,1486,55,278,49,0,185,2,4,4,10,6,1,0,1,0,0,0,3,11,1,2012,9,29,1,1,2053,49,3.912023005428146,4.110873864173311,11.31362050313586,7.627544390488503,7.304515946460155,4.02535169073515,5.631211781821365,3.912023005428146,0.0,5.225746673713202
3422,1975,Graduation,In a relationship,76068.0,0,1,2012-11-29,67,1115,12,128,33,12,76,1,2,3,4,6,0,1,0,0,1,0,3,11,0,2012,11,29,1,1,1376,50,3.9318256327243257,4.219507705176107,11.239396102118166,7.227662498728655,7.017506142941256,2.5649493574615367,4.859812404361672,3.5263605246161616,2.5649493574615367,4.343805421853684
1055,1976,Master,In a relationship,53204.0,1,1,2014-03-20,40,29,0,8,2,0,6,1,1,0,3,4,0,0,0,0,0,0,3,11,0,2014,3,20,2,1,45,49,3.912023005428146,3.713572066704308,10.881907655875832,3.828641396489095,3.4011973816621555,0.0,2.1972245773362196,1.0986122886681096,0.0,1.9459101490553132
6544,1949,PhD,In a relationship,67911.0,0,1,2014-05-22,63,529,0,356,63,28,0,3,6,7,11,3,0,0,0,0,0,0,3,11,0,2014,5,22,1,1,976,76,4.343805421853684,4.1588830833596715,11.125968028417804,6.884486652042782,6.272877006546167,0.0,5.877735781779639,4.1588830833596715,3.367295829986474,0.0
1241,1984,2n Cycle,In a relationship,14796.0,1,0,2012-09-17,1,13,3,8,7,4,16,2,1,0,3,9,0,0,0,0,0,0,3,11,1,2012,9,17,1,1,51,41,3.7376696182833684,0.6931471805599453,9.602179736502535,3.9512437185814275,2.639057329615259,1.3862943611198906,2.1972245773362196,2.0794415416798357,1.6094379124341003,2.833213344056216
2909,1974,PhD,In a relationship,78128.0,0,1,2014-02-19,89,934,24,230,16,24,36,2,8,4,6,3,0,1,1,0,0,0,3,11,0,2014,2,19,1,1,1264,51,3.9512437185814275,4.499809670330265,11.266116585728028,7.142827401161621,6.840546529288687,3.2188758248682006,5.442417710521793,2.833213344056216,3.2188758248682006,3.6109179126442243
5802,1972,Basic,In a relationship,14188.0,0,0,2013-02-28,40,2,7,11,16,12,27,1,2,0,4,6,0,0,0,0,0,0,3,11,0,2013,2,28,0,0,75,53,3.9889840465642745,3.713572066704308,9.560222295507314,4.330733340286331,1.0986122886681096,2.0794415416798357,2.4849066497880004,2.833213344056216,2.5649493574615367,3.332204510175204
1407,1986,Basic,In a relationship,20425.0,1,0,2012-10-29,5,4,12,5,3,16,17,2,2,0,3,7,0,0,0,0,0,0,3,11,0,2012,10,29,1,1,57,39,3.6888794541139363,1.791759469228055,9.924563878138045,4.060443010546419,1.6094379124341003,2.5649493574615367,1.791759469228055,1.3862943611198906,2.833213344056216,2.8903717578961645
6183,1962,Master,In a relationship,58646.0,0,1,2013-06-10,3,62,1,44,6,5,22,1,2,1,4,4,0,0,0,0,0,0,3,11,0,2013,6,10,1,1,140,63,4.1588830833596715,1.3862943611198906,10.979291701878228,4.948759890378168,4.143134726391533,0.6931471805599453,3.8066624897703196,1.9459101490553132,1.791759469228055,3.1354942159291497
340,1970,Graduation,Single,72967.0,0,1,2012-12-15,1,158,35,179,0,0,125,2,7,2,8,5,1,0,0,0,0,0,3,11,1,2012,12,15,1,1,497,55,4.02535169073515,0.6931471805599453,11.197776267859995,6.210600077024653,5.0689042022202315,3.58351893845611,5.19295685089021,0.0,0.0,4.836281906951478
5991,1949,Master,In a relationship,48150.0,0,1,2013-06-08,24,173,2,39,3,2,47,3,5,1,4,7,0,0,0,0,0,0,3,11,0,2013,6,8,1,1,266,76,4.343805421853684,3.2188758248682006,10.782097185442595,5.58724865840025,5.159055299214529,1.0986122886681096,3.6888794541139363,1.3862943611198906,1.0986122886681096,3.8712010109078907
3104,1961,Graduation,Single,82332.0,0,0,2012-09-17,89,830,59,968,51,79,19,1,5,3,12,2,0,0,1,0,0,0,3,11,1,2012,9,17,0,0,2006,64,4.174387269895637,4.499809670330265,11.318527278350814,7.604396348796338,6.7226297948554485,4.0943445622221,6.876264611890766,3.9512437185814275,4.382026634673881,2.995732273553991
9729,1955,Graduation,Single,58275.0,1,1,2013-06-02,48,189,10,253,56,43,64,6,8,2,7,7,0,0,0,0,0,0,3,11,0,2013,6,2,2,1,615,70,4.2626798770413155,3.8918202981106265,10.972945623773887,6.423246963533519,5.247024072160486,2.3978952727983707,5.537334267018537,4.04305126783455,3.784189633918261,4.174387269895637
1008,1981,PhD,In a relationship,44953.0,0,0,2012-12-21,31,728,17,133,11,8,124,1,7,3,13,6,1,0,0,0,0,0,3,11,0,2012,12,21,0,0,1021,44,3.8066624897703196,3.4657359027997265,10.713395023704772,6.92951677076365,6.591673732008658,2.8903717578961645,4.897839799950911,2.4849066497880004,2.1972245773362196,4.8283137373023015
11091,1953,Graduation,In a relationship,34587.0,1,1,2014-05-16,68,7,2,9,2,0,2,2,1,0,3,4,0,0,0,0,0,0,3,11,0,2014,5,16,2,1,22,72,4.290459441148391,4.23410650459726,10.45126208008032,3.1354942159291497,2.0794415416798357,1.0986122886681096,2.302585092994046,1.0986122886681096,0.0,1.0986122886681096
3969,1974,Master,In a relationship,43018.0,0,1,2013-11-01,46,35,4,17,7,6,64,1,2,2,2,5,0,0,0,0,0,0,3,11,0,2013,11,1,1,1,133,51,3.9512437185814275,3.8501476017100584,10.669397157549227,4.897839799950911,3.58351893845611,1.6094379124341003,2.8903717578961645,2.0794415416798357,1.9459101490553132,4.174387269895637
1916,1954,Master,In a relationship,45736.0,0,1,2013-07-24,92,188,3,180,20,3,43,5,7,1,6,7,0,0,0,0,0,0,3,11,0,2013,7,24,1,1,437,71,4.276666119016055,4.532599493153256,10.730662877319087,6.082218910376446,5.241747015059643,1.3862943611198906,5.198497031265826,3.044522437723423,1.3862943611198906,3.784189633918261
9907,1969,Master,In a relationship,66476.0,0,1,2013-12-04,80,742,28,152,25,9,57,2,6,8,10,4,0,0,0,0,0,0,3,11,0,2013,12,4,1,1,1013,56,4.04305126783455,4.394449154672439,11.104611302157315,6.921658184151129,6.610696044717759,3.367295829986474,5.030437921392435,3.258096538021482,2.302585092994046,4.060443010546419
87,1981,2n Cycle,In a relationship,27733.0,1,0,2013-08-26,16,0,7,5,26,2,17,2,2,0,3,7,0,0,0,0,0,0,3,11,0,2013,8,26,1,1,57,44,3.8066624897703196,2.833213344056216,10.23041437631381,4.060443010546419,0.0,2.0794415416798357,1.791759469228055,3.295836866004329,1.0986122886681096,2.8903717578961645
8659,1952,PhD,In a relationship,69805.0,0,1,2014-01-21,50,750,71,174,13,10,20,2,6,8,11,2,0,0,0,0,0,0,3,11,0,2014,1,21,1,1,1038,73,4.304065093204169,3.9318256327243257,11.15347524494151,6.946013991099227,6.621405651764134,4.276666119016055,5.1647859739235145,2.639057329615259,2.3978952727983707,3.044522437723423
6262,1962,Master,Single,72217.0,0,0,2013-04-10,93,816,42,450,55,56,154,1,3,10,8,2,0,0,0,0,0,0,3,11,0,2013,4,10,0,0,1573,63,4.1588830833596715,4.543294782270004,11.187444601288197,7.3613754289773485,6.705639094860003,3.7612001156935624,6.111467339502679,4.02535169073515,4.04305126783455,5.043425116919247
6147,1971,Graduation,Single,25818.0,1,0,2012-10-18,51,5,2,8,2,2,9,1,0,1,2,7,0,0,0,0,0,0,3,11,0,2012,10,18,1,1,28,54,4.007333185232471,3.9512437185814275,10.158865933983696,3.367295829986474,1.791759469228055,1.0986122886681096,2.1972245773362196,1.0986122886681096,1.0986122886681096,2.302585092994046
8832,1976,Master,In a relationship,37509.0,1,0,2012-09-12,24,37,5,56,12,8,5,2,3,0,4,7,0,0,0,0,0,0,3,11,0,2012,9,12,1,1,123,49,3.912023005428146,3.2188758248682006,10.532362843075934,4.820281565605037,3.6375861597263857,1.791759469228055,4.04305126783455,2.5649493574615367,2.1972245773362196,1.791759469228055
10067,1976,2n Cycle,In a relationship,25176.0,1,1,2013-08-10,79,4,0,4,0,0,5,1,1,0,2,7,0,0,0,0,0,0,3,11,0,2013,8,10,2,1,13,49,3.912023005428146,4.382026634673881,10.133686158324014,2.639057329615259,1.6094379124341003,0.0,1.6094379124341003,0.0,0.0,1.791759469228055
7532,1980,Graduation,In a relationship,43586.0,0,1,2012-08-30,26,99,2,11,4,0,16,3,3,0,4,8,0,0,0,0,0,0,3,11,0,2012,8,30,1,1,132,45,3.828641396489095,3.295836866004329,10.68251421973945,4.890349128221754,4.605170185988092,1.0986122886681096,2.4849066497880004,1.6094379124341003,0.0,2.833213344056216
4915,1956,2n Cycle,In a relationship,53230.0,0,1,2012-08-03,86,176,72,98,136,21,229,4,5,2,12,5,0,0,0,0,0,0,3,11,0,2012,8,3,1,1,732,69,4.248495242049359,4.465908118654584,10.882396212388988,6.597145701886651,5.176149732573829,4.290459441148391,4.59511985013459,4.919980925828125,3.091042453358316,5.438079308923196
2115,1957,Graduation,In a relationship,50116.0,1,1,2014-06-20,68,54,0,10,0,0,2,2,1,0,4,5,0,1,0,0,0,0,3,11,0,2014,6,20,2,1,66,68,4.23410650459726,4.23410650459726,10.82211555087377,4.204692619390966,4.007333185232471,0.0,2.3978952727983707,0.0,0.0,1.0986122886681096
2088,1972,Graduation,In a relationship,84906.0,0,0,2013-10-04,98,997,15,414,99,30,76,1,5,6,12,2,0,1,1,0,1,0,3,11,0,2013,10,4,0,0,1631,53,3.9889840465642745,4.59511985013459,11.349311818841736,7.397561535524052,6.905753276311464,2.772588722239781,6.028278520230698,4.605170185988092,3.4339872044851463,4.343805421853684
2493,1966,Graduation,In a relationship,61286.0,0,1,2013-08-02,34,356,0,107,19,9,117,2,7,1,8,5,0,0,0,0,0,0,3,11,0,2013,8,2,1,1,608,59,4.0943445622221,3.5553480614894135,11.023323027655763,6.411818267709897,5.877735781779639,0.0,4.68213122712422,2.995732273553991,2.302585092994046,4.770684624465665
6292,1986,PhD,In a relationship,82333.0,0,0,2013-03-30,60,1311,0,359,46,89,17,1,4,3,10,2,0,0,1,0,0,0,3,11,1,2013,3,30,0,0,1822,39,3.6888794541139363,4.110873864173311,11.318539424075215,7.508238774678663,7.179307969504034,0.0,5.886104031450156,3.8501476017100584,4.499809670330265,2.8903717578961645
1631,1965,PhD,In a relationship,65220.0,0,0,2012-09-03,3,890,63,292,0,25,12,4,8,4,7,6,0,0,0,0,0,0,3,11,1,2012,9,3,0,0,1282,60,4.110873864173311,1.3862943611198906,11.08553678194579,7.1569563646156364,6.792344427470809,4.1588830833596715,5.680172609017068,0.0,3.258096538021482,2.5649493574615367
10104,1974,Graduation,In a relationship,33590.0,2,1,2013-11-03,65,4,0,2,0,0,2,1,1,0,2,7,0,0,0,0,0,0,3,11,0,2013,11,3,3,1,8,51,3.9512437185814275,4.189654742026425,10.422013452928306,2.1972245773362196,1.6094379124341003,0.0,1.0986122886681096,0.0,0.0,1.0986122886681096
3006,1976,Graduation,Single,30992.0,1,0,2013-04-22,83,17,0,14,7,3,2,1,1,0,3,7,0,0,0,0,0,0,3,11,0,2013,4,22,1,1,43,49,3.912023005428146,4.430816798843313,10.341516651517555,3.784189633918261,2.8903717578961645,0.0,2.70805020110221,2.0794415416798357,1.3862943611198906,1.0986122886681096
3919,1976,Master,Single,72309.0,0,0,2013-03-11,64,960,0,883,50,38,0,1,5,6,8,3,0,0,0,1,0,0,3,11,1,2013,3,11,0,0,1931,49,3.912023005428146,4.174387269895637,11.188717711168998,7.566311014772463,6.8679744089702925,0.0,6.784457062637643,3.9318256327243257,3.6635616461296463,0.0
11181,1949,PhD,In a relationship,156924.0,0,0,2013-08-29,85,2,1,2,1,1,1,0,0,0,0,0,0,0,0,0,0,0,3,11,0,2013,8,29,0,0,8,76,4.343805421853684,4.454347296253507,11.963523263185733,2.1972245773362196,1.0986122886681096,0.6931471805599453,1.0986122886681096,0.6931471805599453,0.6931471805599453,0.6931471805599453
642,1980,Basic,In a relationship,16005.0,1,0,2012-08-14,69,1,3,2,20,30,47,3,2,1,2,8,0,0,0,0,0,0,3,11,0,2012,8,14,1,1,103,45,3.828641396489095,4.248495242049359,9.680718930926991,4.6443908991413725,0.6931471805599453,1.3862943611198906,1.0986122886681096,3.044522437723423,3.4339872044851463,3.8712010109078907
10127,1965,Graduation,In a relationship,58692.0,0,1,2014-04-06,21,301,11,61,4,7,11,1,8,2,4,7,0,0,0,0,0,0,3,11,0,2014,4,6,1,1,395,60,4.110873864173311,3.091042453358316,10.980075748279397,5.981414211254481,5.71042701737487,2.4849066497880004,4.127134385045092,1.6094379124341003,2.0794415416798357,2.4849066497880004
271,1969,Graduation,Single,40590.0,1,1,2013-10-02,30,154,0,50,6,11,37,5,3,4,3,6,1,0,0,0,0,0,3,11,0,2013,10,2,2,1,258,56,4.04305126783455,3.4339872044851463,10.61130164613947,5.556828061699537,5.043425116919247,0.0,3.9318256327243257,1.9459101490553132,2.4849066497880004,3.6375861597263857
4973,1970,Graduation,Single,20587.0,1,0,2014-05-11,39,2,3,6,4,1,9,1,1,1,2,7,0,0,0,0,0,0,3,11,0,2014,5,11,1,1,25,55,4.02535169073515,3.6888794541139363,9.932463660772646,3.258096538021482,1.0986122886681096,1.3862943611198906,1.9459101490553132,1.6094379124341003,0.6931471805599453,2.302585092994046
2948,1954,Master,Single,62637.0,0,1,2014-03-01,76,104,12,48,4,12,5,1,2,2,5,2,0,0,0,0,0,0,3,11,0,2014,3,1,1,1,185,71,4.276666119016055,4.343805421853684,11.045127401674755,5.225746673713202,4.653960350157523,2.5649493574615367,3.8918202981106265,1.6094379124341003,2.5649493574615367,1.791759469228055
2715,1966,Master,Single,29435.0,1,1,2012-08-06,11,70,3,37,4,2,64,4,3,2,2,9,0,0,0,0,0,0,3,11,1,2012,8,6,2,1,180,59,4.0943445622221,2.4849066497880004,10.28997369404649,5.198497031265826,4.2626798770413155,1.3862943611198906,3.6375861597263857,1.6094379124341003,1.0986122886681096,4.174387269895637
10432,1974,Graduation,Single,19346.0,1,0,2014-01-30,26,2,0,9,3,6,2,1,1,0,3,8,0,0,0,0,0,0,3,11,0,2014,1,30,1,1,22,51,3.9512437185814275,3.295836866004329,9.870292647678488,3.1354942159291497,1.0986122886681096,0.0,2.302585092994046,1.3862943611198906,1.9459101490553132,1.0986122886681096
9216,1971,Graduation,In a relationship,35788.0,1,1,2014-01-23,34,23,2,11,3,1,4,2,2,0,3,6,0,0,0,0,0,0,3,11,0,2014,1,23,2,1,44,54,4.007333185232471,3.5553480614894135,10.485395862604143,3.8066624897703196,3.1780538303479458,1.0986122886681096,2.4849066497880004,1.3862943611198906,0.6931471805599453,1.6094379124341003
7124,1968,Graduation,Single,36997.0,1,1,2013-02-01,72,43,4,12,8,0,27,5,2,1,4,5,0,0,0,0,0,0,3,11,0,2013,2,1,2,1,94,57,4.060443010546419,4.290459441148391,10.518619136111335,4.553876891600541,3.784189633918261,1.6094379124341003,2.5649493574615367,2.1972245773362196,0.0,3.332204510175204
9727,1957,Graduation,In a relationship,23539.0,0,0,2014-02-28,13,4,24,11,16,1,25,1,2,0,4,6,0,0,0,0,0,0,3,11,0,2014,2,28,0,0,81,68,4.23410650459726,2.639057329615259,10.066456380814268,4.406719247264253,1.6094379124341003,3.2188758248682006,2.4849066497880004,2.833213344056216,0.6931471805599453,3.258096538021482
5136,1973,Graduation,Single,65333.0,0,1,2014-01-17,58,654,7,92,0,15,30,7,9,4,8,6,0,1,1,0,0,0,3,11,0,2014,1,17,1,1,798,52,3.970291913552122,4.07753744390572,11.087267853574115,6.683360945766275,6.484635235635252,2.0794415416798357,4.532599493153256,0.0,2.772588722239781,3.4339872044851463
9790,1957,Graduation,Single,78499.0,0,0,2013-11-23,12,912,72,170,47,36,97,1,11,3,4,4,0,0,1,0,0,0,3,11,1,2013,11,23,0,0,1334,68,4.23410650459726,2.5649493574615367,11.2708539037705,7.19668657083435,6.816735880594968,4.290459441148391,5.14166355650266,3.8712010109078907,3.6109179126442243,4.584967478670572
1818,1971,PhD,In a relationship,29732.0,1,0,2014-03-25,23,25,0,8,0,1,4,1,2,0,2,9,0,0,0,0,0,0,3,11,0,2014,3,25,1,1,38,54,4.007333185232471,3.1780538303479458,10.300012819074817,3.6635616461296463,3.258096538021482,0.0,2.1972245773362196,0.0,0.6931471805599453,1.6094379124341003
1100,1960,Master,In a relationship,41275.0,1,2,2014-03-24,33,24,4,22,0,2,9,4,3,1,3,5,0,0,0,0,0,0,3,11,0,2014,3,24,3,1,61,65,4.189654742026425,3.5263605246161616,10.628036496235605,4.127134385045092,3.2188758248682006,1.6094379124341003,3.1354942159291497,0.0,1.0986122886681096,2.302585092994046
7873,1973,PhD,In a relationship,63516.0,1,1,2013-07-06,30,141,11,114,15,14,5,4,4,1,7,5,0,0,0,0,0,0,3,11,0,2013,7,6,2,1,300,52,3.970291913552122,3.4339872044851463,11.059062865586538,5.707110264748875,4.955827057601261,2.4849066497880004,4.74493212836325,2.772588722239781,2.70805020110221,1.791759469228055
10609,1962,PhD,In a relationship,42769.0,0,1,2013-10-12,15,71,0,13,3,1,0,2,1,1,4,4,0,0,0,0,0,0,3,11,0,2013,10,12,1,1,88,63,4.1588830833596715,2.772588722239781,10.663592201220954,4.48863636973214,4.276666119016055,0.0,2.639057329615259,1.3862943611198906,0.6931471805599453,0.0
6950,1958,Master,In a relationship,49572.0,1,1,2013-12-15,25,35,1,16,0,1,1,2,2,0,3,7,0,0,0,0,0,0,3,11,0,2013,12,15,2,1,54,67,4.219507705176107,3.258096538021482,10.811201609659424,4.007333185232471,3.58351893845611,0.6931471805599453,2.833213344056216,0.0,0.6931471805599453,0.6931471805599453
7233,1972,Graduation,In a relationship,69209.0,0,0,2012-09-17,4,496,32,849,229,48,128,2,5,3,6,4,0,0,0,1,0,0,3,11,0,2012,9,17,0,0,1782,53,3.9889840465642745,1.6094379124341003,11.144900639835909,7.48605261786314,6.208590026096629,3.4965075614664802,6.745236349484362,5.438079308923196,3.8918202981106265,4.859812404361672
9481,1976,Graduation,In a relationship,17148.0,1,0,2014-01-28,80,9,9,11,13,10,16,4,3,1,3,8,0,0,0,0,0,0,3,11,0,2014,1,28,1,1,68,49,3.912023005428146,4.394449154672439,9.749695141856147,4.23410650459726,2.302585092994046,2.302585092994046,2.4849066497880004,2.639057329615259,2.3978952727983707,2.833213344056216
7699,1969,Graduation,Single,40590.0,1,1,2013-10-02,30,154,0,50,6,11,37,5,3,4,3,6,1,0,0,0,0,0,3,11,0,2013,10,2,2,1,258,56,4.04305126783455,3.4339872044851463,10.61130164613947,5.556828061699537,5.043425116919247,0.0,3.9318256327243257,1.9459101490553132,2.4849066497880004,3.6375861597263857
2711,1976,Master,In a relationship,30560.0,1,0,2013-06-27,6,9,1,5,4,5,7,1,1,0,3,7,0,0,0,0,0,0,3,11,0,2013,6,27,1,1,31,49,3.912023005428146,1.9459101490553132,10.327479965258176,3.4657359027997265,2.302585092994046,0.6931471805599453,1.791759469228055,1.6094379124341003,1.791759469228055,2.0794415416798357
8933,1983,2n Cycle,In a relationship,32146.0,1,0,2014-05-12,16,26,3,23,4,7,3,2,2,0,4,6,0,0,0,0,0,0,3,11,0,2014,5,12,1,1,66,42,3.7612001156935624,2.833213344056216,10.378074412714673,4.204692619390966,3.295836866004329,1.3862943611198906,3.1780538303479458,1.6094379124341003,2.0794415416798357,1.3862943611198906
8726,1964,2n Cycle,Single,41713.0,1,1,2014-04-29,57,77,8,44,10,10,25,5,3,1,4,6,0,0,0,0,0,0,3,11,0,2014,4,29,2,1,174,61,4.127134385045092,4.060443010546419,10.638592082856581,5.1647859739235145,4.356708826689592,2.1972245773362196,3.8066624897703196,2.3978952727983707,2.3978952727983707,3.258096538021482
1515,1975,Master,In a relationship,34176.0,0,1,2014-01-22,9,11,2,7,4,2,2,1,1,0,3,3,0,0,0,0,0,0,3,11,0,2014,1,22,1,1,28,50,3.9318256327243257,2.302585092994046,10.439308182191418,3.367295829986474,2.4849066497880004,1.0986122886681096,2.0794415416798357,1.6094379124341003,1.0986122886681096,1.0986122886681096
5186,1955,PhD,In a relationship,58482.0,0,1,2014-03-12,59,576,7,115,19,7,7,2,7,4,9,6,0,1,0,0,0,0,3,11,0,2014,3,12,1,1,731,70,4.2626798770413155,4.0943445622221,10.976491392697485,6.595780513961311,6.3578422665081,2.0794415416798357,4.7535901911063645,2.995732273553991,2.0794415416798357,2.0794415416798357
10157,1965,Graduation,Single,59686.0,0,1,2014-01-25,78,89,15,89,34,42,5,1,4,1,6,4,0,0,0,0,0,0,3,11,0,2014,1,25,1,1,274,60,4.110873864173311,4.3694478524670215,10.996869520224648,5.616771097666572,4.499809670330265,2.772588722239781,4.499809670330265,3.5553480614894135,3.7612001156935624,1.791759469228055
5667,1964,PhD,In a relationship,60896.0,0,1,2012-10-11,90,1013,30,399,60,46,153,3,9,10,4,6,0,0,0,0,0,0,3,11,1,2012,10,11,1,1,1701,61,4.127134385045092,4.51085950651685,11.016939191400878,7.43955930913332,6.921658184151129,3.4339872044851463,5.991464547107982,4.110873864173311,3.8501476017100584,5.0369526024136295
902,1980,Graduation,In a relationship,62994.0,1,0,2014-03-04,74,224,12,48,4,12,12,1,6,2,4,6,0,0,0,0,0,0,3,11,0,2014,3,4,1,1,312,45,3.828641396489095,4.31748811353631,11.05081063714473,5.746203190540153,5.41610040220442,2.5649493574615367,3.8918202981106265,1.6094379124341003,2.5649493574615367,2.5649493574615367
977,1957,Graduation,In a relationship,47320.0,0,1,2013-08-01,10,200,19,111,50,15,19,6,5,1,8,6,0,0,0,0,0,0,3,11,0,2013,8,1,1,1,414,68,4.23410650459726,2.3978952727983707,10.76470945058247,6.028278520230698,5.303304908059076,2.995732273553991,4.718498871295094,3.9318256327243257,2.772588722239781,2.995732273553991
7313,1949,2n Cycle,Single,74859.0,0,0,2013-06-03,63,570,73,614,133,102,73,1,6,5,11,3,0,0,0,1,0,0,3,11,0,2013,6,3,0,0,1565,76,4.343805421853684,4.1588830833596715,11.22337498145842,7.356279876550748,6.3473892096560105,4.304065093204169,6.421622267806518,4.897839799950911,4.634728988229636,4.304065093204169
7600,1992,Basic,Single,15253.0,1,0,2013-10-28,13,1,3,3,8,1,13,2,1,0,3,7,0,0,0,0,0,0,3,11,0,2013,10,28,1,1,29,33,3.5263605246161616,2.639057329615259,9.632597042724184,3.4011973816621555,0.6931471805599453,1.3862943611198906,1.3862943611198906,2.1972245773362196,0.6931471805599453,2.639057329615259
9706,1974,PhD,Single,31560.0,1,0,2013-06-24,98,62,1,20,4,0,7,2,2,1,3,8,0,0,0,0,0,0,3,11,0,2013,6,24,1,1,94,51,3.9512437185814275,4.59511985013459,10.359677460135904,4.553876891600541,4.143134726391533,0.6931471805599453,3.044522437723423,1.6094379124341003,0.0,2.0794415416798357
2429,1954,Graduation,Single,72071.0,0,1,2013-02-14,4,531,69,300,150,138,150,3,5,4,8,2,0,0,0,0,0,0,3,11,0,2013,2,14,1,1,1338,71,4.276666119016055,1.6094379124341003,11.185420898331277,7.199678345691172,6.2766434893416445,4.248495242049359,5.707110264748875,5.017279836814924,4.9344739331306915,5.017279836814924
3520,1990,Master,Single,91172.0,0,0,2013-03-27,94,162,28,818,0,28,56,0,4,3,7,3,1,0,1,1,1,0,3,11,1,2013,3,27,0,0,1092,35,3.58351893845611,4.553876891600541,11.420514079598613,6.996681488176539,5.093750200806762,3.367295829986474,6.70808408385307,0.0,3.367295829986474,4.04305126783455
10394,1984,Graduation,In a relationship,90000.0,0,0,2013-12-23,91,675,144,133,94,192,241,1,4,8,5,1,1,0,1,1,0,0,3,11,0,2013,12,23,0,0,1479,41,3.7376696182833684,4.5217885770490405,11.407576060361786,7.299797366758161,6.516193076042964,4.976733742420574,4.897839799950911,4.553876891600541,5.262690188904886,5.488937726156687
4548,1981,Graduation,Single,41967.0,1,1,2013-11-23,66,23,4,10,0,2,15,1,1,0,3,4,0,0,0,0,0,0,3,11,0,2013,11,23,2,1,54,44,3.8066624897703196,4.204692619390966,10.644662702106656,4.007333185232471,3.1780538303479458,1.6094379124341003,2.3978952727983707,0.0,1.0986122886681096,2.772588722239781
9362,1965,Graduation,Single,69263.0,0,1,2014-03-05,14,492,5,32,13,5,21,1,9,1,7,6,0,1,0,0,0,0,3,11,0,2014,3,5,1,1,568,60,4.110873864173311,2.70805020110221,11.145680569681762,6.343880434126331,6.20050917404269,1.791759469228055,3.4965075614664802,2.639057329615259,1.791759469228055,3.091042453358316
3968,1970,2n Cycle,Single,65706.0,0,0,2013-06-28,77,918,10,129,13,0,129,1,11,3,12,7,0,1,1,0,1,0,3,11,1,2013,6,28,0,0,1199,55,4.02535169073515,4.356708826689592,11.092960743698262,7.090076835776092,6.823286122355687,2.3978952727983707,4.867534450455582,2.639057329615259,0.0,4.867534450455582
4084,1975,Graduation,In a relationship,60934.0,0,1,2014-01-17,41,224,155,155,192,93,54,2,6,4,11,4,0,0,0,0,0,0,3,11,0,2014,1,17,1,1,873,50,3.9318256327243257,3.7376696182833684,11.017563001257603,6.773080375655535,5.41610040220442,5.049856007249537,5.049856007249537,5.262690188904886,4.543294782270004,4.007333185232471
6721,1951,Graduation,In a relationship,71965.0,0,1,2013-07-29,21,572,19,286,50,38,248,3,6,3,5,3,0,0,0,0,0,0,3,11,0,2013,7,29,1,1,1213,74,4.31748811353631,3.091042453358316,11.183949064243944,7.101675971619444,6.35088571671474,2.995732273553991,5.659482215759621,3.9318256327243257,3.6635616461296463,5.517452896464707
2829,1955,Graduation,In a relationship,65210.0,0,1,2014-03-10,25,626,0,70,0,7,28,2,9,3,8,6,0,1,0,1,0,0,3,11,0,2014,3,10,1,1,731,70,4.2626798770413155,3.258096538021482,11.085383445340975,6.595780513961311,6.440946540632921,0.0,4.2626798770413155,0.0,2.0794415416798357,3.367295829986474
1772,1975,PhD,In a relationship,79174.0,0,0,2013-01-11,2,1074,37,518,193,92,129,1,5,6,7,2,0,0,1,1,0,0,3,11,1,2013,1,11,0,0,2043,50,3.9318256327243257,1.0986122886681096,11.27941587140684,7.622663951323595,6.980075940561763,3.6375861597263857,6.251903883165888,5.267858159063328,4.532599493153256,4.867534450455582
1544,1967,Master,Single,81380.0,0,0,2012-12-22,51,741,68,689,224,68,103,1,4,2,10,2,0,0,0,0,0,0,3,11,0,2012,12,22,0,0,1893,58,4.07753744390572,3.9512437185814275,11.306897109511642,7.546446273746024,6.60934924316738,4.23410650459726,6.536691597591305,5.41610040220442,4.23410650459726,4.6443908991413725
4377,1971,Graduation,In a relationship,52914.0,0,1,2013-01-07,32,254,10,44,30,10,227,2,7,3,3,7,1,0,0,0,0,0,3,11,0,2013,1,7,1,1,575,54,4.007333185232471,3.4965075614664802,10.876442131527824,6.3561076606958915,5.541263545158426,2.3978952727983707,3.8066624897703196,3.4339872044851463,2.3978952727983707,5.429345628954441
4541,1955,Graduation,In a relationship,38946.0,0,1,2013-10-24,84,116,6,82,6,6,41,2,3,1,6,5,0,0,0,0,0,0,3,11,0,2013,10,24,1,1,257,70,4.2626798770413155,4.442651256490317,10.569957026509712,5.552959584921617,4.762173934797756,1.9459101490553132,4.418840607796598,1.9459101490553132,1.9459101490553132,3.7376696182833684
1321,1974,Graduation,In a relationship,26067.0,1,0,2013-11-04,49,22,2,18,0,2,12,3,3,0,3,8,0,0,0,0,0,0,3,11,0,2013,11,4,1,1,56,51,3.9512437185814275,3.912023005428146,10.168463787452271,4.04305126783455,3.1354942159291497,1.0986122886681096,2.9444389791664403,0.0,1.0986122886681096,2.5649493574615367
8858,1972,PhD,In a relationship,44325.0,0,1,2013-03-07,69,516,0,21,0,0,5,4,8,2,7,8,0,1,0,0,0,0,3,11,0,2013,3,7,1,1,542,53,3.9889840465642745,4.248495242049359,10.69932669131962,6.297109319933935,6.248042874508429,0.0,3.091042453358316,0.0,0.0,1.791759469228055
3266,1964,Graduation,In a relationship,42523.0,0,0,2014-04-23,96,14,36,11,3,26,35,1,1,1,4,2,0,0,0,0,0,0,3,11,0,2014,4,23,0,0,125,61,4.127134385045092,4.574710978503383,10.657823901408495,4.836281906951478,2.70805020110221,3.6109179126442243,2.4849066497880004,1.3862943611198906,3.295836866004329,3.58351893845611
11187,1978,Basic,Single,26487.0,1,0,2013-05-20,23,2,8,10,12,14,23,3,2,1,3,5,0,0,0,0,0,0,3,11,0,2013,5,20,1,1,69,47,3.8712010109078907,3.1780538303479458,10.184447079227082,4.248495242049359,1.0986122886681096,2.1972245773362196,2.3978952727983707,2.5649493574615367,2.70805020110221,3.1780538303479458
8207,1957,2n Cycle,In a relationship,53233.0,0,1,2014-03-18,18,28,0,9,3,0,0,1,1,0,3,4,0,0,0,0,0,0,3,11,0,2014,3,18,1,1,40,68,4.23410650459726,2.9444389791664403,10.882452568938104,3.713572066704308,3.367295829986474,0.0,2.302585092994046,1.3862943611198906,0.0,0.0
9723,1960,Graduation,In a relationship,67716.0,0,1,2013-01-10,8,530,142,217,62,9,56,4,7,4,13,5,0,1,0,0,0,0,3,11,0,2013,1,10,1,1,1016,65,4.189654742026425,2.1972245773362196,11.123092535206728,6.92461239604856,6.274762021241939,4.962844630259907,5.384495062789089,4.143134726391533,2.302585092994046,4.04305126783455
2666,1972,Master,In a relationship,76234.0,0,1,2014-02-06,21,519,50,167,130,0,41,1,8,3,11,3,0,1,0,0,0,0,3,11,0,2014,2,6,1,1,907,53,3.9889840465642745,3.091042453358316,11.241575953806008,6.811244378601294,6.253828811575473,3.9318256327243257,5.123963979403259,4.875197323201151,0.0,3.7376696182833684
5721,1956,PhD,In a relationship,84117.0,0,0,2014-05-11,60,611,76,749,59,45,26,1,7,10,6,2,0,0,1,0,0,0,3,11,0,2014,5,11,0,0,1566,69,4.248495242049359,4.110873864173311,11.339975853975268,7.356918242356021,6.416732282512326,4.343805421853684,6.620073206530356,4.0943445622221,3.828641396489095,3.295836866004329
10652,1957,Master,In a relationship,65487.0,0,0,2014-01-10,48,240,67,500,199,0,163,3,3,5,6,2,0,0,0,0,0,0,3,11,0,2014,1,10,0,0,1169,68,4.23410650459726,3.8918202981106265,11.089622198732185,7.064759027791802,5.484796933490655,4.219507705176107,6.2166061010848646,5.298317366548036,0.0,5.099866427824199
1646,1972,Basic,In a relationship,25224.0,1,0,2014-03-16,36,4,9,12,11,2,8,2,1,1,3,3,0,0,0,0,0,0,3,11,0,2014,3,16,1,1,46,53,3.9889840465642745,3.6109179126442243,10.13559084522181,3.8501476017100584,1.6094379124341003,2.302585092994046,2.5649493574615367,2.4849066497880004,1.0986122886681096,2.1972245773362196
4418,1983,Master,Single,89616.0,0,0,2013-02-25,36,671,47,655,145,111,15,1,7,5,12,2,0,0,0,0,0,0,3,11,1,2013,2,25,0,0,1644,42,3.7612001156935624,3.6109179126442243,11.403300313109012,7.405495663199472,6.51025834052315,3.8712010109078907,6.486160788944089,4.983606621708336,4.718498871295094,2.772588722239781
2656,1971,Graduation,Single,40851.0,1,1,2013-02-21,63,23,1,7,0,4,24,1,1,1,2,7,0,0,0,0,0,0,3,11,0,2013,2,21,2,1,59,54,4.007333185232471,4.1588830833596715,10.61771105869799,4.0943445622221,3.1780538303479458,0.6931471805599453,2.0794415416798357,0.0,1.6094379124341003,3.2188758248682006
7990,1947,Graduation,In a relationship,27469.0,0,0,2012-08-02,2,9,1,2,3,2,0,1,0,0,3,6,0,0,0,0,0,0,3,11,0,2012,8,2,0,0,17,78,4.3694478524670215,1.0986122886681096,10.220849779089319,2.8903717578961645,2.302585092994046,0.6931471805599453,1.0986122886681096,1.3862943611198906,1.0986122886681096,0.0
8722,1957,2n Cycle,In a relationship,82347.0,0,0,2012-11-06,38,556,54,845,202,133,63,1,7,7,10,3,1,0,0,1,0,0,3,11,1,2012,11,6,0,0,1853,68,4.23410650459726,3.6635616461296463,11.3187094487292,7.5251007461258,6.322565239927284,4.007333185232471,6.740519359606223,5.313205979041787,4.897839799950911,4.1588830833596715
7118,1957,Graduation,In a relationship,73803.0,0,1,2012-08-01,61,833,80,363,52,26,174,2,9,5,6,6,1,0,0,0,0,0,3,11,1,2012,8,1,1,1,1528,68,4.23410650459726,4.127134385045092,11.209168209661772,7.332369205929062,6.726233402358747,4.394449154672439,5.8971538676367405,3.970291913552122,3.295836866004329,5.1647859739235145
2980,1952,Master,Single,8820.0,1,1,2013-03-22,52,12,0,13,4,2,4,4,3,0,3,8,0,0,0,0,0,0,3,11,0,2013,3,22,2,1,35,73,4.304065093204169,3.970291913552122,9.084890521258767,3.58351893845611,2.5649493574615367,0.0,2.639057329615259,1.6094379124341003,1.0986122886681096,1.6094379124341003
1839,1974,Graduation,Single,43322.0,0,0,2014-04-21,25,56,7,48,10,2,18,1,3,0,4,7,0,0,0,0,0,0,3,11,0,2014,4,21,0,0,141,51,3.9512437185814275,3.258096538021482,10.676438950794674,4.955827057601261,4.04305126783455,2.0794415416798357,3.8918202981106265,2.3978952727983707,1.0986122886681096,2.9444389791664403
10722,1973,Graduation,In a relationship,55593.0,0,1,2013-08-21,63,293,8,124,11,4,106,2,6,6,3,6,1,0,0,0,0,0,3,11,0,2013,8,21,1,1,546,52,3.970291913552122,4.1588830833596715,10.92583056074651,6.304448802421981,5.683579767338681,2.1972245773362196,4.8283137373023015,2.4849066497880004,1.6094379124341003,4.672828834461906
2632,1954,Graduation,In a relationship,50501.0,1,1,2013-06-18,10,297,0,38,13,0,152,7,5,4,4,6,1,0,0,0,0,0,3,11,1,2013,6,18,2,1,500,71,4.276666119016055,2.3978952727983707,10.82976821843963,6.2166061010848646,5.697093486505405,0.0,3.6635616461296463,2.639057329615259,0.0,5.030437921392435
9014,1975,Graduation,In a relationship,37085.0,1,1,2014-06-26,65,39,1,16,2,0,3,4,3,0,3,8,0,0,0,0,0,0,3,11,0,2014,6,26,2,1,61,50,3.9318256327243257,4.189654742026425,10.520994818887328,4.127134385045092,3.6888794541139363,0.6931471805599453,2.833213344056216,1.0986122886681096,0.0,1.3862943611198906
7620,1990,Basic,Single,16185.0,1,0,2013-08-05,71,5,11,16,21,8,45,2,2,2,2,8,0,0,0,0,0,0,3,11,0,2013,8,5,1,1,106,35,3.58351893845611,4.276666119016055,9.691901950055648,4.672828834461906,1.791759469228055,2.4849066497880004,2.833213344056216,3.091042453358316,2.1972245773362196,3.828641396489095
10968,1969,Graduation,Single,57731.0,0,1,2012-11-23,0,266,21,300,65,8,44,4,8,8,6,6,0,0,0,0,0,0,3,11,0,2012,11,23,1,1,704,56,4.04305126783455,0.0,10.963566891487455,6.558197802812269,5.58724865840025,3.091042453358316,5.707110264748875,4.189654742026425,2.1972245773362196,3.8066624897703196
2736,1978,Graduation,In a relationship,73807.0,0,1,2013-01-02,88,366,124,156,71,78,54,2,5,5,11,2,0,0,0,0,0,0,3,11,0,2013,1,2,1,1,849,47,3.8712010109078907,4.48863636973214,11.209222405797602,6.745236349484362,5.905361848054571,4.8283137373023015,5.056245805348308,4.276666119016055,4.3694478524670215,4.007333185232471
1876,1990,Graduation,In a relationship,18929.0,0,0,2013-02-16,15,32,0,8,23,4,18,1,1,0,4,6,0,0,0,0,0,0,3,11,0,2013,2,16,0,0,85,35,3.58351893845611,2.772588722239781,9.848503244203368,4.454347296253507,3.4965075614664802,0.0,2.1972245773362196,3.1780538303479458,1.6094379124341003,2.9444389791664403
5959,1968,Graduation,Single,35893.0,1,1,2012-10-15,80,158,0,23,0,0,18,6,3,1,5,8,0,0,0,0,0,0,3,11,0,2012,10,15,2,1,199,57,4.060443010546419,4.394449154672439,10.488325429589223,5.298317366548036,5.0689042022202315,0.0,3.1780538303479458,0.0,0.0,2.9444389791664403
1092,1980,Graduation,In a relationship,61014.0,0,1,2012-08-11,17,269,129,495,182,43,29,4,9,3,4,7,0,0,0,0,0,0,3,11,0,2012,8,11,1,1,1147,45,3.828641396489095,2.8903717578961645,11.018875014565939,7.045776576879511,5.598421958998375,4.867534450455582,6.206575926724928,5.209486152841421,3.784189633918261,3.4011973816621555
4333,1954,Graduation,In a relationship,32144.0,1,1,2014-03-23,76,41,0,10,0,0,3,4,2,1,3,7,0,1,0,0,0,0,3,11,0,2014,3,23,2,1,54,71,4.276666119016055,4.343805421853684,10.378012196575787,4.007333185232471,3.7376696182833684,0.0,2.3978952727983707,0.0,0.0,1.3862943611198906
3850,1963,Basic,In a relationship,14918.0,0,1,2012-12-07,52,3,3,3,15,4,15,1,1,0,3,6,0,0,0,0,0,0,3,11,0,2012,12,7,1,1,43,62,4.143134726391533,3.970291913552122,9.610390847382849,3.784189633918261,1.3862943611198906,1.3862943611198906,1.3862943611198906,2.772588722239781,1.6094379124341003,2.772588722239781
6168,1963,Graduation,Single,45146.0,1,1,2013-07-15,28,33,0,5,0,0,15,2,1,1,2,4,0,0,0,0,0,0,3,11,0,2013,7,15,2,1,53,62,4.143134726391533,3.367295829986474,10.717679111454828,3.9889840465642745,3.5263605246161616,0.0,1.791759469228055,0.0,0.0,2.772588722239781
607,1955,2n Cycle,Single,41769.0,0,1,2013-02-13,31,302,29,131,32,0,27,6,8,1,7,8,0,0,0,0,0,0,3,11,0,2013,2,13,1,1,521,70,4.2626798770413155,3.4657359027997265,10.639933657491222,6.257667587882639,5.713732805509369,3.4011973816621555,4.882801922586371,3.4965075614664802,0.0,3.332204510175204
10469,1981,Graduation,In a relationship,88325.0,0,0,2014-02-05,42,519,71,860,93,27,53,1,6,2,9,2,0,0,0,0,0,0,3,11,0,2014,2,5,0,0,1623,44,3.8066624897703196,3.7612001156935624,11.388789793986067,7.392647520721623,6.253828811575473,4.276666119016055,6.7580945044277305,4.543294782270004,3.332204510175204,3.9889840465642745
6983,1950,Master,Single,38054.0,1,1,2014-05-01,24,23,2,17,2,1,0,2,2,0,3,7,0,0,0,0,0,0,3,11,0,2014,5,1,2,1,45,75,4.330733340286331,3.2188758248682006,10.546787760701491,3.828641396489095,3.1780538303479458,1.0986122886681096,2.8903717578961645,1.0986122886681096,0.6931471805599453,0.0
3661,1995,2n Cycle,Single,80617.0,0,0,2012-10-12,42,594,51,631,72,55,32,1,4,6,8,2,0,0,0,0,0,0,3,11,0,2012,10,12,0,0,1435,30,3.4339872044851463,3.7612001156935624,11.297477228623425,7.269616749608169,6.38856140554563,3.9512437185814275,6.448889394146858,4.290459441148391,4.02535169073515,3.4965075614664802
9303,1976,Graduation,In a relationship,5305.0,0,1,2013-07-30,12,12,4,7,1,3,5,0,1,0,0,13,0,0,0,0,0,0,3,11,0,2013,7,30,1,1,32,49,3.912023005428146,2.5649493574615367,8.576593534697684,3.4965075614664802,2.5649493574615367,1.6094379124341003,2.0794415416798357,0.6931471805599453,1.3862943611198906,1.791759469228055
692,1954,Graduation,In a relationship,36807.0,1,1,2012-12-20,88,4,2,5,0,0,5,1,1,0,2,6,0,0,0,0,0,0,3,11,0,2012,12,20,2,1,16,71,4.276666119016055,4.48863636973214,10.513470491835305,2.833213344056216,1.6094379124341003,1.0986122886681096,1.791759469228055,0.0,0.0,1.791759469228055
736,1983,Graduation,In a relationship,28427.0,1,0,2013-03-21,67,18,3,19,3,3,6,2,2,0,3,8,0,0,0,0,0,0,3,11,0,2013,3,21,1,1,52,42,3.7612001156935624,4.219507705176107,10.255129853946785,3.970291913552122,2.9444389791664403,1.3862943611198906,2.995732273553991,1.3862943611198906,1.3862943611198906,1.9459101490553132
9589,1948,PhD,Single,82032.0,0,0,2014-04-05,54,332,194,377,149,125,57,0,4,6,7,1,0,0,0,0,0,0,3,11,0,2014,4,5,0,0,1234,77,4.356708826689592,4.007333185232471,11.314876884313916,7.118826249062078,5.808142489980444,5.272999558563747,5.934894195619588,5.0106352940962555,4.836281906951478,4.060443010546419
4838,1978,Graduation,In a relationship,22775.0,1,0,2013-06-19,40,5,1,8,0,0,1,1,1,0,2,8,0,0,0,0,0,0,3,11,0,2013,6,19,1,1,15,47,3.8712010109078907,3.713572066704308,10.033462628957874,2.772588722239781,1.791759469228055,0.6931471805599453,2.1972245773362196,0.0,0.0,0.6931471805599453
9246,1985,Master,In a relationship,40101.0,1,0,2012-10-14,73,171,3,129,26,24,62,4,6,1,6,7,0,0,0,0,0,0,3,11,0,2012,10,14,1,1,415,40,3.713572066704308,4.304065093204169,10.59918148736265,6.030685260261263,5.147494476813453,1.3862943611198906,4.867534450455582,3.295836866004329,3.2188758248682006,4.143134726391533
6261,1979,Graduation,In a relationship,58025.0,0,1,2013-11-26,81,270,31,88,11,48,22,3,3,2,10,4,0,0,0,0,0,0,3,11,0,2013,11,26,1,1,470,46,3.8501476017100584,4.406719247264253,10.968646464945019,6.154858094016418,5.602118820879701,3.4657359027997265,4.48863636973214,2.4849066497880004,3.8918202981106265,3.1354942159291497
7366,1982,Master,Single,75777.0,0,0,2013-07-04,12,712,26,538,69,13,80,1,3,6,11,1,0,1,1,0,0,0,3,11,1,2013,7,4,0,0,1438,43,3.784189633918261,2.5649493574615367,11.2355632920364,7.271703706887368,6.569481420414296,3.295836866004329,6.289715570908998,4.248495242049359,2.639057329615259,4.394449154672439
10659,1979,2n Cycle,In a relationship,7500.0,1,0,2013-05-07,7,2,8,11,3,8,21,4,3,2,2,7,0,0,0,0,0,0,3,11,0,2013,5,7,1,1,53,46,3.8501476017100584,2.0794415416798357,8.922791623969637,3.9889840465642745,1.0986122886681096,2.1972245773362196,2.4849066497880004,1.3862943611198906,2.1972245773362196,3.091042453358316
1448,1963,Master,In a relationship,33562.0,1,2,2014-06-25,33,21,12,12,0,3,3,3,2,0,4,4,0,0,0,0,0,0,3,11,0,2014,6,25,3,1,51,62,4.143134726391533,3.5263605246161616,10.421179548719396,3.9512437185814275,3.091042453358316,2.5649493574615367,2.5649493574615367,0.0,1.3862943611198906,1.3862943611198906
4286,1970,PhD,Single,57642.0,0,1,2014-01-09,24,580,6,58,8,0,27,3,7,6,6,4,1,0,0,0,0,0,3,11,0,2014,1,9,1,1,679,55,4.02535169073515,3.2188758248682006,10.962024095948502,6.522092798170152,6.364750756851911,1.9459101490553132,4.07753744390572,2.1972245773362196,0.0,3.332204510175204
4749,1968,Graduation,In a relationship,58554.0,1,1,2012-09-26,55,368,24,68,38,0,88,6,8,2,6,7,0,0,0,0,0,0,3,11,0,2012,9,26,2,1,586,57,4.060443010546419,4.02535169073515,10.977721762476238,6.375024819828097,5.910796644040527,3.2188758248682006,4.23410650459726,3.6635616461296463,0.0,4.48863636973214
4478,1979,Graduation,In a relationship,63777.0,1,1,2013-03-24,87,457,5,106,15,17,53,8,11,1,6,8,0,0,0,0,0,0,3,11,0,2013,3,24,2,1,653,46,3.8501476017100584,4.477336814478207,11.063163582279971,6.483107351457199,6.126869184114185,1.791759469228055,4.672828834461906,2.772588722239781,2.8903717578961645,3.9889840465642745
4201,1962,Graduation,Single,57967.0,0,1,2013-03-03,39,229,7,137,4,0,91,5,4,2,8,5,0,0,0,0,0,0,3,11,0,2013,3,3,1,1,468,63,4.1588830833596715,3.6888794541139363,10.967646413134858,6.150602768446279,5.438079308923196,2.0794415416798357,4.927253685157205,1.6094379124341003,0.0,4.5217885770490405
10084,1972,Graduation,In a relationship,24434.0,2,0,2014-05-18,9,3,2,8,20,0,17,2,2,1,2,7,0,0,0,0,0,0,3,11,0,2014,5,18,2,1,50,53,3.9889840465642745,2.302585092994046,10.103771809704256,3.9318256327243257,1.3862943611198906,1.0986122886681096,2.1972245773362196,3.044522437723423,0.0,2.8903717578961645
7004,1984,Graduation,Single,11012.0,1,0,2013-03-16,82,24,3,26,7,1,23,3,3,1,2,9,1,0,0,0,0,0,3,11,0,2013,3,16,1,1,84,41,3.7376696182833684,4.418840607796598,9.306831672164943,4.442651256490317,3.2188758248682006,1.3862943611198906,3.295836866004329,2.0794415416798357,0.6931471805599453,3.1780538303479458
9817,1970,Master,Single,44802.0,0,0,2012-08-21,71,853,10,143,13,10,20,2,9,4,12,8,0,0,0,0,0,0,3,11,0,2012,8,21,0,0,1049,55,4.02535169073515,4.276666119016055,10.710030380446783,6.956545443151569,6.74993119378857,2.3978952727983707,4.969813299576001,2.639057329615259,2.3978952727983707,3.044522437723423
8080,1986,Graduation,Single,26816.0,0,0,2012-08-17,50,5,1,6,3,4,3,1,0,0,3,4,0,0,0,0,0,0,3,11,0,2012,8,17,0,0,22,39,3.6888794541139363,3.9318256327243257,10.196791293755963,3.1354942159291497,1.791759469228055,0.6931471805599453,1.9459101490553132,1.3862943611198906,1.6094379124341003,1.3862943611198906
8372,1974,Graduation,In a relationship,34421.0,1,0,2013-07-01,81,3,3,7,6,2,9,1,1,0,2,7,0,0,0,0,0,0,3,11,0,2013,7,1,1,1,30,51,3.9512437185814275,4.406719247264253,10.446451173829926,3.4339872044851463,1.3862943611198906,1.3862943611198906,2.0794415416798357,1.9459101490553132,1.0986122886681096,2.302585092994046
10870,1967,Graduation,In a relationship,61223.0,0,1,2013-06-13,46,709,43,182,42,118,247,2,9,3,4,5,0,0,0,0,0,0,3,11,0,2013,6,13,1,1,1341,58,4.07753744390572,3.8501476017100584,11.022294548489757,7.201916317531627,6.565264970035361,3.784189633918261,5.209486152841421,3.7612001156935624,4.77912349311153,5.5134287461649825
4001,1946,PhD,In a relationship,64014.0,2,1,2014-06-10,56,406,0,30,0,0,8,7,8,2,5,7,0,0,0,1,0,0,3,11,0,2014,6,10,3,1,444,79,4.382026634673881,4.04305126783455,11.066872709880279,6.09807428216624,6.008813185442595,0.0,3.4339872044851463,0.0,0.0,2.1972245773362196
7270,1981,Graduation,Single,56981.0,0,0,2014-01-25,91,908,48,217,32,12,24,1,2,3,13,6,0,1,0,0,0,0,3,11,0,2014,1,25,0,0,1241,44,3.8066624897703196,4.5217885770490405,10.950490707471008,7.124478262493424,6.812345094177479,3.8918202981106265,5.384495062789089,3.4965075614664802,2.5649493574615367,3.2188758248682006
8235,1956,Master,In a relationship,69245.0,0,1,2014-01-24,8,428,30,214,80,30,61,2,6,5,10,3,0,0,0,0,0,0,3,11,0,2014,1,24,1,1,843,69,4.248495242049359,2.1972245773362196,11.14542066064846,6.738152494595957,6.061456918928017,3.4339872044851463,5.3706380281276624,4.394449154672439,3.4339872044851463,4.127134385045092
9405,1954,PhD,In a relationship,52869.0,1,1,2012-10-15,40,84,3,61,2,1,21,3,3,1,4,7,0,0,0,0,0,0,3,11,1,2012,10,15,2,1,172,71,4.276666119016055,3.713572066704308,10.875591349229495,5.153291594497779,4.442651256490317,1.3862943611198906,4.127134385045092,1.0986122886681096,0.6931471805599453,3.091042453358316
